{
   "type":"struct",
   "fields":[
       {
         "name":"src_name",
         "type":"string",
         "nullable":true,
         "metadata":{
            
         }
      },
      {
         "name":"src_type",
         "type":"string",
         "nullable":true,
         "metadata":{
            
         }
      },
      {
         "name":"src_key",
         "type":"string",
         "nullable":true,
         "metadata":{
            
         }
      },
      {
         "name":"err_desc",
         "type":"string",
         "nullable":true,
         "metadata":{
            
         }
      },
      {
         "name":"prty_cd",
         "type":"string",
         "nullable":true,
         "metadata":{
            
         }
      },
		{
         "name":"edw_gen_mi_last_update_dttm",
         "type":"string",
         "nullable":true,
         "metadata":{
            
         }
      },
	  {
         "name":"vendor_id",
         "type":"string",
         "nullable":true,
         "metadata":{
            
         }
      },
		{
         "name":"refund_precentage",
         "type":"string",
         "nullable":true,
         "metadata":{
            
         }
      },
      {
         "name":"ap_vendor_id",
         "type":"string",
         "nullable":true,
         "metadata":{
            
         }
      },
      {
         "name":"adv_cost",
         "type":"string",
         "nullable":true,
         "metadata":{
            
         }
      },
      {
         "name":"vendor_name",
         "type":"string",
         "nullable":true,
         "metadata":{
            
         }
      },
      {
         "name":"vendor_address",
         "type":"string",
         "nullable":true,
         "metadata":{
            
         }
      },
      {
         "name":"vendor_city",
         "type":"string",
         "nullable":true,
         "metadata":{
            
         }
      },
      {
         "name":"vendor_state",
         "type":"string",
         "nullable":true,
         "metadata":{
            
         }
      },
      {
         "name":"vendor_zip",
         "type":"string",
         "nullable":true,
         "metadata":{
            
         }
      },
      {
         "name":"vendor_contact_name",
         "type":"string",
         "nullable":true,
         "metadata":{
            
         }
      },
      {
         "name":"vendor_contact_phone_nbr",
         "type":"string",
         "nullable":true,
         "metadata":{
            
         }
      },
	  {
         "name":"credit_card_limit",
         "type":"string",
         "nullable":true,
         "metadata":{
            
         }
      },
      {
         "name":"mobile_affiliate",
         "type":"string",
         "nullable":true,
         "metadata":{
            
         }
      },
      {
         "name":"wag_mobile_affiliate",
         "type":"string",
         "nullable":true,
         "metadata":{
            
         }
      },
	  {
         "name":"active_ind",
         "type":"string",
         "nullable":true,
         "metadata":{
            
         }
      },
	  {
         "name":"sub_type_cd",
         "type":"string",
         "nullable":true,
         "metadata":{
            
         }
      }
   ]
}