{"type":"struct","fields":[{"name":"src_name","type":"string","nullable":true,"metadata":{}},{"name":"src_type","type":"string","nullable":true,"metadata":{}},{"name":"src_key","type":"string","nullable":true,"metadata":{}},{"name":"err_desc","type":"string","nullable":true,"metadata":{}},{"name":"prty_cd","type":"string","nullable":true,"metadata":{}},{"name":"me_id","type":"string","nullable":true,"metadata":{}},{"name":"me_last_activity_date","type":"string","nullable":true,"metadata":{}},{"name":"me_registration_date","type":"string","nullable":true,"metadata":{}},{"name":"me_bdate","type":"string","nullable":true,"metadata":{}},{"name":"me_sex","type":"string","nullable":true,"metadata":{}},{"name":"me_email","type":"string","nullable":true,"metadata":{}},{"name":"me_pin","type":"string","nullable":true,"metadata":{}},{"name":"me_pat_id","type":"string","nullable":true,"metadata":{}},{"name":"me_mail_service_id","type":"string","nullable":true,"metadata":{}},{"name":"me_fname","type":"string","nullable":true,"metadata":{}},{"name":"me_initial","type":"string","nullable":true,"metadata":{}},{"name":"me_lname","type":"string","nullable":true,"metadata":{}},{"name":"me_suffix","type":"string","nullable":true,"metadata":{}},{"name":"me_area_cd","type":"string","nullable":true,"metadata":{}},{"name":"me_phone","type":"string","nullable":true,"metadata":{}},{"name":"me_sec_area_cd","type":"string","nullable":true,"metadata":{}},{"name":"me_sec_phone","type":"string","nullable":true,"metadata":{}},{"name":"me_whi","type":"string","nullable":true,"metadata":{}},{"name":"me_pin_applied_dttm","type":"string","nullable":true,"metadata":{}},{"name":"me_old_email","type":"string","nullable":true,"metadata":{}},{"name":"me_qr_username","type":"string","nullable":true,"metadata":{}},{"name":"me_last_loggedin_dttm","type":"string","nullable":true,"metadata":{}},{"name":"me_hipaa_dttm","type":"string","nullable":true,"metadata":{}},{"name":"me_hippa_cd","type":"string","nullable":true,"metadata":{}},{"name":"me_invalid_email_dttm","type":"string","nullable":true,"metadata":{}},{"name":"photo_ind","type":"string","nullable":true,"metadata":{}},{"name":"ci_addr1","type":"string","nullable":true,"metadata":{}},{"name":"city","type":"string","nullable":true,"metadata":{}},{"name":"state","type":"string","nullable":true,"metadata":{}},{"name":"postal_code","type":"string","nullable":true,"metadata":{}},{"name":"country","type":"string","nullable":true,"metadata":{}},{"name":"me_pat_lock_ind","type":"string","nullable":true,"metadata":{}},{"name":"me_login_id","type":"string","nullable":true,"metadata":{}},{"name":"me_member","type":"string","nullable":true,"metadata":{}},{"name":"me_pin_auth","type":"string","nullable":true,"metadata":{}},{"name":"me_last_store","type":"string","nullable":true,"metadata":{}},{"name":"me_easy_open_cap","type":"string","nullable":true,"metadata":{}},{"name":"me_pin_sent","type":"string","nullable":true,"metadata":{}},{"name":"me_birth_day","type":"string","nullable":true,"metadata":{}},{"name":"me_birth_month","type":"string","nullable":true,"metadata":{}},{"name":"me_birth_year","type":"string","nullable":true,"metadata":{}},{"name":"me_number_of_site_visits","type":"string","nullable":true,"metadata":{}},{"name":"me_referring_url","type":"string","nullable":true,"metadata":{}},{"name":"me_pin_requested_ind","type":"string","nullable":true,"metadata":{}},{"name":"me_reg_store","type":"string","nullable":true,"metadata":{}},{"name":"me_pin_sent_dttm","type":"string","nullable":true,"metadata":{}},{"name":"me_has_er_card","type":"string","nullable":true,"metadata":{}},{"name":"me_fname_lower","type":"string","nullable":true,"metadata":{}},{"name":"me_lname_lower","type":"string","nullable":true,"metadata":{}},{"name":"me_status","type":"string","nullable":true,"metadata":{}},{"name":"me_remember_name_cd","type":"string","nullable":true,"metadata":{}},{"name":"me_autorefill_cd","type":"string","nullable":true,"metadata":{}},{"name":"me_rx_high_volume_cd","type":"string","nullable":true,"metadata":{}},{"name":"me_rxready_curr_mon","type":"string","nullable":true,"metadata":{}},{"name":"me_rxready_last_mon","type":"string","nullable":true,"metadata":{}},{"name":"me_rxready_trailer_cd","type":"string","nullable":true,"metadata":{}},{"name":"email_status","type":"string","nullable":true,"metadata":{}},{"name":"status_update_dttm","type":"string","nullable":true,"metadata":{}},{"name":"photo_granted_dttm","type":"string","nullable":true,"metadata":{}},{"name":"pharmacy_ind","type":"string","nullable":true,"metadata":{}},{"name":"pharmacy_granted_dttm","type":"string","nullable":true,"metadata":{}},{"name":"account_locked_ind","type":"string","nullable":true,"metadata":{}},{"name":"password_type_cd","type":"string","nullable":true,"metadata":{}},{"name":"cl_ind","type":"string","nullable":true,"metadata":{}},{"name":"was_ref_id","type":"string","nullable":true,"metadata":{}},{"name":"aarp_ind","type":"string","nullable":true,"metadata":{}},{"name":"id","type":"string","nullable":true,"metadata":{}},{"name":"prefix","type":"string","nullable":true,"metadata":{}},{"name":"job_title","type":"string","nullable":true,"metadata":{}},{"name":"company_name","type":"string","nullable":true,"metadata":{}},{"name":"address2","type":"string","nullable":true,"metadata":{}},{"name":"address3","type":"string","nullable":true,"metadata":{}},{"name":"county","type":"string","nullable":true,"metadata":{}},{"name":"fax_number","type":"string","nullable":true,"metadata":{}},{"name":"ci_contact_info_id","type":"string","nullable":true,"metadata":{}},{"name":"ci_out_of_city_limit_cd","type":"string","nullable":true,"metadata":{}},{"name":"loyalty_mbr_id","type":"string","nullable":true,"metadata":{}},{"name":"affiliate_ind","type":"string","nullable":true,"metadata":{}}]}