{
    "type": "struct",
    "fields": [
        {
            "name": "src_name",
            "type": "string",
            "nullable": true,
            "metadata": {}
        },
        {
            "name": "src_type",
            "type": "string",
            "nullable": true,
            "metadata": {}
        },
        {
            "name": "src_key",
            "type": "string",
            "nullable": true,
            "metadata": {}
        },
        {
            "name": "err_desc",
            "type": "string",
            "nullable": true,
            "metadata": {}
        },
        {
			"name": "prty_cd",
            "type": "string",
            "nullable": true,
            "metadata": {}
        },
		{
			"name": "edw_gen_mi_last_update_dttm",
			"type": "string",
			"nullable": true,
			"metadata": {}
		},		
        {
            "name": "mi_id",
            "type": "string",
            "nullable": false,
            "metadata": {}
        },
        {
            "name": "mi_me_id",
            "type": "string",
            "nullable": false,
            "metadata": {}
        },
        {
            "name": "mi_ir_id",
            "type": "string",
            "nullable": true,
            "metadata": {}
        },
        {
            "name": "mi_age_month",
            "type": "string",
            "nullable": true,
            "metadata": {}
        },
        {
            "name": "mi_doctor_clinic",
            "type": "string",
            "nullable": true,
            "metadata": {}
        },
        {
            "name": "mi_comment",
            "type": "string",
            "nullable": true,
            "metadata": {}
        },
        {
            "name": "mi_date_rec",
            "type": "string",
            "nullable": true,
            "metadata": {}
        },
        {
            "name": "mi_update_dttm",
            "type": "string",
            "nullable": true,
            "metadata": {}
        },
        {
            "name": "mia_addl_immunize",
            "type": "string",
            "nullable": true,
            "metadata": {}
        }
    ]
}