{
  "$schema": "https://schema.management.azure.com/schemas/2015-01-01/deploymentParameters.json#",
  "contentVersion": "1.0.0.0",
  "parameters": {
    "logicAppName": {
      "value": "cosmos-logicapp-example",
      "metadata": {
        "description": "The name of the logic app to create ."
      }
    },
    "location": {
      "value": "eastus2",
      "metadata": {
        "description": "Azure region for the deployment, this is a shared parameter across all resources being deployed in this template. Allowed values: East US 2,centralus, eastus2, northeurope, westeurope"
      }
    },
    "allowedOutgoingIpAddresses": {
      "value": "10.0.0.0/28",
      "metadata": {
        "description": "access control for allowed CallerIpAddresses [ranges]"
      }
    },
    "allowedCallerIpAddresses": {
      "value": "10.0.0.0/28",
      "metadata": {
        "description": "access control for Outgoing allowed CallerIpAddresses [ranges]"
      }
    },
    "tags": {
      "value": {
        "Sensitivity": "Non-Sensitive",
        "SenType": "Not Applicable",
        "EnvType": "Non-Production",
        "LegalSubEntity": "Walgreen Co",
        "SubDivision": "Infrastructure",
        "Department": "Cloud Automation",
        "CostCenter": "Cloud Engineering 5001"
      },
      "metadata": {
        "description": "Please reference this repo for valid values https://oneit.wba.com/versioncontrol/projects/CLOUDARCH/repos/enterprise-resource-tags/browse"
      }
    },
    "logicAppWorkflowDefinition": {
      "value": {
        "definition": {
          "$schema": "https://schema.management.azure.com/providers/Microsoft.Logic/schemas/2016-06-01/workflowdefinition.json#",
          "contentVersion": "1.0.0.0",
          "parameters": {
            "$connections": {
              "defaultValue": {},
              "type": "Object"
            },
            "$dataBaseID": {
              "defaultValue": "testpoc",
              "type": "string"
            },
            "$dataBaseCollectionOutBox": {
              "defaultValue": "testcontainer1",
              "type": "string"
            },
            "$partitionkey": {
              "defaultValue": "testpk1",
              "type": "string"
            },
            "$outboxTimestampThreshold": {
              "defaultValue": 86400,
              "type": "Int"
            },
            "$pageSize": {
              "defaultValue": 100,
              "type": "Int"
            }
          },
          "triggers": {
            "Recurrence": {
              "recurrence": {
                "frequency": "Second",
                "interval": 300
              },
              "runtimeConfiguration": {
                "concurrency": {
                  "runs": 1
                }
              },
              "type": "Recurrence"
            }
          },
          "actions": {
            "Initialize_Outbox_Continuation_Token": {
              "inputs": {
                "variables": [
                  {
                    "name": "outboxContinuationToken",
                    "type": "string"
                  }
                ]
              },
              "runAfter": {},
              "type": "InitializeVariable"
            },
            "Initialize_Outbox_Min_Timestamp": {
              "inputs": {
                "variables": [
                  {
                    "name": "outboxMinTimestamp",
                    "type": "integer",
                    "value": "@sub(div(sub(ticks(utcNow()), ticks('1970-01-01')), 10000), mul(parameters('$outboxTimestampThreshold'),1000))"
                  }
                ]
              },
              "runAfter": {
                "Initialize_Outbox_Continuation_Token": [
                  "Succeeded"
                ]
              },
              "type": "InitializeVariable"
            }
          },
          "outputs": {}
        }
      }
    },
    "logicAppWorkflowDefinitionParam": {
      "value": {
        "$connections": {
          "value": {
            "documentdb": {
              "connectionId": "/subscriptions/96a4f83f-9a81-4321-b8a6-1e198ca1fb31/resourceGroups/tiger-team-logic-app-rg01/providers/Microsoft.Web/connections/rxr-cfs-outbound-relay-cosmos-conn",
              "connectionName": "rxr-cfs-outbound-relay-cosmos-conn",
              "id": "[reference(concat('Microsoft.Web/connections/', 'rxr-cfs-outbound-relay-cosmos-conn'), '2016-06-01').api.id]"
            }
          }
        }
      }
    }
  },
  "deploymentParameters": {
    "resourceGroup": "tiger-team-logic-app-rg01",
    "subscription": "gs-nprod-cloudplatforms-01",
    "templateFile": ".\\library\\prod\\logic-apps\\logic-apps-template.json",
    "appId": "1ce60c36-e94b-430a-9cb6-4dbe8d209db6",
    "DLId": "ee07e088-f953-4383-97f1-89fe2ff9bad2"
  },
  "metadata": {
    "description": "The Subscription Name OR Id, Resource Group where the resource will get deployed in. templateFile represent the literal path where the template file exists in the ccp-ent-infra-build repo "
  }
}