{
   "type":"struct",
   "fields":[
       {
         "name":"src_name",
         "type":"string",
         "nullable":true,
         "metadata":{
            
         }
      },
      {
         "name":"src_type",
         "type":"string",
         "nullable":true,
         "metadata":{
            
         }
      },
      {
         "name":"src_key",
         "type":"string",
         "nullable":true,
         "metadata":{
            
         }
      },
      {
         "name":"err_desc",
         "type":"string",
         "nullable":true,
         "metadata":{
            
         }
      },
      {
         "name":"prty_cd",
         "type":"string",
         "nullable":true,
         "metadata":{
            
         }
      },
	  {
         "name":"edw_gen_mi_last_update_dttm",
         "type":"string",
         "nullable":true,
         "metadata":{
            
         }
      },
	  {
         "name":"product_id",
         "type":"string",
         "nullable":true,
         "metadata":{
            
         }
      },
      {
         "name":"gqm_product_id",
         "type":"string",
         "nullable":true,
         "metadata":{
            
         }
      },
      {
         "name":"vendor_id",
         "type":"string",
         "nullable":true,
         "metadata":{
            
         }
      },
      {
         "name":"vendor_product_id",
         "type":"string",
         "nullable":true,
         "metadata":{
            
         }
      },
      {
         "name":"sku_id",
         "type":"string",
         "nullable":true,
         "metadata":{
            
         }
      },
	  {
         "name":"wic",
         "type":"string",
         "nullable":true,
         "metadata":{
            
         }
      }
      
   ]
}