{
   "type":"struct",
   "fields":[
       {
         "name":"src_name",
         "type":"string",
         "nullable":true,
         "metadata":{
            
         }
      },
      {
         "name":"src_type",
         "type":"string",
         "nullable":true,
         "metadata":{
            
         }
      },
      {
         "name":"src_key",
         "type":"string",
         "nullable":true,
         "metadata":{
            
         }
      },
      {
         "name":"err_desc",
         "type":"string",
         "nullable":true,
         "metadata":{
            
         }
      },
      {
         "name":"prty_cd",
         "type":"string",
         "nullable":true,
         "metadata":{
            
         }
      },
	  {
         "name":"edw_gen_mi_last_update_dttm",
         "type":"string",
         "nullable":true,
         "metadata":{
            
         }
      },
		{
         "name":"category_alias",
         "type":"string",
         "nullable":true,
         "metadata":{
            
         }
      },
      {
         "name":"category_type_id",
         "type":"string",
         "nullable":true,
         "metadata":{
            
         }
      },
      {
         "name":"category_id",
         "type":"string",
         "nullable":true,
         "metadata":{
            
         }
      },
      {
         "name":"catelog_id",
         "type":"string",
         "nullable":true,
         "metadata":{
            
         }
      },
      {
         "name":"creation_date",
         "type":"string",
         "nullable":true,
         "metadata":{
            
         }
      },
      {
         "name":"start_date",
         "type":"string",
         "nullable":true,
         "metadata":{
            
         }
      },
      {
         "name":"end_date",
         "type":"string",
         "nullable":true,
         "metadata":{
            
         }
      },
      {
         "name":"display_name",
         "type":"string",
         "nullable":true,
         "metadata":{
            
         }
      },
      {
         "name":"description",
         "type":"string",
         "nullable":true,
         "metadata":{
            
         }
      },
      {
         "name":"parent_cat_id",
         "type":"string",
         "nullable":true,
         "metadata":{
            
         }
      },
      {
         "name":"category_type",
         "type":"string",
         "nullable":true,
         "metadata":{
            
         }
      },
      {
         "name":"root_category",
         "type":"string",
         "nullable":true,
         "metadata":{
            
         }
      }
      
   ]
}