{
	"name": "COPY_FEEDS_TO_LANDING",
	"properties": {
		"activities": [
			{
				"name": "Get Config Details",
				"type": "Lookup",
				"dependsOn": [],
				"policy": {
					"timeout": "7.00:00:00",
					"retry": 0,
					"retryIntervalInSeconds": 30,
					"secureOutput": false,
					"secureInput": false
				},
				"userProperties": [],
				"typeProperties": {
					"source": {
						"type": "DelimitedTextSource",
						"storeSettings": {
							"type": "AzureBlobFSReadSettings",
							"recursive": true,
							"enablePartitionDiscovery": false
						},
						"formatSettings": {
							"type": "DelimitedTextReadSettings"
						}
					},
					"dataset": {
						"referenceName": "copyfeeds_tolanding",
						"type": "DatasetReference",
						"parameters": {
							"Config_Filename": {
								"value": "@pipeline().parameters.Config_Filename",
								"type": "Expression"
							}
						}
					},
					"firstRowOnly": false
				}
			},
			{
				"name": "ForEach",
				"type": "ForEach",
				"dependsOn": [
					{
						"activity": "Get Config Details",
						"dependencyConditions": [
							"Succeeded"
						]
					}
				],
				"userProperties": [],
				"typeProperties": {
					"items": {
						"value": "@activity('Get Config Details').output.value",
						"type": "Expression"
					},
					"isSequential": true,
					"activities": [
						{
							"name": "Get File List",
							"type": "GetMetadata",
							"dependsOn": [],
							"policy": {
								"timeout": "7.00:00:00",
								"retry": 0,
								"retryIntervalInSeconds": 30,
								"secureOutput": false,
								"secureInput": false
							},
							"userProperties": [],
							"typeProperties": {
								"dataset": {
									"referenceName": "fetch_feedfiles_onpattern",
									"type": "DatasetReference",
									"parameters": {
										"filepattern": {
											"value": "@item().FileNamePattern",
											"type": "Expression"
										}
									}
								},
								"fieldList": [
									"childItems"
								],
								"storeSettings": {
									"type": "AzureBlobStorageReadSettings",
									"recursive": true,
									"enablePartitionDiscovery": false
								},
								"formatSettings": {
									"type": "JsonReadSettings"
								}
							}
						},
						{
							"name": "File Availability Check",
							"type": "IfCondition",
							"dependsOn": [
								{
									"activity": "Get File List",
									"dependencyConditions": [
										"Succeeded"
									]
								}
							],
							"userProperties": [],
							"typeProperties": {
								"expression": {
									"value": "@empty(activity('Get File List').output.childItems)",
									"type": "Expression"
								},
								"ifFalseActivities": [
									{
										"name": "invoke_copy_feeds_base",
										"type": "ExecutePipeline",
										"dependsOn": [],
										"userProperties": [],
										"typeProperties": {
											"pipeline": {
												"referenceName": "COPY_FEEDS_BASE",
												"type": "PipelineReference"
											},
											"waitOnCompletion": true,
											"parameters": {
												"filelistbase": {
													"value": "@activity('Get File List').output.childItems",
													"type": "Expression"
												},
												"destinationpath": {
													"value": "@item().DestinationLandingPath",
													"type": "Expression"
												}
											}
										}
									}
								]
							}
						}
					]
				}
			}
		],
		"parameters": {
			"Config_Filename": {
				"type": "string"
			}
		},
		"variables": {
			"filelist": {
				"type": "Array"
			}
		},
		"folder": {
			"name": "PL_INGESTION_FEEDS"
		},
		"annotations": [],
		"lastPublishTime": "2021-11-25T10:22:44Z"
	},
	"type": "Microsoft.DataFactory/factories/pipelines"
}