{
    "name": "COPY_FEEDS_BASE",
    "properties": {
        "activities": [
            {
                "name": "ForEach",
                "type": "ForEach",
                "dependsOn": [],
                "userProperties": [],
                "typeProperties": {
                    "items": {
                        "value": "@pipeline().parameters.filelistbase",
                        "type": "Expression"
                    },
                    "isSequential": true,
                    "activities": [
                        {
                            "name": "Copy data",
                            "type": "Copy",
                            "dependsOn": [],
                            "policy": {
                                "timeout": "7.00:00:00",
                                "retry": 0,
                                "retryIntervalInSeconds": 30,
                                "secureOutput": false,
                                "secureInput": false
                            },
                            "userProperties": [],
                            "typeProperties": {
                                "source": {
                                    "type": "JsonSource",
                                    "storeSettings": {
                                        "type": "AzureBlobStorageReadSettings",
                                        "recursive": false,
                                        "enablePartitionDiscovery": false
                                    },
                                    "formatSettings": {
                                        "type": "JsonReadSettings",
                                        "compressionProperties": {
                                            "type": "ZipDeflateReadSettings",
                                            "preserveZipFileNameAsFolder": false
                                        }
                                    }
                                },
                                "sink": {
                                    "type": "JsonSink",
                                    "storeSettings": {
                                        "type": "AzureBlobStorageWriteSettings"
                                    },
                                    "formatSettings": {
                                        "type": "JsonWriteSettings"
                                    }
                                },
                                "enableStaging": false
                            },
                            "inputs": [
                                {
                                    "referenceName": "copy_gpg_feeds",
                                    "type": "DatasetReference",
                                    "parameters": {
                                        "Sourcefilename": {
                                            "value": "@item().name",
                                            "type": "Expression"
                                        }
                                    }
                                }
                            ],
                            "outputs": [
                                {
                                    "referenceName": "destination_gpg_feeds",
                                    "type": "DatasetReference",
                                    "parameters": {
                                        "destinationpath": {
                                            "value": "@pipeline().parameters.destinationpath",
                                            "type": "Expression"
                                        },
                                        "destinationfilename": {
                                            "value": "@item().name",
                                            "type": "Expression"
                                        }
                                    }
                                }
                            ]
                        },
                        {
                            "name": "Wait",
                            "type": "Wait",
                            "dependsOn": [
                                {
                                    "activity": "Copy data",
                                    "dependencyConditions": [
                                        "Succeeded"
                                    ]
                                }
                            ],
                            "userProperties": [],
                            "typeProperties": {
                                "waitTimeInSeconds": 300
                            }
                        },
                        {
                            "name": "DeletionFile",
                            "type": "Delete",
                            "dependsOn": [
                                {
                                    "activity": "Wait",
                                    "dependencyConditions": [
                                        "Succeeded"
                                    ]
                                }
                            ],
                            "policy": {
                                "timeout": "7.00:00:00",
                                "retry": 0,
                                "retryIntervalInSeconds": 30,
                                "secureOutput": false,
                                "secureInput": false
                            },
                            "userProperties": [],
                            "typeProperties": {
                                "dataset": {
                                    "referenceName": "copy_gpg_feeds",
                                    "type": "DatasetReference",
                                    "parameters": {
                                        "Sourcefilename": "@item().name"
                                    }
                                },
                                "enableLogging": false,
                                "storeSettings": {
                                    "type": "AzureBlobStorageReadSettings",
                                    "recursive": true,
                                    "enablePartitionDiscovery": false
                                }
                            }
                        }
                    ]
                }
            }
        ],
        "parameters": {
            "filelistbase": {
                "type": "array"
            },
            "destinationpath": {
                "type": "string"
            }
        },
        "variables": {
            "filelist": {
                "type": "Array"
            }
        },
        "folder": {
            "name": "PL_INGESTION_FEEDS"
        },
        "annotations": [],
        "lastPublishTime": "2022-03-29T13:06:19Z"
    },
    "type": "Microsoft.DataFactory/factories/pipelines"
}