{
	"name": "FEED_EXPORT_TO_QA",
	"properties": {
		"activities": [
			{
				"name": "Lookup1",
				"type": "Lookup",
				"dependsOn": [],
				"policy": {
					"timeout": "7.00:00:00",
					"retry": 0,
					"retryIntervalInSeconds": 30,
					"secureOutput": false,
					"secureInput": false
				},
				"userProperties": [],
				"typeProperties": {
					"source": {
						"type": "ExcelSource",
						"storeSettings": {
							"type": "AzureBlobFSReadSettings",
							"recursive": true,
							"enablePartitionDiscovery": false
						}
					},
					"dataset": {
						"referenceName": "Feed_info",
						"type": "DatasetReference",
						"parameters": {
							"Feed_ConfigFile": {
								"value": "@pipeline().parameters.Feed_Configfile",
								"type": "Expression"
							}
						}
					},
					"firstRowOnly": false
				}
			},
			{
				"name": "ForEach1",
				"type": "ForEach",
				"dependsOn": [
					{
						"activity": "Lookup1",
						"dependencyConditions": [
							"Succeeded"
						]
					}
				],
				"userProperties": [],
				"typeProperties": {
					"items": {
						"value": "@activity('Lookup1').output.value",
						"type": "Expression"
					},
					"activities": [
						{
							"name": "execute_Feed_export_SP",
							"type": "Lookup",
							"dependsOn": [],
							"policy": {
								"timeout": "7.00:00:00",
								"retry": 0,
								"retryIntervalInSeconds": 30,
								"secureOutput": false,
								"secureInput": false
							},
							"userProperties": [],
							"typeProperties": {
								"source": {
									"type": "AzureSqlSource",
									"sqlReaderStoredProcedureName": "[dbo].[FeedPromoteExport]",
									"storedProcedureParameters": {
										"pFeedID": {
											"type": "String",
											"value": {
												"value": "@item().FeedID",
												"type": "Expression"
											}
										},
										"pUserCreated": {
											"type": "String",
											"value": {
												"value": "@item().UserCreated",
												"type": "Expression"
											}
										}
									},
									"queryTimeout": "02:00:00",
									"partitionOption": "None"
								},
								"dataset": {
									"referenceName": "Get_Feed_Json",
									"type": "DatasetReference"
								}
							}
						},
						{
							"name": "execute_import_SP",
							"type": "Lookup",
							"dependsOn": [
								{
									"activity": "execute_Feed_export_SP",
									"dependencyConditions": [
										"Succeeded"
									]
								}
							],
							"policy": {
								"timeout": "7.00:00:00",
								"retry": 0,
								"retryIntervalInSeconds": 30,
								"secureOutput": false,
								"secureInput": false
							},
							"userProperties": [],
							"typeProperties": {
								"source": {
									"type": "AzureSqlSource",
									"sqlReaderStoredProcedureName": "[dbo].[FeedPromoteImport]",
									"storedProcedureParameters": {
										"pFeedJSON": {
											"type": "String",
											"value": {
												"value": "@activity('execute_Feed_export_SP').output.firstRow.ProcedureJSON",
												"type": "Expression"
											}
										},
										"pUserCreated": {
											"type": "String",
											"value": {
												"value": "@item().UserCreated",
												"type": "Expression"
											}
										}
									},
									"queryTimeout": "02:00:00",
									"partitionOption": "None"
								},
								"dataset": {
									"referenceName": "import_feeds",
									"type": "DatasetReference"
								}
							}
						}
					]
				}
			}
		],
		"parameters": {
			"Feed_Configfile": {
				"type": "string"
			}
		},
		"folder": {
			"name": "PL_INGESTION_FEEDS"
		},
		"annotations": [],
		"lastPublishTime": "2021-11-25T04:53:55Z"
	},
	"type": "Microsoft.DataFactory/factories/pipelines"
}