{
	"name": "FEED_EXPORT_TO_JSONFILES",
	"properties": {
		"description": "FEED_EXPORT_TO_QA_Boots to export from WB Metadata DB",
		"activities": [
			{
				"name": "Lookup1",
				"type": "Lookup",
				"dependsOn": [],
				"policy": {
					"timeout": "7.00:00:00",
					"retry": 0,
					"retryIntervalInSeconds": 30,
					"secureOutput": false,
					"secureInput": false
				},
				"userProperties": [],
				"typeProperties": {
					"source": {
						"type": "ExcelSource",
						"storeSettings": {
							"type": "AzureBlobFSReadSettings",
							"recursive": true,
							"enablePartitionDiscovery": false
						}
					},
					"dataset": {
						"referenceName": "DS_Export_Boots",
						"type": "DatasetReference",
						"parameters": {
							"FileName": {
								"value": "@pipeline().parameters.FileName",
								"type": "Expression"
							},
							"Directory": {
								"value": "@pipeline().parameters.Directory_FileName",
								"type": "Expression"
							}
						}
					},
					"firstRowOnly": false
				}
			},
			{
				"name": "ForEach1",
				"type": "ForEach",
				"dependsOn": [
					{
						"activity": "Lookup1",
						"dependencyConditions": [
							"Succeeded"
						]
					}
				],
				"userProperties": [],
				"typeProperties": {
					"items": {
						"value": "@activity('Lookup1').output.value",
						"type": "Expression"
					},
					"activities": [
						{
							"name": "Copy data1",
							"type": "Copy",
							"dependsOn": [],
							"policy": {
								"timeout": "7.00:00:00",
								"retry": 0,
								"retryIntervalInSeconds": 30,
								"secureOutput": false,
								"secureInput": false
							},
							"userProperties": [],
							"typeProperties": {
								"source": {
									"type": "AzureSqlSource",
									"sqlReaderStoredProcedureName": "[dbo].[FeedPromoteExport]",
									"storedProcedureParameters": {
										"pFeedID": {
											"type": "String",
											"value": {
												"value": "@item().FeedID",
												"type": "Expression"
											}
										},
										"pUserCreated": {
											"type": "String",
											"value": {
												"value": "@item().UserCreated",
												"type": "Expression"
											}
										}
									},
									"queryTimeout": "02:00:00",
									"partitionOption": "None"
								},
								"sink": {
									"type": "JsonSink",
									"storeSettings": {
										"type": "AzureBlobFSWriteSettings"
									},
									"formatSettings": {
										"type": "JsonWriteSettings"
									}
								},
								"enableStaging": false,
								"translator": {
									"type": "TabularTranslator",
									"mappings": [
										{
											"source": {
												"name": "ProcedureJSON",
												"type": "String"
											},
											"sink": {
												"path": "$['ProcedureJSON']"
											}
										}
									]
								}
							},
							"inputs": [
								{
									"referenceName": "AzureSqlTable1",
									"type": "DatasetReference"
								}
							],
							"outputs": [
								{
									"referenceName": "Json_Sink",
									"type": "DatasetReference",
									"parameters": {
										"File_Name": {
											"value": "@item().FeedID",
											"type": "Expression"
										},
										"Directory": {
											"value": "@pipeline().parameters.Directory_JSON",
											"type": "Expression"
										}
									}
								}
							]
						}
					]
				}
			}
		],
		"parameters": {
			"FileName": {
				"type": "string"
			},
			"Directory_FileName": {
				"type": "string"
			},
			"Directory_JSON": {
				"type": "string"
			}
		},
		"variables": {
			"Var_JSON": {
				"type": "String"
			}
		},
		"folder": {
			"name": "PL_INGESTION_FEEDS"
		},
		"annotations": [],
		"lastPublishTime": "2021-11-25T04:53:55Z"
	},
	"type": "Microsoft.DataFactory/factories/pipelines"
}