{
	"name": "FEED_IMPORT_FROM_JSON",
	"properties": {
		"description": "To Import the Feeds in Loop",
		"activities": [
			{
				"name": "Get Metadata1",
				"type": "GetMetadata",
				"dependsOn": [],
				"policy": {
					"timeout": "7.00:00:00",
					"retry": 0,
					"retryIntervalInSeconds": 30,
					"secureOutput": false,
					"secureInput": false
				},
				"userProperties": [],
				"typeProperties": {
					"dataset": {
						"referenceName": "Json_GetMetadata",
						"type": "DatasetReference",
						"parameters": {
							"FolderPath": {
								"value": "@pipeline().parameters.FolderPath",
								"type": "Expression"
							}
						}
					},
					"fieldList": [
						"childItems"
					],
					"storeSettings": {
						"type": "AzureBlobFSReadSettings",
						"recursive": true,
						"enablePartitionDiscovery": false
					},
					"formatSettings": {
						"type": "JsonReadSettings"
					}
				}
			},
			{
				"name": "ForEach1",
				"type": "ForEach",
				"dependsOn": [
					{
						"activity": "Get Metadata1",
						"dependencyConditions": [
							"Succeeded"
						]
					}
				],
				"userProperties": [],
				"typeProperties": {
					"items": {
						"value": "@activity('Get Metadata1').output.childItems",
						"type": "Expression"
					},
					"isSequential": true,
					"activities": [
						{
							"name": "Lookup1",
							"type": "Lookup",
							"dependsOn": [],
							"policy": {
								"timeout": "7.00:00:00",
								"retry": 0,
								"retryIntervalInSeconds": 30,
								"secureOutput": false,
								"secureInput": false
							},
							"userProperties": [],
							"typeProperties": {
								"source": {
									"type": "JsonSource",
									"storeSettings": {
										"type": "AzureBlobFSReadSettings",
										"recursive": true,
										"enablePartitionDiscovery": false
									},
									"formatSettings": {
										"type": "JsonReadSettings"
									}
								},
								"dataset": {
									"referenceName": "import_json_boots",
									"type": "DatasetReference",
									"parameters": {
										"FileNames": {
											"value": "@item().name",
											"type": "Expression"
										},
										"FolderPath": {
											"value": "@pipeline().parameters.FolderPath",
											"type": "Expression"
										}
									}
								}
							}
						},
						{
							"name": "Set variable1",
							"type": "SetVariable",
							"dependsOn": [
								{
									"activity": "Lookup1",
									"dependencyConditions": [
										"Succeeded"
									]
								}
							],
							"userProperties": [],
							"typeProperties": {
								"variableName": "Var_JSON",
								"value": {
									"value": "@activity('Lookup1').output.firstRow.ProcedureJSON",
									"type": "Expression"
								}
							}
						},
						{
							"name": "execute_import_SP",
							"type": "Lookup",
							"dependsOn": [
								{
									"activity": "Set variable1",
									"dependencyConditions": [
										"Succeeded"
									]
								}
							],
							"policy": {
								"timeout": "7.00:00:00",
								"retry": 0,
								"retryIntervalInSeconds": 30,
								"secureOutput": false,
								"secureInput": false
							},
							"userProperties": [],
							"typeProperties": {
								"source": {
									"type": "AzureSqlSource",
									"sqlReaderStoredProcedureName": "[dbo].[FeedPromoteImport]",
									"storedProcedureParameters": {
										"pFeedJSON": {
											"type": "String",
											"value": {
												"value": "@variables('Var_JSON')",
												"type": "Expression"
											}
										},
										"pUserCreated": {
											"type": "String",
											"value": "DataFactory"
										}
									},
									"queryTimeout": "02:00:00",
									"partitionOption": "None"
								},
								"dataset": {
									"referenceName": "import_feeds_prod",
									"type": "DatasetReference"
								}
							}
						}
					]
				}
			}
		],
		"parameters": {
			"FolderPath": {
				"type": "string"
			}
		},
		"variables": {
			"Var_JSON": {
				"type": "String"
			}
		},
		"folder": {
			"name": "PL_INGESTION_FEEDS"
		},
		"annotations": []
	}
}