{
	"name": "FEED_IMPORT_TO_PREPROD",
	"properties": {
		"activities": [
			{
				"name": "Read Json files",
				"type": "Lookup",
				"dependsOn": [],
				"policy": {
					"timeout": "7.00:00:00",
					"retry": 0,
					"retryIntervalInSeconds": 30,
					"secureOutput": false,
					"secureInput": false
				},
				"userProperties": [],
				"typeProperties": {
					"source": {
						"type": "JsonSource",
						"storeSettings": {
							"type": "AzureBlobFSReadSettings",
							"recursive": true,
							"wildcardFolderPath": {
								"value": "@concat('/IFconfigs/',pipeline().parameters.configpath)",
								"type": "Expression"
							},
							"wildcardFileName": "*.json",
							"enablePartitionDiscovery": false
						},
						"formatSettings": {
							"type": "JsonReadSettings"
						}
					},
					"dataset": {
						"referenceName": "Read_feed_jsons",
						"type": "DatasetReference"
					},
					"firstRowOnly": false
				}
			},
			{
				"name": "ForEach1",
				"type": "ForEach",
				"dependsOn": [
					{
						"activity": "Read Json files",
						"dependencyConditions": [
							"Succeeded"
						]
					}
				],
				"userProperties": [],
				"typeProperties": {
					"items": {
						"value": "@activity('Read Json files').output.value",
						"type": "Expression"
					},
					"activities": [
						{
							"name": "Execute_import_SP",
							"type": "Lookup",
							"dependsOn": [],
							"policy": {
								"timeout": "7.00:00:00",
								"retry": 0,
								"retryIntervalInSeconds": 30,
								"secureOutput": false,
								"secureInput": false
							},
							"userProperties": [],
							"typeProperties": {
								"source": {
									"type": "AzureSqlSource",
									"sqlReaderStoredProcedureName": "[dbo].[FeedPromoteImport]",
									"storedProcedureParameters": {
										"pFeedJSON": {
											"type": "String",
											"value": {
												"value": "@string(item())",
												"type": "Expression"
											}
										},
										"pUserCreated": {
											"type": "String",
											"value": {
												"value": "@item().UserCreated",
												"type": "Expression"
											}
										}
									},
									"queryTimeout": "02:00:00",
									"partitionOption": "None"
								},
								"dataset": {
									"referenceName": "import_feed_pp",
									"type": "DatasetReference"
								}
							}
						}
					]
				}
			}
		],
		"parameters": {
			"configpath": {
				"type": "string"
			}
		},
		"folder": {
			"name": "PL_INGESTION_FEEDS"
		},
		"annotations": [],
		"lastPublishTime": "2021-11-24T05:17:06Z"
	},
	"type": "Microsoft.DataFactory/factories/pipelines"
}