{
	"name": "Footfall POC",
	"properties": {
		"activities": [
			{
				"name": "POST",
				"type": "WebActivity",
				"dependsOn": [],
				"policy": {
					"timeout": "7.00:00:00",
					"retry": 0,
					"retryIntervalInSeconds": 30,
					"secureOutput": false,
					"secureInput": false
				},
				"userProperties": [],
				"typeProperties": {
					"url": {
						"value": "https://data.springboardanalyser.com/token",
						"type": "Expression"
					},
					"method": "POST",
					"headers": {
						"Content-Type": "application/x-www-form-urlencoded"
					},
					"body": "grant_type=password&username=strategicdataops@boots.co.uk&password=Strat3g!cData0ps"
				}
			},
			{
				"name": "Copy data1",
				"type": "Copy",
				"dependsOn": [
					{
						"activity": "POST",
						"dependencyConditions": [
							"Succeeded"
						]
					}
				],
				"policy": {
					"timeout": "7.00:00:00",
					"retry": 0,
					"retryIntervalInSeconds": 30,
					"secureOutput": false,
					"secureInput": false
				},
				"userProperties": [],
				"typeProperties": {
					"source": {
						"type": "RestSource",
						"httpRequestTimeout": "00:01:40",
						"requestInterval": "00.00:00:00.010",
						"requestMethod": "GET",
						"additionalHeaders": {
							"Authorization": {
								"value": "@concat('Bearer ',activity('POST').output.access_token)",
								"type": "Expression"
							}
						},
						"paginationRules": {
							"supportRFC5988": "true"
						}
					},
					"sink": {
						"type": "ParquetSink",
						"storeSettings": {
							"type": "AzureBlobFSWriteSettings"
						},
						"formatSettings": {
							"type": "ParquetWriteSettings"
						}
					},
					"enableStaging": false
				},
				"inputs": [
					{
						"referenceName": "RestResource1",
						"type": "DatasetReference",
						"parameters": {
							"startDate": "@pipeline().parameters.StartDate",
							"endDate": "@pipeline().parameters.EndDate"
						}
					}
				],
				"outputs": [
					{
						"referenceName": "Footfall_Target",
						"type": "DatasetReference"
					}
				]
			}
		],
		"parameters": {
			"StartDate": {
				"type": "string"
			},
			"EndDate": {
				"type": "string"
			}
		},
		"folder": {
			"name": "Archive"
		},
		"annotations": []
	}
}