{
	"name": "Load_data",
	"properties": {
		"activities": [
			{
				"name": "Copy data1",
				"type": "Copy",
				"dependsOn": [],
				"policy": {
					"timeout": "7.00:00:00",
					"retry": 0,
					"retryIntervalInSeconds": 30,
					"secureOutput": false,
					"secureInput": false
				},
				"userProperties": [],
				"typeProperties": {
					"source": {
						"type": "ExcelSource",
						"storeSettings": {
							"type": "AzureBlobFSReadSettings",
							"recursive": true,
							"enablePartitionDiscovery": false
						}
					},
					"sink": {
						"type": "SqlDWSink",
						"allowPolyBase": true,
						"polyBaseSettings": {
							"rejectValue": 0,
							"rejectType": "value",
							"useTypeDefault": true
						}
					},
					"enableStaging": false
				},
				"inputs": [
					{
						"referenceName": "Excel1",
						"type": "DatasetReference"
					}
				],
				"outputs": [
					{
						"referenceName": "AzureSynapseAnalyticsTable1",
						"type": "DatasetReference"
					}
				]
			}
		],
		"folder": {
			"name": "R3_Data_Load"
		},
		"annotations": []
	}
}