{
    "name": "PL_CONSUMPTION_COLUMBUS_HISTORY",
    "properties": {
        "activities": [
            {
                "name": "Get Source details",
                "type": "Lookup",
                "dependsOn": [],
                "policy": {
                    "timeout": "7.00:00:00",
                    "retry": 0,
                    "retryIntervalInSeconds": 30,
                    "secureOutput": false,
                    "secureInput": false
                },
                "userProperties": [],
                "typeProperties": {
                    "source": {
                        "type": "DelimitedTextSource",
                        "storeSettings": {
                            "type": "AzureBlobFSReadSettings",
                            "recursive": true,
                            "enablePartitionDiscovery": false
                        },
                        "formatSettings": {
                            "type": "DelimitedTextReadSettings"
                        }
                    },
                    "dataset": {
                        "referenceName": "DS_CONFIG_CONSUMPTION",
                        "type": "DatasetReference",
                        "parameters": {
                            "ConfigFileName": {
                                "value": "@pipeline().parameters.Config",
                                "type": "Expression"
                            }
                        }
                    },
                    "firstRowOnly": false
                }
            },
            {
                "name": "ForEach1",
                "type": "ForEach",
                "dependsOn": [
                    {
                        "activity": "Get Source details",
                        "dependencyConditions": [
                            "Succeeded"
                        ]
                    }
                ],
                "userProperties": [],
                "typeProperties": {
                    "items": {
                        "value": "@activity('Get Source details').output.value",
                        "type": "Expression"
                    },
                    "isSequential": true,
                    "activities": [
                        {
                            "name": "Notebook1",
                            "type": "DatabricksNotebook",
                            "dependsOn": [],
                            "policy": {
                                "timeout": "7.00:00:00",
                                "retry": 0,
                                "retryIntervalInSeconds": 30,
                                "secureOutput": false,
                                "secureInput": false
                            },
                            "userProperties": [],
                            "typeProperties": {
                                "notebookPath": {
                                    "value": "@item().ConsumptionNotebook",
                                    "type": "Expression"
                                },
                                "baseParameters": {
                                    "Datefrom": {
                                        "value": "@item().Datefrom",
                                        "type": "Expression"
                                    },
                                    "Dateto": {
                                        "value": "@item().Dateto",
                                        "type": "Expression"
                                    },
                                    "Loadtype": {
                                        "value": "@item().Loadtype",
                                        "type": "Expression"
                                    }
                                }
                            },
                            "linkedServiceName": {
                                "referenceName": "AzureDatabricks_IDF",
                                "type": "LinkedServiceReference"
                            }
                        }
                    ]
                }
            }
        ],
        "parameters": {
            "Config": {
                "type": "string",
                "defaultValue": "Columbus/Columbus.csv"
            }
        },
        "folder": {
            "name": "PL_CONSUMPTION"
        },
        "annotations": []
    }
}