{
	"name": "PL_CURATESTAGING_WATERMARK_UPDATE",
	"properties": {
		"activities": [
			{
				"name": "CurateStage Watermark Notebook",
				"type": "DatabricksNotebook",
				"dependsOn": [],
				"policy": {
					"timeout": "7.00:00:00",
					"retry": 0,
					"retryIntervalInSeconds": 30,
					"secureOutput": false,
					"secureInput": false
				},
				"userProperties": [],
				"typeProperties": {
					"notebookPath": "/Shared/Common_Notebooks/RPI_CurateStaging_WatermarkUpdate",
					"baseParameters": {
						"SourceName": {
							"value": "@pipeline().parameters.SourceName",
							"type": "Expression"
						},
						"LastProcessedTime": {
							"value": "@pipeline().parameters.LastProcessedTime",
							"type": "Expression"
						},
						"BatchID": {
							"value": "@pipeline().parameters.BatchID",
							"type": "Expression"
						},
						"FeedName": {
							"value": "@pipeline().parameters.FeedName",
							"type": "Expression"
						}
					}
				},
				"linkedServiceName": {
					"referenceName": "AzureDatabricks_IDF",
					"type": "LinkedServiceReference"
				}
			},
			{
				"name": "WaterMark Table Update Failure Email",
				"type": "ExecutePipeline",
				"dependsOn": [
					{
						"activity": "CurateStage Watermark Notebook",
						"dependencyConditions": [
							"Failed"
						]
					}
				],
				"userProperties": [],
				"typeProperties": {
					"pipeline": {
						"referenceName": "PL_EMAIL_ALERT",
						"type": "PipelineReference"
					},
					"waitOnCompletion": true,
					"parameters": {
						"status": {
							"value": "@string('Failure')",
							"type": "Expression"
						},
						"file_name": {
							"value": "@concat('Source Name :',pipeline().parameters.SourceName,'Feed Name :',pipeline().parameters.FeedName,'Batch Id',pipeline().parameters.BatchID)",
							"type": "Expression"
						},
						"ErrorDetails": {
							"value": "@string(activity('CurateStage Watermark Notebook').Error.message)",
							"type": "Expression"
						},
						"Pipeline_Process_Name": {
							"value": "@string('PL_WATERMARK_UPDATE')",
							"type": "Expression"
						}
					}
				}
			}
		],
		"parameters": {
			"BatchID": {
				"type": "string"
			},
			"SourceName": {
				"type": "string"
			},
			"LastProcessedTime": {
				"type": "string"
			},
			"FeedName": {
				"type": "string"
			}
		},
		"folder": {
			"name": "PL_COMMON"
		},
		"annotations": [],
		"lastPublishTime": "2021-10-28T08:22:22Z"
	},
	"type": "Microsoft.DataFactory/factories/pipelines"
}