{
	"name": "PL_CONSUMPTION_FACT",
	"properties": {
		"activities": [
			{
				"name": "Lookup1",
				"type": "Lookup",
				"dependsOn": [],
				"policy": {
					"timeout": "7.00:00:00",
					"retry": 0,
					"retryIntervalInSeconds": 30,
					"secureOutput": false,
					"secureInput": false
				},
				"userProperties": [],
				"typeProperties": {
					"source": {
						"type": "AzureDatabricksDeltaLakeSource",
						"query": {
							"value": "@concat('select * from RPI_Consumption_DB.Metadata_Consumption where table_type=\"Fact\" and schedule_id=',pipeline().parameters.Schedule_ID)",
							"type": "Expression"
						}
					},
					"dataset": {
						"referenceName": "Consumption_Metadata_Dataset",
						"type": "DatasetReference"
					},
					"firstRowOnly": false
				}
			},
			{
				"name": "Foreach",
				"type": "ForEach",
				"dependsOn": [
					{
						"activity": "Lookup1",
						"dependencyConditions": [
							"Succeeded"
						]
					}
				],
				"userProperties": [],
				"typeProperties": {
					"items": {
						"value": "@activity('Lookup1').output.value",
						"type": "Expression"
					},
					"activities": [
						{
							"name": "Notebook1",
							"type": "DatabricksNotebook",
							"dependsOn": [
								{
									"activity": "Set BatchID",
									"dependencyConditions": [
										"Succeeded"
									]
								}
							],
							"policy": {
								"timeout": "7.00:00:00",
								"retry": 0,
								"retryIntervalInSeconds": 30,
								"secureOutput": false,
								"secureInput": false
							},
							"userProperties": [],
							"typeProperties": {
								"notebookPath": {
									"value": "@item().notebookpath",
									"type": "Expression"
								},
								"baseParameters": {
									"source_tables": {
										"value": "@string(item().source_tables)",
										"type": "Expression"
									},
									"source_path": {
										"value": "@item().source_path",
										"type": "Expression"
									},
									"temp_viewname": {
										"value": "@item().temp_viewname",
										"type": "Expression"
									},
									"format": {
										"value": "@item().format",
										"type": "Expression"
									},
									"isHeader": {
										"value": "@item().isHeader",
										"type": "Expression"
									},
									"Query": {
										"value": "@item().Query",
										"type": "Expression"
									},
									"stgtable": {
										"value": "@item().stgtable",
										"type": "Expression"
									},
									"delimiter": {
										"value": "@item().delimiter",
										"type": "Expression"
									},
									"temp_viewtables": {
										"value": "@item().temp_viewtables",
										"type": "Expression"
									},
									"Keycolumns": {
										"value": "@item().Keycolumns",
										"type": "Expression"
									},
									"target": {
										"value": "@item().target",
										"type": "Expression"
									}
								}
							},
							"linkedServiceName": {
								"referenceName": "AzureDatabricks_IDF",
								"type": "LinkedServiceReference"
							}
						},
						{
							"name": "Set Current Processing Time",
							"type": "SetVariable",
							"dependsOn": [],
							"userProperties": [],
							"typeProperties": {
								"variableName": "CurrentProcessingTime",
								"value": {
									"value": "@utcnow()",
									"type": "Expression"
								}
							}
						},
						{
							"name": "Set BatchID",
							"type": "SetVariable",
							"dependsOn": [
								{
									"activity": "Set Current Processing Time",
									"dependencyConditions": [
										"Succeeded"
									]
								}
							],
							"userProperties": [],
							"typeProperties": {
								"variableName": "BatchId",
								"value": {
									"value": "@concat(pipeline().parameters.Schedule_ID,item().target,formatDateTime(variables('CurrentProcessingTime'),'yyyyMMddHHmmss'))",
									"type": "Expression"
								}
							}
						},
						{
							"name": "CONSUMPTION_LOGGING_SUCCESS",
							"type": "ExecutePipeline",
							"dependsOn": [
								{
									"activity": "Notebook1",
									"dependencyConditions": [
										"Succeeded"
									]
								}
							],
							"userProperties": [],
							"typeProperties": {
								"pipeline": {
									"referenceName": "PL_CONSUMPTION_LOGGING",
									"type": "PipelineReference"
								},
								"waitOnCompletion": true,
								"parameters": {
									"TargetTableName": {
										"value": "@item().target",
										"type": "Expression"
									},
									"BatchId": {
										"value": "@variables('BatchID')",
										"type": "Expression"
									},
									"Status": {
										"value": "@string('Success')",
										"type": "Expression"
									},
									"Error": {
										"value": "@string('')",
										"type": "Expression"
									},
									"RunTime": {
										"value": "@pipeline().TriggerTime",
										"type": "Expression"
									},
									"TriggerId": {
										"value": "@pipeline().TriggerId",
										"type": "Expression"
									}
								}
							}
						},
						{
							"name": "CONSUMPTION_LOGGING_FAIL",
							"type": "ExecutePipeline",
							"dependsOn": [
								{
									"activity": "Notebook1",
									"dependencyConditions": [
										"Failed"
									]
								}
							],
							"userProperties": [],
							"typeProperties": {
								"pipeline": {
									"referenceName": "PL_CONSUMPTION_LOGGING",
									"type": "PipelineReference"
								},
								"waitOnCompletion": true,
								"parameters": {
									"TargetTableName": {
										"value": "@item().target",
										"type": "Expression"
									},
									"BatchId": {
										"value": "@variables('BatchID')",
										"type": "Expression"
									},
									"Status": {
										"value": "@string('Fail')",
										"type": "Expression"
									},
									"Error": {
										"value": "@string(activity('Notebook1').output.Error.message)",
										"type": "Expression"
									},
									"RunTime": {
										"value": "@pipeline().TriggerTime",
										"type": "Expression"
									},
									"TriggerId": {
										"value": "@pipeline().TriggerId",
										"type": "Expression"
									}
								}
							}
						}
					]
				}
			}
		],
		"parameters": {
			"Schedule_ID": {
				"type": "string"
			}
		},
		"variables": {
			"BatchId": {
				"type": "String"
			},
			"CurrentProcessingTime": {
				"type": "String"
			}
		},
		"folder": {
			"name": "PL_CONSUMPTION"
		},
		"annotations": [],
		"lastPublishTime": "2022-02-10T17:38:43Z"
	},
	"type": "Microsoft.DataFactory/factories/pipelines"
}