{
	"name": "PL_CONSUMPTION_CONTROL",
	"properties": {
		"activities": [
			{
				"name": "If Condition1",
				"type": "IfCondition",
				"dependsOn": [],
				"userProperties": [],
				"typeProperties": {
					"expression": {
						"value": "@equals(pipeline().parameters.Status, 'Success')",
						"type": "Expression"
					},
					"ifTrueActivities": [
						{
							"name": "Invoke base",
							"type": "ExecutePipeline",
							"dependsOn": [],
							"userProperties": [],
							"typeProperties": {
								"pipeline": {
									"referenceName": "PL_CONSUMPTION_BASE",
									"type": "PipelineReference"
								},
								"waitOnCompletion": true,
								"parameters": {
									"ConfigFileName": {
										"value": "@pipeline().parameters.ConfigFileName",
										"type": "Expression"
									}
								}
							}
						}
					]
				}
			}
		],
		"parameters": {
			"ConfigFileName": {
				"type": "string"
			},
			"Status": {
				"type": "string"
			}
		},
		"folder": {
			"name": "PL_CONSUMPTION"
		},
		"annotations": [],
		"lastPublishTime": "2021-11-25T13:40:37Z"
	},
	"type": "Microsoft.DataFactory/factories/pipelines"
}