{
	"name": "PL_CURATE_STAGE_CONTROL",
	"properties": {
		"activities": [
			{
				"name": "GetConfigList",
				"type": "Lookup",
				"dependsOn": [],
				"policy": {
					"timeout": "7.00:00:00",
					"retry": 0,
					"retryIntervalInSeconds": 30,
					"secureOutput": false,
					"secureInput": false
				},
				"userProperties": [],
				"typeProperties": {
					"source": {
						"type": "DelimitedTextSource",
						"storeSettings": {
							"type": "AzureBlobFSReadSettings",
							"recursive": true,
							"enablePartitionDiscovery": false
						},
						"formatSettings": {
							"type": "DelimitedTextReadSettings"
						}
					},
					"dataset": {
						"referenceName": "DS_CONFIG_CURATE_STAGE",
						"type": "DatasetReference",
						"parameters": {
							"ConfigFileName": {
								"value": "@pipeline().parameters.ConfigFileName",
								"type": "Expression"
							}
						}
					},
					"firstRowOnly": false
				}
			},
			{
				"name": "ForEach",
				"type": "ForEach",
				"dependsOn": [
					{
						"activity": "GetConfigList",
						"dependencyConditions": [
							"Succeeded"
						]
					}
				],
				"userProperties": [],
				"typeProperties": {
					"items": {
						"value": "@activity('GetConfigList').output.value",
						"type": "Expression"
					},
					"activities": [
						{
							"name": "Get Last Processed Time",
							"type": "Lookup",
							"dependsOn": [],
							"policy": {
								"timeout": "7.00:00:00",
								"retry": 0,
								"retryIntervalInSeconds": 30,
								"secureOutput": false,
								"secureInput": false
							},
							"userProperties": [],
							"typeProperties": {
								"source": {
									"type": "AzureDatabricksDeltaLakeSource",
									"query": {
										"value": "@concat('Select max(LastProcessedTime) as LastProcessedTime from ',item().DBName,'.',item().TableName,' where SourceName=\"',item().SourceName,'\" and FeedName=\"',item().FeedName,'\"')",
										"type": "Expression"
									}
								},
								"dataset": {
									"referenceName": "DS_CURATESTAGEING_WATERMARK",
									"type": "DatasetReference",
									"parameters": {
										"DatabaseName": {
											"value": "@item().DBName",
											"type": "Expression"
										},
										"TableName": {
											"value": "@item().TableName",
											"type": "Expression"
										}
									}
								},
								"firstRowOnly": false
							}
						},
						{
							"name": "Get File List",
							"type": "GetMetadata",
							"dependsOn": [
								{
									"activity": "Get Last Processed Time",
									"dependencyConditions": [
										"Succeeded"
									]
								}
							],
							"policy": {
								"timeout": "7.00:00:00",
								"retry": 0,
								"retryIntervalInSeconds": 30,
								"secureOutput": false,
								"secureInput": false
							},
							"userProperties": [],
							"typeProperties": {
								"dataset": {
									"referenceName": "DS_ADLS_WRANGLED",
									"type": "DatasetReference",
									"parameters": {
										"SourcePath": {
											"value": "@item().SourcePath",
											"type": "Expression"
										},
										"SourceFileName": "*"
									}
								},
								"fieldList": [
									"childItems"
								],
								"storeSettings": {
									"type": "AzureBlobFSReadSettings",
									"recursive": true,
									"modifiedDatetimeStart": {
										"value": "@if(equals(pipeline().parameters.LastProcessedTime,'NA'),if(equals(activity('Get Last Processed Time').output.value[0].LastProcessedTime,''),adddays(utcnow(),-1),activity('Get Last Processed Time').output.value[0].LastProcessedTime),pipeline().parameters.LastProcessedTime)",
										"type": "Expression"
									},
									"modifiedDatetimeEnd": {
										"value": "@pipeline().parameters.CurrentProcessingTime",
										"type": "Expression"
									},
									"enablePartitionDiscovery": false
								},
								"formatSettings": {
									"type": "DelimitedTextReadSettings"
								}
							}
						},
						{
							"name": "Check File Availability",
							"type": "IfCondition",
							"dependsOn": [
								{
									"activity": "Get File List",
									"dependencyConditions": [
										"Succeeded"
									]
								}
							],
							"userProperties": [],
							"typeProperties": {
								"expression": {
									"value": "@empty(activity('Get File List').output.childItems)",
									"type": "Expression"
								},
								"ifFalseActivities": [
									{
										"name": "Execute Curate Staging Base Pipeline",
										"type": "ExecutePipeline",
										"dependsOn": [],
										"userProperties": [],
										"typeProperties": {
											"pipeline": {
												"referenceName": "PL_CURATESTAGING_DAILY_BASE",
												"type": "PipelineReference"
											},
											"waitOnCompletion": true,
											"parameters": {
												"FileNameList": {
													"value": "@activity('Get File List').output.childItems",
													"type": "Expression"
												},
												"RunDate": {
													"value": "@pipeline().parameters.RunDate",
													"type": "Expression"
												},
												"RunTime": {
													"value": "@pipeline().parameters.RunTime",
													"type": "Expression"
												},
												"SourcePath": {
													"value": "@item().SourcePath",
													"type": "Expression"
												},
												"DestinationPath": {
													"value": "@item().DestinationPath",
													"type": "Expression"
												},
												"CurateStageNotebook": {
													"value": "@item().CurateStageNotebook",
													"type": "Expression"
												},
												"PreProcessingFlag": {
													"value": "@item().PreProcessingFlag",
													"type": "Expression"
												},
												"BatchID": {
													"value": "@pipeline().parameters.BatchID",
													"type": "Expression"
												},
												"SourceName": {
													"value": "@item().SourceName",
													"type": "Expression"
												},
												"FeedName": {
													"value": "@item().FeedName",
													"type": "Expression"
												},
												"CurrentProcessingTime": {
													"value": "@pipeline().parameters.CurrentProcessingTime",
													"type": "Expression"
												},
												"SystemOfRecordId": {
													"value": "@pipeline().parameters.SystemOfRecordId",
													"type": "Expression"
												}
											}
										}
									}
								],
								"ifTrueActivities": [
									{
										"name": "Check File Availability Email",
										"type": "ExecutePipeline",
										"dependsOn": [],
										"userProperties": [],
										"typeProperties": {
											"pipeline": {
												"referenceName": "PL_EMAIL_ALERT",
												"type": "PipelineReference"
											},
											"waitOnCompletion": true,
											"parameters": {
												"status": {
													"value": "@string('Failure')",
													"type": "Expression"
												},
												"file_name": {
													"value": "@concat('Source Name: ',if(contains(item(),'SourceName'),item().SourceName,pipeline().parameters.SourceName),' Feed Name: ',if(contains(item(),'FeedName'),item().FeedName,pipeline().parameters.FeedName),' Batch Id: ',pipeline().parameters.BatchID)",
													"type": "Expression"
												},
												"ErrorDetails": {
													"value": "@concat('No file available in the mentioned time range : Start Time :',if(equals(pipeline().parameters.LastProcessedTime,'NA'),if(equals(activity('Get Last Processed Time').output.value[0].LastProcessedTime,''),adddays(utcnow(),-1),activity('Get Last Processed Time').output.value[0].LastProcessedTime),pipeline().parameters.LastProcessedTime),'End Time :',pipeline().parameters.CurrentProcessingTime)",
													"type": "Expression"
												},
												"Pipeline_Process_Name": {
													"value": "@string('PL_CURATE_STAGE_CONTROL')",
													"type": "Expression"
												}
											}
										}
									}
								]
							}
						}
					]
				}
			}
		],
		"parameters": {
			"ConfigFileName": {
				"type": "string"
			},
			"RunDate": {
				"type": "string"
			},
			"RunTime": {
				"type": "string"
			},
			"CurrentProcessingTime": {
				"type": "string"
			},
			"BatchID": {
				"type": "string"
			},
			"LastProcessedTime": {
				"type": "string"
			},
			"SourceName": {
				"type": "string"
			},
			"FeedName": {
				"type": "string"
			},
			"SystemOfRecordId": {
				"type": "string"
			}
		},
		"folder": {
			"name": "PL_CURATE_STAGE"
		},
		"annotations": [],
		"lastPublishTime": "2021-10-28T08:22:34Z"
	},
	"type": "Microsoft.DataFactory/factories/pipelines"
}