{
	"name": "PL_CURATESTAGING_COPYFILE",
	"properties": {
		"activities": [
			{
				"name": "ForEach",
				"type": "ForEach",
				"dependsOn": [],
				"userProperties": [],
				"typeProperties": {
					"items": {
						"value": "@pipeline().parameters.FileList",
						"type": "Expression"
					},
					"isSequential": false,
					"activities": [
						{
							"name": "CurateStaging_CopyData",
							"type": "Copy",
							"dependsOn": [],
							"policy": {
								"timeout": "7.00:00:00",
								"retry": 0,
								"retryIntervalInSeconds": 30,
								"secureOutput": false,
								"secureInput": false
							},
							"userProperties": [],
							"typeProperties": {
								"source": {
									"type": "DelimitedTextSource",
									"storeSettings": {
										"type": "AzureBlobFSReadSettings",
										"recursive": true,
										"enablePartitionDiscovery": false
									},
									"formatSettings": {
										"type": "DelimitedTextReadSettings"
									}
								},
								"sink": {
									"type": "DelimitedTextSink",
									"storeSettings": {
										"type": "AzureBlobFSWriteSettings"
									},
									"formatSettings": {
										"type": "DelimitedTextWriteSettings",
										"quoteAllText": true,
										"fileExtension": ".csv"
									}
								},
								"enableStaging": false
							},
							"inputs": [
								{
									"referenceName": "DS_ADLS_WRANGLED",
									"type": "DatasetReference",
									"parameters": {
										"SourcePath": {
											"value": "@pipeline().parameters.SourcePath",
											"type": "Expression"
										},
										"SourceFileName": {
											"value": "@item()",
											"type": "Expression"
										}
									}
								}
							],
							"outputs": [
								{
									"referenceName": "DS_ADLS_CURATE_STAGE",
									"type": "DatasetReference",
									"parameters": {
										"DestinationPath": {
											"value": "@concat(pipeline().parameters.DestinationPath,'/',pipeline().parameters.RunDate,pipeline().parameters.RunTime)",
											"type": "Expression"
										},
										"DestinationFileName": {
											"value": "@item()",
											"type": "Expression"
										}
									}
								}
							]
						},
						{
							"name": "Copy Activity Failure Email",
							"type": "ExecutePipeline",
							"dependsOn": [
								{
									"activity": "CurateStaging_CopyData",
									"dependencyConditions": [
										"Failed"
									]
								}
							],
							"userProperties": [],
							"typeProperties": {
								"pipeline": {
									"referenceName": "PL_EMAIL_ALERT",
									"type": "PipelineReference"
								},
								"waitOnCompletion": true,
								"parameters": {
									"status": {
										"value": "@string('Failure')",
										"type": "Expression"
									},
									"file_name": {
										"value": "@concat('Source Name :',pipeline().parameters.SourceName,'Feed Name :',pipeline().parameters.FeedName,'Batch Id',pipeline().parameters.BatchID)",
										"type": "Expression"
									},
									"ErrorDetails": {
										"value": "@if(empty(activity('CurateStaging_CopyData').output.errors), string(' '),string(activity('CurateStaging_CopyData').output.errors[0].Message))",
										"type": "Expression"
									},
									"Pipeline_Process_Name": {
										"value": "@string('PL_CURATESTAGING_COPYFILE')",
										"type": "Expression"
									}
								}
							}
						},
						{
							"name": "CurateStaging_Copy_Log",
							"type": "ExecutePipeline",
							"dependsOn": [
								{
									"activity": "CurateStaging_CopyData",
									"dependencyConditions": [
										"Completed"
									]
								}
							],
							"userProperties": [],
							"typeProperties": {
								"pipeline": {
									"referenceName": "PL_LOGGING",
									"type": "PipelineReference"
								},
								"waitOnCompletion": true,
								"parameters": {
									"ProcessStage": {
										"value": "@string('CurateStaging')",
										"type": "Expression"
									},
									"EntityName": {
										"value": "@item()",
										"type": "Expression"
									},
									"BatchId": {
										"value": "@pipeline().parameters.BatchID",
										"type": "Expression"
									},
									"SourceName": {
										"value": "@pipeline().parameters.SourceName",
										"type": "Expression"
									},
									"FeedName": {
										"value": "@pipeline().parameters.FeedName",
										"type": "Expression"
									},
									"Status": {
										"value": "@string(activity('CurateStaging_CopyData').output.executionDetails[0].status)",
										"type": "Expression"
									},
									"Error": {
										"value": "@if(empty(activity('CurateStaging_CopyData').output.errors), string(' '),string(activity('CurateStaging_CopyData').output.errors[0].Message))",
										"type": "Expression"
									},
									"SourceCount": {
										"value": "@string(activity('CurateStaging_CopyData').output.dataRead)\n",
										"type": "Expression"
									},
									"TargetCount": {
										"value": "@string(activity('CurateStaging_CopyData').output.dataWritten)\n",
										"type": "Expression"
									},
									"Remark": {
										"value": "@string('')",
										"type": "Expression"
									},
									"SystemOfRecordId": {
										"value": "@pipeline().parameters.SystemOfRecordId",
										"type": "Expression"
									},
									"LoadType": {
										"value": "@string('Incremental')",
										"type": "Expression"
									}
								}
							}
						},
						{
							"name": "Execute Watermark Table Update",
							"type": "ExecutePipeline",
							"dependsOn": [
								{
									"activity": "CurateStaging_CopyData",
									"dependencyConditions": [
										"Succeeded"
									]
								}
							],
							"userProperties": [],
							"typeProperties": {
								"pipeline": {
									"referenceName": "PL_CURATESTAGING_WATERMARK_UPDATE",
									"type": "PipelineReference"
								},
								"waitOnCompletion": true,
								"parameters": {
									"BatchID": {
										"value": "@pipeline().parameters.BatchID",
										"type": "Expression"
									},
									"SourceName": {
										"value": "@pipeline().parameters.SourceName",
										"type": "Expression"
									},
									"LastProcessedTime": {
										"value": "@pipeline().parameters.CurrentProcessingTime",
										"type": "Expression"
									},
									"FeedName": {
										"value": "@pipeline().parameters.FeedName",
										"type": "Expression"
									}
								}
							}
						}
					]
				}
			}
		],
		"parameters": {
			"FileList": {
				"type": "array"
			},
			"SourcePath": {
				"type": "string"
			},
			"DestinationPath": {
				"type": "string"
			},
			"RunDate": {
				"type": "string"
			},
			"RunTime": {
				"type": "string"
			},
			"BatchID": {
				"type": "string"
			},
			"SourceName": {
				"type": "string"
			},
			"FeedName": {
				"type": "string"
			},
			"CurrentProcessingTime": {
				"type": "string"
			},
			"SystemOfRecordId": {
				"type": "string"
			}
		},
		"folder": {
			"name": "PL_CURATE_STAGE"
		},
		"annotations": [],
		"lastPublishTime": "2021-10-28T08:22:09Z"
	},
	"type": "Microsoft.DataFactory/factories/pipelines"
}