{
	"name": "PL_CONSUMPTION_MASTER",
	"properties": {
		"activities": [
			{
				"name": "4th Weekday Check",
				"type": "IfCondition",
				"dependsOn": [],
				"userProperties": [],
				"typeProperties": {
					"expression": {
						"value": "@equals(pipeline().parameters.FourthWeekdaycheck,'Yes')",
						"type": "Expression"
					},
					"ifFalseActivities": [
						{
							"name": "Execute Consumption Base Pipeline",
							"type": "ExecutePipeline",
							"dependsOn": [],
							"userProperties": [],
							"typeProperties": {
								"pipeline": {
									"referenceName": "PL_CONSUMPTION_BASE",
									"type": "PipelineReference"
								},
								"waitOnCompletion": true,
								"parameters": {
									"ConfigFileName": {
										"value": "@pipeline().parameters.ConfigFileName",
										"type": "Expression"
									}
								}
							}
						}
					],
					"ifTrueActivities": [
						{
							"name": "Check Fourth Work day",
							"type": "DatabricksNotebook",
							"dependsOn": [],
							"policy": {
								"timeout": "7.00:00:00",
								"retry": 0,
								"retryIntervalInSeconds": 30,
								"secureOutput": false,
								"secureInput": false
							},
							"userProperties": [],
							"typeProperties": {
								"notebookPath": "/Shared/Consumption/Common/Check_Fourth_Work_Day"
							},
							"linkedServiceName": {
								"referenceName": "AzureDatabricks_IDF",
								"type": "LinkedServiceReference"
							}
						},
						{
							"name": "Execute Consumption Control Pipeline",
							"type": "ExecutePipeline",
							"dependsOn": [
								{
									"activity": "Check Fourth Work day",
									"dependencyConditions": [
										"Succeeded"
									]
								}
							],
							"userProperties": [],
							"typeProperties": {
								"pipeline": {
									"referenceName": "PL_CONSUMPTION_CONTROL",
									"type": "PipelineReference"
								},
								"waitOnCompletion": true,
								"parameters": {
									"ConfigFileName": {
										"value": "@pipeline().parameters.ConfigFileName",
										"type": "Expression"
									},
									"Status": {
										"value": "@activity('Check Fourth Work day').output.runOutput",
										"type": "Expression"
									}
								}
							}
						}
					]
				}
			}
		],
		"parameters": {
			"ConfigFileName": {
				"type": "string"
			},
			"FourthWeekdaycheck": {
				"type": "string"
			}
		},
		"folder": {
			"name": "PL_CONSUMPTION"
		},
		"annotations": [],
		"lastPublishTime": "2021-11-25T13:40:39Z"
	},
	"type": "Microsoft.DataFactory/factories/pipelines"
}