{
	"name": "PL_CURATE_STANDARD_CONTROL",
	"properties": {
		"description": "Pick the data from wrangled and perform data validation and curation activity",
		"activities": [
			{
				"name": "GetConfigList",
				"type": "Lookup",
				"dependsOn": [],
				"policy": {
					"timeout": "7.00:00:00",
					"retry": 0,
					"retryIntervalInSeconds": 30,
					"secureOutput": false,
					"secureInput": false
				},
				"userProperties": [],
				"typeProperties": {
					"source": {
						"type": "DelimitedTextSource",
						"storeSettings": {
							"type": "AzureBlobFSReadSettings",
							"recursive": true,
							"enablePartitionDiscovery": false
						},
						"formatSettings": {
							"type": "DelimitedTextReadSettings"
						}
					},
					"dataset": {
						"referenceName": "DS_CONFIG_CURATE_STANDARD",
						"type": "DatasetReference",
						"parameters": {
							"ConfigFileName": {
								"value": "@pipeline().parameters.ConfigFileName",
								"type": "Expression"
							}
						}
					},
					"firstRowOnly": false
				}
			},
			{
				"name": "ForEachLoop",
				"type": "ForEach",
				"dependsOn": [
					{
						"activity": "GetConfigList",
						"dependencyConditions": [
							"Succeeded"
						]
					}
				],
				"userProperties": [],
				"typeProperties": {
					"items": {
						"value": "@activity('GetConfigList').output.value",
						"type": "Expression"
					},
					"isSequential": false,
					"activities": [
						{
							"name": "Curate_Standard_Notebook",
							"type": "DatabricksNotebook",
							"dependsOn": [],
							"policy": {
								"timeout": "7.00:00:00",
								"retry": 0,
								"retryIntervalInSeconds": 30,
								"secureOutput": false,
								"secureInput": false
							},
							"userProperties": [],
							"typeProperties": {
								"notebookPath": "/Shared/idf-walgreens/src/core/IDF_DataFoundation_Driver",
								"baseParameters": {
									"config_file_name": {
										"value": "@item().StandardConfigName",
										"type": "Expression"
									},
									"run_date": {
										"value": "@if(contains(item(),'RunDate'),if(equals(item().RunDate,'NA'),formatDateTime(utcnow(),'yyyyMMdd'),item().RunDate),formatDateTime(utcnow(),'yyyyMMdd'))",
										"type": "Expression"
									},
									"run_time": {
										"value": "@if(contains(item(),'RunTime'),if(equals(item().RunTime,'NA'),'000000',item().RunTime),'000000')",
										"type": "Expression"
									}
								}
							},
							"linkedServiceName": {
								"referenceName": "AzureDatabricks_IDF",
								"type": "LinkedServiceReference"
							}
						},
						{
							"name": "Curate_Standard_Failed_Log",
							"type": "ExecutePipeline",
							"dependsOn": [
								{
									"activity": "Curate_Standard_Notebook",
									"dependencyConditions": [
										"Failed"
									]
								}
							],
							"userProperties": [],
							"typeProperties": {
								"pipeline": {
									"referenceName": "PL_LOGGING",
									"type": "PipelineReference"
								},
								"waitOnCompletion": true,
								"parameters": {
									"ProcessStage": {
										"value": "@string('CurateStandard')",
										"type": "Expression"
									},
									"EntityName": {
										"value": "@item().EntityName",
										"type": "Expression"
									},
									"BatchId": {
										"value": "@pipeline().parameters.BatchID",
										"type": "Expression"
									},
									"SourceName": {
										"value": "@if(contains(item(),'SourceName'),item().SourceName,pipeline().parameters.SourceName)",
										"type": "Expression"
									},
									"FeedName": {
										"value": "@if(contains(item(),'FeedName'),item().FeedName,pipeline().parameters.FeedName)",
										"type": "Expression"
									},
									"Status": {
										"value": "@string('Failed')",
										"type": "Expression"
									},
									"Error": {
										"value": "@string(activity('Curate_Standard_Notebook').Error.message)",
										"type": "Expression"
									},
									"SourceCount": {
										"value": "@string('')",
										"type": "Expression"
									},
									"TargetCount": {
										"value": "@string('')",
										"type": "Expression"
									},
									"Remark": {
										"value": "@string('')",
										"type": "Expression"
									},
									"SystemOfRecordId": {
										"value": "@pipeline().parameters.SystemOfRecordId",
										"type": "Expression"
									},
									"LoadType": {
										"value": "@string('')",
										"type": "Expression"
									}
								}
							}
						},
						{
							"name": "Curate Standard Failure Email",
							"type": "ExecutePipeline",
							"dependsOn": [
								{
									"activity": "Curate_Standard_Notebook",
									"dependencyConditions": [
										"Failed"
									]
								}
							],
							"userProperties": [],
							"typeProperties": {
								"pipeline": {
									"referenceName": "PL_EMAIL_ALERT",
									"type": "PipelineReference"
								},
								"waitOnCompletion": true,
								"parameters": {
									"status": {
										"value": "@string('Failure')",
										"type": "Expression"
									},
									"file_name": {
										"value": "@concat('Source_Name: ',if(contains(item(),'SourceName'),item().SourceName,pipeline().parameters.SourceName),' Feed_Name: ',if(contains(item(),'FeedName'),item().FeedName,pipeline().parameters.FeedName),' Batch_Id: ',pipeline().parameters.BatchID,' Entity_Name: ',split(pipeline().parameters.ConfigFileName,'.')[0])",
										"type": "Expression"
									},
									"ErrorDetails": {
										"value": "@string(activity('Curate_Standard_Notebook').Error.message)",
										"type": "Expression"
									},
									"Pipeline_Process_Name": {
										"value": "@string('PL_CURATE_STANDARD_CONTROL')",
										"type": "Expression"
									}
								}
							}
						},
						{
							"name": "Check Notebook Status",
							"type": "IfCondition",
							"dependsOn": [
								{
									"activity": "Curate_Standard_Notebook",
									"dependencyConditions": [
										"Succeeded"
									]
								}
							],
							"userProperties": [],
							"typeProperties": {
								"expression": {
									"value": "@equals(activity('Curate_Standard_Notebook').output.runOutput.message,'Data Foundation OK')",
									"type": "Expression"
								},
								"ifFalseActivities": [
									{
										"name": "Curate_Standard_Failure_Log",
										"type": "ExecutePipeline",
										"dependsOn": [
											{
												"activity": "Curate Standard Failure_Email",
												"dependencyConditions": [
													"Succeeded"
												]
											}
										],
										"userProperties": [],
										"typeProperties": {
											"pipeline": {
												"referenceName": "PL_LOGGING",
												"type": "PipelineReference"
											},
											"waitOnCompletion": true,
											"parameters": {
												"ProcessStage": {
													"value": "@string('CurateStandard')",
													"type": "Expression"
												},
												"EntityName": {
													"value": "@item().EntityName",
													"type": "Expression"
												},
												"BatchId": {
													"value": "@pipeline().parameters.BatchID",
													"type": "Expression"
												},
												"SourceName": {
													"value": "@if(contains(item(),'SourceName'),item().SourceName,pipeline().parameters.SourceName)",
													"type": "Expression"
												},
												"FeedName": {
													"value": "@if(contains(item(),'FeedName'),item().FeedName,pipeline().parameters.FeedName)",
													"type": "Expression"
												},
												"Status": {
													"value": "@string('Failed')",
													"type": "Expression"
												},
												"Error": {
													"value": "@string(activity('Curate_Standard_Notebook').output.runOutput.message)",
													"type": "Expression"
												},
												"SourceCount": {
													"value": "@string('')",
													"type": "Expression"
												},
												"TargetCount": {
													"value": "@string('')",
													"type": "Expression"
												},
												"Remark": {
													"value": "@string('')",
													"type": "Expression"
												},
												"SystemOfRecordId": {
													"value": "@pipeline().parameters.SystemOfRecordId",
													"type": "Expression"
												},
												"LoadType": {
													"value": "@string('')",
													"type": "Expression"
												}
											}
										}
									},
									{
										"name": "Curate Standard Failure_Email",
										"type": "ExecutePipeline",
										"dependsOn": [],
										"userProperties": [],
										"typeProperties": {
											"pipeline": {
												"referenceName": "PL_EMAIL_ALERT",
												"type": "PipelineReference"
											},
											"waitOnCompletion": true,
											"parameters": {
												"status": {
													"value": "@string('Failure')",
													"type": "Expression"
												},
												"file_name": {
													"value": "@concat('Source_Name: ',if(contains(item(),'SourceName'),item().SourceName,pipeline().parameters.SourceName),' Feed_Name: ',if(contains(item(),'FeedName'),item().FeedName,pipeline().parameters.FeedName),' Batch_Id: ',pipeline().parameters.BatchID,' Entity_Name: ',split(pipeline().parameters.ConfigFileName,'.')[0])",
													"type": "Expression"
												},
												"ErrorDetails": {
													"value": "@string(activity('Curate_Standard_Notebook').output.runOutput.message)",
													"type": "Expression"
												},
												"Pipeline_Process_Name": {
													"value": "@string('PL_CURATE_STANDARD_CONTROL')",
													"type": "Expression"
												}
											}
										}
									}
								],
								"ifTrueActivities": [
									{
										"name": "Curate_Standard_Success_Log",
										"type": "ExecutePipeline",
										"dependsOn": [
											{
												"activity": "Get Bad Row Count Details",
												"dependencyConditions": [
													"Succeeded"
												]
											}
										],
										"userProperties": [],
										"typeProperties": {
											"pipeline": {
												"referenceName": "PL_LOGGING",
												"type": "PipelineReference"
											},
											"waitOnCompletion": true,
											"parameters": {
												"ProcessStage": {
													"value": "@string('CurateStandard')",
													"type": "Expression"
												},
												"EntityName": {
													"value": "@item().EntityName",
													"type": "Expression"
												},
												"BatchId": {
													"value": "@pipeline().parameters.BatchID",
													"type": "Expression"
												},
												"SourceName": {
													"value": "@if(contains(item(),'SourceName'),item().SourceName,pipeline().parameters.SourceName)",
													"type": "Expression"
												},
												"FeedName": {
													"value": "@if(contains(item(),'FeedName'),item().FeedName,pipeline().parameters.FeedName)",
													"type": "Expression"
												},
												"Status": {
													"value": "@if(contains(activity('Curate_Standard_Notebook').output.runOutput.message,'Data Foundation OK'),string('Success'),string('Failed'))",
													"type": "Expression"
												},
												"Error": {
													"value": "@if(contains(activity('Curate_Standard_Notebook').output.runOutput.message,'No Data Found'),string(activity('Curate_Standard_Notebook').output.runOutput.message),string(''))",
													"type": "Expression"
												},
												"SourceCount": {
													"value": "@string(activity('Curate_Standard_Notebook').output.runOutput.total_count)",
													"type": "Expression"
												},
												"TargetCount": {
													"value": "@string(activity('Curate_Standard_Notebook').output.runOutput.good_row_count)",
													"type": "Expression"
												},
												"Remark": {
													"value": "@string('')",
													"type": "Expression"
												},
												"SystemOfRecordId": {
													"value": "@pipeline().parameters.SystemOfRecordId",
													"type": "Expression"
												},
												"LoadType": {
													"value": "@string('')",
													"type": "Expression"
												}
											}
										}
									},
									{
										"name": "Get Bad Row Count Details",
										"type": "DatabricksNotebook",
										"dependsOn": [],
										"policy": {
											"timeout": "7.00:00:00",
											"retry": 0,
											"retryIntervalInSeconds": 30,
											"secureOutput": false,
											"secureInput": false
										},
										"userProperties": [],
										"typeProperties": {
											"notebookPath": "/Shared/Common_Notebooks/RPI_Email_Notebook_Read_QuarantinePath",
											"baseParameters": {
												"config_file_name": {
													"value": "@item().StandardConfigName",
													"type": "Expression"
												},
												"bad_row_count": {
													"value": "@string(activity('Curate_Standard_Notebook').output.runOutput.bad_row_count)",
													"type": "Expression"
												},
												"file_name": {
													"value": "@concat('Source_Name:',pipeline().parameters.SourceName,'Feed_Name',pipeline().parameters.FeedName,'Batch_Id:',pipeline().parameters.BatchID,'Entity_Name',split(pipeline().parameters.ConfigFileName,'.')[0])",
													"type": "Expression"
												},
												"Pipeline_Process_Name": {
													"value": "@string('PL_CURATE_STANDARD_CONTROL')",
													"type": "Expression"
												}
											}
										},
										"linkedServiceName": {
											"referenceName": "AzureDatabricks_IDF",
											"type": "LinkedServiceReference"
										}
									}
								]
							}
						}
					]
				}
			}
		],
		"parameters": {
			"ConfigFileName": {
				"type": "string"
			},
			"BatchID": {
				"type": "string"
			},
			"SourceName": {
				"type": "string"
			},
			"FeedName": {
				"type": "string"
			},
			"SystemOfRecordId": {
				"type": "string"
			}
		},
		"folder": {
			"name": "PL_CURATE_STANDARD"
		},
		"annotations": [],
		"lastPublishTime": "2021-10-28T08:22:38Z"
	},
	"type": "Microsoft.DataFactory/factories/pipelines"
}