{
	"name": "PL_CONSUMPTION_LOGGING",
	"properties": {
		"activities": [
			{
				"name": "Notebook1",
				"type": "DatabricksNotebook",
				"dependsOn": [],
				"policy": {
					"timeout": "7.00:00:00",
					"retry": 0,
					"retryIntervalInSeconds": 30,
					"secureOutput": false,
					"secureInput": false
				},
				"userProperties": [],
				"typeProperties": {
					"notebookPath": "/Shared/Common_Notebooks/RPI_Logging_Notebook_Consumption",
					"baseParameters": {
						"TargetTableName": {
							"value": "@pipeline().parameters.TargetTableName",
							"type": "Expression"
						},
						"BatchId": {
							"value": "@pipeline().parameters.BatchId",
							"type": "Expression"
						},
						"Status": {
							"value": "@pipeline().parameters.Status",
							"type": "Expression"
						},
						"Error": {
							"value": "@pipeline().parameters.Error",
							"type": "Expression"
						},
						"RunTime": {
							"value": "@pipeline().parameters.RunTime",
							"type": "Expression"
						},
						"TriggerId": {
							"value": "@pipeline().parameters.TriggerId",
							"type": "Expression"
						}
					}
				},
				"linkedServiceName": {
					"referenceName": "AzureDatabricks_IDF",
					"type": "LinkedServiceReference"
				}
			}
		],
		"parameters": {
			"TargetTableName": {
				"type": "string"
			},
			"BatchId": {
				"type": "string"
			},
			"Status": {
				"type": "string"
			},
			"Error": {
				"type": "string"
			},
			"RunTime": {
				"type": "string"
			},
			"TriggerId": {
				"type": "string"
			}
		},
		"folder": {
			"name": "PL_COMMON"
		},
		"annotations": [],
		"lastPublishTime": "2022-02-11T04:31:33Z"
	},
	"type": "Microsoft.DataFactory/factories/pipelines"
}