{
	"name": "PL_COMMON_CONSUMPTION_MASTER",
	"properties": {
		"activities": [
			{
				"name": "PL_CONSUMPTION_DIMENSION_POC",
				"type": "ExecutePipeline",
				"dependsOn": [],
				"userProperties": [],
				"typeProperties": {
					"pipeline": {
						"referenceName": "PL_CONSUMPTION_DIMENSION",
						"type": "PipelineReference"
					},
					"waitOnCompletion": true,
					"parameters": {
						"Schedule_ID": {
							"value": "@pipeline().parameters.Schedule_ID",
							"type": "Expression"
						}
					}
				}
			},
			{
				"name": "PL_CONSUMPTION_FACT",
				"type": "ExecutePipeline",
				"dependsOn": [
					{
						"activity": "PL_CONSUMPTION_DIMENSION_POC",
						"dependencyConditions": [
							"Succeeded"
						]
					}
				],
				"userProperties": [],
				"typeProperties": {
					"pipeline": {
						"referenceName": "PL_CONSUMPTION_FACT",
						"type": "PipelineReference"
					},
					"waitOnCompletion": true,
					"parameters": {
						"Schedule_ID": {
							"value": "@pipeline().parameters.Schedule_ID",
							"type": "Expression"
						}
					}
				}
			}
		],
		"parameters": {
			"Schedule_ID": {
				"type": "string",
				"defaultValue": "'D0002'"
			}
		},
		"folder": {
			"name": "PL_CONSUMPTION"
		},
		"annotations": []
	}
}