{
	"name": "PL_CURATE_SYNAPSE_CONTROL",
	"properties": {
		"description": "Pick the data from wrangled and perform data validation and curation activity",
		"activities": [
			{
				"name": "GetConfigList",
				"type": "Lookup",
				"dependsOn": [],
				"policy": {
					"timeout": "7.00:00:00",
					"retry": 0,
					"retryIntervalInSeconds": 30,
					"secureOutput": false,
					"secureInput": false
				},
				"userProperties": [],
				"typeProperties": {
					"source": {
						"type": "DelimitedTextSource",
						"storeSettings": {
							"type": "AzureBlobFSReadSettings",
							"recursive": true,
							"enablePartitionDiscovery": false
						},
						"formatSettings": {
							"type": "DelimitedTextReadSettings"
						}
					},
					"dataset": {
						"referenceName": "DS_CONFIG_CURATE_SYNAPSE",
						"type": "DatasetReference",
						"parameters": {
							"ConfigFileName": {
								"value": "@pipeline().parameters.ConfigFileName",
								"type": "Expression"
							}
						}
					},
					"firstRowOnly": false
				}
			},
			{
				"name": "ForEachLoop",
				"type": "ForEach",
				"dependsOn": [
					{
						"activity": "GetConfigList",
						"dependencyConditions": [
							"Succeeded"
						]
					}
				],
				"userProperties": [],
				"typeProperties": {
					"items": {
						"value": "@activity('GetConfigList').output.value",
						"type": "Expression"
					},
					"isSequential": false,
					"activities": [
						{
							"name": "Get CurateSynapse_LPT",
							"type": "Lookup",
							"dependsOn": [],
							"policy": {
								"timeout": "7.00:00:00",
								"retry": 0,
								"retryIntervalInSeconds": 30,
								"secureOutput": false,
								"secureInput": false
							},
							"userProperties": [],
							"typeProperties": {
								"source": {
									"type": "AzureDatabricksDeltaLakeSource",
									"query": {
										"value": "@concat('Select max(CurateSynapse_LPT) as CurateSynapse_LPT from ',item().DBName,'.',item().TableName,' where EntityName=\"',item().EntityName,'\"')",
										"type": "Expression"
									}
								},
								"dataset": {
									"referenceName": "DS_CURATION_WATERMARK",
									"type": "DatasetReference",
									"parameters": {
										"DatabaseName": {
											"value": "@item().DBName",
											"type": "Expression"
										},
										"TableName": {
											"value": "@item().TableName",
											"type": "Expression"
										}
									}
								},
								"firstRowOnly": false
							}
						},
						{
							"name": "Curation_Synapse_Load_Notebook",
							"type": "DatabricksNotebook",
							"dependsOn": [
								{
									"activity": "Get CurateSynapse_LPT",
									"dependencyConditions": [
										"Succeeded"
									]
								}
							],
							"policy": {
								"timeout": "7.00:00:00",
								"retry": 0,
								"retryIntervalInSeconds": 30,
								"secureOutput": false,
								"secureInput": false
							},
							"userProperties": [],
							"typeProperties": {
								"notebookPath": "/Shared/idf-walgreens/src/core/IDF_ETL_Driver",
								"baseParameters": {
									"config_file_name": {
										"value": "@item().CurateSynapseConfigName",
										"type": "Expression"
									},
									"filter_condition": {
										"value": "@if(equals(item().FilterCondition,'NA'),concat('RunDateTime>=\"',if(equals(item().CurateSynapse_LPT,'NA'),if(equals(activity('Get CurateSynapse_LPT').output.value[0].CurateSynapse_LPT,''),adddays(utcnow(),-1),formatDateTime(activity('Get CurateSynapse_LPT').output.value[0].CurateSynapse_LPT,'yyyy-MM-ddTHH:mm:ss')),item().CurateSynapse_LPT),'\"'),item().FilterCondition)",
										"type": "Expression"
									}
								}
							},
							"linkedServiceName": {
								"referenceName": "AzureDatabricks_IDF",
								"type": "LinkedServiceReference"
							}
						},
						{
							"name": "Curation Synapse Failure Email",
							"type": "ExecutePipeline",
							"dependsOn": [
								{
									"activity": "Curation_Synapse_Load_Notebook",
									"dependencyConditions": [
										"Failed"
									]
								}
							],
							"userProperties": [],
							"typeProperties": {
								"pipeline": {
									"referenceName": "PL_EMAIL_ALERT",
									"type": "PipelineReference"
								},
								"waitOnCompletion": true,
								"parameters": {
									"status": {
										"value": "@string('Failure')",
										"type": "Expression"
									},
									"file_name": {
										"value": "@concat('Source_Name: ',if(contains(item(),'SourceName'),item().SourceName,pipeline().parameters.SourceName),' Feed_Name: ',if(contains(item(),'FeedName'),item().FeedName,pipeline().parameters.FeedName),' Batch_Id: ',pipeline().parameters.BatchID)",
										"type": "Expression"
									},
									"ErrorDetails": {
										"value": "@string(activity('Curation_Synapse_Load_Notebook').Error.message)\n",
										"type": "Expression"
									},
									"Pipeline_Process_Name": {
										"value": "@string('PL_CURATE_SYNAPSE_CONTROL')",
										"type": "Expression"
									}
								}
							}
						},
						{
							"name": "Curation_Synapse_Failure_Log",
							"type": "ExecutePipeline",
							"dependsOn": [
								{
									"activity": "Curation_Synapse_Load_Notebook",
									"dependencyConditions": [
										"Failed"
									]
								}
							],
							"userProperties": [],
							"typeProperties": {
								"pipeline": {
									"referenceName": "PL_LOGGING",
									"type": "PipelineReference"
								},
								"waitOnCompletion": true,
								"parameters": {
									"ProcessStage": {
										"value": "@string('CurateSynapse')",
										"type": "Expression"
									},
									"EntityName": {
										"value": "@item().EntityName",
										"type": "Expression"
									},
									"BatchId": {
										"value": "@pipeline().parameters.BatchID",
										"type": "Expression"
									},
									"SourceName": {
										"value": "@if(contains(item(),'SourceName'),item().SourceName,pipeline().parameters.SourceName)",
										"type": "Expression"
									},
									"FeedName": {
										"value": "@if(contains(item(),'FeedName'),item().FeedName,pipeline().parameters.FeedName)",
										"type": "Expression"
									},
									"Status": {
										"value": "@string('Failed')",
										"type": "Expression"
									},
									"Error": {
										"value": "@string(activity('Curation_Synapse_Load_Notebook').Error.message)",
										"type": "Expression"
									},
									"SourceCount": {
										"value": "@string('')",
										"type": "Expression"
									},
									"TargetCount": {
										"value": "@string('')",
										"type": "Expression"
									},
									"Remark": {
										"value": "@string('')",
										"type": "Expression"
									},
									"SystemOfRecordId": {
										"value": "@pipeline().parameters.SystemOfRecordId",
										"type": "Expression"
									},
									"LoadType": {
										"value": "@string('')",
										"type": "Expression"
									}
								}
							}
						},
						{
							"name": "Check Notebook Status",
							"type": "IfCondition",
							"dependsOn": [
								{
									"activity": "Curation_Synapse_Load_Notebook",
									"dependencyConditions": [
										"Succeeded"
									]
								}
							],
							"userProperties": [],
							"typeProperties": {
								"expression": {
									"value": "@equals(activity('Curation_Synapse_Load_Notebook').output.runOutput.message,'ETL Driver OK')",
									"type": "Expression"
								},
								"ifFalseActivities": [
									{
										"name": "Curation Synapse Fail Email",
										"type": "ExecutePipeline",
										"dependsOn": [],
										"userProperties": [],
										"typeProperties": {
											"pipeline": {
												"referenceName": "PL_EMAIL_ALERT",
												"type": "PipelineReference"
											},
											"waitOnCompletion": true,
											"parameters": {
												"status": {
													"value": "@string('Failure')",
													"type": "Expression"
												},
												"file_name": {
													"value": "@concat('Source_Name: ',if(contains(item(),'SourceName'),item().SourceName,pipeline().parameters.SourceName),' Feed_Name: ',if(contains(item(),'FeedName'),item().FeedName,pipeline().parameters.FeedName),' Batch_Id: ',pipeline().parameters.BatchID)",
													"type": "Expression"
												},
												"ErrorDetails": {
													"value": "@string(activity('Curation_Synapse_Load_Notebook').output.runOutput.message)\n",
													"type": "Expression"
												},
												"Pipeline_Process_Name": {
													"value": "@string('PL_CURATE_SYNAPSE_CONTROL')",
													"type": "Expression"
												}
											}
										}
									},
									{
										"name": "Curation_Synapse_Log_Failure",
										"type": "ExecutePipeline",
										"dependsOn": [
											{
												"activity": "Curation Synapse Fail Email",
												"dependencyConditions": [
													"Succeeded"
												]
											}
										],
										"userProperties": [],
										"typeProperties": {
											"pipeline": {
												"referenceName": "PL_LOGGING",
												"type": "PipelineReference"
											},
											"waitOnCompletion": true,
											"parameters": {
												"ProcessStage": {
													"value": "@string('CurateSynapse')",
													"type": "Expression"
												},
												"EntityName": {
													"value": "@item().EntityName",
													"type": "Expression"
												},
												"BatchId": {
													"value": "@pipeline().parameters.BatchID",
													"type": "Expression"
												},
												"SourceName": {
													"value": "@if(contains(item(),'SourceName'),item().SourceName,pipeline().parameters.SourceName)",
													"type": "Expression"
												},
												"FeedName": {
													"value": "@if(contains(item(),'FeedName'),item().FeedName,pipeline().parameters.FeedName)",
													"type": "Expression"
												},
												"Status": {
													"value": "@string('Failed')",
													"type": "Expression"
												},
												"Error": {
													"value": "@string(activity('Curation_Synapse_Load_Notebook').output.runOutput.message)",
													"type": "Expression"
												},
												"SourceCount": {
													"value": "@string('')",
													"type": "Expression"
												},
												"TargetCount": {
													"value": "@string('')",
													"type": "Expression"
												},
												"Remark": {
													"value": "@string('')",
													"type": "Expression"
												},
												"SystemOfRecordId": {
													"value": "@pipeline().parameters.SystemOfRecordId",
													"type": "Expression"
												},
												"LoadType": {
													"value": "@string('')",
													"type": "Expression"
												}
											}
										}
									}
								],
								"ifTrueActivities": [
									{
										"name": "Curation_Synapse_Log_Success",
										"type": "ExecutePipeline",
										"dependsOn": [
											{
												"activity": "Execute Watermark Table Update",
												"dependencyConditions": [
													"Succeeded"
												]
											}
										],
										"userProperties": [],
										"typeProperties": {
											"pipeline": {
												"referenceName": "PL_LOGGING",
												"type": "PipelineReference"
											},
											"waitOnCompletion": true,
											"parameters": {
												"ProcessStage": {
													"value": "@string('CurateSynapse')",
													"type": "Expression"
												},
												"EntityName": {
													"value": "@item().EntityName",
													"type": "Expression"
												},
												"BatchId": {
													"value": "@pipeline().parameters.BatchID",
													"type": "Expression"
												},
												"SourceName": {
													"value": "@if(contains(item(),'SourceName'),item().SourceName,pipeline().parameters.SourceName)",
													"type": "Expression"
												},
												"FeedName": {
													"value": "@if(contains(item(),'FeedName'),item().FeedName,pipeline().parameters.FeedName)",
													"type": "Expression"
												},
												"Status": {
													"value": "@string('Success')",
													"type": "Expression"
												},
												"Error": {
													"value": "@string('')",
													"type": "Expression"
												},
												"SourceCount": {
													"value": "@string('')",
													"type": "Expression"
												},
												"TargetCount": {
													"value": "@string(activity('Curation_Synapse_Load_Notebook').output.runOutput)",
													"type": "Expression"
												},
												"Remark": {
													"value": "@string('')",
													"type": "Expression"
												},
												"SystemOfRecordId": {
													"value": "@pipeline().parameters.SystemOfRecordId",
													"type": "Expression"
												},
												"LoadType": {
													"value": "@string('')",
													"type": "Expression"
												}
											}
										}
									},
									{
										"name": "Execute Watermark Table Update",
										"type": "ExecutePipeline",
										"dependsOn": [],
										"userProperties": [],
										"typeProperties": {
											"pipeline": {
												"referenceName": "PL_CURATION_WATERMARK_UPDATE",
												"type": "PipelineReference"
											},
											"waitOnCompletion": true,
											"parameters": {
												"BatchID": {
													"value": "@pipeline().parameters.BatchID",
													"type": "Expression"
												},
												"EntityName": {
													"value": "@item().EntityName",
													"type": "Expression"
												},
												"CurateADLS_LPT": "NULL",
												"CurateSynapse_LPT": {
													"value": "@utcnow()",
													"type": "Expression"
												},
												"SourceName": {
													"value": "@pipeline().parameters.SourceName",
													"type": "Expression"
												},
												"FeedName": {
													"value": "@pipeline().parameters.FeedName",
													"type": "Expression"
												},
												"Process": {
													"value": "@string('CurateSynapse')",
													"type": "Expression"
												}
											}
										}
									}
								]
							}
						}
					]
				}
			}
		],
		"parameters": {
			"ConfigFileName": {
				"type": "string"
			},
			"BatchID": {
				"type": "string"
			},
			"SourceName": {
				"type": "string"
			},
			"FeedName": {
				"type": "string"
			},
			"SystemOfRecordId": {
				"type": "string"
			}
		},
		"variables": {
			"FilterCondition": {
				"type": "String"
			}
		},
		"folder": {
			"name": "PL_CURATE_SYNAPSE"
		},
		"annotations": [],
		"lastPublishTime": "2021-10-28T08:22:41Z"
	},
	"type": "Microsoft.DataFactory/factories/pipelines"
}