{
	"name": "PL_EMAIL_ALERT",
	"properties": {
		"activities": [
			{
				"name": "Trigger Email",
				"type": "DatabricksNotebook",
				"dependsOn": [],
				"policy": {
					"timeout": "7.00:00:00",
					"retry": 0,
					"retryIntervalInSeconds": 30,
					"secureOutput": false,
					"secureInput": false
				},
				"userProperties": [],
				"typeProperties": {
					"notebookPath": "/Shared/Common_Notebooks/RPI_Email_Notebook_Common",
					"baseParameters": {
						"status": {
							"value": "@pipeline().parameters.status",
							"type": "Expression"
						},
						"ErrorDetails": {
							"value": "@pipeline().parameters.ErrorDetails",
							"type": "Expression"
						},
						"driver_config_file_name": {
							"value": "@pipeline().parameters.file_name",
							"type": "Expression"
						},
						"Pipeline_Process_Name": {
							"value": "@pipeline().parameters.Pipeline_Process_Name",
							"type": "Expression"
						}
					}
				},
				"linkedServiceName": {
					"referenceName": "AzureDatabricks_IDF",
					"type": "LinkedServiceReference"
				}
			}
		],
		"parameters": {
			"status": {
				"type": "string"
			},
			"file_name": {
				"type": "string"
			},
			"ErrorDetails": {
				"type": "string"
			},
			"Pipeline_Process_Name": {
				"type": "string"
			}
		},
		"folder": {
			"name": "PL_COMMON"
		},
		"annotations": [],
		"lastPublishTime": "2021-10-28T08:21:52Z"
	},
	"type": "Microsoft.DataFactory/factories/pipelines"
}