{
	"name": "PL_HISTORY_CURATESTAGING_DAILY_BASE",
	"properties": {
		"activities": [
			{
				"name": "Create File List",
				"type": "ForEach",
				"dependsOn": [],
				"userProperties": [],
				"typeProperties": {
					"items": {
						"value": "@pipeline().parameters.FileNameList",
						"type": "Expression"
					},
					"isSequential": true,
					"activities": [
						{
							"name": "Update File List",
							"type": "AppendVariable",
							"dependsOn": [],
							"userProperties": [],
							"typeProperties": {
								"variableName": "FileList",
								"value": {
									"value": "@item().FileName",
									"type": "Expression"
								}
							}
						}
					]
				}
			},
			{
				"name": "Check Preprocessing Flag",
				"type": "IfCondition",
				"dependsOn": [
					{
						"activity": "Create File List",
						"dependencyConditions": [
							"Succeeded"
						]
					}
				],
				"userProperties": [],
				"typeProperties": {
					"expression": {
						"value": "@equals(pipeline().parameters.PreProcessingFlag,'Yes')",
						"type": "Expression"
					},
					"ifFalseActivities": [
						{
							"name": "Execute Copy Pipeline",
							"type": "ExecutePipeline",
							"dependsOn": [],
							"userProperties": [],
							"typeProperties": {
								"pipeline": {
									"referenceName": "PL_HISTORY_CURATESTAGING_COPYFILE",
									"type": "PipelineReference"
								},
								"waitOnCompletion": true,
								"parameters": {
									"FileList": {
										"value": "@variables('FileList')",
										"type": "Expression"
									},
									"SourcePath": {
										"value": "@pipeline().parameters.SourcePath",
										"type": "Expression"
									},
									"DestinationPath": {
										"value": "@pipeline().parameters.DestinationPath",
										"type": "Expression"
									},
									"RunDate": {
										"value": "@pipeline().parameters.RunDate",
										"type": "Expression"
									},
									"RunTime": {
										"value": "@pipeline().parameters.RunTime",
										"type": "Expression"
									},
									"BatchID": {
										"value": "@pipeline().parameters.BatchID",
										"type": "Expression"
									},
									"SourceName": {
										"value": "@pipeline().parameters.SourceName",
										"type": "Expression"
									},
									"FeedName": {
										"value": "@pipeline().parameters.FeedName",
										"type": "Expression"
									},
									"CurrentProcessingTime": {
										"value": "@pipeline().parameters.CurrentProcessingTime",
										"type": "Expression"
									},
									"SystemOfRecordId": {
										"value": "@pipeline().parameters.SystemOfRecordId",
										"type": "Expression"
									}
								}
							}
						}
					],
					"ifTrueActivities": [
						{
							"name": "CurateStage_PreProcessingNotebook",
							"type": "DatabricksNotebook",
							"dependsOn": [],
							"policy": {
								"timeout": "7.00:00:00",
								"retry": 0,
								"retryIntervalInSeconds": 30,
								"secureOutput": false,
								"secureInput": false
							},
							"userProperties": [],
							"typeProperties": {
								"notebookPath": {
									"value": "@pipeline().parameters.CurateStageNotebook",
									"type": "Expression"
								},
								"baseParameters": {
									"FileList": {
										"value": "@string(variables('FileList'))",
										"type": "Expression"
									},
									"SourcePath": {
										"value": "@pipeline().parameters.SourcePath",
										"type": "Expression"
									},
									"DestinationPath": {
										"value": "@pipeline().parameters.DestinationPath",
										"type": "Expression"
									},
									"RunDate": {
										"value": "@pipeline().parameters.RunDate",
										"type": "Expression"
									},
									"RunTime": {
										"value": "@pipeline().parameters.RunTime",
										"type": "Expression"
									}
								}
							},
							"linkedServiceName": {
								"referenceName": "AzureDatabricks_IDF",
								"type": "LinkedServiceReference"
							}
						},
						{
							"name": "PreProcessing_Log_Success",
							"type": "ExecutePipeline",
							"dependsOn": [
								{
									"activity": "CurateStage_PreProcessingNotebook",
									"dependencyConditions": [
										"Succeeded"
									]
								}
							],
							"userProperties": [],
							"typeProperties": {
								"pipeline": {
									"referenceName": "PL_LOGGING",
									"type": "PipelineReference"
								},
								"waitOnCompletion": true,
								"parameters": {
									"ProcessStage": {
										"value": "@string('CurateStaging')",
										"type": "Expression"
									},
									"EntityName": {
										"value": "@string(variables('FileList'))",
										"type": "Expression"
									},
									"BatchId": {
										"value": "@pipeline().parameters.BatchID",
										"type": "Expression"
									},
									"SourceName": {
										"value": "@pipeline().parameters.SourceName",
										"type": "Expression"
									},
									"FeedName": {
										"value": "@pipeline().parameters.FeedName",
										"type": "Expression"
									},
									"Status": {
										"value": "@string('Success')",
										"type": "Expression"
									},
									"Error": {
										"value": "@string('')",
										"type": "Expression"
									},
									"SourceCount": {
										"value": "@string(activity('CurateStage_PreProcessingNotebook').output.runOutput.SourceCount)",
										"type": "Expression"
									},
									"TargetCount": {
										"value": "@string(activity('CurateStage_PreProcessingNotebook').output.runOutput.DestinationCount)",
										"type": "Expression"
									},
									"Remark": {
										"value": "@string(activity('CurateStage_PreProcessingNotebook').output.runOutput.DestinationTableList)",
										"type": "Expression"
									},
									"SystemOfRecordId": {
										"value": "@pipeline().parameters.SystemOfRecordId",
										"type": "Expression"
									},
									"LoadType": {
										"value": "@string('History')",
										"type": "Expression"
									}
								}
							}
						},
						{
							"name": "PreProcessing_Log_Fail",
							"type": "ExecutePipeline",
							"dependsOn": [
								{
									"activity": "CurateStage_PreProcessingNotebook",
									"dependencyConditions": [
										"Failed"
									]
								}
							],
							"userProperties": [],
							"typeProperties": {
								"pipeline": {
									"referenceName": "PL_LOGGING",
									"type": "PipelineReference"
								},
								"waitOnCompletion": true,
								"parameters": {
									"ProcessStage": {
										"value": "@string('CurateStaging')",
										"type": "Expression"
									},
									"EntityName": {
										"value": "@string(variables('FileList'))",
										"type": "Expression"
									},
									"BatchId": {
										"value": "@pipeline().parameters.BatchID",
										"type": "Expression"
									},
									"SourceName": {
										"value": "@pipeline().parameters.SourceName",
										"type": "Expression"
									},
									"FeedName": {
										"value": "@pipeline().parameters.FeedName",
										"type": "Expression"
									},
									"Status": {
										"value": "@string('Failed')",
										"type": "Expression"
									},
									"Error": {
										"value": "@string(activity('CurateStage_PreProcessingNotebook').Error.message)",
										"type": "Expression"
									},
									"SourceCount": {
										"value": "@string('')",
										"type": "Expression"
									},
									"TargetCount": {
										"value": "@string('')",
										"type": "Expression"
									},
									"Remark": {
										"value": "@string('')",
										"type": "Expression"
									},
									"SystemOfRecordId": {
										"value": "@pipeline().parameters.SystemOfRecordId",
										"type": "Expression"
									},
									"LoadType": {
										"value": "@string('History')",
										"type": "Expression"
									}
								}
							}
						},
						{
							"name": "Pre Processing Failure Email",
							"type": "ExecutePipeline",
							"dependsOn": [
								{
									"activity": "CurateStage_PreProcessingNotebook",
									"dependencyConditions": [
										"Failed"
									]
								}
							],
							"userProperties": [],
							"typeProperties": {
								"pipeline": {
									"referenceName": "PL_EMAIL_ALERT",
									"type": "PipelineReference"
								},
								"waitOnCompletion": true,
								"parameters": {
									"status": {
										"value": "@string('Failure')",
										"type": "Expression"
									},
									"file_name": {
										"value": "@concat('Source Name :',pipeline().parameters.SourceName,'Feed Name :',pipeline().parameters.FeedName,'Batch Id',pipeline().parameters.BatchID,'File List Details',variables('FileList'))",
										"type": "Expression"
									},
									"ErrorDetails": {
										"value": "@string(activity('CurateStage_PreProcessingNotebook').Error.message)",
										"type": "Expression"
									},
									"Pipeline_Process_Name": {
										"value": "@string('PL_CURATESTAGING_DAILY_BASE')",
										"type": "Expression"
									}
								}
							}
						},
						{
							"name": "Execute Watermark Table Update",
							"type": "ExecutePipeline",
							"dependsOn": [
								{
									"activity": "CurateStage_PreProcessingNotebook",
									"dependencyConditions": [
										"Succeeded"
									]
								}
							],
							"userProperties": [],
							"typeProperties": {
								"pipeline": {
									"referenceName": "PL_CURATESTAGING_WATERMARK_UPDATE",
									"type": "PipelineReference"
								},
								"waitOnCompletion": true,
								"parameters": {
									"BatchID": {
										"value": "@pipeline().parameters.BatchID",
										"type": "Expression"
									},
									"SourceName": {
										"value": "@pipeline().parameters.SourceName",
										"type": "Expression"
									},
									"LastProcessedTime": {
										"value": "@pipeline().parameters.CurrentProcessingTime",
										"type": "Expression"
									},
									"FeedName": {
										"value": "@pipeline().parameters.FeedName",
										"type": "Expression"
									}
								}
							}
						},
						{
							"name": "Update History Delta Table",
							"type": "DatabricksNotebook",
							"dependsOn": [
								{
									"activity": "CurateStage_PreProcessingNotebook",
									"dependencyConditions": [
										"Succeeded"
									]
								}
							],
							"policy": {
								"timeout": "7.00:00:00",
								"retry": 0,
								"retryIntervalInSeconds": 30,
								"secureOutput": false,
								"secureInput": false
							},
							"userProperties": [],
							"typeProperties": {
								"notebookPath": "/Shared/Common_Setup/HistoryLoad/History_WaterMarkTable_Update",
								"baseParameters": {
									"IsActive": {
										"value": "@string('False')",
										"type": "Expression"
									},
									"SourceName": {
										"value": "@pipeline().parameters.SourceName",
										"type": "Expression"
									},
									"FeedName": {
										"value": "@pipeline().parameters.FeedName",
										"type": "Expression"
									},
									"FileNameList": {
										"value": "@concat(string(variables('FileList')),',',string(''),',',string(''))",
										"type": "Expression"
									}
								}
							},
							"linkedServiceName": {
								"referenceName": "AzureDatabricks_IDF",
								"type": "LinkedServiceReference"
							}
						}
					]
				}
			}
		],
		"parameters": {
			"FileNameList": {
				"type": "array"
			},
			"RunDate": {
				"type": "string"
			},
			"RunTime": {
				"type": "string"
			},
			"SourcePath": {
				"type": "string"
			},
			"DestinationPath": {
				"type": "string"
			},
			"CurateStageNotebook": {
				"type": "string"
			},
			"PreProcessingFlag": {
				"type": "string"
			},
			"BatchID": {
				"type": "string"
			},
			"SourceName": {
				"type": "string"
			},
			"FeedName": {
				"type": "string"
			},
			"CurrentProcessingTime": {
				"type": "string"
			},
			"SystemOfRecordId": {
				"type": "string"
			}
		},
		"variables": {
			"FileList": {
				"type": "Array"
			}
		},
		"folder": {
			"name": "PL_CURATE_STAGE"
		},
		"annotations": [],
		"lastPublishTime": "2022-02-01T12:05:47Z"
	},
	"type": "Microsoft.DataFactory/factories/pipelines"
}