{
	"name": "PL_HISTORY_BULK_LOAD",
	"properties": {
		"activities": [
			{
				"name": "Get Source Details",
				"type": "Lookup",
				"dependsOn": [],
				"policy": {
					"timeout": "7.00:00:00",
					"retry": 0,
					"retryIntervalInSeconds": 30,
					"secureOutput": false,
					"secureInput": false
				},
				"userProperties": [],
				"typeProperties": {
					"source": {
						"type": "DelimitedTextSource",
						"storeSettings": {
							"type": "AzureBlobFSReadSettings",
							"recursive": true,
							"enablePartitionDiscovery": false
						},
						"formatSettings": {
							"type": "DelimitedTextReadSettings"
						}
					},
					"dataset": {
						"referenceName": "DS_CONFIG_MASTER",
						"type": "DatasetReference",
						"parameters": {
							"ConfigFileName": {
								"value": "@pipeline().parameters.HistoryBulkLoad",
								"type": "Expression"
							}
						}
					},
					"firstRowOnly": false
				}
			},
			{
				"name": "Get File List",
				"type": "GetMetadata",
				"dependsOn": [
					{
						"activity": "Get Source Details",
						"dependencyConditions": [
							"Succeeded"
						]
					}
				],
				"policy": {
					"timeout": "7.00:00:00",
					"retry": 0,
					"retryIntervalInSeconds": 30,
					"secureOutput": false,
					"secureInput": false
				},
				"userProperties": [],
				"typeProperties": {
					"dataset": {
						"referenceName": "DS_ADLS_WRANGLED",
						"type": "DatasetReference",
						"parameters": {
							"SourcePath": {
								"value": "@activity('Get Source Details').output.value[0].SourcePath\n",
								"type": "Expression"
							},
							"SourceFileName": "*"
						}
					},
					"fieldList": [
						"childItems"
					],
					"storeSettings": {
						"type": "AzureBlobFSReadSettings",
						"recursive": true,
						"enablePartitionDiscovery": false
					},
					"formatSettings": {
						"type": "DelimitedTextReadSettings"
					}
				}
			},
			{
				"name": "CreateFileList",
				"type": "ForEach",
				"dependsOn": [
					{
						"activity": "Get File List",
						"dependencyConditions": [
							"Succeeded"
						]
					}
				],
				"userProperties": [],
				"typeProperties": {
					"items": {
						"value": "@activity('Get File List').output.childItems",
						"type": "Expression"
					},
					"activities": [
						{
							"name": "AppendFileList",
							"type": "AppendVariable",
							"dependsOn": [],
							"userProperties": [],
							"typeProperties": {
								"variableName": "FileList",
								"value": {
									"value": "@concat('[\"',string(item().name),'\",\"',string('NA'),'\",\"',string('NA'),'\"]')",
									"type": "Expression"
								}
							}
						}
					]
				}
			},
			{
				"name": "Load File Details",
				"type": "DatabricksNotebook",
				"dependsOn": [
					{
						"activity": "CreateFileList",
						"dependencyConditions": [
							"Succeeded"
						]
					}
				],
				"policy": {
					"timeout": "7.00:00:00",
					"retry": 0,
					"retryIntervalInSeconds": 30,
					"secureOutput": false,
					"secureInput": false
				},
				"userProperties": [],
				"typeProperties": {
					"notebookPath": "/Shared/Common_Setup/HistoryLoad/History_WaterMarkTable_NewLoad",
					"baseParameters": {
						"IsActive": {
							"value": "@string('True')",
							"type": "Expression"
						},
						"SourceName": {
							"value": "@activity('Get Source Details').output.value[0].SourceName\n",
							"type": "Expression"
						},
						"FeedName": {
							"value": "@activity('Get Source Details').output.value[0].FeedName\n",
							"type": "Expression"
						},
						"FileNameList": {
							"value": "@string(variables('FileList'))",
							"type": "Expression"
						}
					}
				},
				"linkedServiceName": {
					"referenceName": "AzureDatabricks_IDF",
					"type": "LinkedServiceReference"
				}
			}
		],
		"parameters": {
			"HistoryBulkLoad": {
				"type": "string"
			}
		},
		"variables": {
			"FileList": {
				"type": "Array"
			}
		},
		"folder": {
			"name": "PL_COMMON"
		},
		"annotations": [],
		"lastPublishTime": "2022-02-01T13:07:16Z"
	},
	"type": "Microsoft.DataFactory/factories/pipelines"
}