{
	"name": "PL_HISTORY_MASTER_MANUAL_TRIGGER",
	"properties": {
		"activities": [
			{
				"name": "Get Source Details",
				"type": "Lookup",
				"dependsOn": [],
				"policy": {
					"timeout": "7.00:00:00",
					"retry": 0,
					"retryIntervalInSeconds": 30,
					"secureOutput": false,
					"secureInput": false
				},
				"userProperties": [],
				"typeProperties": {
					"source": {
						"type": "DelimitedTextSource",
						"storeSettings": {
							"type": "AzureBlobFSReadSettings",
							"recursive": true,
							"enablePartitionDiscovery": false
						},
						"formatSettings": {
							"type": "DelimitedTextReadSettings"
						}
					},
					"dataset": {
						"referenceName": "DS_CONFIG_MASTER",
						"type": "DatasetReference",
						"parameters": {
							"ConfigFileName": {
								"value": "@pipeline().parameters.MasterConfigFile",
								"type": "Expression"
							}
						}
					},
					"firstRowOnly": false
				}
			},
			{
				"name": "Set Current Processing Time",
				"type": "SetVariable",
				"dependsOn": [
					{
						"activity": "Get Source Details",
						"dependencyConditions": [
							"Succeeded"
						]
					}
				],
				"userProperties": [],
				"typeProperties": {
					"variableName": "CurrentProcessingTime",
					"value": {
						"value": "@if(equals(activity('Get Source Details').output.value[0].EndTime,'NA'),utcnow(),activity('Get Source Details').output.value[0].EndTime)",
						"type": "Expression"
					}
				}
			},
			{
				"name": "Set BatchID",
				"type": "SetVariable",
				"dependsOn": [
					{
						"activity": "Set Current Processing Time",
						"dependencyConditions": [
							"Succeeded"
						]
					}
				],
				"userProperties": [],
				"typeProperties": {
					"variableName": "BatchID",
					"value": {
						"value": "@if(equals(activity('Get Source Details').output.value[0].BatchID,'NA'),concat(activity('Get Source Details').output.value[0].SourceName,activity('Get Source Details').output.value[0].FeedName,formatDateTime(variables('CurrentProcessingTime'),'yyyyMMddHHmmss')),activity('Get Source Details').output.value[0].BatchID)",
						"type": "Expression"
					}
				}
			},
			{
				"name": "Check Curate Stage Flag",
				"type": "IfCondition",
				"dependsOn": [
					{
						"activity": "Set BatchID",
						"dependencyConditions": [
							"Succeeded"
						]
					}
				],
				"userProperties": [],
				"typeProperties": {
					"expression": {
						"value": "@equals(activity('Get Source Details').output.value[0].CurateStageFlag,'Yes')",
						"type": "Expression"
					},
					"ifTrueActivities": [
						{
							"name": "Execute Curate Stage Pipeline",
							"type": "ExecutePipeline",
							"dependsOn": [],
							"userProperties": [],
							"typeProperties": {
								"pipeline": {
									"referenceName": "PL_HISTORY_CURATE_STAGE_CONTROL",
									"type": "PipelineReference"
								},
								"waitOnCompletion": true,
								"parameters": {
									"ConfigFileName": {
										"value": "@activity('Get Source Details').output.value[0].CurateStageConfigFile",
										"type": "Expression"
									},
									"RunDate": {
										"value": "@activity('Get Source Details').output.value[0].RunDate",
										"type": "Expression"
									},
									"RunTime": {
										"value": "@activity('Get Source Details').output.value[0].RunTime",
										"type": "Expression"
									},
									"BatchID": {
										"value": "@variables('BatchID')",
										"type": "Expression"
									},
									"SourceName": {
										"value": "@activity('Get Source Details').output.value[0].SourceName",
										"type": "Expression"
									},
									"FeedName": {
										"value": "@activity('Get Source Details').output.value[0].FeedName",
										"type": "Expression"
									},
									"SystemOfRecordId": {
										"value": "@if(contains(activity('Get Source Details').output.value[0],'SystemOfRecordId'),activity('Get Source Details').output.value[0].SystemOfRecordId,'1234')",
										"type": "Expression"
									},
									"CurrentProcessingTime": {
										"value": "@variables('CurrentProcessingTime')",
										"type": "Expression"
									}
								}
							}
						}
					]
				}
			},
			{
				"name": "Check Curate Standard Flag",
				"type": "IfCondition",
				"dependsOn": [
					{
						"activity": "Check Curate Stage Flag",
						"dependencyConditions": [
							"Completed"
						]
					}
				],
				"userProperties": [],
				"typeProperties": {
					"expression": {
						"value": "@equals(activity('Get Source Details').output.value[0].CurateStandardFlag,'Yes')",
						"type": "Expression"
					},
					"ifTrueActivities": [
						{
							"name": "Execute Curate Standard Pipeline",
							"type": "ExecutePipeline",
							"dependsOn": [],
							"userProperties": [],
							"typeProperties": {
								"pipeline": {
									"referenceName": "PL_CURATE_STANDARD_CONTROL",
									"type": "PipelineReference"
								},
								"waitOnCompletion": true,
								"parameters": {
									"ConfigFileName": {
										"value": "@activity('Get Source Details').output.value[0].CurateStandardConfigFile",
										"type": "Expression"
									},
									"BatchID": {
										"value": "@variables('BatchID')",
										"type": "Expression"
									},
									"SourceName": {
										"value": "@activity('Get Source Details').output.value[0].SourceName",
										"type": "Expression"
									},
									"FeedName": {
										"value": "@activity('Get Source Details').output.value[0].FeedName",
										"type": "Expression"
									},
									"SystemOfRecordId": {
										"value": "@if(contains(activity('Get Source Details').output.value[0],'SystemOfRecordId'),activity('Get Source Details').output.value[0].SystemOfRecordId,'1234')",
										"type": "Expression"
									}
								}
							}
						}
					]
				}
			},
			{
				"name": "Check Curate ADLS Flag",
				"type": "IfCondition",
				"dependsOn": [
					{
						"activity": "Check Curate Standard Flag",
						"dependencyConditions": [
							"Completed"
						]
					}
				],
				"userProperties": [],
				"typeProperties": {
					"expression": {
						"value": "@equals(activity('Get Source Details').output.value[0].CurateADLSFlag,'Yes')",
						"type": "Expression"
					},
					"ifTrueActivities": [
						{
							"name": "Execute Curate ADLS Pipeline",
							"type": "ExecutePipeline",
							"dependsOn": [],
							"userProperties": [],
							"typeProperties": {
								"pipeline": {
									"referenceName": "PL_CURATE_ADLS_CONTROL",
									"type": "PipelineReference"
								},
								"waitOnCompletion": true,
								"parameters": {
									"ConfigFileName": {
										"value": "@activity('Get Source Details').output.value[0].CurateADLSConfigFile",
										"type": "Expression"
									},
									"BatchID": {
										"value": "@variables('BatchID')",
										"type": "Expression"
									},
									"SourceName": {
										"value": "@activity('Get Source Details').output.value[0].SourceName",
										"type": "Expression"
									},
									"FeedName": {
										"value": "@activity('Get Source Details').output.value[0].FeedName",
										"type": "Expression"
									},
									"SystemOfRecordId": {
										"value": "@if(contains(activity('Get Source Details').output.value[0],'SystemOfRecordId'),activity('Get Source Details').output.value[0].SystemOfRecordId,'1234')",
										"type": "Expression"
									}
								}
							}
						}
					]
				}
			},
			{
				"name": "Check Curate Synapse Flag",
				"type": "IfCondition",
				"dependsOn": [
					{
						"activity": "Check Curate ADLS Flag",
						"dependencyConditions": [
							"Completed"
						]
					}
				],
				"userProperties": [],
				"typeProperties": {
					"expression": {
						"value": "@and(not(contains(createArray('rpiadfdev','rpiadftest'),pipeline().globalParameters.Environment)),equals(activity('Get Source Details').output.value[0].CurateSynapseFlag,'Yes'))",
						"type": "Expression"
					},
					"ifTrueActivities": [
						{
							"name": "Execute Curate Synapse Pipeline",
							"type": "ExecutePipeline",
							"dependsOn": [],
							"userProperties": [],
							"typeProperties": {
								"pipeline": {
									"referenceName": "PL_CURATE_SYNAPSE_CONTROL",
									"type": "PipelineReference"
								},
								"waitOnCompletion": true,
								"parameters": {
									"ConfigFileName": {
										"value": "@activity('Get Source Details').output.value[0].CurateSynapseConfigFile",
										"type": "Expression"
									},
									"BatchID": {
										"value": "@variables('BatchID')",
										"type": "Expression"
									},
									"SourceName": {
										"value": "@activity('Get Source Details').output.value[0].SourceName",
										"type": "Expression"
									},
									"FeedName": {
										"value": "@activity('Get Source Details').output.value[0].FeedName",
										"type": "Expression"
									},
									"SystemOfRecordId": {
										"value": "@if(contains(activity('Get Source Details').output.value[0],'SystemOfRecordId'),activity('Get Source Details').output.value[0].SystemOfRecordId,'1234')",
										"type": "Expression"
									}
								}
							}
						}
					]
				}
			}
		],
		"parameters": {
			"MasterConfigFile": {
				"type": "string",
				"defaultValue": "Manual/PC_PAT_Outbound_History_Master_Trigger.csv"
			}
		},
		"variables": {
			"CurrentProcessingTime": {
				"type": "String"
			},
			"BatchID": {
				"type": "String"
			}
		},
		"folder": {
			"name": "PL_MASTER"
		},
		"annotations": [],
		"lastPublishTime": "2021-12-31T09:21:27Z"
	},
	"type": "Microsoft.DataFactory/factories/pipelines"
}