{
	"name": "PL_LOGGING",
	"properties": {
		"activities": [
			{
				"name": "Logging",
				"type": "DatabricksNotebook",
				"dependsOn": [
					{
						"activity": "generate etlrunlogid",
						"dependencyConditions": [
							"Succeeded"
						]
					}
				],
				"policy": {
					"timeout": "7.00:00:00",
					"retry": 0,
					"retryIntervalInSeconds": 30,
					"secureOutput": false,
					"secureInput": false
				},
				"userProperties": [],
				"typeProperties": {
					"notebookPath": "/Shared/Common_Notebooks/RPI_Logging_Notebook_Main",
					"baseParameters": {
						"ProcessStage": {
							"value": "@pipeline().parameters.ProcessStage",
							"type": "Expression"
						},
						"EntityName": {
							"value": "@pipeline().parameters.EntityName",
							"type": "Expression"
						},
						"BatchId": {
							"value": "@pipeline().parameters.BatchId",
							"type": "Expression"
						},
						"SourceName": {
							"value": "@pipeline().parameters.SourceName",
							"type": "Expression"
						},
						"FeedName": {
							"value": "@pipeline().parameters.FeedName",
							"type": "Expression"
						},
						"Status": {
							"value": "@pipeline().parameters.Status",
							"type": "Expression"
						},
						"Error": {
							"value": "@pipeline().parameters.Error",
							"type": "Expression"
						},
						"RunTime": {
							"value": "@pipeline().TriggerTime",
							"type": "Expression"
						},
						"TriggerId": {
							"value": "@pipeline().TriggerId",
							"type": "Expression"
						},
						"SourceCount": {
							"value": "@pipeline().parameters.SourceCount",
							"type": "Expression"
						},
						"TargetCount": {
							"value": "@pipeline().parameters.TargetCount",
							"type": "Expression"
						},
						"Remark": {
							"value": "@pipeline().parameters.Remark",
							"type": "Expression"
						},
						"ETLRunLogID": {
							"value": "@activity('generate etlrunlogid').output.firstRow.ETLRunLogID",
							"type": "Expression"
						},
						"DTCreated": {
							"value": "@string(formatDateTime(utcnow(),'yyyy-MM-dd HH:mm:ss'))",
							"type": "Expression"
						},
						"UserCreated": {
							"value": "@pipeline().TriggerName",
							"type": "Expression"
						},
						"SystemOfRecordId": {
							"value": "@pipeline().parameters.SystemOfRecordId",
							"type": "Expression"
						},
						"LoadType": {
							"value": "@pipeline().parameters.LoadType",
							"type": "Expression"
						}
					}
				},
				"linkedServiceName": {
					"referenceName": "AzureDatabricks_IDF",
					"type": "LinkedServiceReference"
				}
			},
			{
				"name": "generate etlrunlogid",
				"type": "Lookup",
				"dependsOn": [],
				"policy": {
					"timeout": "7.00:00:00",
					"retry": 0,
					"retryIntervalInSeconds": 30,
					"secureOutput": false,
					"secureInput": false
				},
				"userProperties": [],
				"typeProperties": {
					"source": {
						"type": "AzureSqlSource",
						"sqlReaderStoredProcedureName": "[dbo].[ETLRunLogAddOrUpdate]",
						"storedProcedureParameters": {
							"pDTCreated": {
								"type": "String",
								"value": {
									"value": "@string(formatDateTime(utcNow(),'yyyy-MM-dd HH:mm:ss.FFF'))",
									"type": "Expression"
								}
							},
							"pDTEnd": {
								"type": "String",
								"value": {
									"value": "@string(formatDateTime(utcnow(),'yyyy-MM-dd HH:mm:ss'))",
									"type": "Expression"
								}
							},
							"pDTStart": {
								"type": "String",
								"value": {
									"value": "@string(pipeline().TriggerTime)",
									"type": "Expression"
								}
							},
							"pETLProcessName": {
								"type": "String",
								"value": {
									"value": "@pipeline().parameters.ProcessStage",
									"type": "Expression"
								}
							},
							"pETLProcessRunID": {
								"type": "String",
								"value": {
									"value": "@pipeline().RunId",
									"type": "Expression"
								}
							},
							"pETLRunLogID": {
								"type": "String",
								"value": null
							},
							"pETLRunLogStatusID": {
								"type": "String",
								"value": {
									"value": "@if(or(equals(pipeline().parameters.Status,'Success'),equals(pipeline().parameters.Status,'Succeeded')),'25002','25003')",
									"type": "Expression"
								}
							},
							"pKeepValueFlag": {
								"type": "String",
								"value": {
									"value": "0",
									"type": "Expression"
								}
							},
							"pUserCreated": {
								"type": "String",
								"value": {
									"value": "@pipeline().TriggerName",
									"type": "Expression"
								}
							}
						},
						"queryTimeout": "02:00:00",
						"partitionOption": "None"
					},
					"dataset": {
						"referenceName": "DS_METADATADB",
						"type": "DatasetReference"
					}
				}
			}
		],
		"parameters": {
			"ProcessStage": {
				"type": "string"
			},
			"EntityName": {
				"type": "string"
			},
			"BatchId": {
				"type": "string"
			},
			"SourceName": {
				"type": "string"
			},
			"FeedName": {
				"type": "string"
			},
			"Status": {
				"type": "string"
			},
			"Error": {
				"type": "string"
			},
			"SourceCount": {
				"type": "string"
			},
			"TargetCount": {
				"type": "string"
			},
			"Remark": {
				"type": "string"
			},
			"SystemOfRecordId": {
				"type": "string",
				"defaultValue": "0"
			},
			"LoadType": {
				"type": "string"
			}
		},
		"folder": {
			"name": "PL_COMMON"
		},
		"annotations": [],
		"lastPublishTime": "2021-10-21T10:06:59Z"
	},
	"type": "Microsoft.DataFactory/factories/pipelines"
}