{
	"name": "PL_PRE_INGESTION_TRANSFER_FILE_BASE",
	"properties": {
		"activities": [
			{
				"name": "Get File List",
				"type": "GetMetadata",
				"dependsOn": [],
				"policy": {
					"timeout": "7.00:00:00",
					"retry": 0,
					"retryIntervalInSeconds": 30,
					"secureOutput": false,
					"secureInput": false
				},
				"userProperties": [],
				"typeProperties": {
					"dataset": {
						"referenceName": "DS_PreIngestion_Source",
						"type": "DatasetReference",
						"parameters": {
							"SourcePath": {
								"value": "@pipeline().parameters.SourcePath",
								"type": "Expression"
							},
							"FileName": "*"
						}
					},
					"fieldList": [
						"childItems"
					],
					"storeSettings": {
						"type": "AzureBlobStorageReadSettings",
						"recursive": true,
						"enablePartitionDiscovery": false
					}
				}
			},
			{
				"name": "Move Each File",
				"type": "ForEach",
				"dependsOn": [
					{
						"activity": "Get File List",
						"dependencyConditions": [
							"Succeeded"
						]
					}
				],
				"userProperties": [],
				"typeProperties": {
					"items": {
						"value": "@activity('Get File List').output.childItems",
						"type": "Expression"
					},
					"isSequential": true,
					"activities": [
						{
							"name": "Move File To Sink",
							"type": "Copy",
							"dependsOn": [],
							"policy": {
								"timeout": "7.00:00:00",
								"retry": 0,
								"retryIntervalInSeconds": 30,
								"secureOutput": false,
								"secureInput": false
							},
							"userProperties": [],
							"typeProperties": {
								"source": {
									"type": "ParquetSource",
									"storeSettings": {
										"type": "AzureBlobStorageReadSettings",
										"recursive": true,
										"enablePartitionDiscovery": false
									}
								},
								"sink": {
									"type": "ParquetSink",
									"storeSettings": {
										"type": "AzureBlobStorageWriteSettings"
									},
									"formatSettings": {
										"type": "ParquetWriteSettings"
									}
								},
								"enableStaging": false,
								"translator": {
									"type": "TabularTranslator",
									"typeConversion": true,
									"typeConversionSettings": {
										"allowDataTruncation": true,
										"treatBooleanAsNumber": false
									}
								}
							},
							"inputs": [
								{
									"referenceName": "DS_PreIngestion_Source",
									"type": "DatasetReference",
									"parameters": {
										"SourcePath": {
											"value": "@pipeline().parameters.SourcePath",
											"type": "Expression"
										},
										"FileName": {
											"value": "@item().name",
											"type": "Expression"
										}
									}
								}
							],
							"outputs": [
								{
									"referenceName": "DS_PreIngestion_Sink",
									"type": "DatasetReference",
									"parameters": {
										"DestinationPath": {
											"value": "@pipeline().parameters.DestinationPath",
											"type": "Expression"
										},
										"DestinationFileName": {
											"value": "@item().name",
											"type": "Expression"
										}
									}
								}
							]
						},
						{
							"name": "Delete From Source",
							"type": "Delete",
							"dependsOn": [
								{
									"activity": "Move File To Sink",
									"dependencyConditions": [
										"Succeeded"
									]
								}
							],
							"policy": {
								"timeout": "7.00:00:00",
								"retry": 0,
								"retryIntervalInSeconds": 30,
								"secureOutput": false,
								"secureInput": false
							},
							"userProperties": [],
							"typeProperties": {
								"dataset": {
									"referenceName": "DS_PreIngestion_Sink",
									"type": "DatasetReference",
									"parameters": {
										"DestinationPath": {
											"value": "@pipeline().parameters.SourcePath",
											"type": "Expression"
										},
										"DestinationFileName": {
											"value": "@item().name",
											"type": "Expression"
										}
									}
								},
								"enableLogging": false,
								"storeSettings": {
									"type": "AzureBlobStorageReadSettings",
									"recursive": true,
									"enablePartitionDiscovery": false
								}
							}
						},
						{
							"name": "Wait",
							"type": "Wait",
							"dependsOn": [
								{
									"activity": "Delete From Source",
									"dependencyConditions": [
										"Succeeded"
									]
								}
							],
							"userProperties": [],
							"typeProperties": {
								"waitTimeInSeconds": 90
							}
						}
					]
				}
			}
		],
		"parameters": {
			"SourcePath": {
				"type": "string"
			},
			"DestinationPath": {
				"type": "string"
			}
		},
		"variables": {
			"FileList": {
				"type": "Array"
			}
		},
		"folder": {
			"name": "PL_PRE_INGESTION"
		},
		"annotations": [],
		"lastPublishTime": "2022-03-29T12:59:15Z"
	},
	"type": "Microsoft.DataFactory/factories/pipelines"
}