{
	"name": "PL_PRE_INGESTION_TRANSFER_FILE_MASTER",
	"properties": {
		"activities": [
			{
				"name": "Get File List",
				"type": "GetMetadata",
				"dependsOn": [],
				"policy": {
					"timeout": "7.00:00:00",
					"retry": 0,
					"retryIntervalInSeconds": 30,
					"secureOutput": false,
					"secureInput": false
				},
				"userProperties": [],
				"typeProperties": {
					"dataset": {
						"referenceName": "DS_PreIngestion_Source",
						"type": "DatasetReference",
						"parameters": {
							"SourcePath": {
								"value": "@pipeline().parameters.SourcePath",
								"type": "Expression"
							},
							"FileName": "*"
						}
					},
					"fieldList": [
						"childItems"
					],
					"storeSettings": {
						"type": "AzureBlobStorageReadSettings",
						"recursive": true,
						"enablePartitionDiscovery": false
					}
				}
			},
			{
				"name": "Process Each Folder",
				"type": "ForEach",
				"dependsOn": [
					{
						"activity": "Get File List",
						"dependencyConditions": [
							"Succeeded"
						]
					}
				],
				"userProperties": [],
				"typeProperties": {
					"items": {
						"value": "@activity('Get File List').output.childItems",
						"type": "Expression"
					},
					"isSequential": false,
					"batchCount": 10,
					"activities": [
						{
							"name": "Check Item Type",
							"type": "IfCondition",
							"dependsOn": [],
							"userProperties": [],
							"typeProperties": {
								"expression": {
									"value": "@equals(item().type,'Folder')",
									"type": "Expression"
								},
								"ifTrueActivities": [
									{
										"name": "Execute File Transfer Base Pipeline",
										"type": "ExecutePipeline",
										"dependsOn": [],
										"userProperties": [],
										"typeProperties": {
											"pipeline": {
												"referenceName": "PL_PRE_INGESTION_TRANSFER_FILE_BASE",
												"type": "PipelineReference"
											},
											"waitOnCompletion": true,
											"parameters": {
												"SourcePath": {
													"value": "@concat(pipeline().parameters.SourcePath,item().name,'/Incremental')",
													"type": "Expression"
												},
												"DestinationPath": {
													"value": "@concat(pipeline().parameters.DestinationPath,item().name,'/Incremental')",
													"type": "Expression"
												}
											}
										}
									}
								]
							}
						}
					]
				}
			}
		],
		"parameters": {
			"SourcePath": {
				"type": "string"
			},
			"DestinationPath": {
				"type": "string"
			}
		},
		"folder": {
			"name": "PL_PRE_INGESTION"
		},
		"annotations": []
	}
}