{
	"name": "PL_PRE_INGESTION_UNZIP_FILE",
	"properties": {
		"activities": [
			{
				"name": "UNZIP_FILE",
				"type": "Copy",
				"dependsOn": [
					{
						"activity": "SET_PROCESS_TIMESTAMP",
						"dependencyConditions": [
							"Succeeded"
						]
					}
				],
				"policy": {
					"timeout": "7.00:00:00",
					"retry": 0,
					"retryIntervalInSeconds": 30,
					"secureOutput": false,
					"secureInput": false
				},
				"userProperties": [],
				"typeProperties": {
					"source": {
						"type": "JsonSource",
						"storeSettings": {
							"type": "AzureBlobStorageReadSettings",
							"recursive": true,
							"enablePartitionDiscovery": false
						},
						"formatSettings": {
							"type": "JsonReadSettings",
							"compressionProperties": {
								"type": "ZipDeflateReadSettings",
								"preserveZipFileNameAsFolder": false
							}
						}
					},
					"sink": {
						"type": "JsonSink",
						"storeSettings": {
							"type": "AzureBlobStorageWriteSettings"
						},
						"formatSettings": {
							"type": "JsonWriteSettings"
						}
					},
					"enableStaging": false
				},
				"inputs": [
					{
						"referenceName": "DS_UNZIP_SOURCE",
						"type": "DatasetReference",
						"parameters": {
							"FilePath": {
								"value": "@pipeline().parameters.FilePath",
								"type": "Expression"
							},
							"FileName": {
								"value": "@pipeline().parameters.FileName",
								"type": "Expression"
							}
						}
					}
				],
				"outputs": [
					{
						"referenceName": "DS_UNZIP_SINK",
						"type": "DatasetReference",
						"parameters": {
							"FilePath": {
								"value": "@pipeline().parameters.UnzipPath",
								"type": "Expression"
							},
							"SourceName": {
								"value": "@pipeline().parameters.SourceName",
								"type": "Expression"
							},
							"ProcessingTimestamp": {
								"value": "@variables('ProcessTimeString')",
								"type": "Expression"
							}
						}
					}
				]
			},
			{
				"name": "SET_PROCESS_TIMESTAMP",
				"type": "SetVariable",
				"dependsOn": [],
				"userProperties": [],
				"typeProperties": {
					"variableName": "ProcessTimeString",
					"value": {
						"value": "@formatDateTime(utcnow(),'yyyyMMddHHmmss')",
						"type": "Expression"
					}
				}
			},
			{
				"name": "Execute File Transfer Pipeline",
				"type": "ExecutePipeline",
				"dependsOn": [
					{
						"activity": "UNZIP_FILE",
						"dependencyConditions": [
							"Succeeded"
						]
					}
				],
				"userProperties": [],
				"typeProperties": {
					"pipeline": {
						"referenceName": "PL_PRE_INGESTION_FILE_TRANSFER",
						"type": "PipelineReference"
					},
					"waitOnCompletion": true,
					"parameters": {
						"SourceName": {
							"value": "@pipeline().parameters.SourceName",
							"type": "Expression"
						},
						"UnzipPath": {
							"value": "@pipeline().parameters.UnzipPath",
							"type": "Expression"
						},
						"ProcessTimeString": {
							"value": "@variables('ProcessTimeString')",
							"type": "Expression"
						}
					}
				}
			}
		],
		"parameters": {
			"FilePath": {
				"type": "string"
			},
			"FileName": {
				"type": "string"
			},
			"SourceName": {
				"type": "string",
				"defaultValue": "RLINK"
			},
			"UnzipPath": {
				"type": "string",
				"defaultValue": "pre-ingestion/UnzipTempPath"
			}
		},
		"variables": {
			"ProcessTimeString": {
				"type": "String"
			}
		},
		"folder": {
			"name": "PL_PRE_INGESTION"
		},
		"annotations": [],
		"lastPublishTime": "2022-04-19T13:17:33Z"
	},
	"type": "Microsoft.DataFactory/factories/pipelines"
}