{
	"name": "PL_PRE_INGESTION_FILE_TRANSFER",
	"properties": {
		"activities": [
			{
				"name": "GET_FILE_LIST",
				"type": "GetMetadata",
				"dependsOn": [],
				"policy": {
					"timeout": "7.00:00:00",
					"retry": 0,
					"retryIntervalInSeconds": 30,
					"secureOutput": false,
					"secureInput": false
				},
				"userProperties": [],
				"typeProperties": {
					"dataset": {
						"referenceName": "DS_UNZIP_SINK",
						"type": "DatasetReference",
						"parameters": {
							"FilePath": {
								"value": "@pipeline().parameters.UnzipPath",
								"type": "Expression"
							},
							"SourceName": {
								"value": "@pipeline().parameters.SourceName",
								"type": "Expression"
							},
							"ProcessingTimestamp": {
								"value": "@pipeline().parameters.ProcessTimeString",
								"type": "Expression"
							}
						}
					},
					"fieldList": [
						"childItems"
					],
					"storeSettings": {
						"type": "AzureBlobStorageReadSettings",
						"recursive": true,
						"enablePartitionDiscovery": false
					},
					"formatSettings": {
						"type": "JsonReadSettings"
					}
				}
			},
			{
				"name": "Move Each File",
				"type": "ForEach",
				"dependsOn": [
					{
						"activity": "GET_FILE_LIST",
						"dependencyConditions": [
							"Succeeded"
						]
					}
				],
				"userProperties": [],
				"typeProperties": {
					"items": {
						"value": "@activity('GET_FILE_LIST').output.childItems",
						"type": "Expression"
					},
					"isSequential": true,
					"activities": [
						{
							"name": "COPY FILE TO LANDING",
							"type": "Copy",
							"dependsOn": [
								{
									"activity": "GET_DESTINATION_PATH",
									"dependencyConditions": [
										"Succeeded"
									]
								}
							],
							"policy": {
								"timeout": "7.00:00:00",
								"retry": 0,
								"retryIntervalInSeconds": 30,
								"secureOutput": false,
								"secureInput": false
							},
							"userProperties": [],
							"typeProperties": {
								"source": {
									"type": "BinarySource",
									"storeSettings": {
										"type": "AzureBlobStorageReadSettings",
										"recursive": true
									},
									"formatSettings": {
										"type": "BinaryReadSettings"
									}
								},
								"sink": {
									"type": "BinarySink",
									"storeSettings": {
										"type": "AzureBlobStorageWriteSettings"
									}
								},
								"enableStaging": false
							},
							"inputs": [
								{
									"referenceName": "DS_LANDING_SOURCE",
									"type": "DatasetReference",
									"parameters": {
										"ProcessingTimestamp": {
											"value": "@pipeline().parameters.ProcessTimeString",
											"type": "Expression"
										},
										"SourceName": {
											"value": "@pipeline().parameters.SourceName",
											"type": "Expression"
										},
										"FileName": {
											"value": "@item().name",
											"type": "Expression"
										},
										"FilePath": {
											"value": "@pipeline().parameters.UnzipPath",
											"type": "Expression"
										}
									}
								}
							],
							"outputs": [
								{
									"referenceName": "DS_LANDING_SINK",
									"type": "DatasetReference",
									"parameters": {
										"FileName": {
											"value": "@item().name",
											"type": "Expression"
										},
										"FilePath": {
											"value": "@activity('GET_DESTINATION_PATH').output.value[0].DestinationPath",
											"type": "Expression"
										}
									}
								}
							]
						},
						{
							"name": "DELETE FILE FROM TEMP PATH",
							"type": "Delete",
							"dependsOn": [
								{
									"activity": "COPY FILE TO LANDING",
									"dependencyConditions": [
										"Succeeded"
									]
								}
							],
							"policy": {
								"timeout": "7.00:00:00",
								"retry": 0,
								"retryIntervalInSeconds": 30,
								"secureOutput": false,
								"secureInput": false
							},
							"userProperties": [],
							"typeProperties": {
								"dataset": {
									"referenceName": "DS_LANDING_SOURCE",
									"type": "DatasetReference",
									"parameters": {
										"ProcessingTimestamp": {
											"value": "@pipeline().parameters.ProcessTimeString",
											"type": "Expression"
										},
										"SourceName": {
											"value": "@pipeline().parameters.SourceName",
											"type": "Expression"
										},
										"FileName": {
											"value": "@item().name",
											"type": "Expression"
										},
										"FilePath": {
											"value": "@pipeline().parameters.UnzipPath",
											"type": "Expression"
										}
									}
								},
								"enableLogging": false,
								"storeSettings": {
									"type": "AzureBlobStorageReadSettings",
									"recursive": true,
									"enablePartitionDiscovery": false
								}
							}
						},
						{
							"name": "WAIT",
							"type": "Wait",
							"dependsOn": [
								{
									"activity": "DELETE FILE FROM TEMP PATH",
									"dependencyConditions": [
										"Succeeded"
									]
								}
							],
							"userProperties": [],
							"typeProperties": {
								"waitTimeInSeconds": 60
							}
						},
						{
							"name": "GET_DESTINATION_PATH",
							"type": "Lookup",
							"dependsOn": [],
							"policy": {
								"timeout": "7.00:00:00",
								"retry": 0,
								"retryIntervalInSeconds": 30,
								"secureOutput": false,
								"secureInput": false
							},
							"userProperties": [],
							"typeProperties": {
								"source": {
									"type": "AzureDatabricksDeltaLakeSource",
									"query": {
										"value": "@replace(concat('select DestinationPath from RPI_PreProcessing_DB.PreProcess_UNZIP_ReferenceTable where FilePattern =\"',join(take(split(item().name,'_'),sub(length(split(item().name,'_')),4)),'_' ),'_%\"',' and SourceName=\"',pipeline().parameters.SourceName,'\"'),'\\','')",
										"type": "Expression"
									}
								},
								"dataset": {
									"referenceName": "DS_UNZIP_REFERENCE_TABLE",
									"type": "DatasetReference"
								},
								"firstRowOnly": false
							}
						}
					]
				}
			}
		],
		"parameters": {
			"SourceName": {
				"type": "string",
				"defaultValue": "RLINK"
			},
			"UnzipPath": {
				"type": "string",
				"defaultValue": "pre-ingestion/UnzipTempPath"
			},
			"ProcessTimeString": {
				"type": "string"
			}
		},
		"folder": {
			"name": "PL_PRE_INGESTION"
		},
		"annotations": [],
		"lastPublishTime": "2022-04-19T13:17:33Z"
	},
	"type": "Microsoft.DataFactory/factories/pipelines"
}