{
	"name": "PL_PRE_INGESTION_MASTER",
	"properties": {
		"activities": [
			{
				"name": "GetConfigDetails",
				"type": "Lookup",
				"dependsOn": [],
				"policy": {
					"timeout": "7.00:00:00",
					"retry": 0,
					"retryIntervalInSeconds": 30,
					"secureOutput": false,
					"secureInput": false
				},
				"userProperties": [],
				"typeProperties": {
					"source": {
						"type": "DelimitedTextSource",
						"storeSettings": {
							"type": "AzureBlobFSReadSettings",
							"recursive": true,
							"enablePartitionDiscovery": false
						},
						"formatSettings": {
							"type": "DelimitedTextReadSettings"
						}
					},
					"dataset": {
						"referenceName": "DS_PRE_INGESTION_CONFIG",
						"type": "DatasetReference",
						"parameters": {
							"ConfigName": {
								"value": "@pipeline().parameters.ConfigName",
								"type": "Expression"
							}
						}
					},
					"firstRowOnly": false
				}
			},
			{
				"name": "Process Config Items",
				"type": "ForEach",
				"dependsOn": [
					{
						"activity": "GetConfigDetails",
						"dependencyConditions": [
							"Succeeded"
						]
					}
				],
				"userProperties": [],
				"typeProperties": {
					"items": {
						"value": "@activity('GetConfigDetails').output.value",
						"type": "Expression"
					},
					"isSequential": true,
					"activities": [
						{
							"name": "Pre-Ingest Notebook",
							"type": "DatabricksNotebook",
							"dependsOn": [
								{
									"activity": "GetReferenceDetails",
									"dependencyConditions": [
										"Succeeded"
									]
								}
							],
							"policy": {
								"timeout": "7.00:00:00",
								"retry": 0,
								"retryIntervalInSeconds": 30,
								"secureOutput": false,
								"secureInput": false
							},
							"userProperties": [],
							"typeProperties": {
								"notebookPath": "/Shared/Pre-Ingestion/AvroToParquet/Pre-Ingestion_AvroToParquet_Conversion",
								"baseParameters": {
									"EventName": {
										"value": "@activity('GetReferenceDetails').output.value[0].EventName",
										"type": "Expression"
									},
									"SourceFilePath": {
										"value": "@activity('GetReferenceDetails').output.value[0].SourceFilePath",
										"type": "Expression"
									},
									"EventTypeList": {
										"value": "@activity('GetReferenceDetails').output.value[0].EventTypeList",
										"type": "Expression"
									},
									"DestinationPathDict": {
										"value": "@activity('GetReferenceDetails').output.value[0].DestinationPathDict",
										"type": "Expression"
									},
									"LoadType": {
										"value": "@activity('GetReferenceDetails').output.value[0].LoadType",
										"type": "Expression"
									},
									"MaxSize": {
										"value": "@activity('GetReferenceDetails').output.value[0].MaxSize",
										"type": "Expression"
									}
								}
							},
							"linkedServiceName": {
								"referenceName": "AzureDatabricks_32",
								"type": "LinkedServiceReference"
							}
						},
						{
							"name": "GetReferenceDetails",
							"type": "Lookup",
							"dependsOn": [],
							"policy": {
								"timeout": "7.00:00:00",
								"retry": 0,
								"retryIntervalInSeconds": 30,
								"secureOutput": false,
								"secureInput": false
							},
							"userProperties": [],
							"typeProperties": {
								"source": {
									"type": "AzureDatabricksDeltaLakeSource",
									"query": {
										"value": "@concat('select * from RPI_PreProcessing_DB.PreProcess_ReferenceTable where EventName=\"',item().EventName,'\" and LoadType=\"',item().LoadType,'\"')",
										"type": "Expression"
									}
								},
								"dataset": {
									"referenceName": "DS_PREINGEST_REFERENCE_TABLE",
									"type": "DatasetReference"
								},
								"firstRowOnly": false
							}
						}
					]
				}
			}
		],
		"parameters": {
			"ConfigName": {
				"type": "string"
			}
		},
		"folder": {
			"name": "PL_PRE_INGESTION"
		},
		"annotations": [],
		"lastPublishTime": "2022-03-31T07:01:00Z"
	},
	"type": "Microsoft.DataFactory/factories/pipelines"
}