{
	"name": "PL_RECONCILIATION",
	"properties": {
		"activities": [
			{
				"name": "ForEach1",
				"type": "ForEach",
				"dependsOn": [
					{
						"activity": "Get All Details",
						"dependencyConditions": [
							"Succeeded"
						]
					}
				],
				"userProperties": [],
				"typeProperties": {
					"items": {
						"value": "@activity('Get All Details').output.value",
						"type": "Expression"
					},
					"isSequential": true,
					"activities": [
						{
							"name": "Get SynapseRunDateTime",
							"type": "Lookup",
							"dependsOn": [
								{
									"activity": "Get Details",
									"dependencyConditions": [
										"Succeeded"
									]
								}
							],
							"policy": {
								"timeout": "7.00:00:00",
								"retry": 0,
								"retryIntervalInSeconds": 30,
								"secureOutput": false,
								"secureInput": false
							},
							"userProperties": [],
							"typeProperties": {
								"source": {
									"type": "AzureDatabricksDeltaLakeSource",
									"query": {
										"value": "@concat('select CurateSynapse_LPT as SynapseRunDateTime from (select CurateSynapse_LPT,ROW_NUMBER()OVER(order by CurateSynapse_LPT desc) rownum  from RPI_Reference_DB.Curation_WatermarkTable where EntityName=\"',activity('Get Details').output.value[0].SourceTableName,'\")t where t.rownum = 2')",
										"type": "Expression"
									}
								},
								"dataset": {
									"referenceName": "DS_CURATION_WATERMARK",
									"type": "DatasetReference",
									"parameters": {
										"DatabaseName": {
											"value": "\"\"",
											"type": "Expression"
										},
										"TableName": {
											"value": "\"\"",
											"type": "Expression"
										}
									}
								},
								"firstRowOnly": false
							}
						},
						{
							"name": "Reconciliation_Notebook",
							"type": "DatabricksNotebook",
							"dependsOn": [
								{
									"activity": "Get SynapseRunDateTime",
									"dependencyConditions": [
										"Succeeded"
									]
								},
								{
									"activity": "Get ADLSRunDateTime",
									"dependencyConditions": [
										"Succeeded"
									]
								}
							],
							"policy": {
								"timeout": "7.00:00:00",
								"retry": 0,
								"retryIntervalInSeconds": 30,
								"secureOutput": false,
								"secureInput": false
							},
							"userProperties": [],
							"typeProperties": {
								"notebookPath": "/Shared/Reconciliation_Notebooks/Final Reconciliation Notebook",
								"baseParameters": {
									"Supplier": {
										"value": "@activity('Get Details').output.value[0].Supplier",
										"type": "Expression"
									},
									"SourceSystemName": {
										"value": "@activity('Get Details').output.value[0].SourceSystemName",
										"type": "Expression"
									},
									"FeedID": {
										"value": "@item().FeedName",
										"type": "Expression"
									},
									"FeedName": {
										"value": "@activity('Get Details').output.value[0].FeedName",
										"type": "Expression"
									},
									"Frequency": {
										"value": "@activity('Get Details').output.value[0].Frequency",
										"type": "Expression"
									},
									"BatchID": {
										"value": "@pipeline().parameters.BatchID",
										"type": "Expression"
									},
									"ADLSRunDateTime": {
										"value": "@formatDateTime(activity('Get ADLSRunDateTime').output.value[0].ADLSRunDateTime,'yyyy-MM-ddTHH:mm:ss')",
										"type": "Expression"
									},
									"RunDate": {
										"value": "@pipeline().parameters.RunDate",
										"type": "Expression"
									},
									"RunTime": {
										"value": "@pipeline().parameters.RunTime",
										"type": "Expression"
									},
									"IsHeader": {
										"value": "@activity('Get Details').output.value[0].IsHeader",
										"type": "Expression"
									},
									"Classification": {
										"value": "@activity('Get Details').output.value[0].Classification",
										"type": "Expression"
									},
									"SourceTableName": {
										"value": "@activity('Get Details').output.value[0].SourceTableName",
										"type": "Expression"
									},
									"SynapseSchema": {
										"value": "@activity('Get Details').output.value[0].SynapseSchema",
										"type": "Expression"
									},
									"SynapseTableName": {
										"value": "@activity('Get Details').output.value[0].SynapseTableName",
										"type": "Expression"
									},
									"SourceSystemId": {
										"value": "@activity('Get Details').output.value[0].SystemOfRecordId",
										"type": "Expression"
									},
									"SynapseRunDateTime": {
										"value": "@formatDateTime(activity('Get SynapseRunDateTime').output.value[0].SynapseRunDateTime,'yyyy-MM-ddTHH:mm:ss')",
										"type": "Expression"
									}
								}
							},
							"linkedServiceName": {
								"referenceName": "AzureDatabricks_IDF",
								"type": "LinkedServiceReference"
							}
						},
						{
							"name": "Get Details",
							"type": "Lookup",
							"dependsOn": [
								{
									"activity": "Filter_Condition",
									"dependencyConditions": [
										"Succeeded"
									]
								}
							],
							"policy": {
								"timeout": "7.00:00:00",
								"retry": 0,
								"retryIntervalInSeconds": 30,
								"secureOutput": false,
								"secureInput": false
							},
							"userProperties": [],
							"typeProperties": {
								"source": {
									"type": "AzureDatabricksDeltaLakeSource",
									"query": {
										"value": "@concat('select FeedName,Classification,SourceSystemName,SystemOfRecordId,SourceTableName,Frequency,IsHeader,Supplier,SynapseSchema,SynapseTableName from RPI_Reference_DB.Curation_ReconciliationCommon where ',variables('Filter_Condition') )",
										"type": "Expression"
									}
								},
								"dataset": {
									"referenceName": "DS_RECONCILIATION_COMMOM",
									"type": "DatasetReference"
								},
								"firstRowOnly": false
							}
						},
						{
							"name": "Get ADLSRunDateTime",
							"type": "Lookup",
							"dependsOn": [
								{
									"activity": "Get Details",
									"dependencyConditions": [
										"Succeeded"
									]
								}
							],
							"policy": {
								"timeout": "7.00:00:00",
								"retry": 0,
								"retryIntervalInSeconds": 30,
								"secureOutput": false,
								"secureInput": false
							},
							"userProperties": [],
							"typeProperties": {
								"source": {
									"type": "AzureDatabricksDeltaLakeSource",
									"query": {
										"value": "@concat('select CurateADLS_LPT as ADLSRunDateTime from (select CurateADLS_LPT,ROW_NUMBER()OVER(order by CurateADLS_LPT desc) rownum  from RPI_Reference_DB.Curation_WatermarkTable where EntityName=\"',activity('Get Details').output.value[0].SourceTableName,'\")t where t.rownum = 2')",
										"type": "Expression"
									}
								},
								"dataset": {
									"referenceName": "DS_CURATION_WATERMARK",
									"type": "DatasetReference",
									"parameters": {
										"DatabaseName": {
											"value": "\"\"",
											"type": "Expression"
										},
										"TableName": {
											"value": "\"\"",
											"type": "Expression"
										}
									}
								},
								"firstRowOnly": false
							}
						},
						{
							"name": "Filter_Condition",
							"type": "SetVariable",
							"dependsOn": [],
							"userProperties": [],
							"typeProperties": {
								"variableName": "Filter_Condition",
								"value": {
									"value": "@if(equals(item().SourceName,'SAPCAR'),concat('SourceTableName = \"',item().EntityName,'\"'),concat('FeedID =\"',item().FeedName,'\"'))",
									"type": "Expression"
								}
							}
						}
					]
				}
			},
			{
				"name": "Get All Details",
				"type": "Lookup",
				"dependsOn": [],
				"policy": {
					"timeout": "7.00:00:00",
					"retry": 0,
					"retryIntervalInSeconds": 30,
					"secureOutput": false,
					"secureInput": false
				},
				"userProperties": [],
				"typeProperties": {
					"source": {
						"type": "DelimitedTextSource",
						"storeSettings": {
							"type": "AzureBlobFSReadSettings",
							"recursive": true,
							"enablePartitionDiscovery": false
						},
						"formatSettings": {
							"type": "DelimitedTextReadSettings"
						}
					},
					"dataset": {
						"referenceName": "DS_CONFIG_CURATE_ADLS",
						"type": "DatasetReference",
						"parameters": {
							"ConfigFileName": {
								"value": "@pipeline().parameters.ConfigFilePath",
								"type": "Expression"
							}
						}
					},
					"firstRowOnly": false
				}
			}
		],
		"parameters": {
			"BatchID": {
				"type": "string"
			},
			"RunDate": {
				"type": "string"
			},
			"RunTime": {
				"type": "string"
			},
			"ConfigFilePath": {
				"type": "string"
			}
		},
		"variables": {
			"Filter_Condition": {
				"type": "String"
			}
		},
		"folder": {
			"name": "PL_COMMON"
		},
		"annotations": [],
		"lastPublishTime": "2022-02-22T07:20:40Z"
	},
	"type": "Microsoft.DataFactory/factories/pipelines"
}