{
    "autoscale": {
        "min_workers": db_min_workers,
        "max_workers": db_max_workers
    },
    "cluster_name": "db_cluster_name",
    "spark_version": "db_spark_version",
    "spark_conf": {
        "spark.databricks.delta.preview.enabled": "true"
    },
    "azure_attributes": {
        "first_on_demand": 1,
        "availability": "ON_DEMAND_AZURE",
        "spot_bid_max_price": -1
    },
    "node_type_id": "db_cluster_type",
    "driver_node_type_id": "db_cluster_type",
    "ssh_public_keys": [],
    "custom_tags": {},
    "spark_env_vars": {
        "PYSPARK_PYTHON": "/databricks/python3/bin/python3"
    },
    "autotermination_minutes": 120,
    "enable_elastic_disk": true,
    "cluster_source": "UI",
    "init_scripts": []
}