{
    "project_name": "BUKOPMS",
    "config_type": "etl",
    "description": "",
    "data_source": [],
    "report_path": "/mnt/idf-reports/BTUKOPTIT/BUKOPMS/BTCOPT_ORDER_DOCUMENT_TYPE_BUKOPMS_Incr/Incremental/CurateADLS/",
    "cards": [
        {
            "card_id": "card_0",
            "card_dependencies": [],
            "label": "Read_Delta 0",
            "card_type": "read_delta",
            "description": "reading standard location",
            "data_path": "/mnt/idf-curatestandard/BTUKOPTIT/BUKOPMS/BTCOPT_ORDER_DOCUMENT_TYPE_BUKOPMS_Incr/Incremental",
            "output_table": "cdoc1"
        },
        {
            "card_id": "card_1",
            "card_dependencies": [
                "card_0"
            ],
            "label": "Apply_Filter 1",
            "card_type": "apply_filter",
            "description": "filtering records with RunDateTime",
            "input_table": "cdoc1",
            "output_table": "cdoc2",
            "filter": [],
            "unmatch_data": false
        },
		{
			"card_id": "card_2",
			"card_dependencies": [],
			"label": "Read_Table 2",
			"card_type": "read_table",
			"description": "Read ADLS table",
			"query": "Select * from curate_enterprise.reflovsetinfo",
			"temp_table_name": "reflovsetinfo",
			"partition_column_list": ""
		},
        {
            "card_id": "card_13",
            "card_dependencies": [],
            "label": "Read_Delta 13",
            "card_type": "read_delta",
            "description": "reading standard backup location",
            "data_path": "/mnt/idf-curatestandard/BTUKOPTIT/BUKOPMS/BTCOPT_ORDER_DOCUMENT_TYPE_BUKOPMS_Incr/BackUp",
            "output_table": "cdoc12"
        },
        {
            "card_id": "card_12",
            "card_dependencies": [
                "card_13",
                "card_1"
            ],
            "label": "Read_Table 12",
            "card_type": "read_table",
            "description": "Union with backup table",
            "query": "select * from cdoc2 union select * from cdoc12",
            "temp_table_name": "cdoc11",
            "partition_column_list": ""
        },
        {
            "card_id": "card_28",
            "card_dependencies": [
                "card_12"
            ],
            "label": "Read_Table 28",
            "card_type": "read_table",
            "description": "Making null void null",
            "query": "select nullif(CurateStandardRowKey,'null') as CurateStandardRowKey,nullif(C_DOCTYPE_ID,'null') as C_DOCTYPE_ID,nullif(AD_CLIENT_ID,'null') as AD_CLIENT_ID,nullif(AD_ORG_ID,'null') as AD_ORG_ID,nullif(ISACTIVE,'null') as ISACTIVE,nullif(CREATED,'null') as CREATED,nullif(CREATEDBY,'null') as CREATEDBY,nullif(UPDATED,'null') as UPDATED,nullif(UPDATEDBY,'null') as UPDATEDBY,nullif(NAME,'null') as NAME,nullif(PRINTNAME,'null') as PRINTNAME,nullif(DESCRIPTION,'null') as DESCRIPTION,nullif(DOCBASETYPE,'null') as DOCBASETYPE,nullif(ISSOTRX,'null') as ISSOTRX,nullif(DOCSUBTYPESO,'null') as DOCSUBTYPESO,nullif(C_DOCTYPESHIPMENT_ID,'null') as C_DOCTYPESHIPMENT_ID,nullif(C_DOCTYPEINVOICE_ID,'null') as C_DOCTYPEINVOICE_ID,nullif(ISDOCNOCONTROLLED,'null') as ISDOCNOCONTROLLED,nullif(DOCNOSEQUENCE_ID,'null') as DOCNOSEQUENCE_ID,nullif(GL_CATEGORY_ID,'null') as GL_CATEGORY_ID,nullif(DOCUMENTNOTE,'null') as DOCUMENTNOTE,nullif(ISDEFAULT,'null') as ISDEFAULT,nullif(DOCUMENTCOPIES,'null') as DOCUMENTCOPIES,nullif(AD_TABLE_ID,'null') as AD_TABLE_ID,nullif(ORGFILTERED,'null') as ORGFILTERED,nullif(C_DOCTYPE_REVERSED_ID,'null') as C_DOCTYPE_REVERSED_ID,nullif(ISEXPENSE,'null') as ISEXPENSE,nullif(ISREVERSAL,'null') as ISREVERSAL,nullif(ISRETURN,'null') as ISRETURN,nullif(C_DOCTYPEORDER_ID,'null') as C_DOCTYPEORDER_ID,nullif(OPERATION,'null') as OPERATION,nullif(TIMESTAMP,'null') as TIMESTAMP,nullif(TRANSACTIONID,'null') as TRANSACTIONID from cdoc11",
            "temp_table_name": "cdoc28",
            "partition_column_list": ""
        },
        {
            "card_id": "card_4",
            "card_dependencies": [
                "card_28"
            ],
            "label": "Read_Table 4",
            "card_type": "read_table",
            "description": "fetching latest records",
            "query": "select * from (select row_number() OVER(PARTITION BY NAME order BY timestamp desc,case when operation='DELETE' then 1 when operation='UPDATE' then 2 when operation='INSERT' then 3 when operation='REFRESH' then 4 end asc) as rn,row_number() OVER(PARTITION BY NAME,timestamp,operation order BY timestamp desc,operation desc) as rnk,* FROM cdoc28)t where t.rnk = 1",
            "temp_table_name": "cdoc5",
            "partition_column_list": ""
        },
		{
            "card_id": "card_18",
            "card_dependencies": [
                "card_4"
            ],
            "label": "Read_Table 18",
            "card_type": "read_table",
            "description": "Populating etlrunlogid",
            "query": "select s.*,r.ETLRunId as ETLRunLogIdNew from cdoc5 s join (select max(cast(ETLRunId as int)) as ETLRunId from RPI_LOGGING.RPI_COMMON_LOGGING where processstage='CurateStandard' and feedname = 'BTCOPT_ORDER_DOCUMENT_TYPE_BUKOPMS_Incr') r on (1=1)",
            "temp_table_name": "cdoclog",
            "partition_column_list": ""
        },
        {
            "card_id": "card_3",
            "card_dependencies": [
                "card_2",
				"card_18"
            ],
            "label": "Read_Table 3",
            "card_type": "read_table",
            "description": "Applying Transformations",
            "query": "select md5(concat_ws('^|~',s.name,r.LOVId)) as DocumentTypeId,s.C_DOCTYPE_ID as SRCDocumentTypeId, b.OrganisationId ,a.ClientId ,s.NAME as DocumentTypeName,nullif(s.ISACTIVE,'null') as ISACTIVE,s.CREATED as SourceCreated,s.CREATEDBY as SourceCreatedBy,s.UPDATED as SourceUpdated,s.UPDATEDBY as SourceUpdatedBy,s.PRINTNAME,s.DESCRIPTION,s.DOCBASETYPE,nullif(s.ISSOTRX,'null') as ISSOTRX,s.DOCSUBTYPESO as DocsSubTypeSO,s.DOCUMENTNOTE,nullif(s.ISDEFAULT,'null') as ISDEFAULT,s.DOCUMENTCOPIES,nullif(s.ORGFILTERED,'null') as  ORGFILTERED,nullif(s.ISEXPENSE,'null') as  ISEXPENSE,nullif(s.ISREVERSAL,'null') as ISREVERSAL,nullif(s.ISRETURN,'null') as ISRETURN,'BUKOPMS' as RecordSourceCode,cast(r.LOVId as int) as LOVRecordSourceId,cast(s.CurateStandardRowKey as bigint) as DLCurateStandardRowKey,cast(s.ETLRunLogIdNew as int) as DLETLRunLogID,current_timestamp as RunDateTime , case when s.rn=1 and ifnull(s.operation,'null')<>'DELETE' then 'Y' when s.rn=1 and ifnull(s.operation,'null')='DELETE' then 'D' else 'N' end as DLSCDActiveFlag from cdoclog s left join (select distinct ClientId,SRCClientId from curate_enterprise.ODHClient where RecordSourceCode='BUKOPMS' and DLSCDActiveFlag='Y') a on a.SRCClientId=s.AD_CLIENT_ID left join (select distinct OrganisationId,SRCAdOrgId from curate_enterprise.ODHAdOrg where RecordSourceCode='BUKOPMS' and DLSCDActiveFlag='Y') b on b.SRCAdOrgId=s.AD_ORG_ID join (select LOVId from reflovsetinfo where lovkey='BUKOPMS' and lovsetname='System of Record' and LOVRecordsourceid='12012') r on(1=1) where s.Name is not null",
            "temp_table_name": "ODHDocumentType",
            "partition_column_list": ""
        },
        {
            "card_id": "card_25",
            "card_dependencies": [
                "card_3"
            ],
            "label": "Read_Table 25",
            "card_type": "read_table",
            "description": "Filtering Records and Casting to correct DataType",
            "query": "select cast (DocumentTypeId as string),cast (SRCDocumentTypeId as string),cast (OrganisationID as string),cast (ClientId as string),cast (IsActive as string),cast (SourceCreated as date  ),cast (SourceCreatedBy as string),cast (SourceUpdated as date  ),cast (SourceUpdatedBy as string),cast (DocumentTypeName as string),cast (PrintName as string),cast (Description as string),cast (DocBaseType as string),cast (ISSOTRX as string),cast (DocsSubTypeSO as string),cast (DocumentNote as string),cast (IsDefault as string),cast (DocumentCopies as string),cast (OrgFiltered as string),cast (IsExpense as string),cast (IsReversal as string),cast (IsReturn as string),cast(RecordSourceCode  as string),cast(LOVRecordSourceId as int),cast(RunDateTime as timestamp),cast(DLCurateStandardRowKey as bigint),DLETLRunLogID , DLSCDActiveFlag from ODHDocumentType where OrganisationID is not null and ClientId is not null and SRCDocumentTypeId is not null and DocumentTypeName is not null",
            "temp_table_name": "ODHDocumentType1",
            "partition_column_list": ""
        },
        {
            "card_id": "card_27",
            "card_dependencies": [
                "card_25"
            ],
            "label": "Read_Table 27",
            "card_type": "read_table",
            "description": "Insert in ADLS",
            "query": "MERGE INTO curate_enterprise.ODHDocumentType T USING (SELECT case when s.dlscdactiveflag='Y' then s.DocumentTypeId else 'DEACTIVATE' end as mergeKey, s.* FROM ODHDocumentType1 s where s.dlscdactiveflag<>'D' UNION ALL SELECT 'UPDATE' as mergeKey, source.* FROM ODHDocumentType1 source JOIN curate_enterprise.ODHDocumentType Target ON source.DocumentTypeId = Target.DocumentTypeId WHERE Target.DLSCDActiveFlag = 'Y' and source.DLSCDActiveFlag = 'Y') src ON T.DocumentTypeId = src.mergeKey AND T.DLSCDActiveFlag = 'Y' when matched THEN UPDATE SET DLSCDActiveFlag = 'N', DLSCDEndDateTime = src.RunDateTime ,DLUpdateDateTime = src.RunDateTime WHEN not MATCHED AND src.mergeKey <> 'UPDATE' and src.mergekey <> 'DEACTIVATE' THEN INSERT(DocumentTypeId,SRCDocumentTypeId,OrganisationID,ClientId,IsActive,SourceCreated,SourceCreatedBy,SourceUpdated,SourceUpdatedBy,DocumentTypeName,PrintName,Description,DocBaseType,ISSOTRX,DocsSubTypeSO,DocumentNote,IsDefault,DocumentCopies,OrgFiltered,IsExpense,IsReversal,IsReturn,RecordSourceCode,LOVRecordSourceId ,RunDateTime,DLCreateDateTime,DLUpdateDateTime,DLSCDStartDateTime,DLSCDEndDateTime,DLSCDActiveFlag,DLETLRunLogID,DLCurateStandardRowKey)  VALUES(src.DocumentTypeId,src.SRCDocumentTypeId,src.OrganisationID,src.ClientId,src.IsActive,src.SourceCreated,src.SourceCreatedBy,src.SourceUpdated,src.SourceUpdatedBy,src.DocumentTypeName,src.PrintName,src.Description,src.DocBaseType,src.ISSOTRX,src.DocsSubTypeSO,src.DocumentNote,src.IsDefault,src.DocumentCopies,src.OrgFiltered,src.IsExpense,src.IsReversal,src.IsReturn,src.RecordSourceCode,src.LOVRecordSourceId,src.RunDateTime,src.RunDateTime,src.RunDateTime,'1900-01-01 00:00:00.000','9999-12-31 00:00:00.000',src.DLSCDActiveFlag,src.DLETLRunLogID,src.DLCurateStandardRowKey) WHEN not MATCHED AND src.mergeKey = 'UPDATE' THEN INSERT(DocumentTypeId,SRCDocumentTypeId,OrganisationID,ClientId,IsActive,SourceCreated,SourceCreatedBy,SourceUpdated,SourceUpdatedBy,DocumentTypeName,PrintName,Description,DocBaseType,ISSOTRX,DocsSubTypeSO,DocumentNote,IsDefault,DocumentCopies,OrgFiltered,IsExpense,IsReversal,IsReturn,RecordSourceCode,LOVRecordSourceId ,RunDateTime,DLCreateDateTime,DLUpdateDateTime,DLSCDStartDateTime,DLSCDEndDateTime,DLSCDActiveFlag,DLETLRunLogID,DLCurateStandardRowKey)  VALUES(src.DocumentTypeId,src.SRCDocumentTypeId,src.OrganisationID,src.ClientId,src.IsActive,src.SourceCreated,src.SourceCreatedBy,src.SourceUpdated,src.SourceUpdatedBy,src.DocumentTypeName,src.PrintName,src.Description,src.DocBaseType,src.ISSOTRX,src.DocsSubTypeSO,src.DocumentNote,src.IsDefault,src.DocumentCopies,src.OrgFiltered,src.IsExpense,src.IsReversal,src.IsReturn,src.RecordSourceCode,src.LOVRecordSourceId,src.RunDateTime,src.RunDateTime,src.RunDateTime,src.RunDateTime,'9999-12-31 00:00:00.000',src.DLSCDActiveFlag,src.DLETLRunLogID,src.DLCurateStandardRowKey) WHEN not MATCHED AND src.mergeKey = 'DEACTIVATE' THEN INSERT(DocumentTypeId,SRCDocumentTypeId,OrganisationID,ClientId,IsActive,SourceCreated,SourceCreatedBy,SourceUpdated,SourceUpdatedBy,DocumentTypeName,PrintName,Description,DocBaseType,ISSOTRX,DocsSubTypeSO,DocumentNote,IsDefault,DocumentCopies,OrgFiltered,IsExpense,IsReversal,IsReturn ,RecordSourceCode,LOVRecordSourceId ,RunDateTime,DLCreateDateTime,DLUpdateDateTime,DLSCDStartDateTime,DLSCDEndDateTime,DLSCDActiveFlag,DLETLRunLogID,DLCurateStandardRowKey)  VALUES(src.DocumentTypeId,src.SRCDocumentTypeId,src.OrganisationID,src.ClientId,src.IsActive,src.SourceCreated,src.SourceCreatedBy,src.SourceUpdated,src.SourceUpdatedBy,src.DocumentTypeName,src.PrintName,src.Description,src.DocBaseType,src.ISSOTRX,src.DocsSubTypeSO,src.DocumentNote,src.IsDefault,src.DocumentCopies,src.OrgFiltered,src.IsExpense,src.IsReversal,src.IsReturn,src.RecordSourceCode,src.LOVRecordSourceId,src.RunDateTime,src.RunDateTime,src.RunDateTime,src.RunDateTime,src.RunDateTime,src.DLSCDActiveFlag,src.DLETLRunLogID,src.DLCurateStandardRowKey)",
            "temp_table_name": "ODHDocumentType3",
            "partition_column_list": ""
        },
        {
            "card_id": "card_27033",
            "card_dependencies": [
                "card_27"
            ],
            "label": "Read_Table 27033",
            "card_type": "read_table",
            "description": "Insert in ADLS",
            "query": "MERGE INTO curate_enterprise.ODHDocumentType T USING (SELECT s.DocumentTypeId as MergeKey,s.* FROM ODHDocumentType1 s where s.dlscdactiveflag='D' UNION ALL SELECT 'UPDATE' as mergeKey, source.* FROM ODHDocumentType1 source JOIN curate_enterprise.ODHDocumentType Target ON source.DocumentTypeId = Target.DocumentTypeId WHERE Target.DLSCDActiveFlag = 'Y' and source.dlscdactiveflag='D') src ON T.DocumentTypeId = src.mergeKey AND T.DLSCDActiveFlag = 'Y' when matched THEN UPDATE SET DLSCDActiveFlag = 'N', DLSCDEndDateTime = src.RunDateTime ,DLUpdateDateTime = src.RunDateTime WHEN not MATCHED AND src.mergeKey = 'UPDATE' THEN INSERT(DocumentTypeId,SRCDocumentTypeId,OrganisationID,ClientId,IsActive,SourceCreated,SourceCreatedBy,SourceUpdated,SourceUpdatedBy,DocumentTypeName,PrintName,Description,DocBaseType,ISSOTRX,DocsSubTypeSO,DocumentNote,IsDefault,DocumentCopies,OrgFiltered,IsExpense,IsReversal,IsReturn ,RecordSourceCode,LOVRecordSourceId ,RunDateTime,DLCreateDateTime,DLUpdateDateTime,DLSCDStartDateTime,DLSCDEndDateTime,DLSCDActiveFlag,DLETLRunLogID,DLCurateStandardRowKey)  VALUES(src.DocumentTypeId,src.SRCDocumentTypeId,src.OrganisationID,src.ClientId,src.IsActive,src.SourceCreated,src.SourceCreatedBy,src.SourceUpdated,src.SourceUpdatedBy,src.DocumentTypeName,src.PrintName,src.Description,src.DocBaseType,src.ISSOTRX,src.DocsSubTypeSO,src.DocumentNote,src.IsDefault,src.DocumentCopies,src.OrgFiltered,src.IsExpense,src.IsReversal,src.IsReturn,src.RecordSourceCode,src.LOVRecordSourceId,src.RunDateTime,src.RunDateTime,src.RunDateTime,src.RunDateTime,src.RunDateTime,'N',src.DLETLRunLogID,src.DLCurateStandardRowKey) WHEN not MATCHED AND src.mergeKey <> 'UPDATE' THEN INSERT(DocumentTypeId,SRCDocumentTypeId,OrganisationID,ClientId,IsActive,SourceCreated,SourceCreatedBy,SourceUpdated,SourceUpdatedBy,DocumentTypeName,PrintName,Description,DocBaseType,ISSOTRX,DocsSubTypeSO,DocumentNote,IsDefault,DocumentCopies,OrgFiltered,IsExpense,IsReversal,IsReturn ,RecordSourceCode,LOVRecordSourceId ,RunDateTime,DLCreateDateTime,DLUpdateDateTime,DLSCDStartDateTime,DLSCDEndDateTime,DLSCDActiveFlag,DLETLRunLogID,DLCurateStandardRowKey)  VALUES(src.DocumentTypeId,src.SRCDocumentTypeId,src.OrganisationID,src.ClientId,src.IsActive,src.SourceCreated,src.SourceCreatedBy,src.SourceUpdated,src.SourceUpdatedBy,src.DocumentTypeName,src.PrintName,src.Description,src.DocBaseType,src.ISSOTRX,src.DocsSubTypeSO,src.DocumentNote,src.IsDefault,src.DocumentCopies,src.OrgFiltered,src.IsExpense,src.IsReversal,src.IsReturn,src.RecordSourceCode,src.LOVRecordSourceId,src.RunDateTime,src.RunDateTime,src.RunDateTime,src.RunDateTime,src.RunDateTime,'N',src.DLETLRunLogID,src.DLCurateStandardRowKey)",
            "temp_table_name": "ODHDocumentType27033",
            "partition_column_list": ""
        },
        {
            "card_id": "card_11",
            "card_dependencies": [
                "card_3",
                "card_27033",
				"card_12"
            ],
            "label": "Write_Delta 11",
            "card_type": "write_delta",
            "description": "Write backup Standard",
            "query": "select * from cdoc11 where name not in (select DocumentTypeName from ODHDocumentType where OrganisationID is not null and ClientId is not null)",
            "data_path": "/mnt/idf-curatestandard/BTUKOPTIT/BUKOPMS/BTCOPT_ORDER_DOCUMENT_TYPE_BUKOPMS_Incr/BackUp",
            "partition_key_columns": "",
            "mode": "OVERWRITE",
            "type": "GENERAL"
        }
    ]
}
