<?xml version="1.0" encoding="UTF-8"?>

<configuration scan="true" debug="true">

	<property name="LOG_SRC" value="/home/LogFiles" />
	<property name="LOG_FILENAME" value="filetool" />

	<contextListener class="ch.qos.logback.classic.jul.LevelChangePropagator">
		<resetJUL>true</resetJUL>
	</contextListener>

	<appender name="CONSOLE" class="ch.qos.logback.core.ConsoleAppender">
		<layout class="ch.qos.logback.classic.PatternLayout">
			<Pattern>%d{HH:mm:ss.SSS} [%t] %-5level %logger{36} [%X{correlationId}] - %msg%n</Pattern>
		</layout>
	</appender>

	<appender name="dailyRollingFileAppender" class="ch.qos.logback.core.rolling.RollingFileAppender">
		<file>${LOG_SRC}/${LOG_FILENAME}.log</file>
		<prudent>true</prudent>
		<rollingPolicy class="ch.qos.logback.core.rolling.TimeBasedRollingPolicy">
			<!-- daily rollover -->
			<FileNamePattern>${LOG_SRC}/${LOG_FILENAME}.%d{yyyy-MM-dd}.log
			</FileNamePattern>
		</rollingPolicy>

		<encoder>
			<charset>UTF-8</charset>
			<pattern>[%d{yyyy-MM-dd HH:mm:ss.SSS}] [%thread] [%relative] [%logger{36}] [%method] [%line] [%-5level] [%X{correlationId}] - %msg%n</pattern>
		</encoder>
	</appender>

	<logger name="com.wbadz.leap" level="info" additivity="false">
		<appender-ref ref="dailyRollingFileAppender" />
		<appender-ref ref="CONSOLE" />
	</logger>	

	<root level="info">
		<appender-ref ref="dailyRollingFileAppender" />
		<appender-ref ref="CONSOLE" />
	</root>

</configuration>
