{
    "project_name": "PAT",
    "config_type": "etl",
    "description": "",
    "data_source": [],
    "report_path": "/mnt/idf-reports/BUKIT/PAT/IF_00716CurateADLS",
    "cards": [
        {
            "card_id": "card_0",
            "card_dependencies": [],
            "label": "Read_Delta 0",
            "card_type": "read_delta",
            "description": "read data from ADLS",
            "data_path": "/mnt/idf-curatestandard/BUKIT/PAT/BootsUK_IF_00716_Credit_Claiming_Info_PAT_Incr",
            "output_table": "CreditClaim"
        },
        {
            "card_id": "card_1",
            "card_dependencies": [
                "card_0"
            ],
            "label": "Apply_Filter 1",
            "card_type": "apply_filter",
            "description": "applyfilter",
            "input_table": "CreditClaim",
            "output_table": "CreditClaim",
            "filter": [],
            "unmatch_data": false
        },
        {
            "card_id": "card_2",
            "card_dependencies": [
                "card_1"
            ],
            "label": "Write_Delta 2",
            "card_type": "write_delta",
            "description": "write to delta",
			"query": "select CreditClaimingDate,SiteSourceKey,ReasonCodeID,UserInitials, MedicinalProductCode,QuantityInPacks,RunDateTime ,Year, Month, Day,SourceSystemID,LOVRecordSourceID,SCDStartDate,SCDEndDate,SCDActiveFlag,SCDVersion,SCDLOVRecordSourceID,ETLRunLogID from CreditClaim",
            "data_path": "/mnt/idf-curate/Pharmaceuticals/CreditClaim",
            "partition_key_columns": "SourceSystemID,Year,Month,Day",
            "mode": "APPEND",
            "type": "GENERAL"
        }
    ]
}