{
    "$schema": "http://schema.management.azure.com/schemas/2019-04-01/deploymentParameters.json#",
    "contentVersion": "1.1.0.0",
    "parameters": {
        "tags": {
            "value": {
                "CostCenter": "Data and Analytics Enablement",
                "Department": "Data and Analytics Enablement",
                "DeployDate": "2021-01-19",
                "Deployer": "danieltri.nguyen@walgreens.com",
                "DeptName": "Leap",
                "EnvType": "Non-Production",
                "LOB": "Data Analytics",
                "LegalSubEntity": "Walgreen Co",
                "SenType": "Not Applicable",
                "Sensitivity": "Non-Sensitive",
                "SubDivision": "Data Analytics & Corporate Technology Systems"
            },
            "metadata": {
                "description": "[REQUIRED] https://dev.azure.com/WBA/IT%20Services/_git/ccp-ent-infra-build?path=%2Flibrary%2Fprod%2Fanalysis-services%2FPARAMETERS.md&_a=preview&version=GBmaster&anchor=%60parameters.tags%60"
            }
        },
        "location": {
            "value": "eastus2",
            "metadata": {
                "description": "[REQUIRED] https://dev.azure.com/WBA/IT%20Services/_git/ccp-ent-infra-build?path=%2Flibrary%2Fprod%2Fanalysis-services%2FPARAMETERS.md&_a=preview&version=GBmaster&anchor=%60parameters.location%60"
            }
        },
        "serverName": {
            "value": "dapdevanls01",
            "metadata": {
                "description": "[REQUIRED] https://dev.azure.com/WBA/IT%20Services/_git/ccp-ent-infra-build?path=%2Flibrary%2Fprod%2Fanalysis-services%2FPARAMETERS.md&_a=preview&version=GBmaster&anchor=%60parameters.servername%60"
            }
        },
        "querypoolConnectionMode": {
            "value": "All",
            "metadata": {
                "description": "[OPTIONAL] https://dev.azure.com/WBA/IT%20Services/_git/ccp-ent-infra-build?path=%2Flibrary%2Fprod%2Fanalysis-services%2FPARAMETERS.md&_a=preview&version=GBmaster&anchor=%60parameters.querypoolconnectionmode%60"
            }
        },
        "skuName": {
            "value": "S0",
            "metadata": {
                "description": "[OPTIONAL] https://dev.azure.com/WBA/IT%20Services/_git/ccp-ent-infra-build?path=%2Flibrary%2Fprod%2Fanalysis-services%2FPARAMETERS.md&_a=preview&version=GBmaster&anchor=%60parameters.skuname%60"
            }
        },
        "skuCapacity": {
            "value": 1,
            "metadata": {
                "description": "[OPTIONAL] https://dev.azure.com/WBA/IT%20Services/_git/ccp-ent-infra-build?path=%2Flibrary%2Fprod%2Fanalysis-services%2FPARAMETERS.md&_a=preview&version=GBmaster&anchor=%60parameters.skucapacity%60"
            }
        },
        "roleAssignments": {
            "value": [ ],
            "metadata": {
                "description": "[OPTIONAL] https://dev.azure.com/WBA/IT%20Services/_git/ccp-ent-infra-build?path=%2Flibrary%2Fprod%2Fanalysis-services%2FPARAMETERS.md&_a=preview&version=GBmaster&anchor=%60parameters.roleassignments%60"
            }
        }
    },
    "deploymentParameters": {
        "resourceGroup": "rpu-nprod-dna-data-analytics-eastus2-paas-02-rg",
        "subscription": "rpu-nprod-dna-data-analytics-02",
        "templateFile": ".\\library\\prod\\analysis-services\\analysis-services-template.json"
    }
}