{
	"$schema": "https://schema.management.azure.com/schemas/2019-04-01/deploymentTemplate.json#",
	"contentVersion": "1.1.0.0",
	"parameters": {
		"injectedValues": {
			"defaultValue": {},
			"type": "object"
		},
		"tags": {
			"type": "object",
			"metadata": {
				"description": "Key-value pairs of additional resource provisioning properties.",
				"required": "no"
			}
		},
		"location": {
			"type": "string",
			"metadata": {
				"description": "Location of the Analysis Services resource.",
				"required": "yes"
			}
		},
		"serverName": {
			"type": "string",
			"minLength": 3,
			"maxLength": 63,
			"metadata": {
				"description": "The name of the Analysis Services server. It must be a minimum of 3 characters, and a maximum of 63.",
				"required": "yes",
				"subType": "regex",
				"pattern": "^[a-z][a-z0-9]*$"
			}
		},
		"ipV4FirewallSettingsEnablePowerBIService": {
			"type": "bool",
			"allowedValues": [
				true
			],
			"defaultValue": true,
			"metadata": {
				"description": "The indicator of enabling PBI service.",
				"required": "no"
			}
		},
		"querypoolConnectionMode": {
			"type": "string",
			"allowedValues": [
				"All",
				"ReadOnly"
			],
			"defaultValue": "All",
			"metadata": {
				"description": "How the read-write server's participation in the query pool is controlled.<br/>It can have the following values: <ul><li>readOnly - indicates that the read-write server is intended not to participate in query operations</li><li>all - indicates that the read-write server can participate in query operations</li></ul>Specifying readOnly when capacity is 1 results in error.",
				"required": "no"
			}
		},
		"skuName": {
			"type": "string",
			"allowedValues": [
				"D1",
				"B0",
				"B1",
				"S0",
				"S1",
				"S2",
				"S3",
				"S4",
				"S8",
				"S9",
				"S8v2",
				"S9v2"
			],
			"defaultValue": "S0",
			"metadata": {
				"description": "Name of the SKU level. A standard SKU (one that begins with S) is required for production.  S8 and S9 are only available in East US 2 and West Europe",
				"required": "yes"
			}
		},
		"skuTier": {
			"type": "string",
			"allowedValues": [
				"Standard"
			],
			"defaultValue": "Standard",
			"metadata": {
				"description": "The name of the Azure pricing tier to which the SKU applies.",
				"required": "no"
			}
		},
		"skuCapacity": {
			"type": "int",
			"minValue": 1,
			"maxValue": 8,
			"defaultValue": 1,
			"metadata": {
				"description": "The number of instances in the read only query pool.",
				"required": "no"
			}
		},
		"roleAssignments": {
			"type": "array",
			"defaultValue": [],
			"metadata": {
				"description": "A list of role assignments mapped to identities",
				"subType": "object",
				"subTypeDefinition": {
					"roleDefinitionName": {
						"type": "string",
						"allowedValues": [
							"WBA - LEAP - Resource Deletion",
							"Reader"
						],
						"metadata": {
							"required": "yes",
							"description": "Name of the RBAC role that needs to be assigned to the principal i.e. Reader, Contributor, Virtual Network Administrator, etc."
						}
					},
					"principalName": {
						"type": "string",
						"metadata": {
							"required": "no",
							"description": "Azure AD name or email address of the user, group or service principal."
						}
					},
					"principalId": {
						"type": "string",
						"metadata": {
							"required": "no",
							"description": "Azure AD Object ID of the user, group or service principal."
						}
					}
				}
			}
		}
	},
	"variables": {
		"serverApiVersion": "2017-08-01",
		"uniqueName": "[uniqueString(parameters('serverName'))]",
		"edgeFirewallRules": [
			{
				"firewallRuleName": "DataCenterEdge1",
				"rangeStart": "63.73.199.1",
				"rangeEnd": "63.73.199.255"
			},
			{
				"firewallRuleName": "DataCenterEdge2",
				"rangeStart": "204.15.116.1",
				"rangeEnd": "204.15.119.255"
			},
			{
				"firewallRuleName": "DataCenterEdge3",
				"rangeStart": "63.239.17.1",
				"rangeEnd": "63.239.17.255"
			},
			{
				"firewallRuleName": "DataCenterEdge4",
				"rangeStart": "209.65.11.1",
				"rangeEnd": "209.65.11.255"
			}
		],
		"prodFirewallRules": [
			{
				"firewallRuleName": "Prod-CentralUS",
				"rangeStart": "40.67.188.50",
				"rangeEnd": "40.67.188.50"
			},
			{
				"firewallRuleName": "Prod-EastUS2",
				"rangeStart": "52.177.84.230",
				"rangeEnd": "52.177.84.230"
			},
			{
				"firewallRuleName": "Prod-NorthEurope",
				"rangeStart": "52.155.224.242",
				"rangeEnd": "52.155.224.242"
			},
			{
				"firewallRuleName": "Prod-WestEurope",
				"rangeStart": "51.105.163.210",
				"rangeEnd": "51.105.163.210"
			}
		],
		"nprodFirewallRules": [
			{
				"firewallRuleName": "NonProd-CentralUS",
				"rangeStart": "52.230.220.128",
				"rangeEnd": "52.230.220.128"
			},
			{
				"firewallRuleName": "NonProd-EastUS2",
				"rangeStart": "40.65.233.76",
				"rangeEnd": "40.65.233.76"
			},
			{
				"firewallRuleName": "NonProd-NorthEurope",
				"rangeStart": "52.155.224.148",
				"rangeEnd": "52.155.224.148"
			},
			{
				"firewallRuleName": "NonProd-WestEurope",
				"rangeStart": "51.105.144.11",
				"rangeEnd": "51.105.144.11"
			}
		],
		"envFirewallRules": "[if(equals(parameters('injectedValues').envType, 'Production'), variables('prodFirewallRules'), variables('nprodFirewallRules'))]",
		"ipV4FirewallSettingsFirewallRules": "[union(variables('edgeFirewallRules'),variables('envFirewallRules'))]",
		"roleAssignmentsApiVersion": "2019-04-01-preview",
		"defaultRoleAssignment": {
			"roleDefinitionName": "UNSET",
			"principalId": "UNSET"
		},
		"roleAssignments": "[if(empty(parameters('roleAssignments')), array(variables('defaultRoleAssignment')), parameters('roleAssignments'))]",
		"WBA - LEAP - Resource Deletion":  "0b554e07-b285-4549-b42c-53fcdd1b6b0e",
		"Reader": "acdd72a7-3385-48ef-bd42-f606fba81ae7"
	},
	"resources": [
		{
			"type": "Microsoft.AnalysisServices/servers",
			"apiVersion": "[variables('serverApiVersion')]",
			"dependsOn": [],
			"name": "[parameters('serverName')]",
			"location": "[parameters('location')]",
			"sku": {
				"name": "[parameters('skuName')]",
				"tier": "[parameters('skuTier')]",
				"capacity": "[parameters('skuCapacity')]"
			},
			"tags": "[parameters('tags')]",
			"properties": {
				"ipV4FirewallSettings": {
					"firewallRules": "[variables('ipV4FirewallSettingsFirewallRules')]",
					"enablePowerBIService": "[parameters('ipV4FirewallSettingsEnablePowerBIService')]"
				},
				"querypoolConnectionMode": "[parameters('querypoolConnectionMode')]"
			}
		},
		{
			"type": "Microsoft.AnalysisServices/servers/providers/roleAssignments",
			"apiVersion": "[variables('roleAssignmentsApiVersion')]",
			"condition": "[not(empty(parameters('roleAssignments')))]",
			"dependsOn": [
				"[resourceId('Microsoft.AnalysisServices/servers', parameters('serverName'))]"
			],
			"name": "[concat(parameters('serverName'), '/Microsoft.Authorization/', guid(variables('roleAssignments')[copyIndex()].principalId, variables('roleAssignments')[copyIndex()].roleDefinitionName , variables('uniqueName')))]",
			"properties": {
				"roleDefinitionId": "[resourceId('Microsoft.Authorization/roleDefinitions', variables(variables('roleAssignments')[copyIndex()].roleDefinitionName))]",
				"principalId": "[variables('roleAssignments')[copyIndex()].principalId]"
			},
			"copy": {
				"name": "roleAssignmentsCopy",
				"count": "[length(variables('roleAssignments'))]"
			}
		}
	]
}