{
    "$schema": "http://schema.management.azure.com/schemas/2019-04-01/deploymentParameters.json#",
    "contentVersion": "1.1.0.0",
    "parameters": {
        "tags": {
            "value": {
                "LegalSubEntity": "",
                "SubDivision": "",
                "Department": "",
                "CostCenter": "",
                "EnvType": "",
                "Sensitivity": "",
                "SenType": ""
            },
            "metadata": {
                "description": "[REQUIRED] https://dev.azure.com/WBA/IT%20Services/_git/ccp-ent-infra-build?path=%2Flibrary%2Fprod%2Fanalysis-services%2FPARAMETERS.md&_a=preview&version=GBmaster&anchor=%60parameters.tags%60"
            }
        },
        "location": {
            "value": "",
            "metadata": {
                "description": "[REQUIRED] https://dev.azure.com/WBA/IT%20Services/_git/ccp-ent-infra-build?path=%2Flibrary%2Fprod%2Fanalysis-services%2FPARAMETERS.md&_a=preview&version=GBmaster&anchor=%60parameters.location%60"
            }
        },
        "serverName": {
            "value": "",
            "metadata": {
                "description": "[REQUIRED] https://dev.azure.com/WBA/IT%20Services/_git/ccp-ent-infra-build?path=%2Flibrary%2Fprod%2Fanalysis-services%2FPARAMETERS.md&_a=preview&version=GBmaster&anchor=%60parameters.servername%60"
            }
        }
    },
    "deploymentParameters": {
        "resourceGroup": "",
        "subscription": "",
        "templateFile": ".\\library\\prod\\analysis-services\\analysis-services-template.json"
    }
}