{
    "project_name": "BUKOPMS",
    "config_type": "etl",
    "description": "",
    "data_source": [],
    "report_path": "/mnt/idf-reports/BTUKOPTIT/BUKOPMS/BTCOPT_ORDER_OFFER_INFO_BUKOPMS_Incr/Incremental/CurateADLS/",
    "cards": [
        {
            "card_id": "card_0",
            "card_dependencies": [],
            "label": "Read_Delta 0",
            "card_type": "read_delta",
            "description": "reading standard location",
            "data_path": "/mnt/idf-curatestandard/BTUKOPTIT/BUKOPMS/BTCOPT_ORDER_OFFER_INFO_BUKOPMS_Incr/Incremental",
            "output_table": "M_OFFER_INFO1"
        },
        {
            "card_id": "card_1",
            "card_dependencies": [
                "card_0"
            ],
            "label": "Apply_Filter 1",
            "card_type": "apply_filter",
            "description": "filtering records with RunDateTime",
            "input_table": "M_OFFER_INFO1",
            "output_table": "M_OFFER_INFO2",
            "filter": [],
            "unmatch_data": false
        },
		{
			"card_id": "card_2",
			"card_dependencies": [],
			"label": "Read_Table 2",
			"card_type": "read_table",
			"description": "Read ADLS table",
			"query": "Select * from curate_enterprise.reflovsetinfo",
			"temp_table_name": "reflovsetinfo",
			"partition_column_list": ""
		},
        {
            "card_id": "card_13",
            "card_dependencies": [],
            "label": "Read_Delta 13",
            "card_type": "read_delta",
            "description": "reading standard backup location",
            "data_path": "/mnt/idf-curatestandard/BTUKOPTIT/BUKOPMS/BTCOPT_ORDER_OFFER_INFO_BUKOPMS_Incr/BackUp",
            "output_table": "M_OFFER_INFO12"
        },
        {
            "card_id": "card_12",
            "card_dependencies": [
                "card_13",
                "card_1"
            ],
            "label": "Read_Table 12",
            "card_type": "read_table",
            "description": "Union with backup table",
            "query": "select * from M_OFFER_INFO2 union select * from M_OFFER_INFO12",
            "temp_table_name": "M_OFFER_INFO11",
            "partition_column_list": ""
        },
        {
            "card_id": "card_4",
            "card_dependencies": [
                "card_28"
            ],
            "label": "Read_Table 4",
            "card_type": "read_table",
            "description": "fetching latest records",
            "query": "select * from (select row_number() OVER(PARTITION BY M_OFFER_ID order BY timestamp desc,case when operation='DELETE' then 1 when operation='UPDATE' then 2 when operation='INSERT' then 3 when operation='REFRESH' then 4 end asc) as rn,row_number() OVER(PARTITION BY M_OFFER_ID,timestamp,operation order BY timestamp desc,operation desc) as rnk,* FROM M_OFFER_INFO101)t where t.rnk = 1",
            "temp_table_name": "M_OFFER_INFO5",
            "partition_column_list": ""
        },
        {
            "card_id": "card_28",
            "card_dependencies": [
                "card_12"
            ],
            "label": "Read_Table 28",
            "card_type": "read_table",
            "description": "Making null void null",
            "query": "select nullif(CurateStandardRowKey,'null') as  CurateStandardRowKey,nullif(M_OFFER_ID,'null') as M_OFFER_ID,nullif(AD_CLIENT_ID,'null') as AD_CLIENT_ID,nullif(AD_ORG_ID,'null') as AD_ORG_ID,nullif(ISACTIVE,'null') as ISACTIVE,nullif(CREATED,'null') as CREATED,nullif(CREATEDBY,'null') as CREATEDBY,nullif(UPDATED,'null') as UPDATED,nullif(UPDATEDBY,'null') as UPDATEDBY,nullif(NAME,'null') as NAME,nullif(PRIORITY,'null') as PRIORITY,nullif(ADDAMT,'null') as ADDAMT,nullif(DISCOUNT,'null') as DISCOUNT,nullif(FIXED,'null') as FIXED,nullif(DATEFROM,'null') as DATEFROM,nullif(DATETO,'null') as DATETO,nullif(BPARTNER_SELECTION,'null') as BPARTNER_SELECTION,nullif(BP_GROUP_SELECTION,'null') as BP_GROUP_SELECTION,nullif(PRODUCT_SELECTION,'null') as PRODUCT_SELECTION,nullif(PROD_CAT_SELECTION,'null') as PROD_CAT_SELECTION,nullif(DESCRIPTION,'null') as DESCRIPTION,nullif(PRICELIST_SELECTION,'null') as PRICELIST_SELECTION,nullif(QTY_FROM,'null') as QTY_FROM,nullif(QTY_TO,'null') as QTY_TO,nullif(M_OFFER_TYPE_ID,'null') as M_OFFER_TYPE_ID,nullif(APPLY_NEXT,'null') as APPLY_NEXT,nullif(PRINT_NAME,'null') as PRINT_NAME,nullif(ORG_SELECTION,'null') as ORG_SELECTION,nullif(ISMULTIPLE,'null') as ISMULTIPLE,nullif(MULTIPLE,'null') as MULTIPLE,nullif(CHARACTERISTICS_SELECTION,'null') as CHARACTERISTICS_SELECTION,nullif(EM_HORCUS_NCLDD_CSTMR_FLDS,'null') as EM_HORCUS_NCLDD_CSTMR_FLDS,nullif(EM_HORCUS_ISNHS,'null') as EM_HORCUS_ISNHS,nullif(EM_HORCUS_MIN_AMT,'null') as EM_HORCUS_MIN_AMT,nullif(EM_HORCUS_DISC_PERC,'null') as EM_HORCUS_DISC_PERC,nullif(EM_HORCUS_MINIMUMMONEY,'null') as EM_HORCUS_MINIMUMMONEY,nullif(EM_HORCUS_POINT,'null') as EM_HORCUS_POINT,nullif(EM_HORCUS_FACTORPOINT,'null') as EM_HORCUS_FACTORPOINT,nullif(EM_HORCUS_PROM_SELECTION,'null') as EM_HORCUS_PROM_SELECTION,nullif(EM_HORCUS_STATUS,'null') as EM_HORCUS_STATUS,nullif(EM_HORCUS_PENDING,'null') as EM_HORCUS_PENDING,nullif(EM_HORCUS_APPROVAL,'null') as EM_HORCUS_APPROVAL,nullif(EM_HORCUS_WITHDRAWN,'null') as EM_HORCUS_WITHDRAWN,nullif(EM_HORCUS_ADVCARD,'null') as EM_HORCUS_ADVCARD,nullif(EM_HORCUS_PERCENTAGESECPAIR,'null') as EM_HORCUS_PERCENTAGESECPAIR,nullif(EM_HORCUS_AMTDISCOUNT,'null') as EM_HORCUS_AMTDISCOUNT,nullif(EM_HORCUS_COUNTRY_PROM,'null') as EM_HORCUS_COUNTRY_PROM,nullif(EM_HORCUS_CLUB_PROM,'null') as EM_HORCUS_CLUB_PROM,nullif(EM_HORCUS_REGIONLIST_BUTTON,'null') as EM_HORCUS_REGIONLIST_BUTTON,nullif(EM_DISCT_TOTALRECEIPT,'null') as EM_DISCT_TOTALRECEIPT,nullif(EM_DISCT_TOTALAMOUNTDISC,'null') as EM_DISCT_TOTALAMOUNTDISC,nullif(EM_DISCT_TOTALPERCDISC,'null') as EM_DISCT_TOTALPERCDISC,nullif(EM_OBDISCP_MONDAY,'null') as EM_OBDISCP_MONDAY,nullif(EM_OBDISCP_TUESDAY,'null') as EM_OBDISCP_TUESDAY,nullif(EM_OBDISCP_WEDNESDAY,'null') as EM_OBDISCP_WEDNESDAY,nullif(EM_OBDISCP_THURSDAY,'null') as EM_OBDISCP_THURSDAY,nullif(EM_OBDISCP_FRIDAY,'null') as EM_OBDISCP_FRIDAY,nullif(EM_OBDISCP_SATURDAY,'null') as EM_OBDISCP_SATURDAY,nullif(EM_OBDISCP_SUNDAY,'null') as EM_OBDISCP_SUNDAY,nullif(EM_OBDISCP_WHOLEWEEK,'null') as EM_OBDISCP_WHOLEWEEK,nullif(EM_OBDISCP_ISCOUPON,'null') as EM_OBDISCP_ISCOUPON,nullif(EM_OBDISCP_CLONEOFFER,'null') as EM_OBDISCP_CLONEOFFER,nullif(EM_OBDISC_X,'null') as EM_OBDISC_X,nullif(EM_OBDISC_Y,'null') as EM_OBDISC_Y,nullif(EM_OBDISC_SUBTYPE,'null') as EM_OBDISC_SUBTYPE,nullif(EM_OBDISC_DISTRIBUTE,'null') as EM_OBDISC_DISTRIBUTE,nullif(EM_OBDISC_PRICE,'null') as EM_OBDISC_PRICE,nullif(EM_OBDISC_C_CURRENCY_ID,'null') as EM_OBDISC_C_CURRENCY_ID,nullif(EM_OBDISC_UPC,'null') as EM_OBDISC_UPC,nullif(EM_OBDISC_IMAGE,'null') as EM_OBDISC_IMAGE,nullif(EM_OBDISC_AMT,'null') as EM_OBDISC_AMT,nullif(EM_OBDISC_PERCENTAGE,'null') as EM_OBDISC_PERCENTAGE,nullif(EM_OBDISC_ROLE_SELECTION,'null') as EM_OBDISC_ROLE_SELECTION,nullif(EM_OBDISC_APPROVAL_REQUIRED,'null') as EM_OBDISC_APPROVAL_REQUIRED,nullif(EM_HORCUS_FRAME_ONLY,'null') as EM_HORCUS_FRAME_ONLY,nullif(EM_HORCUS_SORT,'null') as EM_HORCUS_SORT,nullif(OPERATION,'null') as OPERATION,nullif(TIMESTAMP,'null') as TIMESTAMP,nullif(TRANSACTIONID,'null') as TRANSACTIONID from M_OFFER_INFO11",
            "temp_table_name": "M_OFFER_INFO101",
            "partition_column_list": ""
        },
		{
            "card_id": "card_18",
            "card_dependencies": [
                "card_4"
            ],
            "label": "Read_Table 18",
            "card_type": "read_table",
            "description": "Populating etlrunlogid",
            "query": "select s.*,r.ETLRunId as ETLRunLogIdNew from M_OFFER_INFO5 s join (select max(cast(ETLRunId as int)) as ETLRunId from RPI_LOGGING.RPI_COMMON_LOGGING where processstage='CurateStandard' and feedname = 'BTCOPT_ORDER_OFFER_INFO_BUKOPMS_Incr') r on (1=1)",
            "temp_table_name": "M_OFFER_INFOlog",
            "partition_column_list": ""
        },
        {
            "card_id": "card_3",
            "card_dependencies": [
                "card_18"
            ],
            "label": "Read_Table 3",
            "card_type": "read_table",
            "description": "Applying Transformations",
            "query": "select distinct md5(concat_ws('^|~',ss.M_OFFER_ID,r.LOVId))  as OfferId, ss.M_OFFER_ID as  SRCOfferId, ss.AD_ORG_ID,s.OrganisationId as OrganisationId, ss.AD_CLIENT_ID ,u.ClientId as ClientId, ss.NAME as  OfferName, ss.ISACTIVE as  IsActive, ss.CREATED as  , ss.CREATED as SourceCreated, ss.CREATEDBY as SourceCreatedBy, ss.UPDATED as SourceUpdated, ss.UPDATEDBY as SourceUpdatedBy, ss.PRIORITY as  Priority, ss.ADDAMT as  Addamt, ss.DISCOUNT as  Discount, ss.FIXED as  Fixed, ss.DATEFROM as  DateFrom, ss.DATETO as  DateTo, ss.BPARTNER_SELECTION as  BpartnerSelection, ss.BP_GROUP_SELECTION as  BpGroupSelection, ss.PRODUCT_SELECTION as  ProductSelection, ss.PROD_CAT_SELECTION as  ProductCatSelection, ss.PRICELIST_SELECTION as  PricelistSelection, ss.DESCRIPTION as  Description, ss.QTY_FROM as  QtyFrom, ss.QTY_TO as  QtyTo, ss.M_OFFER_TYPE_ID, p.OfferTypeId as OfferTypeId, ss.APPLY_NEXT as  ApplyNext, ss.PRINT_NAME as  PrintName, ss.ORG_SELECTION as  OrgSelection, ss.ISMULTIPLE as  IsMultiple, ss.MULTIPLE as  Multiple, ss.CHARACTERISTICS_SELECTION as  CharacteristicsSelection, ss.EM_HORCUS_NCLDD_CSTMR_FLDS as  EmHorcusNclddCstmrFlds, ss.EM_HORCUS_ISNHS as  EmHorcusIsNhs, ss.EM_HORCUS_MIN_AMT as  EmHorcusMinAmt, ss.EM_HORCUS_DISC_PERC as  EmHorcusDiscPerc, ss.EM_HORCUS_MINIMUMMONEY as  EmHorcusMinimumMoney, ss.EM_HORCUS_POINT as  EmHorcusPoint, ss.EM_HORCUS_FACTORPOINT as  EmHorcusFactorPoint, ss.EM_HORCUS_PROM_SELECTION as  EmHorcusPromSelection, ss.EM_HORCUS_STATUS as  EmHorcusStatus, ss.EM_HORCUS_PENDING as  EmHorcusPending, ss.EM_HORCUS_APPROVAL as  EmHorcusApproval, ss.EM_HORCUS_WITHDRAWN as  EmHorcusWithdrawn, ss.EM_HORCUS_ADVCARD as  EmHorcusAdvCard, ss.EM_HORCUS_PERCENTAGESECPAIR as  EmHorcusPercentageSecPair, ss.EM_HORCUS_AMTDISCOUNT as  EmHorcusAmtDiscount, ss.EM_HORCUS_COUNTRY_PROM as  EmHorcusCountryProm, ss.EM_HORCUS_CLUB_PROM as  EmHorcusClubProm, ss.EM_HORCUS_REGIONLIST_BUTTON as  EmHorcusRegionListButton, ss.EM_DISCT_TOTALRECEIPT as  EmDisctTotalReceipt, ss.EM_DISCT_TOTALAMOUNTDISC as  EmDisctTotalAmtDisc, ss.EM_DISCT_TOTALPERCDISC as  EmDisctTotalPercDisc, ss.EM_OBDISCP_MONDAY as  EmObdiscpMonday, ss.EM_OBDISCP_TUESDAY as  EmObdiscpTuesday, ss.EM_OBDISCP_WEDNESDAY as  EmObdiscpWednesday, ss.EM_OBDISCP_THURSDAY as  EmObdiscpThursday, ss.EM_OBDISCP_FRIDAY as  EmObdiscpFriday, ss.EM_OBDISCP_SATURDAY as  EmObdiscpSaturday, ss.EM_OBDISCP_SUNDAY as  EmObdiscpSunday, ss.EM_OBDISCP_WHOLEWEEK as  EmObdiscpWholeWeek, ss.EM_OBDISCP_ISCOUPON as  EmObdiscpIsCoupon, ss.EM_OBDISCP_CLONEOFFER as  EmObdiscpCloneOffer, ss.EM_OBDISC_X as  EmObdiscX, ss.EM_OBDISC_Y as  EmObdiscY, ss.EM_OBDISC_SUBTYPE as  EmObdiscSubtype, ss.EM_OBDISC_DISTRIBUTE as  EmObdiscDistribute, ss.EM_OBDISC_PRICE as  EmObdiscPrice, ss.EM_OBDISC_UPC as  EmObdiscUpc, ss.EM_OBDISC_IMAGE as  EmObdiscImage, ss.EM_OBDISC_AMT as  EmObdiscAmt, ss.EM_OBDISC_PERCENTAGE as  EmObdiscPercentage, ss.EM_OBDISC_ROLE_SELECTION as  EmObdiscRoleSelection, ss.EM_OBDISC_APPROVAL_REQUIRED as  EmObdiscApprovalRequired, ss.EM_HORCUS_FRAME_ONLY as  EmHorcusFrameOnly, ss.EM_HORCUS_SORT as  EmHorcusSort,'BUKOPMS' as RecordSourceCode,r.LOVId as LOVRecordSourceId,ss.CurateStandardRowKey as DLCurateStandardRowKey,ss.ETLRunLogIdNew as DLETLRunLogID,current_timestamp as RunDateTime , case when ss.rn=1 and ifnull(ss.operation,'null')<>'DELETE' then 'Y' when ss.rn=1 and ifnull(ss.operation,'null')='DELETE' then 'D' else 'N' end as DLSCDActiveFlag  from M_OFFER_INFOlog ss join ( select LOVId from reflovsetinfo where lovkey='BUKOPMS' and lovsetname='System of Record' and LOVRecordsourceid='12012') r on(1=1) left join (select ClientId,SRCClientId from curate_enterprise.ODHClient where RecordSourceCode='BUKOPMS' and DLSCDActiveFlag='Y') u on u.SRCClientId=ss.AD_CLIENT_ID left join (select OrganisationId,SRCAdOrgId from curate_enterprise.ODHAdOrg where RecordSourceCode='BUKOPMS' and DLSCDActiveFlag='Y') s on s.SRCAdOrgId=ss.AD_ORG_ID left join (select OfferTypeId  ,SRCOfferTypeId from curate_enterprise.ODHOfferType where RecordSourceCode='BUKOPMS' and DLSCDActiveFlag='Y') p on p.SRCOfferTypeId = ss.M_OFFER_TYPE_ID where u.ClientId is not null and s.OrganisationID is not null and p.OfferTypeId is not null ",
            "temp_table_name": "ODHOffer",
            "partition_column_list": ""
        },
        {
            "card_id": "card_25",
            "card_dependencies": [
                "card_3"
            ],
            "label": "Read_Table 25",
            "card_type": "read_table",
            "description": "Filtering Records",
            "query": "select cast(OfferId as string), cast(SRCOfferId as string), cast(OrganisationId as string), cast(ClientId as string), cast(OfferName as string), cast(IsActive as string), cast(SourceCreated as date), cast(SourceCreatedBy as string), cast(SourceUpdated as date), cast(SourceUpdatedBy as string), cast(Priority as int), cast(Addamt as int), cast(Discount as int), cast(Fixed as int), cast(DateFrom as date), cast(DateTo as date), cast(BpartnerSelection as string), cast(BpGroupSelection as string), cast(ProductSelection as string), cast(ProductCatSelection as string), cast(PricelistSelection as string), cast(Description as string), cast(QtyFrom as int), cast(QtyTo as int), cast(OfferTypeId as string), cast(ApplyNext as string), cast(PrintName as string), cast(OrgSelection as string), cast(IsMultiple as string), cast(Multiple as int), cast(CharacteristicsSelection as string), cast(EmHorcusNclddCstmrFlds as string), cast(EmHorcusIsNhs as string), cast(EmHorcusMinAmt as int), cast(EmHorcusDiscPerc as int), cast(EmHorcusMinimumMoney as int), cast(EmHorcusPoint as int), cast(EmHorcusFactorPoint as int), cast(EmHorcusPromSelection as string), cast(EmHorcusStatus as string), cast(EmHorcusPending as string), cast(EmHorcusApproval as string), cast(EmHorcusWithdrawn as string), cast(EmHorcusAdvCard as string), cast(EmHorcusPercentageSecPair as int), cast(EmHorcusAmtDiscount as int), cast(EmHorcusCountryProm as string), cast(EmHorcusClubProm as string), cast(EmHorcusRegionListButton as string), cast(EmDisctTotalReceipt as int), cast(EmDisctTotalAmtDisc as int), cast(EmDisctTotalPercDisc as int), cast(EmObdiscpMonday as string), cast(EmObdiscpTuesday as string), cast(EmObdiscpWednesday as string), cast(EmObdiscpThursday as string), cast(EmObdiscpFriday as string), cast(EmObdiscpSaturday as string), cast(EmObdiscpSunday as string), cast(EmObdiscpWholeWeek as string), cast(EmObdiscpIsCoupon as string), cast(EmObdiscpCloneOffer as string), cast(EmObdiscX as int), cast(EmObdiscY as int), cast(EmObdiscSubtype as string), cast(EmObdiscDistribute as string), cast(EmObdiscPrice as int), cast(EmObdiscUpc as string), cast(EmObdiscImage as string), cast(EmObdiscAmt as int), cast(EmObdiscPercentage as int), cast(EmObdiscRoleSelection as string), cast(EmObdiscApprovalRequired as string), cast(EmHorcusFrameOnly as string), cast(EmHorcusSort as int),cast(RecordSourceCode as string),cast(LOVRecordSourceId as int) ,RunDateTime,cast(DLETLRunLogID as int),cast(DLCurateStandardRowKey as bigint) , DLSCDActiveFlag from ODHOffer where SRCOfferId is not null and OfferName is not null",
            "temp_table_name": "ODHOffer1",
            "partition_column_list": ""
        },
        {
            "card_id": "card_23",
            "card_dependencies": [
                "card_25"
            ],
            "label": "Read_Table 23",
            "card_type": "read_table",
            "description": "Insert in ADLS",
            "query": "MERGE INTO curate_enterprise.ODHOffer T USING (SELECT case when s.dlscdactiveflag='Y' then s.OfferId else 'DEACTIVATE' end as mergeKey, s.* FROM ODHOffer1 s where s.dlscdactiveflag<>'D' UNION ALL SELECT 'UPDATE' as mergeKey, source.* FROM ODHOffer1 source JOIN curate_enterprise.ODHOffer Target ON source.OfferId = Target.OfferId WHERE Target.DLSCDActiveFlag = 'Y' and source.DLSCDActiveFlag = 'Y') src ON T.OfferId = src.mergeKey AND T.DLSCDActiveFlag = 'Y' when matched THEN UPDATE SET DLSCDActiveFlag = 'N', DLSCDEndDateTime = src.RunDateTime ,DLUpdateDateTime = src.RunDateTime WHEN not MATCHED AND src.mergeKey <> 'UPDATE' and src.mergekey <> 'DEACTIVATE' THEN INSERT(OfferId,SRCOfferId,OrganisationId,ClientId,OfferName,IsActive,SourceCreated,SourceCreatedBy,SourceUpdated,SourceUpdatedBy,Priority,Addamt,Discount,Fixed,DateFrom,DateTo,BpartnerSelection,BpGroupSelection,ProductSelection,ProductCatSelection,PricelistSelection,Description,QtyFrom,QtyTo,OfferTypeId,ApplyNext,PrintName,OrgSelection,IsMultiple,Multiple,CharacteristicsSelection,EmHorcusNclddCstmrFlds,EmHorcusIsNhs,EmHorcusMinAmt,EmHorcusDiscPerc,EmHorcusMinimumMoney,EmHorcusPoint,EmHorcusFactorPoint,EmHorcusPromSelection,EmHorcusStatus,EmHorcusPending,EmHorcusApproval,EmHorcusWithdrawn,EmHorcusAdvCard,EmHorcusPercentageSecPair,EmHorcusAmtDiscount,EmHorcusCountryProm,EmHorcusClubProm,EmHorcusRegionListButton,EmDisctTotalReceipt,EmDisctTotalAmtDisc,EmDisctTotalPercDisc,EmObdiscpMonday,EmObdiscpTuesday,EmObdiscpWednesday,EmObdiscpThursday,EmObdiscpFriday,EmObdiscpSaturday,EmObdiscpSunday,EmObdiscpWholeWeek,EmObdiscpIsCoupon,EmObdiscpCloneOffer,EmObdiscX,EmObdiscY,EmObdiscSubtype,EmObdiscDistribute,EmObdiscPrice,EmObdiscUpc,EmObdiscImage,EmObdiscAmt,EmObdiscPercentage,EmObdiscRoleSelection,EmObdiscApprovalRequired,EmHorcusFrameOnly,EmHorcusSort,RecordSourceCode,LOVRecordSourceId ,RunDateTime,DLCreateDateTime,DLUpdateDateTime,DLSCDStartDateTime,DLSCDEndDateTime,DLSCDActiveFlag,DLETLRunLogID,DLCurateStandardRowKey)  VALUES(src.OfferId,src.SRCOfferId, src.OrganisationId, src.ClientId, src.OfferName, src.IsActive, src.SourceCreated, src.SourceCreatedBy, src.SourceUpdated, src.SourceUpdatedBy, src.Priority, src.Addamt, src.Discount, src.Fixed, src.DateFrom, src.DateTo, src.BpartnerSelection, src.BpGroupSelection, src.ProductSelection, src.ProductCatSelection, src.PricelistSelection, src.Description, src.QtyFrom, src.QtyTo, src.OfferTypeId, src.ApplyNext, src.PrintName, src.OrgSelection, src.IsMultiple, src.Multiple, src.CharacteristicsSelection, src.EmHorcusNclddCstmrFlds, src.EmHorcusIsNhs, src.EmHorcusMinAmt, src.EmHorcusDiscPerc, src.EmHorcusMinimumMoney, src.EmHorcusPoint, src.EmHorcusFactorPoint, src.EmHorcusPromSelection, src.EmHorcusStatus, src.EmHorcusPending, src.EmHorcusApproval, src.EmHorcusWithdrawn, src.EmHorcusAdvCard, src.EmHorcusPercentageSecPair, src.EmHorcusAmtDiscount, src.EmHorcusCountryProm, src.EmHorcusClubProm, src.EmHorcusRegionListButton, src.EmDisctTotalReceipt, src.EmDisctTotalAmtDisc, src.EmDisctTotalPercDisc, src.EmObdiscpMonday, src.EmObdiscpTuesday, src.EmObdiscpWednesday, src.EmObdiscpThursday, src.EmObdiscpFriday, src.EmObdiscpSaturday, src.EmObdiscpSunday, src.EmObdiscpWholeWeek, src.EmObdiscpIsCoupon, src.EmObdiscpCloneOffer, src.EmObdiscX, src.EmObdiscY, src.EmObdiscSubtype, src.EmObdiscDistribute, src.EmObdiscPrice, src.EmObdiscUpc, src.EmObdiscImage, src.EmObdiscAmt, src.EmObdiscPercentage, src.EmObdiscRoleSelection, src.EmObdiscApprovalRequired, src.EmHorcusFrameOnly, src.EmHorcusSort,src.RecordSourceCode,src.LOVRecordSourceId,src.RunDateTime,src.RunDateTime,src.RunDateTime,'1900-01-01 00:00:00.000','9999-12-31 00:00:00.000',src.DLSCDActiveFlag,src.DLETLRunLogID,src.DLCurateStandardRowKey) WHEN not MATCHED AND src.mergeKey = 'UPDATE' THEN INSERT(OfferId,SRCOfferId,OrganisationId,ClientId,OfferName,IsActive,SourceCreated,SourceCreatedBy,SourceUpdated,SourceUpdatedBy,Priority,Addamt,Discount,Fixed,DateFrom,DateTo,BpartnerSelection,BpGroupSelection,ProductSelection,ProductCatSelection,PricelistSelection,Description,QtyFrom,QtyTo,OfferTypeId,ApplyNext,PrintName,OrgSelection,IsMultiple,Multiple,CharacteristicsSelection,EmHorcusNclddCstmrFlds,EmHorcusIsNhs,EmHorcusMinAmt,EmHorcusDiscPerc,EmHorcusMinimumMoney,EmHorcusPoint,EmHorcusFactorPoint,EmHorcusPromSelection,EmHorcusStatus,EmHorcusPending,EmHorcusApproval,EmHorcusWithdrawn,EmHorcusAdvCard,EmHorcusPercentageSecPair,EmHorcusAmtDiscount,EmHorcusCountryProm,EmHorcusClubProm,EmHorcusRegionListButton,EmDisctTotalReceipt,EmDisctTotalAmtDisc,EmDisctTotalPercDisc,EmObdiscpMonday,EmObdiscpTuesday,EmObdiscpWednesday,EmObdiscpThursday,EmObdiscpFriday,EmObdiscpSaturday,EmObdiscpSunday,EmObdiscpWholeWeek,EmObdiscpIsCoupon,EmObdiscpCloneOffer,EmObdiscX,EmObdiscY,EmObdiscSubtype,EmObdiscDistribute,EmObdiscPrice,EmObdiscUpc,EmObdiscImage,EmObdiscAmt,EmObdiscPercentage,EmObdiscRoleSelection,EmObdiscApprovalRequired,EmHorcusFrameOnly,EmHorcusSort,RecordSourceCode,LOVRecordSourceId ,RunDateTime,DLCreateDateTime,DLUpdateDateTime,DLSCDStartDateTime,DLSCDEndDateTime,DLSCDActiveFlag,DLETLRunLogID,DLCurateStandardRowKey)  VALUES(src.OfferId,src.SRCOfferId, src.OrganisationId, src.ClientId, src.OfferName, src.IsActive, src.SourceCreated, src.SourceCreatedBy, src.SourceUpdated, src.SourceUpdatedBy, src.Priority, src.Addamt, src.Discount, src.Fixed, src.DateFrom, src.DateTo, src.BpartnerSelection, src.BpGroupSelection, src.ProductSelection, src.ProductCatSelection, src.PricelistSelection, src.Description, src.QtyFrom, src.QtyTo, src.OfferTypeId, src.ApplyNext, src.PrintName, src.OrgSelection, src.IsMultiple, src.Multiple, src.CharacteristicsSelection, src.EmHorcusNclddCstmrFlds, src.EmHorcusIsNhs, src.EmHorcusMinAmt, src.EmHorcusDiscPerc, src.EmHorcusMinimumMoney, src.EmHorcusPoint, src.EmHorcusFactorPoint, src.EmHorcusPromSelection, src.EmHorcusStatus, src.EmHorcusPending, src.EmHorcusApproval, src.EmHorcusWithdrawn, src.EmHorcusAdvCard, src.EmHorcusPercentageSecPair, src.EmHorcusAmtDiscount, src.EmHorcusCountryProm, src.EmHorcusClubProm, src.EmHorcusRegionListButton, src.EmDisctTotalReceipt, src.EmDisctTotalAmtDisc, src.EmDisctTotalPercDisc, src.EmObdiscpMonday, src.EmObdiscpTuesday, src.EmObdiscpWednesday, src.EmObdiscpThursday, src.EmObdiscpFriday, src.EmObdiscpSaturday, src.EmObdiscpSunday, src.EmObdiscpWholeWeek, src.EmObdiscpIsCoupon, src.EmObdiscpCloneOffer, src.EmObdiscX, src.EmObdiscY, src.EmObdiscSubtype, src.EmObdiscDistribute, src.EmObdiscPrice, src.EmObdiscUpc, src.EmObdiscImage, src.EmObdiscAmt, src.EmObdiscPercentage, src.EmObdiscRoleSelection, src.EmObdiscApprovalRequired, src.EmHorcusFrameOnly, src.EmHorcusSort,src.RecordSourceCode,src.LOVRecordSourceId,src.RunDateTime,src.RunDateTime,src.RunDateTime,src.RunDateTime,'9999-12-31 00:00:00.000',src.DLSCDActiveFlag,src.DLETLRunLogID,src.DLCurateStandardRowKey) WHEN not MATCHED AND src.mergeKey = 'DEACTIVATE' THEN INSERT(OfferId,SRCOfferId,OrganisationId,ClientId,OfferName,IsActive,SourceCreated,SourceCreatedBy,SourceUpdated,SourceUpdatedBy,Priority,Addamt,Discount,Fixed,DateFrom,DateTo,BpartnerSelection,BpGroupSelection,ProductSelection,ProductCatSelection,PricelistSelection,Description,QtyFrom,QtyTo,OfferTypeId,ApplyNext,PrintName,OrgSelection,IsMultiple,Multiple,CharacteristicsSelection,EmHorcusNclddCstmrFlds,EmHorcusIsNhs,EmHorcusMinAmt,EmHorcusDiscPerc,EmHorcusMinimumMoney,EmHorcusPoint,EmHorcusFactorPoint,EmHorcusPromSelection,EmHorcusStatus,EmHorcusPending,EmHorcusApproval,EmHorcusWithdrawn,EmHorcusAdvCard,EmHorcusPercentageSecPair,EmHorcusAmtDiscount,EmHorcusCountryProm,EmHorcusClubProm,EmHorcusRegionListButton,EmDisctTotalReceipt,EmDisctTotalAmtDisc,EmDisctTotalPercDisc,EmObdiscpMonday,EmObdiscpTuesday,EmObdiscpWednesday,EmObdiscpThursday,EmObdiscpFriday,EmObdiscpSaturday,EmObdiscpSunday,EmObdiscpWholeWeek,EmObdiscpIsCoupon,EmObdiscpCloneOffer,EmObdiscX,EmObdiscY,EmObdiscSubtype,EmObdiscDistribute,EmObdiscPrice,EmObdiscUpc,EmObdiscImage,EmObdiscAmt,EmObdiscPercentage,EmObdiscRoleSelection,EmObdiscApprovalRequired,EmHorcusFrameOnly,EmHorcusSort,RecordSourceCode,LOVRecordSourceId ,RunDateTime,DLCreateDateTime,DLUpdateDateTime,DLSCDStartDateTime,DLSCDEndDateTime,DLSCDActiveFlag,DLETLRunLogID,DLCurateStandardRowKey)  VALUES(src.OfferId,src.SRCOfferId, src.OrganisationId, src.ClientId, src.OfferName, src.IsActive, src.SourceCreated, src.SourceCreatedBy, src.SourceUpdated, src.SourceUpdatedBy, src.Priority, src.Addamt, src.Discount, src.Fixed, src.DateFrom, src.DateTo, src.BpartnerSelection, src.BpGroupSelection, src.ProductSelection, src.ProductCatSelection, src.PricelistSelection, src.Description, src.QtyFrom, src.QtyTo, src.OfferTypeId, src.ApplyNext, src.PrintName, src.OrgSelection, src.IsMultiple, src.Multiple, src.CharacteristicsSelection, src.EmHorcusNclddCstmrFlds, src.EmHorcusIsNhs, src.EmHorcusMinAmt, src.EmHorcusDiscPerc, src.EmHorcusMinimumMoney, src.EmHorcusPoint, src.EmHorcusFactorPoint, src.EmHorcusPromSelection, src.EmHorcusStatus, src.EmHorcusPending, src.EmHorcusApproval, src.EmHorcusWithdrawn, src.EmHorcusAdvCard, src.EmHorcusPercentageSecPair, src.EmHorcusAmtDiscount, src.EmHorcusCountryProm, src.EmHorcusClubProm, src.EmHorcusRegionListButton, src.EmDisctTotalReceipt, src.EmDisctTotalAmtDisc, src.EmDisctTotalPercDisc, src.EmObdiscpMonday, src.EmObdiscpTuesday, src.EmObdiscpWednesday, src.EmObdiscpThursday, src.EmObdiscpFriday, src.EmObdiscpSaturday, src.EmObdiscpSunday, src.EmObdiscpWholeWeek, src.EmObdiscpIsCoupon, src.EmObdiscpCloneOffer, src.EmObdiscX, src.EmObdiscY, src.EmObdiscSubtype, src.EmObdiscDistribute, src.EmObdiscPrice, src.EmObdiscUpc, src.EmObdiscImage, src.EmObdiscAmt, src.EmObdiscPercentage, src.EmObdiscRoleSelection, src.EmObdiscApprovalRequired, src.EmHorcusFrameOnly, src.EmHorcusSort,src.RecordSourceCode,src.LOVRecordSourceId,src.RunDateTime,src.RunDateTime,src.RunDateTime,src.RunDateTime,src.RunDateTime,src.DLSCDActiveFlag,src.DLETLRunLogID,src.DLCurateStandardRowKey)",
            "temp_table_name": "ODHOffer2",
            "partition_column_list": ""
        },
        {
            "card_id": "card_23033",
            "card_dependencies": [
                "card_23"
            ],
            "label": "Read_Table 23033",
            "card_type": "read_table",
            "description": "Insert in ADLS",
            "query": "MERGE INTO curate_enterprise.ODHOffer T USING (SELECT s.OfferId as MergeKey,s.* FROM ODHOffer1 s where s.dlscdactiveflag='D' UNION ALL SELECT 'UPDATE' as mergeKey, source.* FROM ODHOffer1 source JOIN curate_enterprise.ODHOffer Target ON source.OfferId = Target.OfferId WHERE Target.DLSCDActiveFlag = 'Y' and source.dlscdactiveflag='D') src ON T.OfferId = src.mergeKey AND T.DLSCDActiveFlag = 'Y' when matched THEN UPDATE SET DLSCDActiveFlag = 'N', DLSCDEndDateTime = src.RunDateTime ,DLUpdateDateTime = src.RunDateTime WHEN not MATCHED AND src.mergeKey = 'UPDATE' THEN INSERT(OfferId,SRCOfferId,OrganisationId,ClientId,OfferName,IsActive,SourceCreated,SourceCreatedBy,SourceUpdated,SourceUpdatedBy,Priority,Addamt,Discount,Fixed,DateFrom,DateTo,BpartnerSelection,BpGroupSelection,ProductSelection,ProductCatSelection,PricelistSelection,Description,QtyFrom,QtyTo,OfferTypeId,ApplyNext,PrintName,OrgSelection,IsMultiple,Multiple,CharacteristicsSelection,EmHorcusNclddCstmrFlds,EmHorcusIsNhs,EmHorcusMinAmt,EmHorcusDiscPerc,EmHorcusMinimumMoney,EmHorcusPoint,EmHorcusFactorPoint,EmHorcusPromSelection,EmHorcusStatus,EmHorcusPending,EmHorcusApproval,EmHorcusWithdrawn,EmHorcusAdvCard,EmHorcusPercentageSecPair,EmHorcusAmtDiscount,EmHorcusCountryProm,EmHorcusClubProm,EmHorcusRegionListButton,EmDisctTotalReceipt,EmDisctTotalAmtDisc,EmDisctTotalPercDisc,EmObdiscpMonday,EmObdiscpTuesday,EmObdiscpWednesday,EmObdiscpThursday,EmObdiscpFriday,EmObdiscpSaturday,EmObdiscpSunday,EmObdiscpWholeWeek,EmObdiscpIsCoupon,EmObdiscpCloneOffer,EmObdiscX,EmObdiscY,EmObdiscSubtype,EmObdiscDistribute,EmObdiscPrice,EmObdiscUpc,EmObdiscImage,EmObdiscAmt,EmObdiscPercentage,EmObdiscRoleSelection,EmObdiscApprovalRequired,EmHorcusFrameOnly,EmHorcusSort,RecordSourceCode,LOVRecordSourceId ,RunDateTime,DLCreateDateTime,DLUpdateDateTime,DLSCDStartDateTime,DLSCDEndDateTime,DLSCDActiveFlag,DLETLRunLogID,DLCurateStandardRowKey)  VALUES(src.OfferId,src.SRCOfferId, src.OrganisationId, src.ClientId, src.OfferName, src.IsActive, src.SourceCreated, src.SourceCreatedBy, src.SourceUpdated, src.SourceUpdatedBy, src.Priority, src.Addamt, src.Discount, src.Fixed, src.DateFrom, src.DateTo, src.BpartnerSelection, src.BpGroupSelection, src.ProductSelection, src.ProductCatSelection, src.PricelistSelection, src.Description, src.QtyFrom, src.QtyTo, src.OfferTypeId, src.ApplyNext, src.PrintName, src.OrgSelection, src.IsMultiple, src.Multiple, src.CharacteristicsSelection, src.EmHorcusNclddCstmrFlds, src.EmHorcusIsNhs, src.EmHorcusMinAmt, src.EmHorcusDiscPerc, src.EmHorcusMinimumMoney, src.EmHorcusPoint, src.EmHorcusFactorPoint, src.EmHorcusPromSelection, src.EmHorcusStatus, src.EmHorcusPending, src.EmHorcusApproval, src.EmHorcusWithdrawn, src.EmHorcusAdvCard, src.EmHorcusPercentageSecPair, src.EmHorcusAmtDiscount, src.EmHorcusCountryProm, src.EmHorcusClubProm, src.EmHorcusRegionListButton, src.EmDisctTotalReceipt, src.EmDisctTotalAmtDisc, src.EmDisctTotalPercDisc, src.EmObdiscpMonday, src.EmObdiscpTuesday, src.EmObdiscpWednesday, src.EmObdiscpThursday, src.EmObdiscpFriday, src.EmObdiscpSaturday, src.EmObdiscpSunday, src.EmObdiscpWholeWeek, src.EmObdiscpIsCoupon, src.EmObdiscpCloneOffer, src.EmObdiscX, src.EmObdiscY, src.EmObdiscSubtype, src.EmObdiscDistribute, src.EmObdiscPrice, src.EmObdiscUpc, src.EmObdiscImage, src.EmObdiscAmt, src.EmObdiscPercentage, src.EmObdiscRoleSelection, src.EmObdiscApprovalRequired, src.EmHorcusFrameOnly, src.EmHorcusSort,src.RecordSourceCode,src.LOVRecordSourceId,src.RunDateTime,src.RunDateTime,src.RunDateTime,src.RunDateTime,src.RunDateTime,'N',src.DLETLRunLogID,src.DLCurateStandardRowKey) WHEN not MATCHED AND src.mergeKey <> 'UPDATE' THEN INSERT(OfferId,SRCOfferId,OrganisationId,ClientId,OfferName,IsActive,SourceCreated,SourceCreatedBy,SourceUpdated,SourceUpdatedBy,Priority,Addamt,Discount,Fixed,DateFrom,DateTo,BpartnerSelection,BpGroupSelection,ProductSelection,ProductCatSelection,PricelistSelection,Description,QtyFrom,QtyTo,OfferTypeId,ApplyNext,PrintName,OrgSelection,IsMultiple,Multiple,CharacteristicsSelection,EmHorcusNclddCstmrFlds,EmHorcusIsNhs,EmHorcusMinAmt,EmHorcusDiscPerc,EmHorcusMinimumMoney,EmHorcusPoint,EmHorcusFactorPoint,EmHorcusPromSelection,EmHorcusStatus,EmHorcusPending,EmHorcusApproval,EmHorcusWithdrawn,EmHorcusAdvCard,EmHorcusPercentageSecPair,EmHorcusAmtDiscount,EmHorcusCountryProm,EmHorcusClubProm,EmHorcusRegionListButton,EmDisctTotalReceipt,EmDisctTotalAmtDisc,EmDisctTotalPercDisc,EmObdiscpMonday,EmObdiscpTuesday,EmObdiscpWednesday,EmObdiscpThursday,EmObdiscpFriday,EmObdiscpSaturday,EmObdiscpSunday,EmObdiscpWholeWeek,EmObdiscpIsCoupon,EmObdiscpCloneOffer,EmObdiscX,EmObdiscY,EmObdiscSubtype,EmObdiscDistribute,EmObdiscPrice,EmObdiscUpc,EmObdiscImage,EmObdiscAmt,EmObdiscPercentage,EmObdiscRoleSelection,EmObdiscApprovalRequired,EmHorcusFrameOnly,EmHorcusSort,RecordSourceCode,LOVRecordSourceId ,RunDateTime,DLCreateDateTime,DLUpdateDateTime,DLSCDStartDateTime,DLSCDEndDateTime,DLSCDActiveFlag,DLETLRunLogID,DLCurateStandardRowKey)  VALUES(src.OfferId,src.SRCOfferId, src.OrganisationId, src.ClientId, src.OfferName, src.IsActive, src.SourceCreated, src.SourceCreatedBy, src.SourceUpdated, src.SourceUpdatedBy, src.Priority, src.Addamt, src.Discount, src.Fixed, src.DateFrom, src.DateTo, src.BpartnerSelection, src.BpGroupSelection, src.ProductSelection, src.ProductCatSelection, src.PricelistSelection, src.Description, src.QtyFrom, src.QtyTo, src.OfferTypeId, src.ApplyNext, src.PrintName, src.OrgSelection, src.IsMultiple, src.Multiple, src.CharacteristicsSelection, src.EmHorcusNclddCstmrFlds, src.EmHorcusIsNhs, src.EmHorcusMinAmt, src.EmHorcusDiscPerc, src.EmHorcusMinimumMoney, src.EmHorcusPoint, src.EmHorcusFactorPoint, src.EmHorcusPromSelection, src.EmHorcusStatus, src.EmHorcusPending, src.EmHorcusApproval, src.EmHorcusWithdrawn, src.EmHorcusAdvCard, src.EmHorcusPercentageSecPair, src.EmHorcusAmtDiscount, src.EmHorcusCountryProm, src.EmHorcusClubProm, src.EmHorcusRegionListButton, src.EmDisctTotalReceipt, src.EmDisctTotalAmtDisc, src.EmDisctTotalPercDisc, src.EmObdiscpMonday, src.EmObdiscpTuesday, src.EmObdiscpWednesday, src.EmObdiscpThursday, src.EmObdiscpFriday, src.EmObdiscpSaturday, src.EmObdiscpSunday, src.EmObdiscpWholeWeek, src.EmObdiscpIsCoupon, src.EmObdiscpCloneOffer, src.EmObdiscX, src.EmObdiscY, src.EmObdiscSubtype, src.EmObdiscDistribute, src.EmObdiscPrice, src.EmObdiscUpc, src.EmObdiscImage, src.EmObdiscAmt, src.EmObdiscPercentage, src.EmObdiscRoleSelection, src.EmObdiscApprovalRequired, src.EmHorcusFrameOnly, src.EmHorcusSort,src.RecordSourceCode,src.LOVRecordSourceId,src.RunDateTime,src.RunDateTime,src.RunDateTime,src.RunDateTime,src.RunDateTime,'N',src.DLETLRunLogID,src.DLCurateStandardRowKey)",
            "temp_table_name": "ODHOffer23033",
            "partition_column_list": ""
        },
		{
			"card_id": "card_11",
			"card_dependencies": [
				"card_25",
				"card_23033",
				"card_12",
				"card_3"
			],
			"label": "Write_Delta 11",
			"card_type": "write_delta",
			"description": "Write backup Standard",
			"query": "select * from M_OFFER_INFO11 where NAME not in (select OfferName from ODHOffer)",
			"data_path": "/mnt/idf-curatestandard/BTUKOPTIT/BUKOPMS/BTCOPT_ORDER_OFFER_INFO_BUKOPMS_Incr/BackUp",
			"partition_key_columns": "",
			"mode": "OVERWRITE",
			"type": "GENERAL"
		}
    ]
}
