{
	"name": "DS_ADLS_WRANGLE_SOURCE",
	"properties": {
		"linkedServiceName": {
			"referenceName": "dapadlsselfserve",
			"type": "LinkedServiceReference"
		},
		"parameters": {
			"FolderName": {
				"type": "string"
			}
		},
		"annotations": [],
		"type": "Binary",
		"typeProperties": {
			"location": {
				"type": "AzureBlobFSLocation",
				"folderPath": {
					"value": "@concat('Landing/UnzippedFile/',dataset().FolderName)",
					"type": "Expression"
				},
				"fileSystem": "selfserve"
			}
		}
	}
}