{
	"name": "DS_ADLS_LANDING_SINK",
	"properties": {
		"linkedServiceName": {
			"referenceName": "dapadlsselfserve",
			"type": "LinkedServiceReference"
		},
		"parameters": {
			"FolderName": {
				"type": "string"
			}
		},
		"annotations": [],
		"type": "Binary",
		"typeProperties": {
			"location": {
				"type": "AzureBlobFSLocation",
				"folderPath": {
					"value": "@concat('Landing/UnzippedFile/',replace(dataset().FolderName,'.zip',''))",
					"type": "Expression"
				},
				"fileSystem": "selfserve"
			}
		}
	},
	"type": "Microsoft.DataFactory/factories/datasets"
}