{
	"name": "DS_ADLS_LANDING_SOURCE",
	"properties": {
		"linkedServiceName": {
			"referenceName": "dapadlsselfserve",
			"type": "LinkedServiceReference"
		},
		"parameters": {
			"FileName": {
				"type": "string"
			}
		},
		"annotations": [],
		"type": "Binary",
		"typeProperties": {
			"location": {
				"type": "AzureBlobFSLocation",
				"fileName": {
					"value": "@dataset().FileName",
					"type": "Expression"
				},
				"folderPath": "Landing/ZippedFile",
				"fileSystem": "selfserve"
			},
			"compression": {
				"type": "ZipDeflate",
				"level": "Optimal"
			}
		}
	},
	"type": "Microsoft.DataFactory/factories/datasets"
}