{
	"name": "DS_LF_LANDING_JSON",
	"properties": {
		"linkedServiceName": {
			"referenceName": "dapadlsselfserve",
			"type": "LinkedServiceReference"
		},
		"parameters": {
			"UserFolder": {
				"type": "string"
			}
		},
		"folder": {
			"name": "DS_LARGE_FILES"
		},
		"annotations": [],
		"type": "Json",
		"typeProperties": {
			"location": {
				"type": "AzureBlobFSLocation",
				"folderPath": {
					"value": "@concat('Pre-Landing/',dataset().UserFolder)",
					"type": "Expression"
				},
				"fileSystem": "selfserve"
			}
		},
		"schema": {
			"type": "object",
			"properties": {
				"Columns": {
					"type": "object",
					"properties": {
						"IDDev-self-serve-AzureCode2": {
							"type": "object",
							"properties": {
								"columnID": {
									"type": "string"
								},
								"columnName": {
									"type": "string"
								},
								"columnType": {
									"type": "string"
								}
							}
						},
						"IDDev-self-serve-AzureRG4": {
							"type": "object",
							"properties": {
								"columnID": {
									"type": "string"
								},
								"columnName": {
									"type": "string"
								},
								"columnType": {
									"type": "string"
								}
							}
						}
					}
				},
				"SnowFlakeSchema": {
					"type": "string"
				},
				"DiscoveryArea": {
					"type": "string"
				},
				"TeamName": {
					"type": "string"
				},
				"DeltaLakeSchema": {
					"type": "string"
				},
				"FileType": {
					"type": "string"
				},
				"Delimiter": {
					"type": "string"
				},
				"FileSize": {
					"type": "integer"
				},
				"SplitFileCount": {
					"type": "integer"
				},
				"UserName": {
					"type": "string"
				},
				"fleData": {
					"type": "object",
					"properties": {
						"inputFolder": {
							"type": "string"
						},
						"inputFile": {
							"type": "string"
						},
						"outputFolder": {
							"type": "string"
						},
						"outputFile": {
							"type": "string"
						},
						"dataTypes": {
							"type": "array",
							"items": {
								"type": "object",
								"properties": {
									"columnHeader": {
										"type": "string"
									},
									"dataType": {
										"type": "string"
									},
									"identityName": {
										"type": "string"
									},
									"dataFormat": {
										"type": "string"
									}
								}
							}
						}
					}
				}
			}
		}
	}
}