{
	"name": "DS_LF_LANDING_ZIP",
	"properties": {
		"linkedServiceName": {
			"referenceName": "dapadlsselfserve",
			"type": "LinkedServiceReference"
		},
		"parameters": {
			"UserFolder": {
				"type": "string"
			}
		},
		"folder": {
			"name": "DS_LARGE_FILES"
		},
		"annotations": [],
		"type": "Json",
		"typeProperties": {
			"location": {
				"type": "AzureBlobFSLocation",
				"fileName": {
					"value": "@concat(dataset().UserFolder,'.zip')",
					"type": "Expression"
				},
				"folderPath": "Landing/ZippedFile",
				"fileSystem": "selfserve"
			},
			"compression": {
				"type": "ZipDeflate",
				"level": "Optimal"
			}
		},
		"schema": {
			"type": "object",
			"properties": {
				"fleData": {
					"type": "object",
					"properties": {
						"inputFolder": {
							"type": "string"
						},
						"inputFile": {
							"type": "string"
						},
						"outputFolder": {
							"type": "string"
						},
						"outputFile": {
							"type": "string"
						},
						"dataTypes": {
							"type": "array",
							"items": {
								"type": "object",
								"properties": {
									"columnHeader": {
										"type": "string"
									},
									"dataFormat": {
										"type": "string"
									},
									"dataType": {
										"type": "string"
									},
									"identityName": {
										"type": "string"
									}
								}
							}
						}
					}
				},
				"SnowFlakeSchema": {
					"type": "string"
				},
				"DiscoveryArea": {
					"type": "string"
				},
				"TeamName": {
					"type": "string"
				},
				"DeltaLakeSchema": {
					"type": "string"
				},
				"FileType": {
					"type": "string"
				},
				"Delimiter": {
					"type": "string"
				},
				"FileSize": {
					"type": "integer"
				},
				"UserName": {
					"type": "string"
				}
			}
		}
	}
}