{
	"name": "DS_SS_DATA_CLEANUP_MAIN",
	"properties": {
		"linkedServiceName": {
			"referenceName": "dapadlsselfserve",
			"type": "LinkedServiceReference"
		},
		"parameters": {
			"MainFolder": {
				"type": "string"
			},
			"SubFolder": {
				"type": "string"
			},
			"Stage": {
				"type": "string"
			}
		},
		"annotations": [],
		"type": "DelimitedText",
		"typeProperties": {
			"location": {
				"type": "AzureBlobFSLocation",
				"folderPath": {
					"value": "@concat(dataset().Stage,'/',dataset().MainFolder,'/',dataset().SubFolder)",
					"type": "Expression"
				},
				"fileSystem": "selfserve"
			},
			"columnDelimiter": ",",
			"escapeChar": "\\",
			"firstRowAsHeader": true,
			"quoteChar": "\""
		},
		"schema": [
			{
				"name": "DATE\u0001INJURYLOCATION\u0001GENDER\u0001AGEGROUP\u0001INCIDENTTYPE\u0001DAYSLOST\u0001PLANT\u0001REPORTTYPE\u0001SHIFT\u0001DEPARTMENT\u0001INCIDENTCOST\u0001WKDAY\u0001MONTH\u0001YEAR",
				"type": "String"
			}
		]
	}
}