{
	"name": "AzureIREastUS2PrivateLink",
	"properties": {
		"type": "Managed",
		"typeProperties": {
			"computeProperties": {
				"location": "East US 2",
				"dataFlowProperties": {
					"computeType": "General",
					"coreCount": 16,
					"timeToLive": 10,
					"cleanup": false
				},
				"copyComputeScaleProperties": {
					"dataIntegrationUnit": 16,
					"timeToLive": 5
				},
				"pipelineExternalComputeScaleProperties": {
					"timeToLive": 60
				}
			}
		},
		"managedVirtualNetwork": {
			"type": "ManagedVirtualNetworkReference",
			"referenceName": "default"
		}
	}
}