{
    "project_name": "BUKOPMS",
    "config_type": "etl",
    "description": "",
    "data_source": [],
    "report_path": "/mnt/idf-reports/BTUKOPTIT/BUKOPMS/BTCOPT_PATIENT_CUSTOMER_CONSENT_AGREEMENT_BUKOPMS_Incr/Incremental/CurateADLS/",
    "cards": [
        {
            "card_id": "card_0",
            "card_dependencies": [],
            "label": "Read_Delta 0",
            "card_type": "read_delta",
            "description": "reading standard location",
            "data_path": "/mnt/idf-curatestandard/BTUKOPTIT/BUKOPMS/BTCOPT_PATIENT_CUSTOMER_CONSENT_AGREEMENT_BUKOPMS_Incr/Incremental",
            "output_table": "cca1"
        },
        {
            "card_id": "card_1",
            "card_dependencies": [
                "card_0"
            ],
            "label": "Apply_Filter 1",
            "card_type": "apply_filter",
            "description": "filtering records with RunDateTime",
            "input_table": "cca1",
            "output_table": "cca2",
            "filter": [],
            "unmatch_data": false
        },
        {
            "card_id": "card_2",
            "card_dependencies": [],
            "label": "Read_Table 2",
            "card_type": "read_table",
            "description": "Read ADLS table",
			"query": "select * from curate_enterprise.reflovsetinfo",
            "temp_table_name": "reflovsetinfo",
            "partition_column_list": ""
        },
        {
            "card_id": "card_13",
            "card_dependencies": [],
            "label": "Read_Delta 13",
            "card_type": "read_delta",
            "description": "reading standard backup location",
            "data_path": "/mnt/idf-curatestandard/BTUKOPTIT/BUKOPMS/BTCOPT_PATIENT_CUSTOMER_CONSENT_AGREEMENT_BUKOPMS_Incr/BackUp",
            "output_table": "cca12"
        },
        {
            "card_id": "card_12",
            "card_dependencies": [
                "card_13",
                "card_1"
            ],
            "label": "Read_Table 12",
            "card_type": "read_table",
            "description": "Union with backup table",
            "query": "select * from cca2 union select * from cca12",
            "temp_table_name": "cca11",
            "partition_column_list": ""
        },
        {
            "card_id": "card_28",
            "card_dependencies": [
                "card_12"
            ],
            "label": "Read_Table 28",
            "card_type": "read_table",
            "description": "Making null void null",
            "query": "select nullif(CurateStandardRowKey,'null') as CurateStandardRowKey,nullif(id,'null') as id,nullif(info_name,'null') as info_name,nullif(info_value,'null') as info_value,nullif(info_version,'null') as info_version,nullif(info_label,'null') as info_label,nullif(agreement_status,'null') as agreement_status,nullif(creation_timestamp,'null') as creation_timestamp,nullif(deleted,'null') as deleted,nullif(id_patient_horizon,'null') as id_patient_horizon,nullif(field_code,'null') as field_code,nullif(created_by,'null') as created_by,nullif(updated_by,'null') as updated_by,nullif(update_timestamp,'null') as update_timestamp,nullif(field_initial,'null') as field_initial,nullif(OPERATION,'null') as OPERATION,nullif(TIMESTAMP,'null') as TIMESTAMP,nullif(TRANSACTIONID,'null') as TRANSACTIONID from cca11",
            "temp_table_name": "cca28",
            "partition_column_list": ""
        },
        {
            "card_id": "card_4",
            "card_dependencies": [
                "card_28"
            ],
            "label": "Read_Table 4",
            "card_type": "read_table",
            "description": "fetching latest records",
            "query": "select * from (select row_number() OVER(PARTITION BY info_name,id_patient_horizon order BY timestamp desc,id desc , case when operation='DELETE' then 1 when operation='UPDATE' then 2 when operation='INSERT' then 3 when operation='REFRESH' then 4 end asc) as rn,row_number() OVER(PARTITION BY info_name,id_patient_horizon,timestamp,id,operation order BY timestamp desc,id desc,operation desc) as rnk,* FROM cca28 )t where t.rnk = 1",
            "temp_table_name": "cca5",
            "partition_column_list": ""
        },
        {
            "card_id": "card_44",
            "card_dependencies": [
                "card_28"
            ],
            "label": "Read_Table 4",
            "card_type": "read_table",
            "description": "fetching latest records",
            "query": "select * from (select row_number() OVER(PARTITION BY INFO_NAME order BY timestamp desc,case when operation='DELETE' then 1 when operation='UPDATE' then 2 when operation='INSERT' then 3 when operation='REFRESH' then 4 end asc) as rn,row_number() OVER(PARTITION BY INFO_NAME,timestamp,operation order BY timestamp desc, operation desc) as rnk,* FROM cca28 )t where t.rnk = 1",
            "temp_table_name": "cca55",
            "partition_column_list": ""
        },
		{
            "card_id": "card_18",
            "card_dependencies": [
                "card_4"
            ],
            "label": "Read_Table 18",
            "card_type": "read_table",
            "description": "Populating etlrunlogid",
            "query": "select s.*,r.ETLRunId as ETLRunLogIdNew from cca5 s join (select max(cast(ETLRunId as int)) as ETLRunId from RPI_LOGGING.RPI_COMMON_LOGGING where processstage='CurateStandard' and feedname = 'BTCOPT_PATIENT_CUSTOMER_CONSENT_AGREEMENT_BUKOPMS_Incr') r on (1=1)",
            "temp_table_name": "ccalog",
            "partition_column_list": ""
        },
		{
            "card_id": "card_188",
            "card_dependencies": [
                "card_44"
            ],
            "label": "Read_Table 18",
            "card_type": "read_table",
            "description": "Populating etlrunlogid",
            "query": "select s.*,r.ETLRunId as ETLRunLogIdNew from cca55 s join (select max(cast(ETLRunId as int)) as ETLRunId from RPI_LOGGING.RPI_COMMON_LOGGING where processstage='CurateStandard' and feedname = 'BTCOPT_PATIENT_CUSTOMER_CONSENT_AGREEMENT_BUKOPMS_Incr') r on (1=1)",
            "temp_table_name": "ccalog1",
            "partition_column_list": ""
        },
        {
            "card_id": "card_3",
            "card_dependencies": [
                "card_18",
				"card_2"
            ],
            "label": "Read_Table 3",
            "card_type": "read_table",
            "description": "Applying Transformations",
            "query": "select  distinct Null as ConsentId ,cast(s.INFO_NAME as string) as ConsentTypeName,cast(s.INFO_LABEL as string) as Description,null as STDConsentId,null as STDConsentTypeName,'DNARDM' as RecordSourceCode,12012 as LOVRecordSourceId,nullif('null','null') as DLCurateStandardRowKey,cast(s.ETLRunLogIdNew as int) as DLETLRunLogID,current_timestamp as RunDateTime from ccalog1 s  ",
            "temp_table_name": "REFPersonConsentTypeBase",
            "partition_column_list": ""
        },
        {
            "card_id": "card_17",
            "card_dependencies": [
                "card_3"
            ],
            "label": "Read_Table 3",
            "card_type": "read_table",
            "description": "sk",
            "query": "insert INTO curate_enterprise.REFPersonConsentType select a.ConsentTypeId,a.ConsentId ,a.ConsentTypeName,a.Description,a.STDConsentId,a.STDConsentTypeName,a.RecordSourceCode,a.LOVRecordSourceId,a.RunDateTime,a.RunDateTime,a.RunDateTime,'1900-01-01 00:00:00.000','9999-12-31 00:00:00.000','Y',DLETLRunLogID,DLCurateStandardRowKey from (select  cast(ss.ConsentTypeId as bigint ) + row_number() over (order by source.ConsentTypeName,source.lovrecordsourceid desc) ConsentTypeId, source.ConsentId ,source.ConsentTypeName,source.Description,source.STDConsentId,source.STDConsentTypeName,source.RecordSourceCode,source.LOVRecordSourceId,source.DLCurateStandardRowKey,source.DLETLRunLogID,source.RunDateTime from ( select s.* from REFPersonConsentTypeBase s LEFT JOIN curate_enterprise.REFPersonConsentType t ON s.ConsentTypeName=t.ConsentTypeName AND t.lovrecordsourceid=s.lovrecordsourceid AND t.DLSCDActiveFlag='Y' WHERE t.ConsentTypeName IS NULL ) source , (select ifnull(max(cast(ConsentTypeId as bigint)),0) ConsentTypeId  from  curate_enterprise.REFPersonConsentType) ss )a",
            "temp_table_name": "REFPersonConsentType1",
            "partition_column_list": ""
        },
        {
            "card_id": "card_20",
            "card_dependencies": [
                "card_18",
                "card_2",
				"card_17"
            ],
            "label": "Read_Table 20",
            "card_type": "read_table",
            "description": "Applying Transformations",
            "query": "select distinct cast(md5(concat_ws('^|~',s.INFO_NAME,b.personid,r.LOVId)) as string) as PatientConsentInfoId, b.PersonId as PersonId,s.ID as SRCPatientConsentId,c.ConsentTypeId as ConsentTypeId,s.INFO_NAME as ConsentTypeName,s.INFO_VALUE as ConsentInfoValue,s.INFO_VERSION as ConsentInfoVersion,s.INFO_LABEL as ConsentInfoLabel,s.AGREEMENT_STATUS as AgreementStatus,s.CREATION_TIMESTAMP as CreationTimeStamp,s.DELETED as Deleted,s.FIELD_CODE as FieldCode,s.CREATED_BY as CreatedBy,s.UPDATED_BY as UpdatedBy,s.UPDATE_TIMESTAMP as UpdateTimeStamp,s.FIELD_INITIAL as FieldInitial,'BUKOPMS' as RecordSourceCode,r.LOVId as LOVRecordSourceId,s.CurateStandardRowKey as DLCurateStandardRowKey,s.ETLRunLogIdNew as DLETLRunLogID,current_timestamp as RunDateTime,case when s.rn=1 and ifnull(s.operation,'null')<>'DELETE' then 'Y' when s.rn=1 and ifnull(s.operation,'null')='DELETE' then 'D' else 'N' end as DLSCDActiveFlag from ccalog s join (select LOVId from reflovsetinfo where lovkey='BUKOPMS' and lovsetname='System of Record' and LOVRecordsourceid='12012') r on(1=1) left join (select PersonId,SRCPatientHorizonId from curate_enterprise.ODHPatient where RecordSourceCode='BUKOPMS' and DLSCDActiveFlag='Y')b on b.SRCPatientHorizonId=s.ID_PATIENT_HORIZON left join (select ConsentTypeId,ConsentTypeName from curate_enterprise.REFPersonConsentType where RecordSourceCode='DNARDM' and DLSCDActiveFlag='Y')c on c.ConsentTypeName=s.INFO_NAME where b.PersonId is not null and c.ConsentTypeId is not null ",
            "temp_table_name": "ODHPatientConsentInfo",
            "partition_column_list": ""
        },
        {
            "card_id": "card_25",
            "card_dependencies": [
                "card_20"
            ],
            "label": "Read_Table 25",
            "card_type": "read_table",
            "description": "Filtering Records ",
            "query": "select cast(s.PatientConsentInfoId as string ),cast(s.PersonId as string),cast(s.SRCPatientConsentId as string),cast(s.ConsentTypeId as string ),cast(s.ConsentTypeName as string),cast(s.ConsentInfoValue as string),cast(s.ConsentInfoVersion as smallint),cast(s.ConsentInfoLabel as string),cast(s.AgreementStatus as string),cast(s.CreationTimeStamp as timestamp),cast(s.Deleted as string),cast(s.FieldCode as smallint),cast(s.CreatedBy as string),cast(s.UpdatedBy as string),cast(s.UpdateTimeStamp as timestamp),cast(s.FieldInitial as string),cast(s.RecordSourceCode  as string),cast(s.LOVRecordSourceId as int),cast(s.RunDateTime as timestamp),cast(s.DLCurateStandardRowKey as bigint),cast(s.DLETLRunLogID as int),DLSCDActiveFlag from ODHPatientConsentInfo s",
            "temp_table_name": "ODHPatientConsentInfo2",
            "partition_column_list": ""
        },
        {
            "card_id": "card_23",
            "card_dependencies": [
                "card_25"
            ],
            "label": "Read_Table 23",
            "card_type": "read_table",
            "description": "Insert in ADLS",
            "query": "MERGE INTO curate_enterprise.ODHPatientConsentInfo T USING (SELECT case when s.dlscdactiveflag='Y' then s.PatientConsentInfoId else 'DEACTIVATE' end as mergeKey, s.* FROM ODHPatientConsentInfo2 s where s.dlscdactiveflag<>'D' UNION ALL SELECT 'UPDATE' as mergeKey, source.* FROM ODHPatientConsentInfo2 source JOIN curate_enterprise.ODHPatientConsentInfo Target ON source.PatientConsentInfoId = Target.PatientConsentInfoId WHERE Target.DLSCDActiveFlag = 'Y' and source.DLSCDActiveFlag = 'Y') src ON T.PatientConsentInfoId = src.mergeKey AND T.DLSCDActiveFlag = 'Y' when matched THEN UPDATE SET DLSCDActiveFlag = 'N', DLSCDEndDateTime = src.RunDateTime ,DLUpdateDateTime = src.RunDateTime WHEN not MATCHED AND src.mergeKey <> 'UPDATE' and src.mergekey <> 'DEACTIVATE' THEN INSERT( PatientConsentInfoId,PersonID,SRCPatientConsentId,ConsentTypeID,ConsentTypeName,ConsentInfoValue,ConsentInfoVersion,ConsentInfoLabel,AgreementStatus,CreationTimeStamp ,Deleted ,FieldCode,CreatedBy ,UpdatedBy ,UpdateTimeStamp,FieldInitial,RecordSourceCode,LOVRecordSourceId ,RunDateTime,DLCreateDateTime,DLUpdateDateTime,DLSCDStartDateTime,DLSCDEndDateTime,DLSCDActiveFlag,DLETLRunLogID,DLCurateStandardRowKey)  VALUES(src.PatientConsentInfoId,src.PersonID,src.SRCPatientConsentId,src.ConsentTypeID,src.ConsentTypeName,src.ConsentInfoValue,src.ConsentInfoVersion,src.ConsentInfoLabel,src.AgreementStatus,src.CreationTimeStamp ,src.Deleted ,src.FieldCode,src.CreatedBy ,src.UpdatedBy ,src.UpdateTimeStamp,src.FieldInitial,src.RecordSourceCode,src.LOVRecordSourceId,src.RunDateTime,src.RunDateTime,src.RunDateTime,'1900-01-01 00:00:00.000','9999-12-31 00:00:00.000',src.DLSCDActiveFlag,src.DLETLRunLogID,src.DLCurateStandardRowKey) WHEN not MATCHED AND src.mergeKey = 'UPDATE' THEN INSERT( PatientConsentInfoId,PersonID,SRCPatientConsentId,ConsentTypeID,ConsentTypeName,ConsentInfoValue,ConsentInfoVersion,ConsentInfoLabel,AgreementStatus,CreationTimeStamp ,Deleted ,FieldCode,CreatedBy ,UpdatedBy ,UpdateTimeStamp,FieldInitial,RecordSourceCode,LOVRecordSourceId ,RunDateTime,DLCreateDateTime,DLUpdateDateTime,DLSCDStartDateTime,DLSCDEndDateTime,DLSCDActiveFlag,DLETLRunLogID,DLCurateStandardRowKey)  VALUES(src.PatientConsentInfoId,src.PersonID,src.SRCPatientConsentId,src.ConsentTypeID,src.ConsentTypeName,src.ConsentInfoValue,src.ConsentInfoVersion,src.ConsentInfoLabel,src.AgreementStatus,src.CreationTimeStamp ,src.Deleted ,src.FieldCode,src.CreatedBy ,src.UpdatedBy ,src.UpdateTimeStamp,src.FieldInitial,src.RecordSourceCode,src.LOVRecordSourceId,src.RunDateTime,src.RunDateTime,src.RunDateTime,src.RunDateTime,'9999-12-31 00:00:00.000',src.DLSCDActiveFlag,src.DLETLRunLogID,src.DLCurateStandardRowKey) WHEN not MATCHED AND src.mergeKey = 'DEACTIVATE' THEN INSERT( PatientConsentInfoId,PersonID,SRCPatientConsentId,ConsentTypeID,ConsentTypeName,ConsentInfoValue,ConsentInfoVersion,ConsentInfoLabel,AgreementStatus,CreationTimeStamp ,Deleted ,FieldCode,CreatedBy ,UpdatedBy ,UpdateTimeStamp,FieldInitial,RecordSourceCode,LOVRecordSourceId ,RunDateTime,DLCreateDateTime,DLUpdateDateTime,DLSCDStartDateTime,DLSCDEndDateTime,DLSCDActiveFlag,DLETLRunLogID,DLCurateStandardRowKey)  VALUES(src.PatientConsentInfoId,src.PersonID,src.SRCPatientConsentId,src.ConsentTypeID,src.ConsentTypeName,src.ConsentInfoValue,src.ConsentInfoVersion,src.ConsentInfoLabel,src.AgreementStatus,src.CreationTimeStamp ,src.Deleted ,src.FieldCode,src.CreatedBy ,src.UpdatedBy ,src.UpdateTimeStamp,src.FieldInitial,src.RecordSourceCode,src.LOVRecordSourceId,src.RunDateTime,src.RunDateTime,src.RunDateTime,src.RunDateTime,src.RunDateTime,src.DLSCDActiveFlag,src.DLETLRunLogID,src.DLCurateStandardRowKey) ",
            "temp_table_name": "ODHPatientConsentInfo1",
            "partition_column_list": ""
        },
        {
            "card_id": "card_232323",
            "card_dependencies": [
                "card_25",
				"card_23"
            ],
            "label": "Read_Table 23",
            "card_type": "read_table",
            "description": "Insert in ADLS",
            "query": "MERGE INTO curate_enterprise.ODHPatientConsentInfo T USING (SELECT s.PatientConsentInfoId as mergeKey, s.* FROM ODHPatientConsentInfo2 s where s.dlscdactiveflag = 'D' UNION ALL SELECT 'UPDATE' as mergeKey, source.* FROM ODHPatientConsentInfo2 source JOIN curate_enterprise.ODHPatientConsentInfo Target ON source.PatientConsentInfoId = Target.PatientConsentInfoId WHERE Target.DLSCDActiveFlag = 'Y' and source.DLSCDActiveFlag = 'D') src ON T.PatientConsentInfoId = src.mergeKey AND T.DLSCDActiveFlag = 'Y' when matched THEN UPDATE SET DLSCDActiveFlag = 'N', DLSCDEndDateTime = src.RunDateTime ,DLUpdateDateTime = src.RunDateTime WHEN not MATCHED AND src.mergeKey <> 'UPDATE' THEN INSERT( PatientConsentInfoId,PersonID,SRCPatientConsentId,ConsentTypeID,ConsentTypeName,ConsentInfoValue,ConsentInfoVersion,ConsentInfoLabel,AgreementStatus,CreationTimeStamp ,Deleted ,FieldCode,CreatedBy ,UpdatedBy ,UpdateTimeStamp,FieldInitial,RecordSourceCode,LOVRecordSourceId ,RunDateTime,DLCreateDateTime,DLUpdateDateTime,DLSCDStartDateTime,DLSCDEndDateTime,DLSCDActiveFlag,DLETLRunLogID,DLCurateStandardRowKey)  VALUES(src.PatientConsentInfoId,src.PersonID,src.SRCPatientConsentId,src.ConsentTypeID,src.ConsentTypeName,src.ConsentInfoValue,src.ConsentInfoVersion,src.ConsentInfoLabel,src.AgreementStatus,src.CreationTimeStamp ,src.Deleted ,src.FieldCode,src.CreatedBy ,src.UpdatedBy ,src.UpdateTimeStamp,src.FieldInitial,src.RecordSourceCode,src.LOVRecordSourceId,src.RunDateTime,src.RunDateTime,src.RunDateTime,src.RunDateTime,src.RunDateTime,'N',src.DLETLRunLogID,src.DLCurateStandardRowKey) WHEN not MATCHED AND src.mergeKey = 'UPDATE' THEN INSERT( PatientConsentInfoId,PersonID,SRCPatientConsentId,ConsentTypeID,ConsentTypeName,ConsentInfoValue,ConsentInfoVersion,ConsentInfoLabel,AgreementStatus,CreationTimeStamp ,Deleted ,FieldCode,CreatedBy ,UpdatedBy ,UpdateTimeStamp,FieldInitial,RecordSourceCode,LOVRecordSourceId ,RunDateTime,DLCreateDateTime,DLUpdateDateTime,DLSCDStartDateTime,DLSCDEndDateTime,DLSCDActiveFlag,DLETLRunLogID,DLCurateStandardRowKey)  VALUES(src.PatientConsentInfoId,src.PersonID,src.SRCPatientConsentId,src.ConsentTypeID,src.ConsentTypeName,src.ConsentInfoValue,src.ConsentInfoVersion,src.ConsentInfoLabel,src.AgreementStatus,src.CreationTimeStamp ,src.Deleted ,src.FieldCode,src.CreatedBy ,src.UpdatedBy ,src.UpdateTimeStamp,src.FieldInitial,src.RecordSourceCode,src.LOVRecordSourceId,src.RunDateTime,src.RunDateTime,src.RunDateTime,src.RunDateTime,src.RunDateTime,'N',src.DLETLRunLogID,src.DLCurateStandardRowKey) ",
            "temp_table_name": "ODHPatientConsentInfo1",
            "partition_column_list": ""
        },
        {
            "card_id": "card_11",
            "card_dependencies": [
                "card_23",
                "card_25",
				"card_12",
				"card_20"
            ],
            "label": "Write_Delta 11",
            "card_type": "write_delta",
            "description": "Write backup Standard",
            "query": "select * from cca11 where info_name not in (select ConsentTypeName from ODHPatientConsentInfo ) ",
            "data_path": "/mnt/idf-curatestandard/BTUKOPTIT/BUKOPMS/BTCOPT_PATIENT_CUSTOMER_CONSENT_AGREEMENT_BUKOPMS_Incr/BackUp",
            "partition_key_columns": "",
            "mode": "OVERWRITE",
            "type": "GENERAL"
        }
    ]
}
