{
    "project_name": "PSB",
    "config_type": "etl",
    "description": "",
    "data_source": [],
    "report_path": "/mnt/idf-reports/BUKIT/PSB/PharmacyServiceBillingFeeCurateADLS",
    "cards": [
        {
            "card_id": "card_0",
            "card_dependencies": [],
            "label": "Read_Delta 0",
            "card_type": "read_delta",
            "description": "read data from ADLS",
            "data_path": "/mnt/idf-curatestandard/BUKIT/PSB/BootsUK_IF_00461_Additional_Fees_PSB_Incr",
            "output_table": "PSB_AdditionalFees"
        },
        {
            "card_id": "card_1",
            "card_dependencies": [],
            "label": "Read_Delta 1",
            "card_type": "read_delta",
            "description": "read data from ADLS",
            "data_path": "/mnt/idf-curatestandard/BUKIT/PSB/BootsUK_IF_00462_Product_Fees_PSB_Incr",
            "output_table": "PSB_ProductFees"
        },
        {
            "card_id": "card_2",
            "card_dependencies": [],
            "label": "Read_Delta 2",
            "card_type": "read_delta",
            "description": "read data",
            "data_path": "/mnt/idf-curatestandard/BUKIT/PSB/BootsUK_IF_00463_Service_Fees_PSB_Incr",
            "output_table": "PSB_ServicFees"
        },
        {
            "card_id": "card_3",
            "card_dependencies": [
                "card_4"
            ],
            "label": "Read_Table 3",
            "card_type": "read_table",
            "description": "sql query",
            "query": "select PharmacyServiceBillingFeeId,'A' as PharmacyServiceBillingFeeType,SnapshotId,PharmacyServiceBillingFeeDescription,ArticleCode,PriceTypeId,CentreDefinedPrice,IsoCurrencyCode,VATCode,null as WarningThreshold,null as MedicinalProductId,RunDateTime,Year,Month,Day,SourceSystemID,LOVRecordSourceID,SCDStartDate,SCDEndDate,SCDActiveFlag,SCDVersion,SCDLOVRecordSourceID,ETLRunLogID from PSB_AdditionalFees",
            "temp_table_name": "TblA",
            "partition_column_list": ""
        },
        {
            "card_id": "card_4",
            "card_dependencies": [
                "card_0"
            ],
            "label": "Apply_Filter 4",
            "card_type": "apply_filter",
            "description": "apply filter on rundate for addfees",
            "input_table": "PSB_AdditionalFees",
            "output_table": "PSB_AdditionalFees",
            "filter": [],
            "unmatch_data": false
        },
        {
            "card_id": "card_5",
            "card_dependencies": [
                "card_1"
            ],
            "label": "Apply_Filter 5",
            "card_type": "apply_filter",
            "description": "filter on RunDate for ProductFee",
            "input_table": "PSB_ProductFees",
            "output_table": "PSB_ProductFees",
            "filter": [],
            "unmatch_data": false
        },
        {
            "card_id": "card_6",
            "card_dependencies": [
                "card_2"
            ],
            "label": "Apply_Filter 6",
            "card_type": "apply_filter",
            "description": "filter on rundate",
            "input_table": "PSB_ServicFees",
            "output_table": "PSB_ServicFees",
            "filter": [],
            "unmatch_data": false
        },
        {
            "card_id": "card_8",
            "card_dependencies": [
                "card_5"
            ],
            "label": "Read_Table 8",
            "card_type": "read_table",
            "description": "sql query",
            "query": "select PharmacyServiceBillingFeeId,'P' as PharmacyServiceBillingFeeType,SnapshotId,PharmacyServiceBillingFeeDescription,ArticleCode,PriceTypeId,CentreDefinedPrice,IsoCurrencyCode,VATCode,null as WarningThreshold,MedicinalProductId,RunDateTime,Year,Month,Day,SourceSystemID,LOVRecordSourceID,SCDStartDate,SCDEndDate,SCDActiveFlag,SCDVersion,SCDLOVRecordSourceID,ETLRunLogID from PSB_ProductFees",
            "temp_table_name": "TblB",
            "partition_column_list": ""
        },
        {
            "card_id": "card_9",
            "card_dependencies": [
                "card_6"
            ],
            "label": "Read_Table 9",
            "card_type": "read_table",
            "description": "sql query",
            "query": "select PharmacyServiceBillingFeeId,'S' as PharmacyServiceBillingFeeType,SnapshotId,PharmacyServiceBillingFeeDescription,ArticleCode,null as PriceTypeId,CentreDefinedPrice,IsoCurrencyCode,VATCode, WarningThreshold,null as MedicinalProductId,RunDateTime,Year,Month,Day,SourceSystemID,LOVRecordSourceID,SCDStartDate,SCDEndDate,SCDActiveFlag,SCDVersion,SCDLOVRecordSourceID,ETLRunLogID from PSB_ServicFees",
            "temp_table_name": "TblC",
            "partition_column_list": ""
        },
        {
            "card_id": "card_10",
            "card_dependencies": [
                "card_3",
                "card_8",
                "card_9"
            ],
            "label": "Apply_Union 10",
            "card_type": "apply_union",
            "description": "union",
            "output_table": "Tbl",
            "input_tables": "TblA,TblB,TblC"
        },
        {
            "card_id": "card_11",
            "card_dependencies": [
                "card_10"
            ],
            "label": "Write_Delta 11",
            "card_type": "write_delta",
            "description": "write data",
            "query": "select PharmacyServiceBillingFeeId, PharmacyServiceBillingFeeType,SnapshotId,PharmacyServiceBillingFeeDescription,ArticleCode,PriceTypeId,CentreDefinedPrice,IsoCurrencyCode, VATCode,WarningThreshold,MedicinalProductId,RunDateTime ,Year,Month,Day,SourceSystemID,LOVRecordSourceID,SCDStartDate,SCDEndDate,SCDActiveFlag,SCDVersion,SCDLOVRecordSourceID,ETLRunLogID from Tbl",
            "data_path": "/mnt/idf-curate/Pharmaceuticals/PharmacyServiceBillingFee",
            "partition_key_columns": "SourceSystemID,Year,Month,Day",
            "mode": "APPEND",
            "type": "GENERAL"
        }
    ]
}