{
    "name": "ADLS_Binary",
    "properties": {
        "linkedServiceName": {
            "referenceName": "AzureDataLakeStorage2",
            "type": "LinkedServiceReference"
        },
        "parameters": {
            "ADLS_PATH": {
                "type": "string"
            }
        },
        "folder": {
            "name": "Platform_Data_migration"
        },
        "annotations": [],
        "type": "Binary",
        "typeProperties": {
            "location": {
                "type": "AzureBlobFSLocation",
                "folderPath": {
                    "value": "@dataset().ADLS_PATH",
                    "type": "Expression"
                },
                "fileSystem": "landing"
            }
        }
    },
    "type": "Microsoft.DataFactory/factories/datasets"
}