{
	"name": "Hist_Migration",
	"properties": {
		"annotations": [],
		"runtimeState": "Started",
		"pipelines": [
			{
				"pipelineReference": {
					"referenceName": "PL_HDFS_ADLS_Data_Copy_CreateTables_Onlydata_Snowflake",
					"type": "PipelineReference"
				},
				"parameters": {
					"sourcefile": "@triggerBody().fileName"
				}
			}
		],
		"type": "BlobEventsTrigger",
		"typeProperties": {
			"blobPathBeginsWith": "/wrangled/blobs/common/historical_data_migration/hdfs_adls_mapping/",
			"blobPathEndsWith": ".csv",
			"ignoreEmptyBlobs": true,
			"scope": "/subscriptions/e2c5939d-dfc5-4a4a-91fe-39cef55aa720/resourceGroups/rpu-nprod-dna-data-analytics-eastus2-paas-02-rg/providers/Microsoft.Storage/storageAccounts/dapdevadlswrng01",
			"events": [
				"Microsoft.Storage.BlobCreated"
			]
		}
	}
}