{
	"name": "incremental_batch_schedule",
	"properties": {
		"annotations": [],
		"runtimeState": "Started",
		"pipelines": [
			{
				"pipelineReference": {
					"referenceName": "incremental_batch",
					"type": "PipelineReference"
				}
			},
			{
				"pipelineReference": {
					"referenceName": "incremental_batch_generic_external",
					"type": "PipelineReference"
				}
			}
		],
		"type": "ScheduleTrigger",
		"typeProperties": {
			"recurrence": {
				"frequency": "Minute",
				"interval": 5,
				"startTime": "2021-06-29T13:30:00Z",
				"timeZone": "UTC"
			}
		}
	}
}