{
    "AzureDataLakeStorage1": [
      {
        "name": "$.properties.typeProperties.url",
        "value": "https://daptestadlslnd01.dfs.core.windows.net",
        "action": "update"
      }
    ],
    "generic_landing": [
      {
        "name": "$.properties.typeProperties.scope",
        "value": "/subscriptions/e2c5939d-dfc5-4a4a-91fe-39cef55aa720/resourceGroups/rpu-nprod-dna-data-analytics-eastus2-paas-test-02-rg/providers/Microsoft.Storage/storageAccounts/daptestadlslnd01",
        "action": "update"
      },
      {
        "name": "$.properties.pipelines[0].parameters.pStorageAccount",
        "value": "https://daptestadlslnd01.dfs.core.windows.net/",
        "action": "update"
      }
    ],
    "generic_raw": [
      {
        "name": "$.properties.typeProperties.scope",
        "value": "/subscriptions/e2c5939d-dfc5-4a4a-91fe-39cef55aa720/resourceGroups/rpu-nprod-dna-data-analytics-eastus2-paas-test-02-rg/providers/Microsoft.Storage/storageAccounts/daptestadlslnd01",
        "action": "update"
      },
      {
        "name": "$.properties.pipelines[0].parameters.pStorageAccount",
        "value": "https://daptestadlslnd01.dfs.core.windows.net/",
        "action": "update"
      }
    ],
    "AzureSqlDatabase1": [
      {
        "name": "$.properties.typeProperties.servicePrincipalId",
        "value": "cf3fa2d8-382e-42e6-9e2c-b1645d3ab59a",
        "action": "update"
      },
      {
        "name": "$.properties.typeProperties.servicePrincipalKey.secretName",
        "value": "testdnasqldb",
        "action": "update"
      }
    ],
    "MVPMetaDataStore": [
      {
        "name": "$.properties.typeProperties.servicePrincipalId",
        "value": "cf3fa2d8-382e-42e6-9e2c-b1645d3ab59a",
        "action": "update"
      },
      {
        "name": "$.properties.typeProperties.servicePrincipalKey.secretName",
        "value": "testdnasqldb",
        "action": "update"
      }
    ],
    "ESP_VM_SFTP":[
      {
        "name": "$.properties.typeProperties.Host",
        "value": "10.124.112.71",
        "action": "update"
      }
    ],
    "AzureDatabricksIngestion":[
      {
        "name": "$.properties.typeProperties.workspaceResourceId",
        "value": "/subscriptions/e2c5939d-dfc5-4a4a-91fe-39cef55aa720/resourceGroups/rpu-nprod-dna-data-analytics-eastus2-paas-test-02-rg/providers/Microsoft.Databricks/workspaces/daptestdata-engg01",
        "action":"update"
      }
    ]
    
  }