{
    "AzureDataLakeStorage1": [
      {
        "name": "$.properties.typeProperties.url",
        "value": "https://dappreprodadlslnd01.dfs.core.windows.net",
        "action": "update"
      }
    ],
    "generic_landing": [
      {
        "name": "$.properties.typeProperties.scope",
        "value": "/subscriptions/4d75c0bd-e6f8-46c7-8917-5bf26fe0cef1/resourceGroups/gs-dna-preprod-int-eastus2-rg/providers/Microsoft.Storage/storageAccounts/dappreprodadlslnd01",
        "action": "update"
      },
      {
        "name": "$.properties.pipelines[0].parameters.pStorageAccount",
        "value": "https://dappreprodadlslnd01.dfs.core.windows.net/",
        "action": "update"
      }
    ],
    "generic_raw": [
      {
        "name": "$.properties.typeProperties.scope",
        "value": "/subscriptions/4d75c0bd-e6f8-46c7-8917-5bf26fe0cef1/resourceGroups/gs-dna-preprod-int-eastus2-rg/providers/Microsoft.Storage/storageAccounts/dappreprodadlslnd01",
        "action": "update"
      },
      {
        "name": "$.properties.pipelines[0].parameters.pStorageAccount",
        "value": "https://dappreprodadlslnd01.dfs.core.windows.net/",
        "action": "update"
      }
    ],
    "AzureSqlDatabase1": [
      {
        "name": "$.properties.typeProperties.servicePrincipalId",
        "value": "93a20427-f18b-4b8e-b760-2e81818d1861",
        "action": "update"
      },
      {
        "name": "$.properties.typeProperties.servicePrincipalKey.secretName",
        "value": "proddnasqldb",
        "action": "update"
      }
    ],
    "MVPMetaDataStore": [
      {
        "name": "$.properties.typeProperties.servicePrincipalId",
        "value": "93a20427-f18b-4b8e-b760-2e81818d1861",
        "action": "update"
      },
      {
        "name": "$.properties.typeProperties.servicePrincipalKey.secretName",
        "value": "proddnasqldb",
        "action": "update"
      }
    ],
    "ESP_VM_SFTP":[
      {
        "name": "$.properties.typeProperties.Host",
        "value": "10.124.47.24",
        "action": "update"
      }
    ],
    "AzureDatabricksIngestion":[
      {
        "name": "$.properties.typeProperties.workspaceResourceId",
        "value": "/subscriptions/4d75c0bd-e6f8-46c7-8917-5bf26fe0cef1/resourceGroups/gs-dna-preprod-int-eastus2-rg/providers/Microsoft.Databricks/workspaces/dappreproddata-engg01",
        "action":"update"
      }
    ]
  }


  