{
    "AzureDataLakeStorage1": [
      {
        "name": "$.properties.typeProperties.url",
        "value": "https://dapuatadlslnd01.dfs.core.windows.net",
        "action": "update"
      }
    ],
    "generic_landing": [
      {
        "name": "$.properties.typeProperties.scope",
        "value": "/subscriptions/4d75c0bd-e6f8-46c7-8917-5bf26fe0cef1/resourceGroups/gs-dna-uat-int-eastus2-paas-rg/providers/Microsoft.Storage/storageAccounts/dapuatadlslnd01",
        "action": "update"
      },
      {
        "name": "$.properties.pipelines[0].parameters.pStorageAccount",
        "value": "https://dapuatadlslnd01.dfs.core.windows.net/",
        "action": "update"
      }
    ],
    "generic_raw": [
      {
        "name": "$.properties.typeProperties.scope",
        "value": "/subscriptions/4d75c0bd-e6f8-46c7-8917-5bf26fe0cef1/resourceGroups/gs-dna-uat-int-eastus2-paas-rg/providers/Microsoft.Storage/storageAccounts/dapuatadlslnd01",
        "action": "update"
      },
      {
        "name": "$.properties.pipelines[0].parameters.pStorageAccount",
        "value": "https://dapuatadlslnd01.dfs.core.windows.net/",
        "action": "update"
      }
    ],
    "AzureSqlDatabase1": [
      {
        "name": "$.properties.typeProperties.servicePrincipalId",
        "value": "2f7202f6-37a0-4375-9859-5593ff655bbf",
        "action": "update"
      },
      {
        "name": "$.properties.typeProperties.servicePrincipalKey.secretName",
        "value": "uatdnasqldb",
        "action": "update"
      }
    ],
    "MVPMetaDataStore": [
      {
        "name": "$.properties.typeProperties.servicePrincipalId",
        "value": "2f7202f6-37a0-4375-9859-5593ff655bbf",
        "action": "update"
      },
      {
        "name": "$.properties.typeProperties.servicePrincipalKey.secretName",
        "value": "uatdnasqldb",
        "action": "update"
      }
    ],
    "ESP_VM_SFTP":[
      {
        "name": "$.properties.typeProperties.Host",
        "value": "10.124.46.4",
        "action": "update"
      }
    ],
    "AzureDatabricksIngestion":[
      {
        "name": "$.properties.typeProperties.workspaceResourceId",
        "value": "/subscriptions/4d75c0bd-e6f8-46c7-8917-5bf26fe0cef1/resourceGroups/gs-dna-uat-int-eastus2-paas-rg/providers/Microsoft.Databricks/workspaces/dapuatdata-engg01",
        "action":"update"
      }
    ]
  }