{
    "$schema": "http://schema.management.azure.com/schemas/2019-04-01/deploymentParameters.json#",
    "contentVersion": "1.1.0.0",
    "parameters": {
        "tags": {
			"value": {
			}
        },
        "location": {
            "value": "eastus2",
            "metadata": {
                "description": "[REQUIRED] https://dev.azure.com/WBA/IT%20Services/_git/ccp-ent-infra-build?path=%2Flibrary%2Fprod%2Fanalysis-services%2FPARAMETERS.md&_a=preview&anchor=%60parameters.location%60"
            }
        },
        "serverName": {
            "value": "aasflippityflop",
            "metadata": {
                "description": "[REQUIRED] https://dev.azure.com/WBA/IT%20Services/_git/ccp-ent-infra-build?path=%2Flibrary%2Fprod%2Fanalysis-services%2FPARAMETERS.md&_a=preview&anchor=%60parameters.servername%60"
            }
        },
        "querypoolConnectionMode": {
            "value": "All",
            "metadata": {
                "description": "[OPTIONAL] https://dev.azure.com/WBA/IT%20Services/_git/ccp-ent-infra-build?path=%2Flibrary%2Fprod%2Fanalysis-services%2FPARAMETERS.md&_a=preview&anchor=%60parameters.querypoolconnectionmode%60"
            }
        },
        "skuName": {
            "value": "S0",
            "metadata": {
                "description": "[OPTIONAL] https://dev.azure.com/WBA/IT%20Services/_git/ccp-ent-infra-build?path=%2Flibrary%2Fprod%2Fanalysis-services%2FPARAMETERS.md&_a=preview&anchor=%60parameters.skuname%60"
            }
        },
        "skuCapacity": {
            "value": 1,
            "metadata": {
                "description": "[OPTIONAL] https://dev.azure.com/WBA/IT%20Services/_git/ccp-ent-infra-build?path=%2Flibrary%2Fprod%2Fanalysis-services%2FPARAMETERS.md&_a=preview&anchor=%60parameters.skucapacity%60"
            }
        },
        "roleAssignments": {
            "value": [],
            "metadata": {
                "description": "[OPTIONAL] https://dev.azure.com/WBA/IT%20Services/_git/ccp-ent-infra-build?path=%2Flibrary%2Fprod%2Fanalysis-services%2FPARAMETERS.md&_a=preview&anchor=%60parameters.roleassignments%60"
            }
        }
    },
    "deploymentParameters": {
        "resourceGroup": "flippity-flop",
        "subscription": "gs-nprod-cloudplatforms-01",
        "templateFile": ".\\library\\prod\\analysis-services\\analysis-services-template.json"
    }
}
