{
  "synced": {
    "T_1.1083.1__pharmacy_healthcare__pharmacy_codes.code_category.sql": "2022-03-15",
    "T_1.1084.1__pharmacy_healthcare__pharmacy_codes.code_detail.sql": "2022-03-15",
    "T_1.1143.1__master_data__reference_code_values.dim_code.sql": "2022-03-15",
    "T_1.1144.1__master_data__calendar.dim_date.sql": "2022-03-15",
    "T_1.1145.1__master_data__location.dim_location.sql": "2022-03-15",
    "T_1.1154.1__master_data__calendar.dim_period.sql": "2022-03-15",
    "T_1.1162.1__pharmacy_healthcare__drug.drug.sql": "2022-03-15",
    "T_1.1572.1__pharmacy_healthcare__patient.patient_health_condition_type.sql": "2022-03-15",
    "T_1.263.1__master_data__partner.epsilon_person_demographic.sql": "2022-03-15",
    "T_1.1458.1__master_data__location.location_store_relocation.sql": "2022-03-15",
    "T_1.1165.1__pharmacy_healthcare__drug.drug_cash_discount.sql": "2022-03-16",
    "T_1.1190.1__pharmacy_healthcare__drug.drug_therapeutic_class.sql": "2022-03-16",
    "T_1.1174.1__pharmacy_healthcare__drug.drug_indicator.sql": "2022-03-16",
    "T_1.1166.1__pharmacy_healthcare__drug.drug_class_state_override.sql": "2022-03-16",
    "T_1.1497.1__pharmacy_healthcare__drug.medispan_product.sql": "2022-03-16",
    "T_1.1498.1__pharmacy_healthcare__drug.medispan_product_price.sql": "2022-03-16",
    "T_1.1600.1__pharmacy_healthcare__plan.plan_category.sql": "2022-03-16",
    "T_1.1123.1__master_data__customer.customer.sql": "2022-03-23",
    "T_1.1125.1__master_data__customer.customer_address.sql": "2022-03-23",
    "T_1.1134.1__master_data__customer.customer_contact_channel.sql": "2022-03-23",
    "T_1.214.1__master_data__customer.customer_preference_program.sql": "2022-03-23",
    "T_1.1387.1__pharmacy_healthcare__prescriber.hc_provider_address_dea.sql": "2022-03-23",
    "T_1.1388.1__pharmacy_healthcare__prescriber.hc_provider_dea.sql": "2022-03-23",
    "T_1.1389.1__pharmacy_healthcare__prescriber.hc_provider_link.sql": "2022-03-23",
    "T_1.1436.1__master_data__customer.link_to_customer.sql": "2022-03-23",
    "T_1.1762.1__master_data__customer.rxp_source.sql": "2022-03-23",
    "T_1.1147.1__master_data__location.dim_location_store_xref.sql": "2022-03-23"
  },
  "toSync": {}
}