{
            "dev": {
                "type": "array",
                "value": [
                    "dlw2nia-bd01.walgreens.com"
                ]
            },
            "test": {
                "type": "array",
                "value": [
                    "dlw2nia-bd01.walgreens.com"
                ]
            },
            "uat": {
                "type": "array",
                "value": [
                    "ula-w02dna02",
                    "ula-w02dna01"
                ]
            },
            "prod": {
                "type": "array",
                "value": [
                    "pla-w02dna01",
                    "pla-w02dna02",
                    "pla-w02dna03"
                ]
            }
}