{
    "onprem_adls_Sftp": [
      {
        "name": "$.properties.typeProperties.host",
        "value": "dlw2nia-bd01.walgreens.com",
        "action": "update"
      },
      {
        "name": "$.properties.typeProperties.userName",
        "value": "kteena67",
        "action": "update"
      }
    ],
    "Hdfs1": [
      {
        "name": "$.properties.typeProperties.url",
        "value": "https://devidhknox.walgreens.com:8443/gateway/default/webhdfs/v1/",
        "action": "update"
      },
      {
        "name": "$.properties.typeProperties.userName",
        "value": "kwelpugc",
        "action": "update"
      }
    ],
	"DataBricks": [
      {
        "name": "$.properties.typeProperties.existingClusterId",
        "value": "0616-053125-owner149",
        "action": "update"
      }
    ]
  }
  