{
    "onprem_adls_Sftp": [
      {
        "name": "$.properties.typeProperties.host",
        "value": "pla-w01edgehdpdna01.walgreens.com",
        "action": "update"
      },
      {
        "name": "$.properties.typeProperties.userName",
        "value": "svcDAFIP",
        "action": "update"
      },
      {
        "name": "$.properties.typeProperties.privateKeyContent.secretName",
        "value": "dappreprod-batch-1-privatekey-svcDAFIP",
        "action": "update"
      },
      {
        "name": "$.properties.typeProperties.passPhrase.secretName",
        "value": "dappreprod-batch-1-passphrase-svcDAFIP",
        "action": "update"
      }
   ],
    "Hdfs1": [
      {
        "name": "$.properties.typeProperties.url",
        "value": "https://pla-w01edgehdpdna01.walgreens.com:8443/gateway/default/webhdfs/v1/",
        "action": "update"
      },
      {
        "name": "$.properties.typeProperties.userName",
        "value": "svcDNA_Phase_2_Encrypt_RPU",
        "action": "update"
      }
    ],
	"DataBricks": [
      {
        "name": "$.properties.typeProperties.existingClusterId",
        "value": "0622-173500-stud918",
        "action": "update"
      }
    ],
  "Databricks_Job_Cluster": [
      {
        "name": "$.properties.typeProperties.newClusterSparkConf.'fs.azure.account.oauth2.client.secret'",
        "value": "{{secrets/dappreproddataenggscope/preproddnaadls}}",
        "action": "update"
      }
    ]
  }
  