{
	"name": "AzureSynapseAnalytics1",
	"properties": {
		"annotations": [],
		"type": "AzureSqlDW",
		"typeProperties": {
			"connectionString": "Integrated Security=False;Encrypt=True;Connection Timeout=30;Data Source=npro-dna-northeurope-pre-ssrv01.database.windows.net;Initial Catalog=npro-data-northeurope-pre-dwh-01;User ID=dbuser-prod",
			"password": {
				"type": "AzureKeyVaultSecret",
				"store": {
					"referenceName": "AzureKeyVault1",
					"type": "LinkedServiceReference"
				},
				"secretName": "sqlserver-password"
			}
		}
	}
}