{
	"name": "AzureDatabricksDeltaLake_LS",
	"type": "Microsoft.DataFactory/factories/linkedservices",
	"properties": {
		"annotations": [],
		"type": "AzureDatabricksDeltaLake",
		"typeProperties": {
			"domain": "https://adb-1260500681028717.17.azuredatabricks.net",
			"clusterId": "1220-141227-u48lgzxh",
			"accessToken": {
				"type": "AzureKeyVaultSecret",
				"store": {
					"referenceName": "AzureKeyVault1",
					"type": "LinkedServiceReference"
				},
				"secretName": "DataBricks-Access-Token"
			}
		}
	}
}