{
	"name": "AzureDatabricks_IDF",
	"type": "Microsoft.DataFactory/factories/linkedservices",
	"properties": {
		"annotations": [],
		"type": "AzureDatabricks",
		"typeProperties": {
			"domain": "https://adb-1260500681028717.17.azuredatabricks.net",
			"authentication": "MSI",
			"workspaceResourceId": "/subscriptions/ef96be94-eb8b-4cb0-950d-151cda7e92ed/resourceGroups/npro-dna-dev-curate-northeurope-rg01/providers/Microsoft.Databricks/workspaces/dev-dna-gdh-plateng-ne-adb-01",
			"existingClusterId": "1220-141227-u48lgzxh"
		}
	}
}