{
    "name": "MetadataPP",
    "type": "Microsoft.DataFactory/factories/linkedservices",
    "properties": {
        "description": "Linked service for exporting and importing to PP",
        "annotations": [],
        "type": "AzureSqlDatabase",
        "typeProperties": {
            "connectionString": "Integrated Security=False;Encrypt=True;Connection Timeout=30;Data Source=npro-dna-northeurope-pre-ssrv01.database.windows.net;Initial Catalog=DNAeMetadataSDB01;User ID=dbuser-nprod",
            "password": {
                "type": "AzureKeyVaultSecret",
                "store": {
                    "referenceName": "AzureKeyVault1",
                    "type": "LinkedServiceReference"
                },
                "secretName": "sqlserver-password"
            }
        }
    }
}