{
"name": "SQLDBMeta",
"properties": {
"annotations": [],
"type": "AzureSqlDatabase",
"typeProperties": {
"connectionString": "Integrated Security=False;Encrypt=True;Connection Timeout=30;Data Source=npro-dna-northeurope-dev-ssrv01.database.windows.net;Initial Catalog=DNAdMetadataSDB01;User ID=dbuser-nprod",
"password": {
"type": "AzureKeyVaultSecret",
"store": {
"referenceName": "AzureKeyVault1",
"type": "LinkedServiceReference"
},
"secretName": "sqlserver-password"
}
}
},
"type": "Microsoft.DataFactory/factories/linkedservices"
}