{
	"project_name": "BUKOPMS",
	"config_type": "etl",
	"description": "",
	"data_source": [],
	"report_path": "/mnt/idf-reports/BTUKOPTIT/BUKOPMS/BTCOPT_ORDER_ORDER_LINE_LENS_INFO_BUKOPMS_Incr/Incremental/CurateADLS/",
	"cards": [
		{
			"card_id": "card_0",
			"card_dependencies": [],
			"label": "Read_Delta 0",
			"card_type": "read_delta",
			"description": "reading standard location",
			"data_path": "/mnt/idf-curatestandard/BTUKOPTIT/BUKOPMS/BTCOPT_ORDER_ORDER_LINE_LENS_INFO_BUKOPMS_Incr/Incremental",
			"output_table": "ollens1"
		},
		{
			"card_id": "card_1",
			"card_dependencies": [
				"card_0"
			],
			"label": "Apply_Filter 1",
			"card_type": "apply_filter",
			"description": "filtering records with RunDateTime",
			"input_table": "ollens1",
			"output_table": "ollens2",
			"filter": [],
			"unmatch_data": false
		},
		{
			"card_id": "card_2",
			"card_dependencies": [],
			"label": "Read_Table 2",
			"card_type": "read_table",
			"description": "Read ADLS table",
			"query": "select * from curate_enterprise.reflovsetinfo",
			"temp_table_name": "reflovsetinfo",
			"partition_column_list": ""
		},
		{
			"card_id": "card_13",
			"card_dependencies": [],
			"label": "Read_Delta 13",
			"card_type": "read_delta",
			"description": "reading standard backup location",
			"data_path": "/mnt/idf-curatestandard/BTUKOPTIT/BUKOPMS/BTCOPT_ORDER_ORDER_LINE_LENS_INFO_BUKOPMS_Incr/BackUp",
			"output_table": "ollens12"
		},
		{
			"card_id": "card_12",
			"card_dependencies": [
				"card_13",
				"card_1"
			],
			"label": "Read_Table 12",
			"card_type": "read_table",
			"description": "Union with backup table",
			"query": "select * from ollens2 union select * from ollens12",
			"temp_table_name": "ollens11",
			"partition_column_list": ""
		},
		{
			"card_id": "card_28",
			"card_dependencies": [
				"card_12"
			],
			"label": "Read_Table 28",
			"card_type": "read_table",
			"description": "Making null void null",
			"query": "select nullif(CurateStandardRowKey,'null') as CurateStandardRowKey,nullif(ID,'null') as  ID,nullif(LENS_FINISH_EXTERNAL_REF,'null') as LENS_FINISH_EXTERNAL_REF,nullif(LENS_FINISH_VALUE,'null') as LENS_FINISH_VALUE,nullif(MANUFACTURER_LEAD_TIME,'null') as MANUFACTURER_LEAD_TIME,nullif(TINT_TYPE_EXTERNAL_REF,'null') as TINT_TYPE_EXTERNAL_REF,nullif(TINT_TYPE_VALUE,'null') as TINT_TYPE_VALUE,nullif(TINT_COLOR_VALUE,'null') as TINT_COLOR_VALUE,nullif(TINT_COLOR_EXTERNAL_REF,'null') as TINT_COLOR_EXTERNAL_REF,nullif(TINT_DEPTH_EXTERNAL_REF,'null') as TINT_DEPTH_EXTERNAL_REF,nullif(TINT_DEPTH_VALUE,'null') as TINT_DEPTH_VALUE,nullif(VISION_TYPE,'null') as VISION_TYPE,nullif(VISION_SUB_TYPE,'null') as VISION_SUB_TYPE,nullif(FINISH_CODE,'null') as FINISH_CODE,nullif(LENS_INDEX,'null') as LENS_INDEX,nullif(TINT_CODE,'null') as TINT_CODE,nullif(TO_ORDER,'null') as TO_ORDER,nullif(DELETED,'null') as DELETED,nullif(ID_ORDER_LINE,'null') as ID_ORDER_LINE,nullif(BLANK_DIAM,'null') as BLANK_DIAM,nullif(V_DEC,'null') as V_DEC,nullif(H_DEC,'null') as H_DEC,nullif(BLANK_DIAMETER_ANGLE,'null') as BLANK_DIAMETER_ANGLE,nullif(IS_STOCK,'null') as IS_STOCK,nullif(THICKNESS,'null') as THICKNESS,nullif(OPERATION,'null') as OPERATION,nullif(TIMESTAMP,'null') as TIMESTAMP,nullif(TRANSACTIONID,'null') as TRANSACTIONID from ollens11",
			"temp_table_name": "ollens28",
			"partition_column_list": ""
		},
		{
			"card_id": "card_4",
			"card_dependencies": [
				"card_28"
			],
			"label": "Read_Table 4",
			"card_type": "read_table",
			"description": "fetching latest records",
			"query": "select * from (select row_number() OVER(PARTITION BY ID order BY timestamp desc,case when operation='DELETE' then 1 when operation='UPDATE' then 2 when operation='INSERT' then 3 when operation='REFRESH' then 4 end asc) as rn,row_number() OVER(PARTITION BY ID,timestamp,operation order BY timestamp desc,operation desc) as rnk,* FROM ollens28)t where t.rnk = 1",
			"temp_table_name": "ollens5",
			"partition_column_list": ""
		},
		{
			"card_id": "card_18",
			"card_dependencies": [
				"card_4"
			],
			"label": "Read_Table 18",
			"card_type": "read_table",
			"description": "Populating etlrunlogid",
			"query": "select s.*,r.ETLRunId as ETLRunLogIdNew from ollens5 s join (select max(cast(ETLRunId as int)) as ETLRunId from RPI_LOGGING.RPI_COMMON_LOGGING where processstage='CurateStandard' and feedname = 'BTCOPT_ORDER_ORDER_LINE_LENS_INFO_BUKOPMS_Incr') r on (1=1)",
			"temp_table_name": "ollenslog",
			"partition_column_list": ""
		},
		{
			"card_id": "card_3",
			"card_dependencies": [
				"card_2",
				"card_18"
			],
			"label": "Read_Table 3",
			"card_type": "read_table",
			"description": "Applying Transformations",
			"query": "select  md5(concat_ws('^|~',s.ID,r.LOVId)) as OrderLineLensId,s.ID as SRCClinicalOrderLineLensId,a.ClinicalOrderLineId,s.LENS_FINISH_EXTERNAL_REF as LensFinishExternalRef,s.LENS_FINISH_VALUE as LensFinishValue,s.MANUFACTURER_LEAD_TIME as ManufacturerLeadTime,s.TINT_TYPE_EXTERNAL_REF as TintTypeExternalRef,s.TINT_TYPE_VALUE as TintTypeValue,s.TINT_COLOR_VALUE as TintColorValue,s.TINT_COLOR_EXTERNAL_REF as TintColorExternalRef,s.TINT_DEPTH_EXTERNAL_REF as TintDepthExternalRef,s.TINT_DEPTH_VALUE as TintDepthValue,s.VISION_TYPE as VisionType,s.VISION_SUB_TYPE as VisionSubType,s.FINISH_CODE as FinishCode,s.LENS_INDEX as LensIndex,s.TINT_CODE as TintCode,s.TO_ORDER as ToOrder,nullif(s.DELETED,'null') as Deleted,s.BLANK_DIAM as BlankDiam,s.V_DEC as VDec,s.H_DEC as HDesc,s.BLANK_DIAMETER_ANGLE as BlankDiamterAngle,s.IS_STOCK as IsStock,s.THICKNESS as Thickness,'BUKOPMS' as RecordSourceCode,cast(r.LOVId as int) as LOVRecordSourceId,cast(s.CurateStandardRowKey as bigint) as DLCurateStandardRowKey,cast(s.ETLRunLogIdNew as int) as DLETLRunLogID,current_timestamp as RunDateTime,case when s.rn=1 and ifnull(s.operation,'null')<>'DELETE' then 'Y' when s.rn=1 and ifnull(s.operation,'null')='DELETE' then 'D' else 'N' end as DLSCDActiveFlag from ollenslog s left join (select distinct ClinicalOrderLineId,SRCClinicalOrderLineId from curate_enterprise.ODHClinicalOrderLine where RecordSourceCode='BUKOPMS' and DLSCDActiveFlag='Y') a on a.SRCClinicalOrderLineId=s.ID_ORDER_LINE join (select LOVId from reflovsetinfo where lovkey='BUKOPMS' and lovsetname='System of Record' and LOVRecordsourceid='12012') r on(1=1) where s.id is not null",
			"temp_table_name": "ODHClinicalOrderLineLens",
			"partition_column_list": ""
		},
		{
			"card_id": "card_25",
			"card_dependencies": [
				"card_3"
			],
			"label": "Read_Table 25",
			"card_type": "read_table",
			"description": "Filtering Records and Casting to correct DataType",
			"query": "select cast (OrderLineLensId as string),cast (SRCClinicalOrderLineLensId as string),cast (ClinicalOrderLineId as string),cast (LensFinishExternalRef as string),cast (LensFinishValue as string),cast (ManufacturerLeadTime as smallint),cast (TintTypeExternalRef as string),cast (TintTypeValue as string),cast (TintColorValue as string),cast (TintColorExternalRef as string),cast (TintDepthExternalRef as string),cast (TintDepthValue as string),cast (VisionType as string),cast (VisionSubType as string),cast (FinishCode as string),cast (LensIndex as numeric(15, 5)),cast (TintCode as string),cast (ToOrder as smallint),cast (Deleted as string),cast (BlankDiam as numeric(15, 5)),cast (VDec as numeric(15, 5)),cast (HDesc as numeric(15, 5)),cast (BlankDiamterAngle as numeric(15, 5)),cast (IsStock as smallint),cast (Thickness as numeric(15, 5)),cast(RecordSourceCode  as string),cast(LOVRecordSourceId as int),cast(RunDateTime as timestamp),cast(DLCurateStandardRowKey as bigint),DLETLRunLogID,DLSCDActiveFlag from ODHClinicalOrderLineLens where ClinicalOrderLineId is not null",
			"temp_table_name": "ODHClinicalOrderLineLens1",
			"partition_column_list": ""
		},
		{
			"card_id": "card_27",
			"card_dependencies": [
				"card_25"
			],
			"label": "Read_Table 27",
			"card_type": "read_table",
			"description": "Insert in ADLS",
			"query": "MERGE INTO curate_enterprise.ODHClinicalOrderLineLens T USING (SELECT case when s.dlscdactiveflag='Y' then s.OrderLineLensId else 'DEACTIVATE' end as mergeKey, s.* FROM ODHClinicalOrderLineLens1 s where s.dlscdactiveflag<>'D' UNION ALL SELECT 'UPDATE' as mergeKey, source.* FROM ODHClinicalOrderLineLens1 source JOIN curate_enterprise.ODHClinicalOrderLineLens Target ON source.OrderLineLensId = Target.OrderLineLensId WHERE Target.DLSCDActiveFlag = 'Y' and source.DLSCDActiveFlag = 'Y') src ON T.OrderLineLensId = src.mergeKey AND T.DLSCDActiveFlag = 'Y' when matched THEN UPDATE SET DLSCDActiveFlag = 'N', DLSCDEndDateTime = src.RunDateTime ,DLUpdateDateTime = src.RunDateTime WHEN not MATCHED AND src.mergeKey <> 'UPDATE' and src.mergekey <> 'DEACTIVATE' THEN INSERT(OrderLineLensId,SRCClinicalOrderLineLensId,ClinicalOrderLineId,LensFinishExternalRef,LensFinishValue,ManufacturerLeadTime,TintTypeExternalRef,TintTypeValue,TintColorValue,TintColorExternalRef,TintDepthExternalRef,TintDepthValue,VisionType,VisionSubType,FinishCode,LensIndex,TintCode,ToOrder,Deleted,BlankDiam,VDec,HDesc,BlankDiamterAngle,IsStock,Thickness,RecordSourceCode,LOVRecordSourceId ,RunDateTime,DLCreateDateTime,DLUpdateDateTime,DLSCDStartDateTime,DLSCDEndDateTime,DLSCDActiveFlag,DLETLRunLogID,DLCurateStandardRowKey)  VALUES(src.OrderLineLensId,src.SRCClinicalOrderLineLensId,src.ClinicalOrderLineId,src.LensFinishExternalRef,src.LensFinishValue,src.ManufacturerLeadTime,src.TintTypeExternalRef,src.TintTypeValue,src.TintColorValue,src.TintColorExternalRef,src.TintDepthExternalRef,src.TintDepthValue,src.VisionType,src.VisionSubType,src.FinishCode,src.LensIndex,src.TintCode,src.ToOrder,src.Deleted,src.BlankDiam,src.VDec,src.HDesc,src.BlankDiamterAngle,src.IsStock,src.Thickness,src.RecordSourceCode,src.LOVRecordSourceId,src.RunDateTime,src.RunDateTime,src.RunDateTime,'1900-01-01 00:00:00.000','9999-12-31 00:00:00.000',src.DLSCDActiveFlag,src.DLETLRunLogID,src.DLCurateStandardRowKey) WHEN not MATCHED AND src.mergeKey = 'UPDATE' THEN INSERT(OrderLineLensId,SRCClinicalOrderLineLensId,ClinicalOrderLineId,LensFinishExternalRef,LensFinishValue,ManufacturerLeadTime,TintTypeExternalRef,TintTypeValue,TintColorValue,TintColorExternalRef,TintDepthExternalRef,TintDepthValue,VisionType,VisionSubType,FinishCode,LensIndex,TintCode,ToOrder,Deleted,BlankDiam,VDec,HDesc,BlankDiamterAngle,IsStock,Thickness,RecordSourceCode,LOVRecordSourceId ,RunDateTime,DLCreateDateTime,DLUpdateDateTime,DLSCDStartDateTime,DLSCDEndDateTime,DLSCDActiveFlag,DLETLRunLogID,DLCurateStandardRowKey)  VALUES(src.OrderLineLensId,src.SRCClinicalOrderLineLensId,src.ClinicalOrderLineId,src.LensFinishExternalRef,src.LensFinishValue,src.ManufacturerLeadTime,src.TintTypeExternalRef,src.TintTypeValue,src.TintColorValue,src.TintColorExternalRef,src.TintDepthExternalRef,src.TintDepthValue,src.VisionType,src.VisionSubType,src.FinishCode,src.LensIndex,src.TintCode,src.ToOrder,src.Deleted,src.BlankDiam,src.VDec,src.HDesc,src.BlankDiamterAngle,src.IsStock,src.Thickness,src.RecordSourceCode,src.LOVRecordSourceId,src.RunDateTime,src.RunDateTime,src.RunDateTime,src.RunDateTime,'9999-12-31 00:00:00.000',src.DLSCDActiveFlag,src.DLETLRunLogID,src.DLCurateStandardRowKey) WHEN not MATCHED AND src.mergeKey = 'DEACTIVATE' THEN INSERT(OrderLineLensId,SRCClinicalOrderLineLensId,ClinicalOrderLineId,LensFinishExternalRef,LensFinishValue,ManufacturerLeadTime,TintTypeExternalRef,TintTypeValue,TintColorValue,TintColorExternalRef,TintDepthExternalRef,TintDepthValue,VisionType,VisionSubType,FinishCode,LensIndex,TintCode,ToOrder,Deleted,BlankDiam,VDec,HDesc,BlankDiamterAngle,IsStock,Thickness,RecordSourceCode,LOVRecordSourceId ,RunDateTime,DLCreateDateTime,DLUpdateDateTime,DLSCDStartDateTime,DLSCDEndDateTime,DLSCDActiveFlag,DLETLRunLogID,DLCurateStandardRowKey)  VALUES(src.OrderLineLensId,src.SRCClinicalOrderLineLensId,src.ClinicalOrderLineId,src.LensFinishExternalRef,src.LensFinishValue,src.ManufacturerLeadTime,src.TintTypeExternalRef,src.TintTypeValue,src.TintColorValue,src.TintColorExternalRef,src.TintDepthExternalRef,src.TintDepthValue,src.VisionType,src.VisionSubType,src.FinishCode,src.LensIndex,src.TintCode,src.ToOrder,src.Deleted,src.BlankDiam,src.VDec,src.HDesc,src.BlankDiamterAngle,src.IsStock,src.Thickness,src.RecordSourceCode,src.LOVRecordSourceId,src.RunDateTime,src.RunDateTime,src.RunDateTime,src.RunDateTime,src.RunDateTime,src.DLSCDActiveFlag,src.DLETLRunLogID,src.DLCurateStandardRowKey)",
			"temp_table_name": "ODHClinicalOrderLineLens3",
			"partition_column_list": ""
		},
		{
			"card_id": "card_111",
			"card_dependencies": [
				"card_27"
			],
			"label": "Read_Table 111",
			"card_type": "read_table",
			"description": "Deactivating the records for Delete Operation",
			"query": "MERGE INTO curate_enterprise.ODHClinicalOrderLineLens T USING (SELECT s.OrderLineLensId as MergeKey,s.* FROM ODHClinicalOrderLineLens1 s where s.dlscdactiveflag='D' UNION ALL SELECT 'UPDATE' as mergeKey, source.* FROM ODHClinicalOrderLineLens1 source JOIN curate_enterprise.ODHClinicalOrderLineLens Target ON source.OrderLineLensId = Target.OrderLineLensId WHERE Target.DLSCDActiveFlag = 'Y' and source.dlscdactiveflag='D') src ON T.OrderLineLensId = src.mergeKey AND T.DLSCDActiveFlag = 'Y' when matched THEN UPDATE SET DLSCDActiveFlag = 'N', DLSCDEndDateTime = src.RunDateTime ,DLUpdateDateTime = src.RunDateTime WHEN not MATCHED AND src.mergeKey = 'UPDATE' THEN INSERT(OrderLineLensId,SRCClinicalOrderLineLensId,ClinicalOrderLineId,LensFinishExternalRef,LensFinishValue,ManufacturerLeadTime,TintTypeExternalRef,TintTypeValue,TintColorValue,TintColorExternalRef,TintDepthExternalRef,TintDepthValue,VisionType,VisionSubType,FinishCode,LensIndex,TintCode,ToOrder,Deleted,BlankDiam,VDec,HDesc,BlankDiamterAngle,IsStock,Thickness,RecordSourceCode,LOVRecordSourceId ,RunDateTime,DLCreateDateTime,DLUpdateDateTime,DLSCDStartDateTime,DLSCDEndDateTime,DLSCDActiveFlag,DLETLRunLogID,DLCurateStandardRowKey)  VALUES(src.OrderLineLensId,src.SRCClinicalOrderLineLensId,src.ClinicalOrderLineId,src.LensFinishExternalRef,src.LensFinishValue,src.ManufacturerLeadTime,src.TintTypeExternalRef,src.TintTypeValue,src.TintColorValue,src.TintColorExternalRef,src.TintDepthExternalRef,src.TintDepthValue,src.VisionType,src.VisionSubType,src.FinishCode,src.LensIndex,src.TintCode,src.ToOrder,src.Deleted,src.BlankDiam,src.VDec,src.HDesc,src.BlankDiamterAngle,src.IsStock,src.Thickness,src.RecordSourceCode,src.LOVRecordSourceId,src.RunDateTime,src.RunDateTime,src.RunDateTime,src.RunDateTime,src.RunDateTime,'N',src.DLETLRunLogID,src.DLCurateStandardRowKey) WHEN not MATCHED AND src.mergeKey <> 'UPDATE' THEN INSERT(OrderLineLensId,SRCClinicalOrderLineLensId,ClinicalOrderLineId,LensFinishExternalRef,LensFinishValue,ManufacturerLeadTime,TintTypeExternalRef,TintTypeValue,TintColorValue,TintColorExternalRef,TintDepthExternalRef,TintDepthValue,VisionType,VisionSubType,FinishCode,LensIndex,TintCode,ToOrder,Deleted,BlankDiam,VDec,HDesc,BlankDiamterAngle,IsStock,Thickness,RecordSourceCode,LOVRecordSourceId ,RunDateTime,DLCreateDateTime,DLUpdateDateTime,DLSCDStartDateTime,DLSCDEndDateTime,DLSCDActiveFlag,DLETLRunLogID,DLCurateStandardRowKey)  VALUES(src.OrderLineLensId,src.SRCClinicalOrderLineLensId,src.ClinicalOrderLineId,src.LensFinishExternalRef,src.LensFinishValue,src.ManufacturerLeadTime,src.TintTypeExternalRef,src.TintTypeValue,src.TintColorValue,src.TintColorExternalRef,src.TintDepthExternalRef,src.TintDepthValue,src.VisionType,src.VisionSubType,src.FinishCode,src.LensIndex,src.TintCode,src.ToOrder,src.Deleted,src.BlankDiam,src.VDec,src.HDesc,src.BlankDiamterAngle,src.IsStock,src.Thickness,src.RecordSourceCode,src.LOVRecordSourceId,src.RunDateTime,src.RunDateTime,src.RunDateTime,src.RunDateTime,src.RunDateTime,'N',src.DLETLRunLogID,src.DLCurateStandardRowKey)",
			"temp_table_name": "ODHClinicalOrderLineLens111",
			"partition_column_list": ""
		},
		{
			"card_id": "card_11",
			"card_dependencies": [
				"card_111"
			],
			"label": "Write_Delta 11",
			"card_type": "write_delta",
			"description": "Write backup Standard",
			"query": "select * from ollens11 where id not in (select SRCClinicalOrderLineLensId from ODHClinicalOrderLineLens where ClinicalOrderLineId is not null)",
			"data_path": "/mnt/idf-curatestandard/BTUKOPTIT/BUKOPMS/BTCOPT_ORDER_ORDER_LINE_LENS_INFO_BUKOPMS_Incr/BackUp",
			"partition_key_columns": "",
			"mode": "OVERWRITE",
			"type": "GENERAL"
		}
	]
}