{
    "AzureDatabricks_SS_LS": [
      {
        "name": "$.properties.typeProperties.domain",
        "value": "https://adb-5142604247180767.7.azuredatabricks.net",
        "action": "update"
      },
      {
        "name": "$.properties.typeProperties.workspaceResourceId",
        "value": "/subscriptions/e2c5939d-dfc5-4a4a-91fe-39cef55aa720/resourceGroups/rpu-nprod-dna-data-analytics-eastus2-paas-test-02-rg/providers/Microsoft.Databricks/workspaces/daptestdata-engg01",
        "action": "update"
      }
    ],
    "dapadlsselfserve": [
      {
        "name": "$.properties.typeProperties.url",
        "value": "https://daptestadlsselfserve01.dfs.core.windows.net/",
        "action": "update"
      }
    ],
    "PL_SS_DOWNLOAD_VOLTAGE_DECRYPTION": [
      {
        "name": "$.properties.parameters.StorageAccountName.defaultValue",
        "value": "daptestadlsselfserve01",
        "action": "update"
      },
      {
        "name": "$.properties.parameters.VoltageAPIurl.defaultValue",
        "value": "https://daptestpde-voltage-encrypt-decrypt-svc.azurewebsites.net/v0/encryption/fle/decrypt/12345",
        "action": "update"
      }
    ],
    "PL_LF_PROCESSING_CONTROL": [
      {
        "name": "$.properties.parameters.StorageAccountName.defaultValue",
        "value": "daptestadlsselfserve01",
        "action": "update"
      }
    ],
    "Trigger_PL_SS_Deltalake_User_Access": [
      {
        "name": "$.properties.pipelines.parameters.StorageAccountName",
        "value": "daptestadlsselfserve01",
        "action": "update"
      }
    ],
    "Trigger_PL_SS_Snowflake_User_Access": [
      {
        "name": "$.properties.pipelines.parameters.StorageAccountName",
        "value": "daptestadlsselfserve01",
        "action": "update"
      },
      {
        "name": "$.properties.pipelines.parameters.DiscoveryDB",
        "value": "TEST_DISCOVERY",
        "action": "update"
      }
    ],
    "Trigger_PL_SS_DMA_DATA_TRANSFER": [
      {
        "name": "$.properties.pipelines.parameters.ContainerName",
        "value": "selfserve",
        "action": "update"
      },
      {
        "name": "$.properties.pipelines.parameters.SourceStorageAccountName",
        "value": "daptestadlsselfserve01",
        "action": "update"
      },
      {
        "name": "$.properties.pipelines.parameters.TargetStorageAccountName",
        "value": "daptestadlsselfserve01",
        "action": "update"
      },
      {
        "name": "$.properties.pipelines.parameters.VoltageAPIurl",
        "value": "https://daptestpde-voltage-encrypt-decrypt-svc.azurewebsites.net/v0/encryption/fle/encrypt/12345",
        "action": "update"
      },
      {
        "name": "$.properties.typeProperties.scope",
        "value": "/subscriptions/e2c5939d-dfc5-4a4a-91fe-39cef55aa720/resourceGroups/rpu-nprod-dna-data-analytics-eastus2-selfserve-test-rg/providers/Microsoft.Storage/storageAccounts/daptestadlsselfserve01",
        "action": "update"
      }
    ]
  }