{
    "AzureDatabricks_SS_LS": [
      {
        "name": "$.properties.typeProperties.domain",
        "value": "https://adb-347202096504412.12.azuredatabricks.net",
        "action": "update"
      },
      {
        "name": "$.properties.typeProperties.workspaceResourceId",
        "value": "/subscriptions/4d75c0bd-e6f8-46c7-8917-5bf26fe0cef1/resourceGroups/gs-dna-prod-int-eastus2-paas-rg/providers/Microsoft.Databricks/workspaces/dapproddata-engg01",
        "action": "update"
      }
    ],
    "dapadlsselfserve": [
      {
        "name": "$.properties.typeProperties.url",
        "value": "https://dapprodadlsselfserve01.dfs.core.windows.net/",
        "action": "update"
      }
    ],
    "PL_SS_DOWNLOAD_VOLTAGE_DECRYPTION": [
      {
        "name": "$.properties.parameters.StorageAccountName.defaultValue",
        "value": "dapprodadlsselfserve01",
        "action": "update"
      },
      {
        "name": "$.properties.parameters.VoltageAPIurl.defaultValue",
        "value": "https://dapprodpde-voltage-encrypt-decrypt-svc.azurewebsites.net/v0/encryption/fle/decrypt/12345",
        "action": "update"
      }
    ],
    "PL_LF_PROCESSING_CONTROL": [
      {
        "name": "$.properties.parameters.StorageAccountName.defaultValue",
        "value": "dapprodadlsselfserve01",
        "action": "update"
      }
    ],
    "Trigger_PL_SS_Deltalake_User_Access": [
      {
        "name": "$.properties.pipelines.parameters.StorageAccountName",
        "value": "dapprodadlsselfserve01",
        "action": "update"
      }
    ],
    "Trigger_PL_SS_Snowflake_User_Access": [
      {
        "name": "$.properties.pipelines.parameters.StorageAccountName",
        "value": "dapprodadlsselfserve01",
        "action": "update"
      },
      {
        "name": "$.properties.pipelines.parameters.DiscoveryDB",
        "value": "PROD_DISCOVERY",
        "action": "update"
      }
    ],
    "Trigger_PL_SS_DMA_DATA_TRANSFER": [
      {
        "name": "$.properties.pipelines.parameters.ContainerName",
        "value": "selfserve",
        "action": "update"
      },
      {
        "name": "$.properties.pipelines.parameters.SourceStorageAccountName",
        "value": "dapprodadlsselfserve01",
        "action": "update"
      },
      {
        "name": "$.properties.pipelines.parameters.TargetStorageAccountName",
        "value": "prodfixdseus2tdiscovsa01",
        "action": "update"
      },
      {
        "name": "$.properties.pipelines.parameters.VoltageAPIurl",
        "value": "https://dapprodpde-voltage-encrypt-decrypt-svc.azurewebsites.net/v0/encryption/fle/encrypt/12345",
        "action": "update"
      },
      {
        "name": "$.properties.typeProperties.scope",
        "value": "/subscriptions/4d75c0bd-e6f8-46c7-8917-5bf26fe0cef1/resourceGroups/gs-dna-prod-int-eastus2-selfserve-rg/providers/Microsoft.Storage/storageAccounts/dapprodadlsselfserve01",
        "action": "update"
      }
    ]
  }