{
    "AzureDatabricks_SS_LS": [
      {
        "name": "$.properties.typeProperties.domain",
        "value": "https://adb-6189673111875387.7.azuredatabricks.net",
        "action": "update"
      },
      {
        "name": "$.properties.typeProperties.workspaceResourceId",
        "value": "/subscriptions/4d75c0bd-e6f8-46c7-8917-5bf26fe0cef1/resourceGroups/gs-dna-preprod-int-eastus2-rg/providers/Microsoft.Databricks/workspaces/dappreproddata-engg01",
        "action": "update"
      }
    ],
    "dapadlsselfserve": [
      {
        "name": "$.properties.typeProperties.url",
        "value": "https://dappreprodadlsselfserv01.dfs.core.windows.net/",
        "action": "update"
      }
    ],
    "Trigger_PL_SS_Deltalake_User_Access": [
      {
        "name": "$.properties.pipelines.parameters.StorageAccountName",
        "value": "dappreprodadlsselfserv01",
        "action": "update"
      }
    ],
    "Trigger_PL_SS_Snowflake_User_Access": [
      {
        "name": "$.properties.pipelines.parameters.StorageAccountName",
        "value": "dappreprodadlsselfserv01",
        "action": "update"
      },
      {
        "name": "$.properties.pipelines.parameters.DiscoveryDB",
        "value": "PREPROD_DISCOVERY",
        "action": "update"
      }
    ],
    "Trigger_PL_SS_DMA_DATA_TRANSFER": [
      {
        "name": "$.properties.pipelines.parameters.ContainerName",
        "value": "selfserve",
        "action": "update"
      },
      {
        "name": "$.properties.pipelines.parameters.SourceStorageAccountName",
        "value": "dappreprodadlsselfserv01",
        "action": "update"
      },
      {
        "name": "$.properties.typeProperties.scope",
        "value": "/subscriptions/4d75c0bd-e6f8-46c7-8917-5bf26fe0cef1/resourceGroups/gs-dna-preprod-int-eastus2-selfserve-rg/providers/Microsoft.Storage/storageAccounts/dappreprodadlsselfserv01",
        "action": "update"
      }
    ]
  }