{
    "config": [
        {
            "sourceEnvironment": "prod",
            "targetEnvironment": "prod",
            "sourceContainer": "curated",
            "targetContainer": "promotions-bussnstv",
            "sourceDomain": "legacy",
            "targetDomain": "retail",
            "sourceZone": "curated",
            "targetZone": "curated",
            "sourcePath": "retail/promotions/ad_event",
            "targetPath": ""
        },
        {
            "sourceEnvironment": "prod",
            "targetEnvironment": "prod",
            "sourceContainer": "curated",
            "targetContainer": "customer-pii",
            "sourceDomain": "legacy",
            "targetDomain": "master_data",
            "sourceZone": "curated",
            "targetZone": "curated",
            "sourcePath": "master_data/customer/customer_preference_program",
            "targetPath": ""
        },
        {
            "sourceEnvironment": "prod",
            "targetEnvironment": "prod",
            "sourceContainer": "campaign-bussnstv",
            "targetContainer": "campaign-pii",
            "sourceDomain": "marketing",
            "targetDomain": "marketing",
            "sourceZone": "curated",
            "targetZone": "curated",
            "sourcePath": "/digital_coupon_user_activity",
            "targetPath": ""
        },
        {
            "sourceEnvironment": "prod",
            "targetEnvironment": "prod",
            "sourceContainer": "curated",
            "targetContainer": "drug-bussnstv",
            "sourceDomain": "legacy",
            "targetDomain": "pharmacy_healthcare",
            "sourceZone": "curated",
            "targetZone": "curated",
            "sourcePath": "pharmacy_healthcare/drug/drug_medispan_cur",
            "targetPath": ""
        },
        {
            "sourceEnvironment": "prod",
            "targetEnvironment": "prod",
            "sourceContainer": "curated",
            "targetContainer": "ecom-pii",
            "sourceDomain": "legacy",
            "targetDomain": "digital",
            "sourceZone": "curated",
            "targetZone": "curated",
            "sourcePath": "digital/ecom/ecom_covid19_wait_list",
            "targetPath": ""
        },
        {
            "sourceEnvironment": "prod",
            "targetEnvironment": "prod",
            "sourceContainer": "curated",
            "targetContainer": "ecom-phi",
            "sourceDomain": "legacy",
            "targetDomain": "digital",
            "sourceZone": "curated",
            "targetZone": "curated",
            "sourcePath": "digital/ecom/rx_notification",
            "targetPath": ""
        },
        {
            "sourceEnvironment": "prod",
            "targetEnvironment": "prod",
            "sourceContainer": "curated",
            "targetContainer": "ecom-phi",
            "sourceDomain": "legacy",
            "targetDomain": "digital",
            "sourceZone": "curated",
            "targetZone": "curated",
            "sourcePath": "digital/ecom/rx_payment_info",
            "targetPath": ""
        },
        {
            "sourceEnvironment": "prod",
            "targetEnvironment": "prod",
            "sourceContainer": "curated",
            "targetContainer": "ecom-pii",
            "sourceDomain": "legacy",
            "targetDomain": "digital",
            "sourceZone": "curated",
            "targetZone": "curated",
            "sourcePath": "digital/ecom/www_source_system_lookup",
            "targetPath": ""
        },
        {
            "sourceEnvironment": "prod",
            "targetEnvironment": "prod",
            "sourceContainer": "pharmacy-healthcare-pii",
            "targetContainer": "pharmacy-healthcare-phi",
            "sourceDomain": "mna_buyout",
            "targetDomain": "mna_buyout",
            "sourceZone": "curated",
            "targetZone": "curated",
            "sourcePath": "/buyout_patient",
            "targetPath": ""
        },
        {
            "sourceEnvironment": "prod",
            "targetEnvironment": "prod",
            "sourceContainer": "curated",
            "targetContainer": "campaign-bussnstv",
            "sourceDomain": "legacy",
            "targetDomain": "marketing",
            "sourceZone": "curated",
            "targetZone": "curated",
            "sourcePath": "marketing/campaign/campaign_decode",
            "targetPath": ""
        },
        {
            "sourceEnvironment": "prod",
            "targetEnvironment": "prod",
            "sourceContainer": "curated",
            "targetContainer": "campaign-pii",
            "sourceDomain": "legacy",
            "targetDomain": "marketing",
            "sourceZone": "curated",
            "targetZone": "curated",
            "sourcePath": "marketing/campaign/campaign_master",
            "targetPath": ""
        },
        {
            "sourceEnvironment": "prod",
            "targetEnvironment": "prod",
            "sourceContainer": "curated",
            "targetContainer": "campaign-bussnstv",
            "sourceDomain": "legacy",
            "targetDomain": "marketing",
            "sourceZone": "curated",
            "targetZone": "curated",
            "sourcePath": "marketing/campaign/campaign_offer",
            "targetPath": ""
        },
        {
            "sourceEnvironment": "prod",
            "targetEnvironment": "prod",
            "sourceContainer": "curated",
            "targetContainer": "campaign-bussnstv",
            "sourceDomain": "legacy",
            "targetDomain": "marketing",
            "sourceZone": "curated",
            "targetZone": "curated",
            "sourcePath": "marketing/campaign/campaign_offer_attribute",
            "targetPath": ""
        },
        {
            "sourceEnvironment": "prod",
            "targetEnvironment": "prod",
            "sourceContainer": "curated",
            "targetContainer": "campaign-pii",
            "sourceDomain": "legacy",
            "targetDomain": "marketing",
            "sourceZone": "curated",
            "targetZone": "curated",
            "sourcePath": "marketing/campaign/campaign_vendor",
            "targetPath": ""
        },
        {
            "sourceEnvironment": "prod",
            "targetEnvironment": "prod",
            "sourceContainer": "curated",
            "targetContainer": "pharmacy-codes-bussnstv",
            "sourceDomain": "legacy",
            "targetDomain": "pharmacy_healthcare",
            "sourceZone": "curated",
            "targetZone": "curated",
            "sourcePath": "pharmacy_healthcare/pharmacy_codes/code_category",
            "targetPath": ""
        },
        {
            "sourceEnvironment": "prod",
            "targetEnvironment": "prod",
            "sourceContainer": "curated",
            "targetContainer": "drug-bussnstv",
            "sourceDomain": "legacy",
            "targetDomain": "pharmacy_healthcare",
            "sourceZone": "curated",
            "targetZone": "curated",
            "sourcePath": "pharmacy_healthcare/drug/drug",
            "targetPath": ""
        },
        {
            "sourceEnvironment": "prod",
            "targetEnvironment": "prod",
            "sourceContainer": "curated",
            "targetContainer": "drug-bussnstv",
            "sourceDomain": "legacy",
            "targetDomain": "pharmacy_healthcare",
            "sourceZone": "curated",
            "targetZone": "curated",
            "sourcePath": "pharmacy_healthcare/drug/drug_cash_discount",
            "targetPath": ""
        },
        {
            "sourceEnvironment": "prod",
            "targetEnvironment": "prod",
            "sourceContainer": "curated",
            "targetContainer": "drug-bussnstv",
            "sourceDomain": "legacy",
            "targetDomain": "pharmacy_healthcare",
            "sourceZone": "curated",
            "targetZone": "curated",
            "sourcePath": "pharmacy_healthcare/drug/drug_class_state_override",
            "targetPath": ""
        },
        {
            "sourceEnvironment": "prod",
            "targetEnvironment": "prod",
            "sourceContainer": "curated",
            "targetContainer": "drug-bussnstv",
            "sourceDomain": "legacy",
            "targetDomain": "pharmacy_healthcare",
            "sourceZone": "curated",
            "targetZone": "curated",
            "sourcePath": "pharmacy_healthcare/drug/drug_drug_medispan_record_chng",
            "targetPath": ""
        },
        {
            "sourceEnvironment": "prod",
            "targetEnvironment": "prod",
            "sourceContainer": "curated",
            "targetContainer": "drug-bussnstv",
            "sourceDomain": "legacy",
            "targetDomain": "pharmacy_healthcare",
            "sourceZone": "curated",
            "targetZone": "curated",
            "sourcePath": "pharmacy_healthcare/drug/drug_indicator",
            "targetPath": ""
        },
        {
            "sourceEnvironment": "prod",
            "targetEnvironment": "prod",
            "sourceContainer": "curated",
            "targetContainer": "drug-bussnstv",
            "sourceDomain": "legacy",
            "targetDomain": "pharmacy_healthcare",
            "sourceZone": "curated",
            "targetZone": "curated",
            "sourcePath": "pharmacy_healthcare/drug/drug_medispan",
            "targetPath": ""
        },
        {
            "sourceEnvironment": "prod",
            "targetEnvironment": "prod",
            "sourceContainer": "curated",
            "targetContainer": "drug-bussnstv",
            "sourceDomain": "legacy",
            "targetDomain": "pharmacy_healthcare",
            "sourceZone": "curated",
            "targetZone": "curated",
            "sourcePath": "pharmacy_healthcare/drug/drug_medispan_awp",
            "targetPath": ""
        },
        {
            "sourceEnvironment": "prod",
            "targetEnvironment": "prod",
            "sourceContainer": "curated",
            "targetContainer": "drug-bussnstv",
            "sourceDomain": "legacy",
            "targetDomain": "pharmacy_healthcare",
            "sourceZone": "curated",
            "targetZone": "curated",
            "sourcePath": "pharmacy_healthcare/drug/drug_medispan_direct_price",
            "targetPath": ""
        },
        {
            "sourceEnvironment": "prod",
            "targetEnvironment": "prod",
            "sourceContainer": "curated",
            "targetContainer": "drug-bussnstv",
            "sourceDomain": "legacy",
            "targetDomain": "pharmacy_healthcare",
            "sourceZone": "curated",
            "targetZone": "curated",
            "sourcePath": "pharmacy_healthcare/drug/drug_medispan_hcfa_ffp_price",
            "targetPath": ""
        },
        {
            "sourceEnvironment": "prod",
            "targetEnvironment": "prod",
            "sourceContainer": "curated",
            "targetContainer": "drug-bussnstv",
            "sourceDomain": "legacy",
            "targetDomain": "pharmacy_healthcare",
            "sourceZone": "curated",
            "targetZone": "curated",
            "sourcePath": "pharmacy_healthcare/drug/drug_medispan_record_change",
            "targetPath": ""
        },
        {
            "sourceEnvironment": "prod",
            "targetEnvironment": "prod",
            "sourceContainer": "curated",
            "targetContainer": "drug-bussnstv",
            "sourceDomain": "legacy",
            "targetDomain": "pharmacy_healthcare",
            "sourceZone": "curated",
            "targetZone": "curated",
            "sourcePath": "pharmacy_healthcare/drug/drug_specialty_list",
            "targetPath": ""
        },
        {
            "sourceEnvironment": "prod",
            "targetEnvironment": "prod",
            "sourceContainer": "curated",
            "targetContainer": "drug-bussnstv",
            "sourceDomain": "legacy",
            "targetDomain": "pharmacy_healthcare",
            "sourceZone": "curated",
            "targetZone": "curated",
            "sourcePath": "pharmacy_healthcare/drug/drug_therapeutic_class",
            "targetPath": ""
        },
        {
            "sourceEnvironment": "prod",
            "targetEnvironment": "prod",
            "sourceContainer": "curated",
            "targetContainer": "ecom-pii",
            "sourceDomain": "legacy",
            "targetDomain": "digital",
            "sourceZone": "curated",
            "targetZone": "curated",
            "sourcePath": "digital/ecom/global_branding_ecom_basket",
            "targetPath": ""
        },
        {
            "sourceEnvironment": "prod",
            "targetEnvironment": "prod",
            "sourceContainer": "curated",
            "targetContainer": "ecom-pii",
            "sourceDomain": "legacy",
            "targetDomain": "digital",
            "sourceZone": "curated",
            "targetZone": "curated",
            "sourcePath": "digital/ecom/global_branding_ecom_transaction",
            "targetPath": ""
        },
        {
            "sourceEnvironment": "prod",
            "targetEnvironment": "prod",
            "sourceContainer": "curated",
            "targetContainer": "retail-sales-pii",
            "sourceDomain": "legacy",
            "targetDomain": "retail",
            "sourceZone": "curated",
            "targetZone": "curated",
            "sourcePath": "retail/retail_sales/global_branding_pos_basket",
            "targetPath": ""
        },
        {
            "sourceEnvironment": "prod",
            "targetEnvironment": "prod",
            "sourceContainer": "curated",
            "targetContainer": "prescriber-bussnstv",
            "sourceDomain": "legacy",
            "targetDomain": "pharmacy_healthcare",
            "sourceZone": "curated",
            "targetZone": "curated",
            "sourcePath": "pharmacy_healthcare/prescriber/hc_provider_address_dea",
            "targetPath": ""
        },
        {
            "sourceEnvironment": "prod",
            "targetEnvironment": "prod",
            "sourceContainer": "curated",
            "targetContainer": "prescriber-pii",
            "sourceDomain": "legacy",
            "targetDomain": "pharmacy_healthcare",
            "sourceZone": "curated",
            "targetZone": "curated",
            "sourcePath": "pharmacy_healthcare/prescriber/hc_provider_dea",
            "targetPath": ""
        },
        {
            "sourceEnvironment": "prod",
            "targetEnvironment": "prod",
            "sourceContainer": "curated",
            "targetContainer": "prescriber-pii",
            "sourceDomain": "legacy",
            "targetDomain": "pharmacy_healthcare",
            "sourceZone": "curated",
            "targetZone": "curated",
            "sourcePath": "pharmacy_healthcare/prescriber/hc_provider_link",
            "targetPath": ""
        },
        {
            "sourceEnvironment": "prod",
            "targetEnvironment": "prod",
            "sourceContainer": "curated",
            "targetContainer": "location-bussnstv",
            "sourceDomain": "legacy",
            "targetDomain": "master_data",
            "sourceZone": "curated",
            "targetZone": "curated",
            "sourcePath": "master_data/location/location_nearest_store",
            "targetPath": ""
        },
        {
            "sourceEnvironment": "prod",
            "targetEnvironment": "prod",
            "sourceContainer": "curated",
            "targetContainer": "mail-order-phi",
            "sourceDomain": "legacy",
            "targetDomain": "pharmacy_healthcare",
            "sourceZone": "curated",
            "targetZone": "curated",
            "sourcePath": "pharmacy_healthcare/mail_order/mail_order_detail",
            "targetPath": ""
        },
        {
            "sourceEnvironment": "prod",
            "targetEnvironment": "prod",
            "sourceContainer": "curated",
            "targetContainer": "drug-bussnstv",
            "sourceDomain": "legacy",
            "targetDomain": "pharmacy_healthcare",
            "sourceZone": "curated",
            "targetZone": "curated",
            "sourcePath": "pharmacy_healthcare/drug/medispan_product",
            "targetPath": ""
        },
        {
            "sourceEnvironment": "prod",
            "targetEnvironment": "prod",
            "sourceContainer": "curated",
            "targetContainer": "drug-bussnstv",
            "sourceDomain": "legacy",
            "targetDomain": "pharmacy_healthcare",
            "sourceZone": "curated",
            "targetZone": "curated",
            "sourcePath": "pharmacy_healthcare/drug/medispan_product_price",
            "targetPath": ""
        },
        {
            "sourceEnvironment": "prod",
            "targetEnvironment": "prod",
            "sourceContainer": "curated",
            "targetContainer": "product-bussnstv",
            "sourceDomain": "legacy",
            "targetDomain": "retail",
            "sourceZone": "curated",
            "targetZone": "curated",
            "sourcePath": "retail/product/part",
            "targetPath": ""
        },
        {
            "sourceEnvironment": "prod",
            "targetEnvironment": "prod",
            "sourceContainer": "curated",
            "targetContainer": "patient-phi",
            "sourceDomain": "legacy",
            "targetDomain": "pharmacy_healthcare",
            "sourceZone": "curated",
            "targetZone": "curated",
            "sourcePath": "pharmacy_healthcare/patient/patient_payment_account",
            "targetPath": ""
        },
        {
            "sourceEnvironment": "prod",
            "targetEnvironment": "prod",
            "sourceContainer": "curated",
            "targetContainer": "plan-bussnstv",
            "sourceDomain": "legacy",
            "targetDomain": "pharmacy_healthcare",
            "sourceZone": "curated",
            "targetZone": "curated",
            "sourcePath": "pharmacy_healthcare/plan/plan_category",
            "targetPath": ""
        },
        {
            "sourceEnvironment": "prod",
            "targetEnvironment": "prod",
            "sourceContainer": "curated",
            "targetContainer": "prescriber-pii",
            "sourceDomain": "legacy",
            "targetDomain": "pharmacy_healthcare",
            "sourceZone": "curated",
            "targetZone": "curated",
            "sourcePath": "pharmacy_healthcare/prescriber/prescriber",
            "targetPath": ""
        },
        {
            "sourceEnvironment": "prod",
            "targetEnvironment": "prod",
            "sourceContainer": "curated",
            "targetContainer": "prescriber-pii",
            "sourceDomain": "legacy",
            "targetDomain": "pharmacy_healthcare",
            "sourceZone": "curated",
            "targetZone": "curated",
            "sourcePath": "pharmacy_healthcare/prescriber/prescriber_location",
            "targetPath": ""
        },
        {
            "sourceEnvironment": "prod",
            "targetEnvironment": "prod",
            "sourceContainer": "curated",
            "targetContainer": "prescriber-bussnstv",
            "sourceDomain": "legacy",
            "targetDomain": "pharmacy_healthcare",
            "sourceZone": "curated",
            "targetZone": "curated",
            "sourcePath": "pharmacy_healthcare/prescriber/prescriber_specialty",
            "targetPath": ""
        },
        {
            "sourceEnvironment": "prod",
            "targetEnvironment": "prod",
            "sourceContainer": "curated",
            "targetContainer": "prescriber-phi",
            "sourceDomain": "legacy",
            "targetDomain": "pharmacy_healthcare",
            "sourceZone": "curated",
            "targetZone": "curated",
            "sourcePath": "pharmacy_healthcare/prescriber/prescriber_state_license",
            "targetPath": ""
        },
        {
            "sourceEnvironment": "prod",
            "targetEnvironment": "prod",
            "sourceContainer": "curated",
            "targetContainer": "customer-bussnstv",
            "sourceDomain": "legacy",
            "targetDomain": "master_data",
            "sourceZone": "curated",
            "targetZone": "curated",
            "sourcePath": "master_data/customer/rxp_source",
            "targetPath": ""
        },
        {
            "sourceEnvironment": "prod",
            "targetEnvironment": "prod",
            "sourceContainer": "pharmacy-healthcare-pii",
            "targetContainer": "pharmacy-healthcare-phi",
            "sourceDomain": "partner_extracts",
            "targetDomain": "partner_extracts",
            "sourceZone": "curated",
            "targetZone": "curated",
            "sourcePath": "/satr_master_patient_merge_pat_event",
            "targetPath": ""
        },
        {
            "sourceEnvironment": "prod",
            "targetEnvironment": "prod",
            "sourceContainer": "curated",
            "targetContainer": "plan-bussnstv",
            "sourceDomain": "legacy",
            "targetDomain": "pharmacy_healthcare",
            "sourceZone": "curated",
            "targetZone": "curated",
            "sourcePath": "pharmacy_healthcare/plan/third_party_plan",
            "targetPath": ""
        },
        {
            "sourceEnvironment": "prod",
            "targetEnvironment": "prod",
            "sourceContainer": "curated",
            "targetContainer": "account-receivables-bussnstv",
            "sourceDomain": "legacy",
            "targetDomain": "finance",
            "sourceZone": "curated",
            "targetZone": "curated",
            "sourcePath": "finance/account_receivables/oracle_vendorapic",
            "targetPath": ""
        },
        {
            "sourceEnvironment": "prod",
            "targetEnvironment": "prod",
            "sourceContainer": "curated",
            "targetContainer": "account-receivables-bussnstv",
            "sourceDomain": "legacy",
            "targetDomain": "finance",
            "sourceZone": "curated",
            "targetZone": "curated",
            "sourcePath": "finance/account_receivables/pars_granular_deposits",
            "targetPath": ""
        },
        {
            "sourceEnvironment": "prod",
            "targetEnvironment": "prod",
            "sourceContainer": "curated",
            "targetContainer": "account-receivables-bussnstv",
            "sourceDomain": "legacy",
            "targetDomain": "finance",
            "sourceZone": "curated",
            "targetZone": "curated",
            "sourcePath": "finance/account_receivables/pars_remitter_master_data",
            "targetPath": ""
        },
        {
            "sourceEnvironment": "prod",
            "targetEnvironment": "prod",
            "sourceContainer": "curated",
            "targetContainer": "account-receivables-bussnstv",
            "sourceDomain": "legacy",
            "targetDomain": "finance",
            "sourceZone": "curated",
            "targetZone": "curated",
            "sourcePath": "finance/account_receivables/pars_summary_deposits",
            "targetPath": ""
        },
        {
            "sourceEnvironment": "prod",
            "targetEnvironment": "prod",
            "sourceContainer": "curated",
            "targetContainer": "inventory-replenishment-bussnstv",
            "sourceDomain": "legacy",
            "targetDomain": "supply_chain",
            "sourceZone": "curated",
            "targetZone": "curated",
            "sourcePath": "supply_chain/inventory_replenishment/cso_invalid_dsd_setup",
            "targetPath": ""
        },
        {
            "sourceEnvironment": "prod",
            "targetEnvironment": "prod",
            "sourceContainer": "curated",
            "targetContainer": "inventory-replenishment-bussnstv",
            "sourceDomain": "legacy",
            "targetDomain": "supply_chain",
            "sourceZone": "curated",
            "targetZone": "curated",
            "sourcePath": "supply_chain/inventory_replenishment/cso_no_source_report",
            "targetPath": ""
        },
        {
            "sourceEnvironment": "prod",
            "targetEnvironment": "prod",
            "sourceContainer": "curated",
            "targetContainer": "planning-forecasting-pii",
            "sourceDomain": "legacy",
            "targetDomain": "supply_chain",
            "sourceZone": "curated",
            "targetZone": "curated",
            "sourcePath": "supply_chain/demand_planning_forecasting/fct_ins_user_comm_hist_nz",
            "targetPath": ""
        },
        {
            "sourceEnvironment": "prod",
            "targetEnvironment": "prod",
            "sourceContainer": "curated",
            "targetContainer": "inventory-replenishment-pii",
            "sourceDomain": "legacy",
            "targetDomain": "supply_chain",
            "sourceZone": "curated",
            "targetZone": "curated",
            "sourcePath": "supply_chain/inventory_replenishment/fytd_trend_inventory_tbl",
            "targetPath": ""
        },
        {
            "sourceEnvironment": "prod",
            "targetEnvironment": "prod",
            "sourceContainer": "curated",
            "targetContainer": "purchasing-pii",
            "sourceDomain": "legacy",
            "targetDomain": "supply_chain",
            "sourceZone": "curated",
            "targetZone": "curated",
            "sourcePath": "supply_chain/purchasing/po_fytd_output_tbl",
            "targetPath": ""
        },
        {
            "sourceEnvironment": "prod",
            "targetEnvironment": "prod",
            "sourceContainer": "curated",
            "targetContainer": "purchasing-pii",
            "sourceDomain": "legacy",
            "targetDomain": "supply_chain",
            "sourceZone": "curated",
            "targetZone": "curated",
            "sourcePath": "supply_chain/purchasing/po_output_tbl",
            "targetPath": ""
        },
        {
            "sourceEnvironment": "prod",
            "targetEnvironment": "prod",
            "sourceContainer": "curated",
            "targetContainer": "transportation-management-pii",
            "sourceDomain": "legacy",
            "targetDomain": "supply_chain",
            "sourceZone": "curated",
            "targetZone": "curated",
            "sourcePath": "supply_chain/fleet_transportation_management/shipment_fytd_output_tbl",
            "targetPath": ""
        },
        {
            "sourceEnvironment": "prod",
            "targetEnvironment": "prod",
            "sourceContainer": "curated",
            "targetContainer": "transportation-management-pii",
            "sourceDomain": "legacy",
            "targetDomain": "supply_chain",
            "sourceZone": "curated",
            "targetZone": "curated",
            "sourcePath": "supply_chain/fleet_transportation_management/shipment_output_tbl",
            "targetPath": ""
        },
        {
            "sourceEnvironment": "prod",
            "targetEnvironment": "prod",
            "sourceContainer": "curated",
            "targetContainer": "transportation-management-pii",
            "sourceDomain": "legacy",
            "targetDomain": "supply_chain",
            "sourceZone": "curated",
            "targetZone": "curated",
            "sourcePath": "supply_chain/fleet_transportation_management/vendor_output_tbl",
            "targetPath": ""
        },
        {
            "sourceEnvironment": "prod",
            "targetEnvironment": "prod",
            "sourceContainer": "curated",
            "targetContainer": "consignment-bussnstv",
            "sourceDomain": "legacy",
            "targetDomain": "pharmacy_healthcare",
            "sourceZone": "curated",
            "targetZone": "curated",
            "sourcePath": "pharmacy_healthcare/consignment/valeant_pars_open_ar_report",
            "targetPath": ""
        },
        {
            "sourceEnvironment": "prod",
            "targetEnvironment": "prod",
            "sourceContainer": "curated",
            "targetContainer": "consignment-bussnstv",
            "sourceDomain": "legacy",
            "targetDomain": "pharmacy_healthcare",
            "sourceZone": "curated",
            "targetZone": "curated",
            "sourcePath": "pharmacy_healthcare/consignment/valeant_audit_sold_count",
            "targetPath": ""
        },
        {
            "sourceEnvironment": "prod",
            "targetEnvironment": "prod",
            "sourceContainer": "curated",
            "targetContainer": "consignment-bussnstv",
            "sourceDomain": "legacy",
            "targetDomain": "pharmacy_healthcare",
            "sourceZone": "curated",
            "targetZone": "curated",
            "sourcePath": "pharmacy_healthcare/consignment/valeant_audit_trans_count",
            "targetPath": ""
        }
    ]
}