{
    "config": [
        {
            "sourceEnvironment": "prod",
            "targetEnvironment": "prod",
            "sourceContainer": "loyalty-bussnstv",
            "targetContainer": "loyalty-pii",
            "sourceDomain": "marketing",
            "targetDomain": "marketing",
            "sourceZone": "curated",
            "targetZone": "curated",
            "sourcePath": "/loyalty_customer_program",
            "targetPath": ""
        },
        {
            "sourceEnvironment": "prod",
            "targetEnvironment": "prod",
            "sourceContainer": "loyalty-bussnstv",
            "targetContainer": "loyalty-pii",
            "sourceDomain": "marketing",
            "targetDomain": "marketing",
            "sourceZone": "curated",
            "targetZone": "curated",
            "sourcePath": "/loyalty_enrollment",
            "targetPath": ""
        },
        {
            "sourceEnvironment": "prod",
            "targetEnvironment": "prod",
            "sourceContainer": "loyalty-bussnstv",
            "targetContainer": "loyalty-pii",
            "sourceDomain": "marketing",
            "targetDomain": "marketing",
            "sourceZone": "curated",
            "targetZone": "curated",
            "sourcePath": "/loyalty_member_point_balance",
            "targetPath": ""
        },
        {
            "sourceEnvironment": "prod",
            "targetEnvironment": "prod",
            "sourceContainer": "curated",
            "targetContainer": "location-bussnstv",
            "sourceDomain": "legacy",
            "targetDomain": "master_data",
            "sourceZone": "curated",
            "targetZone": "curated",
            "sourcePath": "master_data/location/dim_location_store_xref",
            "targetPath": ""
        },
        {
            "sourceEnvironment": "prod",
            "targetEnvironment": "prod",
            "sourceContainer": "curated",
            "targetContainer": "customer-pii",
            "sourceDomain": "legacy",
            "targetDomain": "master_data",
            "sourceZone": "curated",
            "targetZone": "curated",
            "sourcePath": "master_data/customer/link_to_customer",
            "targetPath": ""
        },
        {
            "sourceEnvironment": "prod",
            "targetEnvironment": "prod",
            "sourceContainer": "curated",
            "targetContainer": "location-bussnstv",
            "sourceDomain": "legacy",
            "targetDomain": "master_data",
            "sourceZone": "curated",
            "targetZone": "curated",
            "sourcePath": "master_data/location/location_area",
            "targetPath": ""
        },
        {
            "sourceEnvironment": "prod",
            "targetEnvironment": "prod",
            "sourceContainer": "curated",
            "targetContainer": "location-bussnstv",
            "sourceDomain": "legacy",
            "targetDomain": "master_data",
            "sourceZone": "curated",
            "targetZone": "curated",
            "sourcePath": "master_data/location/location_area_staff",
            "targetPath": ""
        },
        {
            "sourceEnvironment": "prod",
            "targetEnvironment": "prod",
            "sourceContainer": "curated",
            "targetContainer": "location-bussnstv",
            "sourceDomain": "legacy",
            "targetDomain": "master_data",
            "sourceZone": "curated",
            "targetZone": "curated",
            "sourcePath": "master_data/location/location_demographics",
            "targetPath": ""
        },
        {
            "sourceEnvironment": "prod",
            "targetEnvironment": "prod",
            "sourceContainer": "curated",
            "targetContainer": "location-bussnstv",
            "sourceDomain": "legacy",
            "targetDomain": "master_data",
            "sourceZone": "curated",
            "targetZone": "curated",
            "sourcePath": "master_data/location/location_district",
            "targetPath": ""
        },
        {
            "sourceEnvironment": "prod",
            "targetEnvironment": "prod",
            "sourceContainer": "curated",
            "targetContainer": "location-pii",
            "sourceDomain": "legacy",
            "targetDomain": "master_data",
            "sourceZone": "curated",
            "targetZone": "curated",
            "sourcePath": "master_data/location/location_district_staff",
            "targetPath": ""
        },
        {
            "sourceEnvironment": "prod",
            "targetEnvironment": "prod",
            "sourceContainer": "curated",
            "targetContainer": "location-bussnstv",
            "sourceDomain": "legacy",
            "targetDomain": "master_data",
            "sourceZone": "curated",
            "targetZone": "curated",
            "sourcePath": "master_data/location/location_operation",
            "targetPath": ""
        },
        {
            "sourceEnvironment": "prod",
            "targetEnvironment": "prod",
            "sourceContainer": "curated",
            "targetContainer": "location-pii",
            "sourceDomain": "legacy",
            "targetDomain": "master_data",
            "sourceZone": "curated",
            "targetZone": "curated",
            "sourcePath": "master_data/location/location_operation_staff",
            "targetPath": ""
        },
        {
            "sourceEnvironment": "prod",
            "targetEnvironment": "prod",
            "sourceContainer": "curated",
            "targetContainer": "location-bussnstv",
            "sourceDomain": "legacy",
            "targetDomain": "master_data",
            "sourceZone": "curated",
            "targetZone": "curated",
            "sourcePath": "master_data/location/location_region",
            "targetPath": ""
        },
        {
            "sourceEnvironment": "prod",
            "targetEnvironment": "prod",
            "sourceContainer": "curated",
            "targetContainer": "location-pii",
            "sourceDomain": "legacy",
            "targetDomain": "master_data",
            "sourceZone": "curated",
            "targetZone": "curated",
            "sourcePath": "master_data/location/location_region_staff",
            "targetPath": ""
        },
        {
            "sourceEnvironment": "prod",
            "targetEnvironment": "prod",
            "sourceContainer": "curated",
            "targetContainer": "location-bussnstv",
            "sourceDomain": "legacy",
            "targetDomain": "master_data",
            "sourceZone": "curated",
            "targetZone": "curated",
            "sourcePath": "master_data/location/location_store",
            "targetPath": ""
        },
        {
            "sourceEnvironment": "prod",
            "targetEnvironment": "prod",
            "sourceContainer": "curated",
            "targetContainer": "location-bussnstv",
            "sourceDomain": "legacy",
            "targetDomain": "master_data",
            "sourceZone": "curated",
            "targetZone": "curated",
            "sourcePath": "master_data/location/location_store_address",
            "targetPath": ""
        },
        {
            "sourceEnvironment": "prod",
            "targetEnvironment": "prod",
            "sourceContainer": "curated",
            "targetContainer": "location-bussnstv",
            "sourceDomain": "legacy",
            "targetDomain": "master_data",
            "sourceZone": "curated",
            "targetZone": "curated",
            "sourcePath": "master_data/location/location_store_comm_channel",
            "targetPath": ""
        },
        {
            "sourceEnvironment": "prod",
            "targetEnvironment": "prod",
            "sourceContainer": "curated",
            "targetContainer": "location-bussnstv",
            "sourceDomain": "legacy",
            "targetDomain": "master_data",
            "sourceZone": "curated",
            "targetZone": "curated",
            "sourcePath": "master_data/location/location_store_health_service",
            "targetPath": ""
        },
        {
            "sourceEnvironment": "prod",
            "targetEnvironment": "prod",
            "sourceContainer": "curated",
            "targetContainer": "location-bussnstv",
            "sourceDomain": "legacy",
            "targetDomain": "master_data",
            "sourceZone": "curated",
            "targetZone": "curated",
            "sourcePath": "master_data/location/location_store_relocation",
            "targetPath": ""
        },
        {
            "sourceEnvironment": "prod",
            "targetEnvironment": "prod",
            "sourceContainer": "curated",
            "targetContainer": "location-pii",
            "sourceDomain": "legacy",
            "targetDomain": "master_data",
            "sourceZone": "curated",
            "targetZone": "curated",
            "sourcePath": "master_data/location/location_store_staff",
            "targetPath": ""
        },
        {
            "sourceEnvironment": "prod",
            "targetEnvironment": "prod",
            "sourceContainer": "curated",
            "targetContainer": "location-bussnstv",
            "sourceDomain": "legacy",
            "targetDomain": "master_data",
            "sourceZone": "curated",
            "targetZone": "curated",
            "sourcePath": "master_data/location/mss_store_info",
            "targetPath": ""
        },
        {
            "sourceEnvironment": "prod",
            "targetEnvironment": "prod",
            "sourceContainer": "curated",
            "targetContainer": "patient-phi",
            "sourceDomain": "legacy",
            "targetDomain": "pharmacy_healthcare",
            "sourceZone": "curated",
            "targetZone": "curated",
            "sourcePath": "pharmacy_healthcare/patient/patient",
            "targetPath": ""
        },
        {
            "sourceEnvironment": "prod",
            "targetEnvironment": "prod",
            "sourceContainer": "curated",
            "targetContainer": "patient-phi",
            "sourceDomain": "legacy",
            "targetDomain": "pharmacy_healthcare",
            "sourceZone": "curated",
            "targetZone": "curated",
            "sourcePath": "pharmacy_healthcare/patient/patient_address",
            "targetPath": ""
        },
        {
            "sourceEnvironment": "prod",
            "targetEnvironment": "prod",
            "sourceContainer": "curated",
            "targetContainer": "patient-phi",
            "sourceDomain": "legacy",
            "targetDomain": "pharmacy_healthcare",
            "sourceZone": "curated",
            "targetZone": "curated",
            "sourcePath": "pharmacy_healthcare/patient/patient_merge",
            "targetPath": ""
        },
        {
            "sourceEnvironment": "prod",
            "targetEnvironment": "prod",
            "sourceContainer": "retail-sales-phi",
            "targetContainer": "retail-sales-bussnstv",
            "sourceDomain": "retail",
            "targetDomain": "retail",
            "sourceZone": "curated",
            "targetZone": "curated",
            "sourcePath": "/sales_transaction_cost_adj",
            "targetPath": ""
        },
        {
            "sourceEnvironment": "prod",
            "targetEnvironment": "prod",
            "sourceContainer": "retail-sales-phi",
            "targetContainer": "retail-sales-bussnstv",
            "sourceDomain": "retail",
            "targetDomain": "retail",
            "sourceZone": "curated",
            "targetZone": "curated",
            "sourcePath": "/sales_transaction_otuc",
            "targetPath": ""
        },
        {
            "sourceEnvironment": "prod",
            "targetEnvironment": "prod",
            "sourceContainer": "retail-sales-phi",
            "targetContainer": "retail-sales-bussnstv",
            "sourceDomain": "retail",
            "targetDomain": "retail",
            "sourceZone": "curated",
            "targetZone": "curated",
            "sourcePath": "/sales_transaction_cost_dtl",
            "targetPath": ""
        },
        {
            "sourceEnvironment": "prod",
            "targetEnvironment": "prod",
            "sourceContainer": "retail-sales-bussnstv",
            "targetContainer": "retail-sales-phi",
            "sourceDomain": "retail",
            "targetDomain": "retail",
            "sourceZone": "curated",
            "targetZone": "curated",
            "sourcePath": "/sales_transaction_detail_rx",
            "targetPath": ""
        }
    ]
}