{
    "config": [
        {
            "sourceEnvironment": "prod",
            "targetEnvironment": "prod",
            "sourceContainer": "curated",
            "targetContainer": "location-pii",
            "sourceDomain": "legacy",
            "targetDomain": "master_data",
            "sourceZone": "curated",
            "targetZone": "curated",
            "sourcePath": "master_data/location/dim_location_store",
            "targetPath": ""
        },
        {
            "sourceEnvironment": "prod",
            "targetEnvironment": "prod",
            "sourceContainer": "campaign-pii",
            "targetContainer": "campaign-phi",
            "sourceDomain": "marketing",
            "targetDomain": "marketing",
            "sourceZone": "curated",
            "targetZone": "curated",
            "sourcePath": "/cmg_satr_eligibility",
            "targetPath": ""
        },
        {
            "sourceEnvironment": "prod",
            "targetEnvironment": "prod",
            "sourceContainer": "campaign-pii",
            "targetContainer": "campaign-phi",
            "sourceDomain": "marketing",
            "targetDomain": "marketing",
            "sourceZone": "curated",
            "targetZone": "curated",
            "sourcePath": "/cmg_satr_eligibility_hist",
            "targetPath": ""
        },
        {
            "sourceEnvironment": "prod",
            "targetEnvironment": "prod",
            "sourceContainer": "curated",
            "targetContainer": "patient-phi",
            "sourceDomain": "legacy",
            "targetDomain": "pharmacy_healthcare",
            "sourceZone": "curated",
            "targetZone": "curated",
            "sourcePath": "pharmacy_healthcare/patient/patient_communication_channel",
            "targetPath": ""
        },
        {
            "sourceEnvironment": "prod",
            "targetEnvironment": "prod",
            "sourceContainer": "pharmacy-healthcare-bussnstv",
            "targetContainer": "pharmacy-healthcare-phi",
            "sourceDomain": "partner_extracts",
            "targetDomain": "partner_extracts",
            "sourceZone": "curated",
            "targetZone": "curated",
            "sourcePath": "/sa_pat_event_log",
            "targetPath": ""
        },
        {
            "sourceEnvironment": "prod",
            "targetEnvironment": "prod",
            "sourceContainer": "pharmacy-healthcare-pii",
            "targetContainer": "pharmacy-healthcare-phi",
            "sourceDomain": "partner_extracts",
            "targetDomain": "partner_extracts",
            "sourceZone": "curated",
            "targetZone": "curated",
            "sourcePath": "/satr_eit_incremental_extracts",
            "targetPath": ""
        },
        {
            "sourceEnvironment": "prod",
            "targetEnvironment": "prod",
            "sourceContainer": "pharmacy-healthcare-pii",
            "targetContainer": "pharmacy-healthcare-phi",
            "sourceDomain": "partner_extracts",
            "targetDomain": "partner_extracts",
            "sourceZone": "curated",
            "targetZone": "curated",
            "sourcePath": "/satr_master_patient_merge",
            "targetPath": ""
        },
        {
            "sourceEnvironment": "prod",
            "targetEnvironment": "prod",
            "sourceContainer": "pharmacy-healthcare-pii",
            "targetContainer": "pharmacy-healthcare-phi",
            "sourceDomain": "partner_extracts",
            "targetDomain": "partner_extracts",
            "sourceZone": "curated",
            "targetZone": "curated",
            "sourcePath": "/satr_master_patient_merge_pat_event_daily",
            "targetPath": ""
        },
        {
            "sourceEnvironment": "prod",
            "targetEnvironment": "prod",
            "sourceContainer": "pharmacy-healthcare-pii",
            "targetContainer": "pharmacy-healthcare-phi",
            "sourceDomain": "partner_extracts",
            "targetDomain": "partner_extracts",
            "sourceZone": "curated",
            "targetZone": "curated",
            "sourcePath": "/satr_master_patient_merge_rx_event",
            "targetPath": ""
        },
        {
            "sourceEnvironment": "prod",
            "targetEnvironment": "prod",
            "sourceContainer": "pharmacy-healthcare-pii",
            "targetContainer": "pharmacy-healthcare-phi",
            "sourceDomain": "partner_extracts",
            "targetDomain": "partner_extracts",
            "sourceZone": "curated",
            "targetZone": "curated",
            "sourcePath": "/satr_patient_merge",
            "targetPath": ""
        },
        {
            "sourceEnvironment": "prod",
            "targetEnvironment": "prod",
            "sourceContainer": "pharmacy-healthcare-bussnstv",
            "targetContainer": "pharmacy-healthcare-phi",
            "sourceDomain": "partner_extracts",
            "targetDomain": "partner_extracts",
            "sourceZone": "curated",
            "targetZone": "curated",
            "sourcePath": "/satr_patient_metric_12_enrolled_days_final",
            "targetPath": ""
        },
        {
            "sourceEnvironment": "prod",
            "targetEnvironment": "prod",
            "sourceContainer": "pharmacy-healthcare-pii",
            "targetContainer": "pharmacy-healthcare-phi",
            "sourceDomain": "partner_extracts",
            "targetDomain": "partner_extracts",
            "sourceZone": "curated",
            "targetZone": "curated",
            "sourcePath": "/satr_patient_removal",
            "targetPath": ""
        },
        {
            "sourceEnvironment": "prod",
            "targetEnvironment": "prod",
            "sourceContainer": "pharmacy-healthcare-pii",
            "targetContainer": "pharmacy-healthcare-phi",
            "sourceDomain": "partner_extracts",
            "targetDomain": "partner_extracts",
            "sourceZone": "curated",
            "targetZone": "curated",
            "sourcePath": "/satr_patient_removal_hist",
            "targetPath": ""
        },
        {
            "sourceEnvironment": "prod",
            "targetEnvironment": "prod",
            "sourceContainer": "pharmacy-healthcare-pii",
            "targetContainer": "pharmacy-healthcare-phi",
            "sourceDomain": "partner_extracts",
            "targetDomain": "partner_extracts",
            "sourceZone": "curated",
            "targetZone": "curated",
            "sourcePath": "/satr_patients_eligible",
            "targetPath": ""
        },
        {
            "sourceEnvironment": "prod",
            "targetEnvironment": "prod",
            "sourceContainer": "pharmacy-healthcare-pii",
            "targetContainer": "pharmacy-healthcare-phi",
            "sourceDomain": "partner_extracts",
            "targetDomain": "partner_extracts",
            "sourceZone": "curated",
            "targetZone": "curated",
            "sourcePath": "/satr_patients_eligible_merge_update",
            "targetPath": ""
        },
        {
            "sourceEnvironment": "prod",
            "targetEnvironment": "prod",
            "sourceContainer": "pharmacy-healthcare-pii",
            "targetContainer": "pharmacy-healthcare-phi",
            "sourceDomain": "partner_extracts",
            "targetDomain": "partner_extracts",
            "sourceZone": "curated",
            "targetZone": "curated",
            "sourcePath": "/satr_patients_eligible_post_process",
            "targetPath": ""
        },
        {
            "sourceEnvironment": "prod",
            "targetEnvironment": "prod",
            "sourceContainer": "pharmacy-healthcare-pii",
            "targetContainer": "pharmacy-healthcare-phi",
            "sourceDomain": "partner_extracts",
            "targetDomain": "partner_extracts",
            "sourceZone": "curated",
            "targetZone": "curated",
            "sourcePath": "/satr_pmap_patient_demo_current",
            "targetPath": ""
        },
        {
            "sourceEnvironment": "prod",
            "targetEnvironment": "prod",
            "sourceContainer": "pharmacy-healthcare-pii",
            "targetContainer": "pharmacy-healthcare-phi",
            "sourceDomain": "partner_extracts",
            "targetDomain": "partner_extracts",
            "sourceZone": "curated",
            "targetZone": "curated",
            "sourcePath": "/satr_pmap_patient_demo_current_adhoc",
            "targetPath": ""
        },
        {
            "sourceEnvironment": "prod",
            "targetEnvironment": "prod",
            "sourceContainer": "pharmacy-healthcare-pii",
            "targetContainer": "pharmacy-healthcare-phi",
            "sourceDomain": "partner_extracts",
            "targetDomain": "partner_extracts",
            "sourceZone": "curated",
            "targetZone": "curated",
            "sourcePath": "/satr_pmap_patient_demo_daily",
            "targetPath": ""
        },
        {
            "sourceEnvironment": "prod",
            "targetEnvironment": "prod",
            "sourceContainer": "pharmacy-healthcare-pii",
            "targetContainer": "pharmacy-healthcare-phi",
            "sourceDomain": "partner_extracts",
            "targetDomain": "partner_extracts",
            "sourceZone": "curated",
            "targetZone": "curated",
            "sourcePath": "/satr_pmap_patient_demo_daily_adhoc",
            "targetPath": ""
        },
        {
            "sourceEnvironment": "prod",
            "targetEnvironment": "prod",
            "sourceContainer": "pharmacy-healthcare-pii",
            "targetContainer": "pharmacy-healthcare-phi",
            "sourceDomain": "partner_extracts",
            "targetDomain": "partner_extracts",
            "sourceZone": "curated",
            "targetZone": "curated",
            "sourcePath": "/satr_pmap_patient_demo_monthly",
            "targetPath": ""
        },
        {
            "sourceEnvironment": "prod",
            "targetEnvironment": "prod",
            "sourceContainer": "pharmacy-healthcare-pii",
            "targetContainer": "pharmacy-healthcare-phi",
            "sourceDomain": "partner_extracts",
            "targetDomain": "partner_extracts",
            "sourceZone": "curated",
            "targetZone": "curated",
            "sourcePath": "/satr_pmap_patient_demo_previous",
            "targetPath": ""
        },
        {
            "sourceEnvironment": "prod",
            "targetEnvironment": "prod",
            "sourceContainer": "pharmacy-healthcare-pii",
            "targetContainer": "pharmacy-healthcare-phi",
            "sourceDomain": "partner_extracts",
            "targetDomain": "partner_extracts",
            "sourceZone": "curated",
            "targetZone": "curated",
            "sourcePath": "/satr_pmap_patient_demo_previous_adhoc",
            "targetPath": ""
        },
        {
            "sourceEnvironment": "prod",
            "targetEnvironment": "prod",
            "sourceContainer": "pharmacy-healthcare-pii",
            "targetContainer": "pharmacy-healthcare-phi",
            "sourceDomain": "partner_extracts",
            "targetDomain": "partner_extracts",
            "sourceZone": "curated",
            "targetZone": "curated",
            "sourcePath": "/satr_previous_eligible_patients_phase2",
            "targetPath": ""
        },
        {
            "sourceEnvironment": "prod",
            "targetEnvironment": "prod",
            "sourceContainer": "retail-sales-bussnstv",
            "targetContainer": "retail-sales-pci",
            "sourceDomain": "retail",
            "targetDomain": "retail",
            "sourceZone": "curated",
            "targetZone": "curated",
            "sourcePath": "/tender_card_hash",
            "targetPath": ""
        },
        {
            "sourceEnvironment": "prod",
            "targetEnvironment": "prod",
            "sourceContainer": "curated",
            "targetContainer": "purchasing-bussnstv",
            "sourceDomain": "legacy",
            "targetDomain": "supply_chain",
            "sourceZone": "curated",
            "targetZone": "curated",
            "sourcePath": "supply_chain/purchasing/sca_work_order",
            "targetPath": ""
        },
        {
            "sourceEnvironment": "prod",
            "targetEnvironment": "prod",
            "sourceContainer": "curated",
            "targetContainer": "purchasing-bussnstv",
            "sourceDomain": "legacy",
            "targetDomain": "supply_chain",
            "sourceZone": "curated",
            "targetZone": "curated",
            "sourcePath": "supply_chain/purchasing/sca_work_order_escalation",
            "targetPath": ""
        }
    ]
}