{
    "project_name": "PSB",
    "config_type": "etl",
    "description": "",
    "data_source": [],
    "report_path": "/mnt/idf-reports/BUKIT/PSB/IF_00460CurateADLS",
    "cards": [
        {
            "card_id": "card_0",
            "card_dependencies": [],
            "label": "Read_Delta 0",
            "card_type": "read_delta",
            "description": "read data from ADLS",
            "data_path": "/mnt/idf-curatestandard/BUKIT/PSB/BootsUK_IF_00460_Health_Services_PSB_Incr",
            "output_table": "HealthService"
        },
        {
            "card_id": "card_1",
            "card_dependencies": [
                "card_0"
            ],
            "label": "Apply_Filter 1",
            "card_type": "apply_filter",
            "description": "applyfilter",
            "input_table": "HealthService",
            "output_table": "HealthService",
            "filter": [],
            "unmatch_data": false
        },
        {
            "card_id": "card_2",
            "card_dependencies": [
                "card_1"
            ],
            "label": "Write_Delta 2",
            "card_type": "write_delta",
            "description": "write to delta",
			"query": "select ServiceId, SnapshotId, ServiceDescription, PatientContributionIndicator, FreeTextProductIndicator, WarningThreshold, RunDateTime , Year, Month, Day, SourceSystemID, LOVRecordSourceID, SCDStartDate , SCDEndDate ,SCDActiveFlag, SCDVersion , SCDLOVRecordSourceID , ETLRunLogID from HealthService ",
            "data_path": "/mnt/idf-curate/Pharmaceuticals/HealthService",
            "partition_key_columns": "SourceSystemID,Year,Month,Day",
            "mode": "APPEND",
            "type": "GENERAL"
        }
    ]
}