{
    "$schema": "http://schema.management.azure.com/schemas/2019-04-01/deploymentParameters.json#",
    "contentVersion": "1.0.0.0",
    "parameters": {
        "logicAppName": {
            "value": "",
            "metadata": {
                "description": "[REQUIRED] https://dev.azure.com/WBA/IT%20Services/_git/ccp-ent-infra-build?path=%2Flibrary%2Fprod%2Flogic-apps%2FPARAMETERS.md&_a=preview&anchor=%60parameters.logicappname%60"
            }
        },
        "location": {
            "value": "[resourceGroup().location]",
            "metadata": {
                "description": "[REQUIRED] https://dev.azure.com/WBA/IT%20Services/_git/ccp-ent-infra-build?path=%2Flibrary%2Fprod%2Flogic-apps%2FPARAMETERS.md&_a=preview&anchor=%60parameters.location%60"
            }
        },
        "allowedCallerIpAddresses": {
            "value": "",
            "metadata": {
                "description": "[REQUIRED] https://dev.azure.com/WBA/IT%20Services/_git/ccp-ent-infra-build?path=%2Flibrary%2Fprod%2Flogic-apps%2FPARAMETERS.md&_a=preview&anchor=%60parameters.allowedcalleripaddresses%60"
            }
        },
        "allowedOutgoingIpAddresses": {
            "value": "",
            "metadata": {
                "description": "[REQUIRED] https://dev.azure.com/WBA/IT%20Services/_git/ccp-ent-infra-build?path=%2Flibrary%2Fprod%2Flogic-apps%2FPARAMETERS.md&_a=preview&anchor=%60parameters.allowedoutgoingipaddresses%60"
            }
        },
        "tags": {
            "value": {
                "LegalSubEntity": "",
                "SubDivision": "",
                "Department": "",
                "CostCenter": "",
                "EnvType": "",
                "Sensitivity": "",
                "SenType": ""
            }
        }
    },
    "deploymentParameters": {
        "resourceGroup": "",
        "subscription": "",
        "templateFile": ".\\library\\prod\\logic-apps\\logic-apps-template.json"
    }
}