{
	"$schema": "https://schema.management.azure.com/schemas/2015-01-01/deploymentTemplate.json#",
	"contentVersion": "1.0.0.0",
	"parameters": {
		"logicAppName": {
			"type": "string",
			"metadata": {
				"description": "The name of the logic app to create .",
				 "required": "yes"
			}
		},
		"location": {
			"type": "string",
			"defaultValue": "[resourceGroup().location]",
			"metadata": {
				"description": "Azure region for the deployment, this is a shared parameter across all resources being deployed in this template. Allowed values: centralus, eastus2, northeurope, westeurope",
				 "required": "yes"
			}
		},
		"allowedCallerIpAddresses": {
			"type": "string",
			"metadata": {
				"description": "access control for allowed CallerIpAddresses [ranges]",
				"required": "yes"
			}
		},
		"allowedOutgoingIpAddresses": {
			"type": "string",
			"metadata": {
				"description": "access control for Outgoing allowed CallerIpAddresses [ranges]",
				"required": "yes"
			}
		},
		"logicAppWorkflowDefinition": {
			"type": "object",
			"defaultValue": {
				"value": {
					"definition": ""
				}
			},
			"metadata": {
				"description": "workflow definition object for logic app. Please refer  https://dev.azure.com/WBA/IT%20Services/_git/ccp-ent-infra-build?path=%2Flibrary%2Fprod%2Flogic-app%2FREADME.md&_a=preview[section: parameters.logicAppWorkflowDefinition]",
				"required": "yes"
			}
		},
		"logicAppWorkflowDefinitionParam": {
			"type": "object",
			"defaultValue": {
				"value": ""
			},
			"metadata": {
				"description": "workflow definition parameters for logic app. Please refer  https://dev.azure.com/WBA/IT%20Services/_git/ccp-ent-infra-build?path=%2Flibrary%2Fprod%2Flogic-app%2FREADME.md&_a=preview[section: parameters.logicAppWorkflowDefinition]",
				"required": "yes"
			}
		},
		"injectedValues": {
			"type": "object"
		},
		"tags": {
			"type": "object"
		}
	},
	"variables": {},
	"resources": [
		{
			"type": "Microsoft.Logic/workflows",
			"apiVersion": "2019-05-01",
			"name": "[parameters('logicAppName')]",
			"location": "[parameters('location')]",
			"tags": "[parameters('tags')]",
			"identity": {
				"type": "SystemAssigned"
			},
			"properties": {
				"state": "Enabled",
				"definition": {
					"$schema": "https://schema.management.azure.com/providers/Microsoft.Logic/schemas/2016-06-01/workflowdefinition.json#",
					"contentVersion": "1.0.0.0",
					"parameters": {},
					"triggers": {},
					"actions": {},
					"outputs": {}
				},
				"parameters": {},
				"accessControl": {
					"triggers": {
						"allowedCallerIpAddresses": [
							{
								"addressRange": "[parameters('allowedCallerIpAddresses')]"
							}
						]
					},
					"contents": {
						"allowedCallerIpAddresses": [
							{
								"addressRange": "[parameters('allowedCallerIpAddresses')]"
							}
						]
					},
					"actions": {
						"allowedCallerIpAddresses": [
							{
								"addressRange": "[parameters('allowedCallerIpAddresses')]"
							}
						]
					}
				},
				"endpointsConfiguration": {
					"workflow": {
						"outgoingIpAddresses": [
							{
								"address": "[parameters('allowedOutgoingIpAddresses')]"
							}
						],
						"accessEndpointIpAddresses": [
							{
								"address": "[parameters('allowedCallerIpAddresses')]"
							}
						]
					},
					"connector": {
						"outgoingIpAddresses": [
							{
								"address": "[parameters('allowedOutgoingIpAddresses')]"
							}
						],
						"accessEndpointIpAddresses": [
							{
								"address": "[parameters('allowedCallerIpAddresses')]"
							}
						]
					}
				}
			}
		}
	]
}