{
    "$schema": "http://schema.management.azure.com/schemas/2019-04-01/deploymentParameters.json#",
    "contentVersion": "1.0.0.0",
    "parameters": {
        "logicAppName": {
            "value": "dapdevlogapp01",
            "metadata": {
                "description": "[REQUIRED] https://dev.azure.com/WBA/IT%20Services/_git/ccp-ent-infra-build?path=%2Flibrary%2Fprod%2Flogic-apps%2FPARAMETERS.md&_a=preview&anchor=%60parameters.logicappname%60"
            }
        },
        "location": {
            "value": "eastus2",
            "metadata": {
                "description": "[REQUIRED] https://dev.azure.com/WBA/IT%20Services/_git/ccp-ent-infra-build?path=%2Flibrary%2Fprod%2Flogic-apps%2FPARAMETERS.md&_a=preview&anchor=%60parameters.location%60"
            }
        },
        "allowedCallerIpAddresses": {
            "value": "10.0.0.5/24",
            "metadata": {
                "description": "[REQUIRED] https://dev.azure.com/WBA/IT%20Services/_git/ccp-ent-infra-build?path=%2Flibrary%2Fprod%2Flogic-apps%2FPARAMETERS.md&_a=preview&anchor=%60parameters.allowedcalleripaddresses%60"
            }
        },
        "allowedOutgoingIpAddresses": {
            "value": "10.0.0.15/24",
            "metadata": {
                "description": "[REQUIRED] https://dev.azure.com/WBA/IT%20Services/_git/ccp-ent-infra-build?path=%2Flibrary%2Fprod%2Flogic-apps%2FPARAMETERS.md&_a=preview&anchor=%60parameters.allowedoutgoingipaddresses%60"
            }
        },
        "logicAppWorkflowDefinition": {
            "value": {
                "value": {
                    "definition": ""
                }
            },
            "metadata": {
                "description": "[OPTIONAL] https://dev.azure.com/WBA/IT%20Services/_git/ccp-ent-infra-build?path=%2Flibrary%2Fprod%2Flogic-apps%2FPARAMETERS.md&_a=preview&anchor=%60parameters.logicappworkflowdefinition%60"
            }
        },
        "logicAppWorkflowDefinitionParam": {
            "value": {
                "value": ""
            },
            "metadata": {
                "description": "[OPTIONAL] https://dev.azure.com/WBA/IT%20Services/_git/ccp-ent-infra-build?path=%2Flibrary%2Fprod%2Flogic-apps%2FPARAMETERS.md&_a=preview&anchor=%60parameters.logicappworkflowdefinitionparam%60"
            }
        },
        "tags": {
            "value": {
                "CostCenter": "Data and Analytics Enablement",
                "Department": "Data and Analytics Enablement",
                "DeployDate": "2021-01-19",
                "Deployer": "danieltri.nguyen@walgreens.com",
                "DeptName": "Leap",
                "EnvType": "Non-Production",
                "LOB": "Data Analytics",
                "LegalSubEntity": "Walgreen Co",
                "SenType": "Not Applicable",
                "Sensitivity": "Non-Sensitive",
                "SubDivision": "Data Analytics & Corporate Technology Systems"
            }
        }        
    },
    "deploymentParameters": {
        "resourceGroup": "rpu-nprod-dna-data-analytics-eastus2-paas-02-rg",
        "subscription": "rpu-nprod-dna-data-analytics-02",
        "templateFile": ".\\library\\prod\\logic-apps\\logic-apps-template.json"
    }
}