{
	"name": "AsiaMI_Trigger",
	"properties": {
		"description": "This captures The filename whenever a file arrives at source Location and triggers the preprocessor",
		"annotations": [],
		"runtimeState": "Started",
		"pipelines": [
			{
				"pipelineReference": {
					"referenceName": "AsiaMI_Preprocessor",
					"type": "PipelineReference"
				},
				"parameters": {
					"FileName": "@triggerBody().fileName",
					"Environment": "pp"
				}
			}
		],
		"type": "BlobEventsTrigger",
		"typeProperties": {
			"blobPathBeginsWith": "/hkasiamilanding/blobs/",
			"ignoreEmptyBlobs": true,
			"scope": "/subscriptions/ef96be94-eb8b-4cb0-950d-151cda7e92ed/resourceGroups/npro-dna-pre-northeurope-landing01/providers/Microsoft.Storage/storageAccounts/aznednapresa01",
			"events": [
				"Microsoft.Storage.BlobCreated"
			]
		}
	}
}