{
	"name": "AsiaMI_Cleansed_to_PSA",
	"properties": {
		"description": "Moving the data from cleansed to PSA for Asia MI Project",
		"annotations": [],
		"runtimeState": "Started",
		"pipeline": {
			"pipelineReference": {
				"referenceName": "CF_JSON_ParameterList_Parser",
				"type": "PipelineReference"
			},
			"parameters": {
				"pParamList": {
					"pFeedID": "''",
					"pIngestionDB": "dbo",
					"pCurationUser": "CurationUser",
					"pProjectID": "1800050309",
					"pAssetID": "''"
				}
			}
		},
		"type": "TumblingWindowTrigger",
		"typeProperties": {
			"frequency": "Hour",
			"interval": 6,
			"startTime": "2023-02-01T00:00:00Z",
			"delay": "00:00:00",
			"maxConcurrency": 1,
			"retryPolicy": {
				"intervalInSeconds": 30
			},
			"dependsOn": []
		}
	}
}