{
	"name": "BTHIT_BIRTHEXCEL_BIRTHITTPOSDailySalesProfit_Trigger",
	"properties": {
		"description": "BTHIT_BIRTHEXCEL_BIRTHITTPOSDailySalesProfit_Trigger",
		"annotations": [],
		"runtimeState": "Started",
		"pipelines": [
			{
				"pipelineReference": {
					"referenceName": "Wrapper_Cleansed_Fact",
					"type": "PipelineReference"
				},
				"parameters": {
					"pFeedID": "442",
					"pViewName": "psa.BTHIT_BIRTHEXCEL_BIRTHITTPOSDailySalesProfit_View"
				}
			}
		],
		"type": "BlobEventsTrigger",
		"typeProperties": {
			"blobPathBeginsWith": "/cleansed/blobs/BTHIT/BIRTHEXCEL/BIRTHIT_TPOS_DailySalesProfit/Incremental/",
			"blobPathEndsWith": ".csv",
			"ignoreEmptyBlobs": true,
			"scope": "/subscriptions/ef96be94-eb8b-4cb0-950d-151cda7e92ed/resourceGroups/npro-dna-pre-northeurope-main01/providers/Microsoft.Storage/storageAccounts/aznednapredl01",
			"events": [
				"Microsoft.Storage.BlobCreated"
			]
		}
	}
}