{
	"name": "cf_cleansed_to_psa",
	"properties": {
		"annotations": [],
		"runtimeState": "Started",
		"pipelines": [
			{
				"pipelineReference": {
					"referenceName": "ValidFeedsProcess",
					"type": "PipelineReference"
				},
				"parameters": {
					"pFeedID": "''",
					"pIngestionDB": "dbo",
					"pCurationUser": "CurationUser",
					"pProjectID": "69"
				}
			}
		],
		"type": "ScheduleTrigger",
		"typeProperties": {
			"recurrence": {
				"frequency": "Day",
				"interval": 1,
				"startTime": "2020-12-10T18:00:00Z",
				"timeZone": "UTC"
			}
		}
	}
}