{
	"name": "cf_psa_to_serve_sat_wed",
	"properties": {
		"description": "Trigger to invoke psa to serve load on every Saturday & Wednesday",
		"annotations": [],
		"runtimeState": "Started",
		"pipelines": [
			{
				"pipelineReference": {
					"referenceName": "ProcessBatches",
					"type": "PipelineReference"
				},
				"parameters": {
					"pBatchList": "90,1,2,3,4",
					"pProjectId": "69"
				}
			}
		],
		"type": "ScheduleTrigger",
		"typeProperties": {
			"recurrence": {
				"frequency": "Week",
				"interval": 1,
				"startTime": "2021-02-03T23:00:00Z",
				"timeZone": "UTC",
				"schedule": {
					"hours": [
						23
					],
					"weekDays": [
						"Saturday",
						"Wednesday"
					]
				}
			}
		}
	}
}