{
	"name": "cf_psa_to_serve_daily",
	"properties": {
		"annotations": [],
		"runtimeState": "Started",
		"pipelines": [
			{
				"pipelineReference": {
					"referenceName": "ProcessBatches",
					"type": "PipelineReference"
				},
				"parameters": {
					"pBatchList": "90,1,2,3,4",
					"pProjectId": "69"
				}
			}
		],
		"type": "ScheduleTrigger",
		"typeProperties": {
			"recurrence": {
				"frequency": "Week",
				"interval": 1,
				"startTime": "2021-02-02T21:30:00Z",
				"timeZone": "UTC",
				"schedule": {
					"minutes": [
						30
					],
					"hours": [
						21
					],
					"weekDays": [
						"Sunday",
						"Monday",
						"Tuesday",
						"Thursday",
						"Friday"
					]
				}
			}
		}
	}
}