{
	"name": "cf_rdm_refresh",
	"properties": {
		"annotations": [],
		"runtimeState": "Started",
		"pipelines": [
			{
				"pipelineReference": {
					"referenceName": "RefreshDNARDM",
					"type": "PipelineReference"
				},
				"parameters": {
					"pAssetLocation": "RPIDNA/DNARDM/default/Default",
					"pFileName": "refdata.json",
					"pSchema": "ser",
					"pRefLOVTable": "reflov",
					"pRefLOVSetTable": "reflovset"
				}
			}
		],
		"type": "ScheduleTrigger",
		"typeProperties": {
			"recurrence": {
				"frequency": "Day",
				"interval": 1,
				"startTime": "2022-07-27T17:00:00Z",
				"timeZone": "UTC",
				"schedule": {
					"minutes": [
						30
					],
					"hours": [
						18,
						0
					]
				}
			}
		}
	}
}