{
	"name": "DPI_cleansedto_psa",
	"properties": {
		"description": "tumbling window trigger for moving DPI assets from cleansed to psa every 8 hrs",
		"annotations": [],
		"runtimeState": "Started",
		"pipeline": {
			"pipelineReference": {
				"referenceName": "CF_JSON_ParameterList_Parser",
				"type": "PipelineReference"
			},
			"parameters": {
				"pParamList": {
					"pFeedID": "''",
					"pIngestionDB": "dbo",
					"pCurationUser": "CurationUser",
					"pProjectID": "1800049008",
					"pAssetID": "''"
				}
			}
		},
		"type": "TumblingWindowTrigger",
		"typeProperties": {
			"frequency": "Hour",
			"interval": 8,
			"startTime": "2021-12-02T10:00:00Z",
			"delay": "00:00:00",
			"maxConcurrency": 1,
			"retryPolicy": {
				"intervalInSeconds": 30
			},
			"dependsOn": []
		}
	}
}