{
	"name": "DPI_eventhub_trigger",
	"properties": {
		"description": "Trigger to fetch real time events captured from npro-dat-ne-pp-ehub-01event hub",
		"annotations": [],
		"runtimeState": "Started",
		"pipelines": [
			{
				"pipelineReference": {
					"referenceName": "DPI_avro_csv",
					"type": "PipelineReference"
				},
				"parameters": {
					"Filename": "@triggerBody().fileName",
					"Folderpath": "@triggerBody().folderPath",
					"Project_Name": "DPI",
					"Environment": "dev"
				}
			}
		],
		"type": "BlobEventsTrigger",
		"typeProperties": {
			"blobPathBeginsWith": "/eventhub/blobs/prod-dat-ne-pr-ehns-01/prod-dat-ne-pr-ehub-01/",
			"blobPathEndsWith": ".avro",
			"ignoreEmptyBlobs": true,
			"scope": "/subscriptions/ef96be94-eb8b-4cb0-950d-151cda7e92ed/resourceGroups/npro-dna-pre-northeurope-landing01/providers/Microsoft.Storage/storageAccounts/nprodatneppsa01",
			"events": [
				"Microsoft.Storage.BlobCreated"
			]
		}
	}
}