{
	"name": "GA_Event_Trigger",
	"properties": {
		"annotations": [],
		"runtimeState": "Started",
		"pipelines": [
			{
				"pipelineReference": {
					"referenceName": "JSON_ParamerList_Parser",
					"type": "PipelineReference"
				},
				"parameters": {
					"pParamList": {
						"project_name": "GA",
						"Environment": "pp",
						"Folderpath": "@triggerBody().folderPath",
						"Filename": "@triggerBody().fileName",
						"Ingestion_DB": "dbo",
						"ProjectID": "1800050186",
						"AssetID": "''",
						"CurationUser": "CurationUser",
						"DeleteFlag": "1"
					}
				}
			}
		],
		"type": "BlobEventsTrigger",
		"typeProperties": {
			"blobPathBeginsWith": "/cleansed/blobs/BUKIT/GA",
			"ignoreEmptyBlobs": true,
			"scope": "/subscriptions/ef96be94-eb8b-4cb0-950d-151cda7e92ed/resourceGroups/npro-dna-pre-northeurope-main01/providers/Microsoft.Storage/storageAccounts/aznednapredl01",
			"events": [
				"Microsoft.Storage.BlobCreated"
			]
		}
	}
}