{
	"name": "GA_ROI_History_dispatch_queue_schedule_trigger",
	"properties": {
		"annotations": [],
		"runtimeState": "Started",
		"pipeline": {
			"pipelineReference": {
				"referenceName": "GA_dbm_JSON_ParamerList_Parser",
				"type": "PipelineReference"
			},
			"parameters": {
				"pParamList": {
					"project_name": "GA",
					"Environment": "pp",
					"Folderpath": "BUKIT/GA/GDH_cm_transformed_ROI_GA_incr/Historical",
					"type": "ROI_History"
				}
			}
		},
		"type": "TumblingWindowTrigger",
		"typeProperties": {
			"frequency": "Minute",
			"interval": 10,
			"startTime": "2022-03-10T14:08:00Z",
			"delay": "00:00:00",
			"maxConcurrency": 1,
			"retryPolicy": {
				"intervalInSeconds": 30
			},
			"dependsOn": []
		}
	}
}