{
	"name": "GA_UK_Intraday_queue_schedule_trigger",
	"properties": {
		"annotations": [],
		"runtimeState": "Started",
		"pipeline": {
			"pipelineReference": {
				"referenceName": "GA_sbw_JSON_ParamerList_Parser",
				"type": "PipelineReference"
			},
			"parameters": {
				"pParamList": {
					"project_name": "GA",
					"Environment": "pp",
					"Folderpath": "BUKIT/GA/BootsUK_Core_Metrics_Clickstream_Data_UK_Intraday_GA/Incremental",
					"type": "UK_Intraday"
				}
			}
		},
		"type": "TumblingWindowTrigger",
		"typeProperties": {
			"frequency": "Minute",
			"interval": 20,
			"startTime": "2022-03-10T14:05:00Z",
			"delay": "00:00:00",
			"maxConcurrency": 1,
			"retryPolicy": {
				"intervalInSeconds": 30
			},
			"dependsOn": []
		}
	}
}