{
	"name": "Gamification_Preprocessing",
	"properties": {
		"annotations": [],
		"runtimeState": "Started",
		"pipeline": {
			"pipelineReference": {
				"referenceName": "Gamification_avro_csv",
				"type": "PipelineReference"
			},
			"parameters": {
				"pParamList": {
					"ProjectName": "Gamification",
					"Environment": "pp"
				}
			}
		},
		"type": "TumblingWindowTrigger",
		"typeProperties": {
			"frequency": "Hour",
			"interval": 1,
			"startTime": "2022-06-13T08:34:00Z",
			"delay": "00:00:00",
			"maxConcurrency": 1,
			"retryPolicy": {
				"intervalInSeconds": 30
			},
			"dependsOn": []
		}
	}
}