{
	"name": "GB_Multi_Batch",
	"properties": {
		"annotations": [],
		"runtimeState": "Started",
		"pipelines": [
			{
				"pipelineReference": {
					"referenceName": "CF_ProcessProgram",
					"type": "PipelineReference"
				},
				"parameters": {
					"ProgramID": "1"
				}
			}
		],
		"type": "ScheduleTrigger",
		"typeProperties": {
			"recurrence": {
				"frequency": "Day",
				"interval": 1,
				"startTime": "2022-07-28T00:00:00Z",
				"timeZone": "UTC",
				"schedule": {
					"minutes": [
						0
					],
					"hours": [
						1
					]
				}
			}
		}
	}
}