{
	"name": "GBA_IF_Trigger",
	"properties": {
		"description": "Trigger to fetch GBA files in real time from the transfer folder, process them and copy them to the ingestion framework",
		"annotations": [],
		"runtimeState": "Stopped",
		"pipelines": [
			{
				"pipelineReference": {
					"referenceName": "GBA_Trigger",
					"type": "PipelineReference"
				},
				"parameters": {
					"Environment": "dev",
					"FileName": "@triggerBody().fileName"
				}
			}
		],
		"type": "BlobEventsTrigger",
		"typeProperties": {
			"blobPathBeginsWith": "/gdhdatalake/blobs/transfer/",
			"ignoreEmptyBlobs": true,
			"scope": "/subscriptions/ef96be94-eb8b-4cb0-950d-151cda7e92ed/resourceGroups/BootsInternationalLimited-GDH-NE-Development-RG1/providers/Microsoft.Storage/storageAccounts/azsanegdhdev1",
			"events": [
				"Microsoft.Storage.BlobCreated"
			]
		}
	}
}