{
	"name": "gba_walgreens_landing_bounce",
	"properties": {
		"annotations": [],
		"runtimeState": "Stopped",
		"pipelines": [
			{
				"pipelineReference": {
					"referenceName": "Move_File_From_Blob_To_ADLS2",
					"type": "PipelineReference"
				},
				"parameters": {
					"FolderPath_SourceStore": "@triggerbody().folderpath",
					"FolderPath_DestinationStore": "/gdhdatalake/transfer",
					"inputFilename": "@triggerBody().fileName",
					"SourceStorageAccountServiceEndPoint": "https://azsacdhprodgbath01.blob.core.windows.net/",
					"TargetStorageAccountServiceEndPoint": "https://azsagbitproddatalake01.dfs.core.windows.net/"
				}
			}
		],
		"type": "BlobEventsTrigger",
		"typeProperties": {
			"blobPathBeginsWith": "/cdhdatalake/blobs/data/raw/WAGIT/in",
			"blobPathEndsWith": ".dat.gz.pgp",
			"ignoreEmptyBlobs": true,
			"scope": "/subscriptions/ef96be94-eb8b-4cb0-950d-151cda7e92ed/resourceGroups/npro-dna-pre-northeurope-main01/providers/Microsoft.Storage/storageAccounts/aznednapredl01",
			"events": [
				"Microsoft.Storage.BlobCreated"
			]
		}
	}
}