{
	"name": "gbmr_cleansed_to_psa",
	"properties": {
		"annotations": [],
		"runtimeState": "Started",
		"pipelines": [
			{
				"pipelineReference": {
					"referenceName": "CF_JSON_ParameterList_Parser",
					"type": "PipelineReference"
				},
				"parameters": {
					"pParamList": {
						"pFeedID": "''",
						"pIngestionDB": "dbo",
						"pCurationUser": "CurationUser",
						"pProjectID": "67",
						"pAssetID": "''"
					}
				}
			}
		],
		"type": "ScheduleTrigger",
		"typeProperties": {
			"recurrence": {
				"frequency": "Day",
				"interval": 1,
				"startTime": "2021-03-18T04:00:00Z",
				"timeZone": "UTC",
				"schedule": {
					"minutes": [
						0
					],
					"hours": [
						21
					]
				}
			}
		}
	}
}