{
	"name": "liz_earle_landing_bounce",
	"properties": {
		"annotations": [],
		"runtimeState": "Started",
		"pipelines": [
			{
				"pipelineReference": {
					"referenceName": "RPIDNA_LEIT_Bounce",
					"type": "PipelineReference"
				},
				"parameters": {
					"l_source_dir": "@triggerBody().folderPath",
					"l_filename": "@triggerBody().fileName"
				}
			}
		],
		"type": "BlobEventsTrigger",
		"typeProperties": {
			"blobPathBeginsWith": "/landing/blobs/LEIT/LizEarle/",
			"blobPathEndsWith": ".psv",
			"ignoreEmptyBlobs": true,
			"scope": "/subscriptions/ef96be94-eb8b-4cb0-950d-151cda7e92ed/resourceGroups/Boots-International-GBATH-NE-DEV-rg/providers/Microsoft.Storage/storageAccounts/azsagbitcdhlanding",
			"events": [
				"Microsoft.Storage.BlobCreated"
			]
		}
	}
}