{
	"name": "lizearle_wrapper_psa_egress",
	"properties": {
		"description": "lizearle wrapper for cleansed to psa and for invoking egress framework",
		"annotations": [],
		"runtimeState": "Started",
		"pipelines": [
			{
				"pipelineReference": {
					"referenceName": "LE_Cleansed_to_PSA_Egress_Wrapper",
					"type": "PipelineReference"
				},
				"parameters": {
					"pIngestionDB": "dbo",
					"pCurationUser": "CurationUser",
					"pProjectID": "1800046418",
					"pAssetID": "''"
				}
			}
		],
		"type": "ScheduleTrigger",
		"typeProperties": {
			"recurrence": {
				"frequency": "Month",
				"interval": 1,
				"startTime": "2021-06-25T11:14:00Z",
				"timeZone": "UTC",
				"schedule": {
					"minutes": [
						30
					],
					"hours": [
						4
					],
					"monthDays": [
						5
					]
				}
			}
		}
	}
}