{
	"name": "lizearle_unzip",
	"properties": {
		"description": "Trigger to detect zip file and trigger unzip execution pipeline",
		"annotations": [],
		"runtimeState": "Started",
		"pipelines": [
			{
				"pipelineReference": {
					"referenceName": "LE_Unzip",
					"type": "PipelineReference"
				}
			}
		],
		"type": "BlobEventsTrigger",
		"typeProperties": {
			"blobPathBeginsWith": "/lelanding/blobs/LEIT/zip/",
			"blobPathEndsWith": ".zip",
			"ignoreEmptyBlobs": true,
			"scope": "/subscriptions/ef96be94-eb8b-4cb0-950d-151cda7e92ed/resourceGroups/npro-dna-pre-northeurope-landing01/providers/Microsoft.Storage/storageAccounts/aznednapresa01",
			"events": [
				"Microsoft.Storage.BlobCreated"
			]
		}
	}
}