{
	"name": "logicapp_landing_bounce",
	"properties": {
		"description": "Moves files from BLOB Landing storage account to ADLS2 Data Lake for GDH",
		"annotations": [],
		"runtimeState": "Stopped",
		"pipelines": [
			{
				"pipelineReference": {
					"referenceName": "Move_File_From_Blob_To_ADLS2",
					"type": "PipelineReference"
				},
				"parameters": {
					"FolderPath_SourceStore": "/gdh-logicapp-blobs/",
					"FolderPath_DestinationStore": "/gdhdatalake/transfer",
					"inputFilename": "@triggerBody().fileName",
					"SourceStorageAccountServiceEndPoint": "https://azsanegdhdev2.blob.core.windows.net/",
					"TargetStorageAccountServiceEndPoint": "https://azsanegdhdev1.dfs.core.windows.net/"
				}
			}
		],
		"type": "BlobEventsTrigger",
		"typeProperties": {
			"blobPathBeginsWith": "/gdh-logicapp-blobs/blobs/",
			"ignoreEmptyBlobs": true,
			"scope": "/subscriptions/61dcae01-f261-48b1-ad36-9f3218969f72/resourceGroups/GBIT-CDHIngest-NE-Prod/providers/Microsoft.Storage/storageAccounts/azsagbitprodnonevnet01",
			"events": [
				"Microsoft.Storage.BlobCreated"
			]
		}
	}
}