{
	"name": "martech_bpool_resize",
	"properties": {
		"description": "Weekly schedule trigger to trigger MT_ResizeBatchPool and resize batch pool nodes, in compliance with InfoSec.",
		"annotations": [],
		"runtimeState": "Started",
		"pipelines": [
			{
				"pipelineReference": {
					"referenceName": "MT_ResizeBatchPool",
					"type": "PipelineReference"
				},
				"parameters": {
					"pParamList": {
						"pBatchAcctName": "nprodataneppbatsvc01",
						"pBatchPoolName": "nprodataneppbpool01",
						"pEnvironment": "pp"
					}
				}
			}
		],
		"type": "ScheduleTrigger",
		"typeProperties": {
			"recurrence": {
				"frequency": "Week",
				"interval": 1,
				"startTime": "2022-01-20T09:42:00Z",
				"timeZone": "UTC",
				"schedule": {
					"minutes": [
						0
					],
					"hours": [
						6
					],
					"weekDays": [
						"Sunday"
					]
				}
			}
		}
	}
}