{
	"name": "martech_incremental_egress_daily",
	"properties": {
		"description": "Daily trigger for MarTech incremental egress.",
		"annotations": [],
		"runtimeState": "Started",
		"pipelines": [
			{
				"pipelineReference": {
					"referenceName": "MT_Cleansed_to_PSA_Egress_Wrapper",
					"type": "PipelineReference"
				},
				"parameters": {
					"pParamList": {
						"pIngestionDB": "dbo",
						"pCurationUser": "CurationUser",
						"pProjectID": "1800045608",
						"pAssetID": "''",
						"pEgressProjectID": "8008",
						"pEnvironment": "pp1",
						"pCollectionPath": "PzDB/PzDB",
						"pEFWaitTime": "900",
						"pCollectionWaitTime": "600",
						"pWave": "3",
						"pDispatchPath": "PzDB/PzDB/MartechInterfaces",
						"pManualRerunFlag": "N"
					}
				}
			}
		],
		"type": "ScheduleTrigger",
		"typeProperties": {
			"recurrence": {
				"frequency": "Day",
				"interval": 1,
				"startTime": "2022-04-01T08:52:00Z",
				"timeZone": "UTC",
				"schedule": {
					"minutes": [
						0
					],
					"hours": [
						11
					]
				}
			}
		}
	}
}