{
	"name": "NONSAPFEEDAZURE_MB_TRIGGER",
	"properties": {
		"description": "NONSAPFEEDAZURE micro-batching storage events based trigger",
		"annotations": [],
		"runtimeState": "Started",
		"pipelines": [
			{
				"pipelineReference": {
					"referenceName": "NONSAPFEEDAZURELandingMBWrapper",
					"type": "PipelineReference"
				},
				"parameters": {
					"mbParams": {
						"project": "NONSAPFEEDAZURE",
						"env": "pp",
						"pattern": "NONSAPFEEDAZURE",
						"feedMapFlag": "true"
					}
				}
			}
		],
		"type": "BlobEventsTrigger",
		"typeProperties": {
			"blobPathBeginsWith": "/prelanding/blobs/",
			"ignoreEmptyBlobs": false,
			"scope": "/subscriptions/ef96be94-eb8b-4cb0-950d-151cda7e92ed/resourceGroups/npro-dna-pre-northeurope-landing01/providers/Microsoft.Storage/storageAccounts/aznednapresa01",
			"events": [
				"Microsoft.Storage.BlobCreated"
			]
		}
	}
}