{
	"name": "ODH_MB_TRIGGER",
	"properties": {
		"description": "ODH micro-batching scheduled trigger",
		"annotations": [],
		"runtimeState": "Stopped",
		"pipelines": [
			{
				"pipelineReference": {
					"referenceName": "ODHLandingMBWrapper",
					"type": "PipelineReference"
				},
				"parameters": {
					"mbParams": {
						"project": "ODH",
						"env": "pp",
						"pattern": "ODH",
						"feedMapFlag": "true"
					}
				}
			}
		],
		"type": "ScheduleTrigger",
		"typeProperties": {
			"recurrence": {
				"frequency": "Day",
				"interval": 1,
				"startTime": "2023-02-08T19:00:00Z",
				"timeZone": "UTC",
				"schedule": {
					"minutes": [
						0,
						30
					],
					"hours": [
						3,
						21
					]
				}
			}
		}
	}
}