{
	"name": "ODH_PREP_TRIGGER",
	"properties": {
		"description": "ODH pre-processing trigger",
		"annotations": [],
		"runtimeState": "Stopped",
		"pipelines": [
			{
				"pipelineReference": {
					"referenceName": "ODHPreprocess",
					"type": "PipelineReference"
				},
				"parameters": {
					"odhParams": {
						"project": "ODH",
						"env": "pp"
					}
				}
			}
		],
		"type": "ScheduleTrigger",
		"typeProperties": {
			"recurrence": {
				"frequency": "Day",
				"interval": 1,
				"startTime": "2023-05-23T13:00:00Z",
				"timeZone": "UTC",
				"schedule": {
					"hours": [
						14,
						20
					]
				}
			}
		}
	}
}