{
	"name": "optician_sales_cleansed_to_psa",
	"properties": {
		"annotations": [],
		"runtimeState": "Started",
		"pipelines": [
			{
				"pipelineReference": {
					"referenceName": "CF_JSON_ParameterList_Parser",
					"type": "PipelineReference"
				},
				"parameters": {
					"pParamList": {
						"pFeedID": "672",
						"pIngestionDB": "dbo",
						"pCurationUser": "CurationUser",
						"pProjectID": "1800047715",
						"pAssetID": "''"
					}
				}
			}
		],
		"type": "ScheduleTrigger",
		"typeProperties": {
			"recurrence": {
				"frequency": "Week",
				"interval": 1,
				"startTime": "2021-06-28T12:35:00Z",
				"timeZone": "UTC",
				"schedule": {
					"minutes": [
						0
					],
					"hours": [
						10
					],
					"weekDays": [
						"Sunday"
					]
				}
			}
		}
	}
}