{
	"name": "PIM_CLEANSED_TO_PSA",
	"properties": {
		"annotations": [],
		"runtimeState": "Started",
		"pipelines": [
			{
				"pipelineReference": {
					"referenceName": "CF_JSON_ParameterList_Parser",
					"type": "PipelineReference"
				},
				"parameters": {
					"pParamList": {
						"pFeedID": "3398",
						"pIngestionDB": "dbo",
						"pCurationUser": "CurationUser",
						"pProjectID": "1800121330",
						"pAssetID": "''"
					}
				}
			}
		],
		"type": "ScheduleTrigger",
		"typeProperties": {
			"recurrence": {
				"frequency": "Hour",
				"interval": 1,
				"startTime": "2023-08-01T15:42:00Z",
				"timeZone": "UTC"
			}
		}
	}
}