{
	"name": "RPRS_loss_psa_to_serve",
	"properties": {
		"description": "RPRS_loss_psa_to_serve \nnext day 5:30 UTC- Merch\n10:30 UTC- Loss",
		"annotations": [],
		"runtimeState": "Started",
		"pipelines": [
			{
				"pipelineReference": {
					"referenceName": "CF_ProcessProgram",
					"type": "PipelineReference"
				},
				"parameters": {
					"ProgramID": "3"
				}
			}
		],
		"type": "ScheduleTrigger",
		"typeProperties": {
			"recurrence": {
				"frequency": "Day",
				"interval": 1,
				"startTime": "2023-03-24T07:36:00Z",
				"timeZone": "UTC",
				"schedule": {
					"minutes": [
						30
					],
					"hours": [
						5,
						10
					]
				}
			}
		}
	}
}