{
	"name": "STEP_MB_Trigger",
	"properties": {
		"annotations": [],
		"runtimeState": "Started",
		"pipeline": {
			"pipelineReference": {
				"referenceName": "STEP_MBWrapper",
				"type": "PipelineReference"
			},
			"parameters": {
				"mbParams": {
					"project": "STEP",
					"env": "pp",
					"pattern": "STEP",
					"feedMapFlag": "false"
				}
			}
		},
		"type": "TumblingWindowTrigger",
		"typeProperties": {
			"frequency": "Hour",
			"interval": 1,
			"startTime": "2022-05-25T12:15:00Z",
			"delay": "00:00:00",
			"maxConcurrency": 1,
			"retryPolicy": {
				"intervalInSeconds": 30
			},
			"dependsOn": []
		}
	}
}