{
	"name": "STEP_cleansed_PSA",
	"properties": {
		"annotations": [],
		"runtimeState": "Started",
		"pipeline": {
			"pipelineReference": {
				"referenceName": "STEP_Cleansed_to_PSA_Wrapper",
				"type": "PipelineReference"
			},
			"parameters": {
				"pParamList": {
					"pFeedID": "1447",
					"pIngestionDB": "dbo",
					"pCurationUser": "CurationUser",
					"pProjectID": "1800051725",
					"pAssetID": "''"
				}
			}
		},
		"type": "TumblingWindowTrigger",
		"typeProperties": {
			"frequency": "Hour",
			"interval": 1,
			"startTime": "2022-06-13T06:16:00Z",
			"delay": "00:00:00",
			"maxConcurrency": 1,
			"retryPolicy": {
				"intervalInSeconds": 30
			},
			"dependsOn": []
		}
	}
}