{
	"name": "STEP_Preprocess_Trigger",
	"properties": {
		"description": "STEP_Preprocess_Trigger",
		"annotations": [],
		"runtimeState": "Started",
		"pipeline": {
			"pipelineReference": {
				"referenceName": "STEP_PreProcess",
				"type": "PipelineReference"
			},
			"parameters": {
				"pParamList": {
					"Project_name": "STEP",
					"Environment": "pp"
				}
			}
		},
		"type": "TumblingWindowTrigger",
		"typeProperties": {
			"frequency": "Hour",
			"interval": 1,
			"startTime": "2022-06-07T11:40:00Z",
			"delay": "00:00:00",
			"maxConcurrency": 1,
			"retryPolicy": {
				"intervalInSeconds": 30
			},
			"dependsOn": []
		}
	}
}