{
	"name": "TPM_cleansed_to_psa_trigger",
	"properties": {
		"description": "Preprocessing Trigger",
		"annotations": [],
		"runtimeState": "Started",
		"pipelines": [
			{
				"pipelineReference": {
					"referenceName": "TPM_cleansed_psa_wrapper",
					"type": "PipelineReference"
				}
			}
		],
		"type": "ScheduleTrigger",
		"typeProperties": {
			"recurrence": {
				"frequency": "Day",
				"interval": 1,
				"startTime": "2022-06-10T08:05:00Z",
				"timeZone": "UTC",
				"schedule": {
					"minutes": [
						0
					],
					"hours": [
						21
					]
				}
			}
		}
	}
}