{
	"name": "PL_LF_PROCESSING_CONTROL",
	"properties": {
		"activities": [
			{
				"name": "File_Merge",
				"type": "Copy",
				"dependsOn": [],
				"policy": {
					"timeout": "0.12:00:00",
					"retry": 0,
					"retryIntervalInSeconds": 30,
					"secureOutput": false,
					"secureInput": false
				},
				"userProperties": [],
				"typeProperties": {
					"source": {
						"type": "DelimitedTextSource",
						"storeSettings": {
							"type": "AzureBlobFSReadSettings",
							"recursive": false,
							"wildcardFolderPath": {
								"value": "@concat('Pre-Landing/',pipeline().parameters.UserFolder)",
								"type": "Expression"
							},
							"wildcardFileName": "*.csv",
							"enablePartitionDiscovery": false
						},
						"formatSettings": {
							"type": "DelimitedTextReadSettings"
						}
					},
					"sink": {
						"type": "DelimitedTextSink",
						"storeSettings": {
							"type": "AzureBlobFSWriteSettings",
							"copyBehavior": "MergeFiles"
						},
						"formatSettings": {
							"type": "DelimitedTextWriteSettings",
							"quoteAllText": true,
							"fileExtension": ".txt"
						}
					},
					"enableStaging": false,
					"translator": {
						"type": "TabularTranslator",
						"typeConversion": true,
						"typeConversionSettings": {
							"allowDataTruncation": true,
							"treatBooleanAsNumber": false
						}
					}
				},
				"inputs": [
					{
						"referenceName": "DS_LF_LANDING_SOURCE",
						"type": "DatasetReference",
						"parameters": {
							"UserFolder": {
								"value": "@pipeline().parameters.UserFolder",
								"type": "Expression"
							}
						}
					}
				],
				"outputs": [
					{
						"referenceName": "DS_LF_LANDING_MERGE",
						"type": "DatasetReference",
						"parameters": {
							"UserFolder": {
								"value": "@pipeline().parameters.UserFolder",
								"type": "Expression"
							}
						}
					}
				]
			},
			{
				"name": "Set File Count Path",
				"type": "SetVariable",
				"dependsOn": [
					{
						"activity": "File_Merge",
						"dependencyConditions": [
							"Succeeded"
						]
					}
				],
				"userProperties": [],
				"typeProperties": {
					"variableName": "FileCount_Path",
					"value": {
						"value": "@string(activity('File_Merge').output.filesRead)",
						"type": "Expression"
					}
				}
			},
			{
				"name": "Get_File_Count",
				"type": "Lookup",
				"dependsOn": [],
				"policy": {
					"timeout": "0.12:00:00",
					"retry": 0,
					"retryIntervalInSeconds": 30,
					"secureOutput": false,
					"secureInput": false
				},
				"userProperties": [],
				"typeProperties": {
					"source": {
						"type": "JsonSource",
						"storeSettings": {
							"type": "AzureBlobFSReadSettings",
							"recursive": false,
							"wildcardFolderPath": {
								"value": "@concat('Pre-Landing/',pipeline().parameters.UserFolder)",
								"type": "Expression"
							},
							"wildcardFileName": "*.json",
							"enablePartitionDiscovery": false
						},
						"formatSettings": {
							"type": "JsonReadSettings"
						}
					},
					"dataset": {
						"referenceName": "DS_LF_LANDING_JSON",
						"type": "DatasetReference",
						"parameters": {
							"UserFolder": {
								"value": "@pipeline().parameters.UserFolder",
								"type": "Expression"
							}
						}
					},
					"firstRowOnly": false
				}
			},
			{
				"name": "Set File Count JSON",
				"type": "SetVariable",
				"dependsOn": [
					{
						"activity": "Get_File_Count",
						"dependencyConditions": [
							"Succeeded"
						]
					}
				],
				"userProperties": [],
				"typeProperties": {
					"variableName": "FileCount_JSON",
					"value": {
						"value": "@if(equals(activity('Get_File_Count').output.count,0),string(0),string(activity('Get_File_Count').output.value[0].SplitFileCount))",
						"type": "Expression"
					}
				}
			},
			{
				"name": "Check_File_Count",
				"type": "IfCondition",
				"dependsOn": [
					{
						"activity": "Set File Count JSON",
						"dependencyConditions": [
							"Succeeded"
						]
					},
					{
						"activity": "Set File Count Path",
						"dependencyConditions": [
							"Succeeded"
						]
					}
				],
				"userProperties": [],
				"typeProperties": {
					"expression": {
						"value": "@and(equals(int(variables('FileCount_JSON')),int(variables('FileCount_Path'))),and(greater(int(variables('FileCount_Path')),0),greater(int(variables('FileCount_JSON')),0)))",
						"type": "Expression"
					},
					"ifFalseActivities": [
						{
							"name": "File Count Mismatch Alert Mail",
							"type": "ExecutePipeline",
							"dependsOn": [
								{
									"activity": "File Count Mismatch Audit Log",
									"dependencyConditions": [
										"Completed"
									]
								}
							],
							"userProperties": [],
							"typeProperties": {
								"pipeline": {
									"referenceName": "PL_SS_EMAIL_ALERT",
									"type": "PipelineReference"
								},
								"waitOnCompletion": true,
								"parameters": {
									"Status": "Fail",
									"ErrorDetails": {
										"value": "@if(equals(int(variables('FileCount_JSON')),0),'JSON file is missing in the landing unzipped path',if(equals(int(variables('FileCount_Path')),0),'CSV files are missing in landing unzipped path','File Count Mismatch : Number of files available in user path does not match with split File count mentioned in the JSON file.'))",
										"type": "Expression"
									},
									"FileName": {
										"value": "@pipeline().parameters.UserFolder",
										"type": "Expression"
									},
									"PipelineName": {
										"value": "@pipeline().Pipeline",
										"type": "Expression"
									},
									"SubjectLine": {
										"value": "@if(equals(int(variables('FileCount_JSON')),0),'JSON file is missing',if(equals(int(variables('FileCount_Path')),0),'CSV files are missing','File Count Mismatch'))",
										"type": "Expression"
									},
									"StorageAccountName": {
										"value": "@pipeline().parameters.StorageAccountName",
										"type": "Expression"
									}
								}
							}
						},
						{
							"name": "File Count Mismatch Audit Log",
							"type": "ExecutePipeline",
							"dependsOn": [],
							"userProperties": [],
							"typeProperties": {
								"pipeline": {
									"referenceName": "PL_SS_AUDIT_LOG",
									"type": "PipelineReference"
								},
								"waitOnCompletion": true,
								"parameters": {
									"FileName": {
										"value": "@pipeline().parameters.UserFolder",
										"type": "Expression"
									},
									"Status": {
										"value": "@if(equals(int(variables('FileCount_JSON')),0),'JSON file is missing',if(equals(int(variables('FileCount_Path')),0),'CSV files are missing','File Count Mismatch : Number of files available in user path does not match with split File count mentioned in the JSON file.'))",
										"type": "Expression"
									},
									"PipelineRunID": {
										"value": "@pipeline().RunId",
										"type": "Expression"
									},
									"Stage": "Pre-Landing"
								}
							}
						}
					],
					"ifTrueActivities": [
						{
							"name": "Execute_Main_Pipeline",
							"type": "ExecutePipeline",
							"dependsOn": [],
							"userProperties": [],
							"typeProperties": {
								"pipeline": {
									"referenceName": "PL_LF_PROCESSING_MAIN",
									"type": "PipelineReference"
								},
								"waitOnCompletion": true,
								"parameters": {
									"UserFolder": {
										"value": "@pipeline().parameters.UserFolder",
										"type": "Expression"
									}
								}
							}
						}
					]
				}
			}
		],
		"parameters": {
			"UserFolder": {
				"type": "string"
			},
			"StorageAccountName": {
				"type": "string",
				"defaultValue": "dapdevadlsselfserve01"
			}
		},
		"variables": {
			"FileCount_JSON": {
				"type": "String"
			},
			"FileCount_Path": {
				"type": "String"
			}
		},
		"folder": {
			"name": "SELF_SERVE"
		},
		"annotations": []
	}
}