{
	"name": "PL_LF_PROCESSING_MAIN",
	"properties": {
		"activities": [
			{
				"name": "JSON_FILE_MOVE",
				"type": "Copy",
				"dependsOn": [],
				"policy": {
					"timeout": "0.12:00:00",
					"retry": 0,
					"retryIntervalInSeconds": 30,
					"secureOutput": false,
					"secureInput": false
				},
				"userProperties": [],
				"typeProperties": {
					"source": {
						"type": "JsonSource",
						"storeSettings": {
							"type": "AzureBlobFSReadSettings",
							"recursive": false,
							"wildcardFolderPath": {
								"value": "@concat('Pre-Landing/',pipeline().parameters.UserFolder)",
								"type": "Expression"
							},
							"wildcardFileName": "*.json",
							"enablePartitionDiscovery": false
						},
						"formatSettings": {
							"type": "JsonReadSettings"
						}
					},
					"sink": {
						"type": "JsonSink",
						"storeSettings": {
							"type": "AzureBlobFSWriteSettings"
						},
						"formatSettings": {
							"type": "JsonWriteSettings"
						}
					},
					"enableStaging": false
				},
				"inputs": [
					{
						"referenceName": "DS_LF_LANDING_JSON",
						"type": "DatasetReference",
						"parameters": {
							"UserFolder": {
								"value": "@pipeline().parameters.UserFolder",
								"type": "Expression"
							}
						}
					}
				],
				"outputs": [
					{
						"referenceName": "DS_LF_LANDING_JSON",
						"type": "DatasetReference",
						"parameters": {
							"UserFolder": {
								"value": "@concat(pipeline().parameters.UserFolder,'/Merge')",
								"type": "Expression"
							}
						}
					}
				]
			},
			{
				"name": "ZIP_FILE",
				"type": "Copy",
				"dependsOn": [
					{
						"activity": "JSON_FILE_MOVE",
						"dependencyConditions": [
							"Succeeded"
						]
					}
				],
				"policy": {
					"timeout": "0.12:00:00",
					"retry": 0,
					"retryIntervalInSeconds": 30,
					"secureOutput": false,
					"secureInput": false
				},
				"userProperties": [],
				"typeProperties": {
					"source": {
						"type": "JsonSource",
						"storeSettings": {
							"type": "AzureBlobFSReadSettings",
							"recursive": false,
							"wildcardFolderPath": {
								"value": "@concat('Pre-Landing/',pipeline().parameters.UserFolder,'/Merge')",
								"type": "Expression"
							},
							"wildcardFileName": "*",
							"enablePartitionDiscovery": false
						},
						"formatSettings": {
							"type": "JsonReadSettings"
						}
					},
					"sink": {
						"type": "JsonSink",
						"storeSettings": {
							"type": "AzureBlobFSWriteSettings"
						},
						"formatSettings": {
							"type": "JsonWriteSettings"
						}
					},
					"enableStaging": false
				},
				"inputs": [
					{
						"referenceName": "DS_LF_LANDING_JSON",
						"type": "DatasetReference",
						"parameters": {
							"UserFolder": {
								"value": "@concat(pipeline().parameters.UserFolder,'/Merge')",
								"type": "Expression"
							}
						}
					}
				],
				"outputs": [
					{
						"referenceName": "DS_LF_LANDING_ZIP",
						"type": "DatasetReference",
						"parameters": {
							"UserFolder": {
								"value": "@pipeline().parameters.UserFolder",
								"type": "Expression"
							}
						}
					}
				]
			},
			{
				"name": "Large File Processing Success Audit Log",
				"type": "ExecutePipeline",
				"dependsOn": [
					{
						"activity": "ZIP_FILE",
						"dependencyConditions": [
							"Succeeded"
						]
					}
				],
				"userProperties": [],
				"typeProperties": {
					"pipeline": {
						"referenceName": "PL_SS_AUDIT_LOG",
						"type": "PipelineReference"
					},
					"waitOnCompletion": true,
					"parameters": {
						"FileName": {
							"value": "@pipeline().parameters.UserFolder",
							"type": "Expression"
						},
						"Status": "Files Zipped successfully",
						"PipelineRunID": {
							"value": "@pipeline().RunId",
							"type": "Expression"
						},
						"Stage": "Pre-Landing"
					}
				}
			},
			{
				"name": "Delete_Source_Folder",
				"type": "Delete",
				"dependsOn": [
					{
						"activity": "Large File Processing Success Audit Log",
						"dependencyConditions": [
							"Succeeded"
						]
					}
				],
				"policy": {
					"timeout": "0.12:00:00",
					"retry": 0,
					"retryIntervalInSeconds": 30,
					"secureOutput": false,
					"secureInput": false
				},
				"userProperties": [],
				"typeProperties": {
					"dataset": {
						"referenceName": "DS_LF_LANDING_SOURCE",
						"type": "DatasetReference",
						"parameters": {
							"UserFolder": {
								"value": "@pipeline().parameters.UserFolder",
								"type": "Expression"
							}
						}
					},
					"enableLogging": false,
					"storeSettings": {
						"type": "AzureBlobFSReadSettings",
						"recursive": true,
						"enablePartitionDiscovery": false
					}
				}
			}
		],
		"parameters": {
			"UserFolder": {
				"type": "string"
			}
		},
		"folder": {
			"name": "SELF_SERVE"
		},
		"annotations": []
	}
}