{
	"name": "PL_SS_EMAIL_ALERT",
	"properties": {
		"activities": [
			{
				"name": "Email Alert Notebook",
				"type": "DatabricksNotebook",
				"dependsOn": [],
				"policy": {
					"timeout": "7.00:00:00",
					"retry": 0,
					"retryIntervalInSeconds": 30,
					"secureOutput": false,
					"secureInput": false
				},
				"userProperties": [],
				"typeProperties": {
					"notebookPath": "/SelfServe/Common-Setup/SS_EMAIL_ALERT",
					"baseParameters": {
						"Status": {
							"value": "@pipeline().parameters.Status",
							"type": "Expression"
						},
						"ErrorDetails": {
							"value": "@pipeline().parameters.ErrorDetails",
							"type": "Expression"
						},
						"FileName": {
							"value": "@pipeline().parameters.FileName",
							"type": "Expression"
						},
						"PipelineName": {
							"value": "@pipeline().parameters.PipelineName",
							"type": "Expression"
						},
						"SubjectLine": {
							"value": "@pipeline().parameters.SubjectLine",
							"type": "Expression"
						},
						"StorageAccountName": {
							"value": "@pipeline().parameters.StorageAccountName",
							"type": "Expression"
						}
					}
				},
				"linkedServiceName": {
					"referenceName": "AzureDatabricks_SS_LS",
					"type": "LinkedServiceReference",
					"parameters": {
						"init_path": "dbfs:/FileStore/apps/init/self_serve_etl.sh"
					}
				}
			}
		],
		"parameters": {
			"Status": {
				"type": "string"
			},
			"ErrorDetails": {
				"type": "string"
			},
			"FileName": {
				"type": "string"
			},
			"PipelineName": {
				"type": "string"
			},
			"SubjectLine": {
				"type": "string"
			},
			"StorageAccountName": {
				"type": "string"
			}
		},
		"folder": {
			"name": "SELF_SERVE"
		},
		"annotations": [],
		"lastPublishTime": "2022-08-12T05:46:03Z"
	},
	"type": "Microsoft.DataFactory/factories/pipelines"
}