{
	"name": "PL_SS_DATA_DS_ADLS_LANDING_TO_DS_ADLS_DISCOVERY",
	"properties": {
		"activities": [
			{
				"name": "Unzip the Source files",
				"type": "Copy",
				"dependsOn": [],
				"policy": {
					"timeout": "7.00:00:00",
					"retry": 0,
					"retryIntervalInSeconds": 30,
					"secureOutput": false,
					"secureInput": false
				},
				"userProperties": [],
				"typeProperties": {
					"source": {
						"type": "BinarySource",
						"storeSettings": {
							"type": "AzureBlobFSReadSettings",
							"recursive": true
						},
						"formatSettings": {
							"type": "BinaryReadSettings",
							"compressionProperties": {
								"type": "ZipDeflateReadSettings",
								"preserveZipFileNameAsFolder": false
							}
						}
					},
					"sink": {
						"type": "BinarySink",
						"storeSettings": {
							"type": "AzureBlobFSWriteSettings"
						}
					},
					"enableStaging": false
				},
				"inputs": [
					{
						"referenceName": "DS_ADLS_LANDING_SOURCE",
						"type": "DatasetReference",
						"parameters": {
							"FileName": {
								"value": "@pipeline().parameters.fname",
								"type": "Expression"
							}
						}
					}
				],
				"outputs": [
					{
						"referenceName": "DS_ADLS_LANDING_SINK",
						"type": "DatasetReference",
						"parameters": {
							"FolderName": {
								"value": "@pipeline().parameters.fname",
								"type": "Expression"
							}
						}
					}
				]
			},
			{
				"name": "Execute Audit Logging Success",
				"type": "ExecutePipeline",
				"dependsOn": [
					{
						"activity": "Unzip the Source files",
						"dependencyConditions": [
							"Succeeded"
						]
					}
				],
				"userProperties": [],
				"typeProperties": {
					"pipeline": {
						"referenceName": "PL_SS_AUDIT_LOG",
						"type": "PipelineReference"
					},
					"waitOnCompletion": true,
					"parameters": {
						"FileName": {
							"value": "@replace(pipeline().parameters.fname,'.zip','')",
							"type": "Expression"
						},
						"Status": "File Unzipping Successful",
						"PipelineRunID": {
							"value": "@pipeline().RunId",
							"type": "Expression"
						},
						"Stage": "Landing"
					}
				}
			},
			{
				"name": "Execute Audit Logging Failure",
				"type": "ExecutePipeline",
				"dependsOn": [
					{
						"activity": "Unzip the Source files",
						"dependencyConditions": [
							"Failed"
						]
					}
				],
				"userProperties": [],
				"typeProperties": {
					"pipeline": {
						"referenceName": "PL_SS_AUDIT_LOG",
						"type": "PipelineReference"
					},
					"waitOnCompletion": true,
					"parameters": {
						"FileName": {
							"value": "@replace(pipeline().parameters.fname,'.zip','')",
							"type": "Expression"
						},
						"Status": {
							"value": "@concat('File Unzipping Failed : ',activity('Unzip the Source files').Error.Message)",
							"type": "Expression"
						},
						"PipelineRunID": {
							"value": "@pipeline().RunId",
							"type": "Expression"
						},
						"Stage": "Landing"
					}
				}
			},
			{
				"name": "Move the zipped files to Archive",
				"type": "Copy",
				"dependsOn": [
					{
						"activity": "Unzip the Source files",
						"dependencyConditions": [
							"Succeeded",
							"Failed"
						]
					}
				],
				"policy": {
					"timeout": "7.00:00:00",
					"retry": 0,
					"retryIntervalInSeconds": 30,
					"secureOutput": false,
					"secureInput": false
				},
				"userProperties": [],
				"typeProperties": {
					"source": {
						"type": "BinarySource",
						"storeSettings": {
							"type": "AzureBlobFSReadSettings",
							"recursive": true,
							"deleteFilesAfterCompletion": true
						},
						"formatSettings": {
							"type": "BinaryReadSettings"
						}
					},
					"sink": {
						"type": "BinarySink",
						"storeSettings": {
							"type": "AzureBlobFSWriteSettings"
						}
					},
					"enableStaging": false
				},
				"inputs": [
					{
						"referenceName": "DS_ADLS_LANDING_ARCHIVE_SOURCE",
						"type": "DatasetReference",
						"parameters": {
							"FileName": {
								"value": "@pipeline().parameters.fname",
								"type": "Expression"
							}
						}
					}
				],
				"outputs": [
					{
						"referenceName": "DS_ADLS_LANDING_ARCHIVE_SINK",
						"type": "DatasetReference"
					}
				]
			},
			{
				"name": "PL_SS_EMAIL_ALERT_Failure",
				"type": "ExecutePipeline",
				"dependsOn": [
					{
						"activity": "Execute Audit Logging Failure",
						"dependencyConditions": [
							"Succeeded"
						]
					}
				],
				"userProperties": [],
				"typeProperties": {
					"pipeline": {
						"referenceName": "PL_SS_EMAIL_ALERT",
						"type": "PipelineReference"
					},
					"waitOnCompletion": true,
					"parameters": {
						"Status": "Fail",
						"ErrorDetails": {
							"value": "@activity('Unzip the Source files').Error.Message",
							"type": "Expression"
						},
						"FileName": {
							"value": "@replace(pipeline().parameters.fname,'.zip','')",
							"type": "Expression"
						},
						"PipelineName": "Unzipping Source Files",
						"SubjectLine": "Unzipping Source Files Failed",
						"StorageAccountName": {
							"value": "@pipeline().parameters.SourceStorageAccountName",
							"type": "Expression"
						}
					}
				}
			},
			{
				"name": "Set the FolderPath for Unzipped files",
				"type": "SetVariable",
				"dependsOn": [
					{
						"activity": "Unzip the Source files",
						"dependencyConditions": [
							"Succeeded"
						]
					}
				],
				"userProperties": [],
				"typeProperties": {
					"variableName": "OutputFolderPath",
					"value": {
						"value": "@concat('/Landing/UnzippedFile/',replace(pipeline().parameters.fname,'.zip',''))",
						"type": "Expression"
					}
				}
			},
			{
				"name": "PL_SS_CREATE_TABLES",
				"type": "ExecutePipeline",
				"dependsOn": [
					{
						"activity": "Set Path for Wrangle Encyption Output",
						"dependencyConditions": [
							"Succeeded"
						]
					}
				],
				"userProperties": [],
				"typeProperties": {
					"pipeline": {
						"referenceName": "PL_SS_CREATE_TABLES",
						"type": "PipelineReference"
					},
					"waitOnCompletion": true,
					"parameters": {
						"OutputFolderPath": {
							"value": "@variables('VoltageOutputPath')",
							"type": "Expression"
						},
						"PipelineRunID": {
							"value": "@pipeline().RunId",
							"type": "Expression"
						},
						"ContainerName": {
							"value": "@pipeline().parameters.ContainerName",
							"type": "Expression"
						},
						"SourceStorageAccountName": {
							"value": "@pipeline().parameters.SourceStorageAccountName",
							"type": "Expression"
						},
						"TargetStorageAccountName": {
							"value": "@pipeline().parameters.TargetStorageAccountName",
							"type": "Expression"
						}
					}
				}
			},
			{
				"name": "PL_SS_EMAIL_ALERT_Table_Creation_Success",
				"type": "ExecutePipeline",
				"dependsOn": [
					{
						"activity": "PL_SS_CREATE_TABLES",
						"dependencyConditions": [
							"Succeeded"
						]
					}
				],
				"userProperties": [],
				"typeProperties": {
					"pipeline": {
						"referenceName": "PL_SS_EMAIL_ALERT",
						"type": "PipelineReference"
					},
					"waitOnCompletion": true,
					"parameters": {
						"Status": {
							"value": "@pipeline().parameters.Success",
							"type": "Expression"
						},
						"ErrorDetails": "Table has been successfully created. ",
						"FileName": {
							"value": "@replace(pipeline().parameters.fname,'.zip','')",
							"type": "Expression"
						},
						"PipelineName": "Table Creation",
						"SubjectLine": "Table Creation Successful",
						"StorageAccountName": {
							"value": "@pipeline().parameters.SourceStorageAccountName",
							"type": "Expression"
						}
					}
				}
			},
			{
				"name": "PL_SS_EMAIL_ALERT_Table_Creation_Failed",
				"type": "ExecutePipeline",
				"dependsOn": [
					{
						"activity": "PL_SS_CREATE_TABLES",
						"dependencyConditions": [
							"Failed"
						]
					}
				],
				"userProperties": [],
				"typeProperties": {
					"pipeline": {
						"referenceName": "PL_SS_EMAIL_ALERT",
						"type": "PipelineReference"
					},
					"waitOnCompletion": true,
					"parameters": {
						"Status": "Fail",
						"ErrorDetails": {
							"value": "@activity('PL_SS_CREATE_TABLES').Error.Message",
							"type": "Expression"
						},
						"FileName": {
							"value": "@replace(pipeline().parameters.fname,'.zip','')",
							"type": "Expression"
						},
						"PipelineName": "Table Creation",
						"SubjectLine": "Table Creation Failed",
						"StorageAccountName": {
							"value": "@pipeline().parameters.SourceStorageAccountName",
							"type": "Expression"
						}
					}
				}
			},
			{
				"name": "PL_SS_WRANGLE_LAYER",
				"type": "ExecutePipeline",
				"dependsOn": [
					{
						"activity": "Set the FolderPath for Unzipped files",
						"dependencyConditions": [
							"Succeeded"
						]
					}
				],
				"userProperties": [],
				"typeProperties": {
					"pipeline": {
						"referenceName": "PL_SS_WRANGLE_LAYER",
						"type": "PipelineReference"
					},
					"waitOnCompletion": true,
					"parameters": {
						"OutputFolderPath": {
							"value": "@variables('OutputFolderPath')",
							"type": "Expression"
						},
						"PipelineRunId": {
							"value": "@pipeline().RunId",
							"type": "Expression"
						},
						"FileName": {
							"value": "@replace(pipeline().parameters.fname,'.zip','')",
							"type": "Expression"
						},
						"ContainerName": {
							"value": "@pipeline().parameters.ContainerName",
							"type": "Expression"
						},
						"SourceStorageAccountName": {
							"value": "@pipeline().parameters.SourceStorageAccountName",
							"type": "Expression"
						}
					}
				}
			},
			{
				"name": "Move the unstandardized files to Archive",
				"type": "Copy",
				"dependsOn": [
					{
						"activity": "PL_SS_EMAIL_ALERT_Table_Creation_Failed",
						"dependencyConditions": [
							"Succeeded",
							"Failed"
						]
					},
					{
						"activity": "PL_SS_EMAIL_ALERT_Table_Creation_Success",
						"dependencyConditions": [
							"Succeeded",
							"Failed"
						]
					}
				],
				"policy": {
					"timeout": "0.12:00:00",
					"retry": 0,
					"retryIntervalInSeconds": 30,
					"secureOutput": false,
					"secureInput": false
				},
				"userProperties": [],
				"typeProperties": {
					"source": {
						"type": "BinarySource",
						"storeSettings": {
							"type": "AzureBlobFSReadSettings",
							"recursive": true,
							"deleteFilesAfterCompletion": true
						},
						"formatSettings": {
							"type": "BinaryReadSettings"
						}
					},
					"sink": {
						"type": "BinarySink",
						"storeSettings": {
							"type": "AzureBlobFSWriteSettings"
						}
					},
					"enableStaging": false
				},
				"inputs": [
					{
						"referenceName": "DS_ADLS_WRANGLE_SOURCE",
						"type": "DatasetReference",
						"parameters": {
							"FolderName": {
								"value": "@replace(pipeline().parameters.fname,'.zip','')",
								"type": "Expression"
							}
						}
					}
				],
				"outputs": [
					{
						"referenceName": "DS_ADLS_WRANGLE_ARCHIVE_SINK",
						"type": "DatasetReference",
						"parameters": {
							"FolderName": {
								"value": "@replace(pipeline().parameters.fname,'.zip','')",
								"type": "Expression"
							}
						}
					}
				]
			},
			{
				"name": "Delete empty unstandardized folder",
				"type": "Delete",
				"dependsOn": [
					{
						"activity": "Move the unstandardized files to Archive",
						"dependencyConditions": [
							"Succeeded"
						]
					}
				],
				"policy": {
					"timeout": "0.12:00:00",
					"retry": 0,
					"retryIntervalInSeconds": 30,
					"secureOutput": false,
					"secureInput": false
				},
				"userProperties": [],
				"typeProperties": {
					"dataset": {
						"referenceName": "DS_ADLS_WRANGLE_SOURCE",
						"type": "DatasetReference",
						"parameters": {
							"FolderName": {
								"value": "@replace(pipeline().parameters.fname,'.zip','')",
								"type": "Expression"
							}
						}
					},
					"enableLogging": false,
					"storeSettings": {
						"type": "AzureBlobFSReadSettings",
						"recursive": true,
						"enablePartitionDiscovery": false
					}
				}
			},
			{
				"name": "Set Path for Wrangle Encyption Output",
				"type": "SetVariable",
				"dependsOn": [
					{
						"activity": "PL_SS_Voltage_Encryption",
						"dependencyConditions": [
							"Succeeded"
						]
					}
				],
				"userProperties": [],
				"typeProperties": {
					"variableName": "VoltageOutputPath",
					"value": {
						"value": "@concat('Wrangle/Encryption/Output/',replace(replace(replace(replace(replace(replace(replace(replace(replace(replace(replace(replace(replace(replace(replace(replace(replace(replace(replace(replace(replace(replace(replace(replace(replace(replace(replace(replace(replace(replace(replace(pipeline().parameters.fname,'.zip',''),'!',''),'@',''),'#',''),'$',''),'%',''),'^',''),'&',''),'*',''),'(',''),')',''),'=',''),'+',''),'[',''),']',''),'{',''),'}',''),'\\',''),'|',''),';',''),':',''),'\"',''),',',''),'<',''),'>',''),'.',''),'/',''),'?',''),'`',''),'~',''),' ',''))",
						"type": "Expression"
					}
				}
			},
			{
				"name": "Execute unzip failure table summarry",
				"type": "ExecutePipeline",
				"dependsOn": [
					{
						"activity": "Unzip the Source files",
						"dependencyConditions": [
							"Failed"
						]
					}
				],
				"userProperties": [],
				"typeProperties": {
					"pipeline": {
						"referenceName": "PL_SS_TABLE_SUMMARY",
						"type": "PipelineReference"
					},
					"waitOnCompletion": true,
					"parameters": {
						"RawLocation": {
							"value": "@replace(pipeline().parameters.fname,'.zip','')",
							"type": "Expression"
						},
						"Status": "Unzip Activity Failed",
						"PipelineRunId": {
							"value": "@pipeline().RunId",
							"type": "Expression"
						},
						"Task": "Upload"
					}
				}
			},
			{
				"name": "Execute table creation failure table summary",
				"type": "ExecutePipeline",
				"dependsOn": [
					{
						"activity": "PL_SS_CREATE_TABLES",
						"dependencyConditions": [
							"Failed"
						]
					}
				],
				"userProperties": [],
				"typeProperties": {
					"pipeline": {
						"referenceName": "PL_SS_TABLE_SUMMARY",
						"type": "PipelineReference"
					},
					"waitOnCompletion": true,
					"parameters": {
						"RawLocation": {
							"value": "@replace(pipeline().parameters.fname,'.zip','')",
							"type": "Expression"
						},
						"Status": "Table Creation Failed",
						"PipelineRunId": {
							"value": "@pipeline().RunId",
							"type": "Expression"
						},
						"Task": "Upload"
					}
				}
			},
			{
				"name": "Execute Audit Logging Failure_Table_Creation",
				"type": "ExecutePipeline",
				"dependsOn": [
					{
						"activity": "PL_SS_CREATE_TABLES",
						"dependencyConditions": [
							"Failed"
						]
					}
				],
				"userProperties": [],
				"typeProperties": {
					"pipeline": {
						"referenceName": "PL_SS_AUDIT_LOG",
						"type": "PipelineReference"
					},
					"waitOnCompletion": true,
					"parameters": {
						"FileName": {
							"value": "@replace(pipeline().parameters.fname,'.zip','')",
							"type": "Expression"
						},
						"Status": {
							"value": "@concat('Table Creation has Failed : ',activity('PL_SS_CREATE_TABLES').Error.Message)",
							"type": "Expression"
						},
						"PipelineRunID": {
							"value": "@pipeline().RunId",
							"type": "Expression"
						},
						"Stage": "Discovery"
					}
				}
			},
			{
				"name": "PL_SS_Voltage_Encryption",
				"type": "ExecutePipeline",
				"dependsOn": [
					{
						"activity": "Set Path for Wrangle voltage_Input",
						"dependencyConditions": [
							"Succeeded"
						]
					}
				],
				"userProperties": [],
				"typeProperties": {
					"pipeline": {
						"referenceName": "PL_SS_Voltage_Encryption",
						"type": "PipelineReference"
					},
					"waitOnCompletion": true,
					"parameters": {
						"VoltageInputPath": {
							"value": "@variables('VoltageInputPath')",
							"type": "Expression"
						},
						"PipelineRunId": {
							"value": "@pipeline().RunId",
							"type": "Expression"
						},
						"ContainerName": {
							"value": "@pipeline().parameters.ContainerName",
							"type": "Expression"
						},
						"SourceStorageAccountName": {
							"value": "@pipeline().parameters.SourceStorageAccountName",
							"type": "Expression"
						},
						"FileName": {
							"value": "@replace(pipeline().parameters.fname,'.zip','')",
							"type": "Expression"
						},
						"VoltageAPIurl": {
							"value": "@pipeline().parameters.VoltageAPIurl",
							"type": "Expression"
						}
					}
				}
			},
			{
				"name": "Set Path for Wrangle voltage_Input",
				"type": "SetVariable",
				"dependsOn": [
					{
						"activity": "PL_SS_WRANGLE_LAYER",
						"dependencyConditions": [
							"Succeeded"
						]
					}
				],
				"userProperties": [],
				"typeProperties": {
					"variableName": "VoltageInputPath",
					"value": {
						"value": "@concat('Wrangle/Encryption/Input/',replace(replace(replace(replace(replace(replace(replace(replace(replace(replace(replace(replace(replace(replace(replace(replace(replace(replace(replace(replace(replace(replace(replace(replace(replace(replace(replace(replace(replace(replace(replace(pipeline().parameters.fname,'.zip',''),'!',''),'@',''),'#',''),'$',''),'%',''),'^',''),'&',''),'*',''),'(',''),')',''),'=',''),'+',''),'[',''),']',''),'{',''),'}',''),'\\',''),'|',''),';',''),':',''),'\"',''),',',''),'<',''),'>',''),'.',''),'/',''),'?',''),'`',''),'~',''),' ',''))",
						"type": "Expression"
					}
				}
			}
		],
		"parameters": {
			"fname": {
				"type": "string"
			},
			"Success": {
				"type": "string"
			},
			"ContainerName": {
				"type": "string"
			},
			"SourceStorageAccountName": {
				"type": "string"
			},
			"VoltageAPIurl": {
				"type": "string"
			},
			"TargetStorageAccountName": {
				"type": "string"
			}
		},
		"variables": {
			"OutputFolderPath": {
				"type": "String"
			},
			"testname": {
				"type": "String"
			},
			"VoltageOutputPath": {
				"type": "String"
			},
			"ContainerName": {
				"type": "String"
			},
			"VoltageInputPath": {
				"type": "String"
			}
		},
		"folder": {
			"name": "SELF_SERVE"
		},
		"annotations": [],
		"lastPublishTime": "2022-08-12T05:46:05Z"
	},
	"type": "Microsoft.DataFactory/factories/pipelines"
}