{
	"name": "PL_SS_Voltage_Encryption",
	"properties": {
		"activities": [
			{
				"name": "Voltage_Encryption",
				"type": "DatabricksNotebook",
				"dependsOn": [],
				"policy": {
					"timeout": "0.12:00:00",
					"retry": 0,
					"retryIntervalInSeconds": 30,
					"secureOutput": false,
					"secureInput": false
				},
				"userProperties": [],
				"typeProperties": {
					"notebookPath": "/SelfServe/Encryption/SS_Voltage_API",
					"baseParameters": {
						"RawLocation": {
							"value": "@pipeline().parameters.VoltageInputPath",
							"type": "Expression"
						},
						"PipelineRunId": {
							"value": "@pipeline().parameters.PipelineRunId",
							"type": "Expression"
						},
						"ContainerName": {
							"value": "@pipeline().parameters.ContainerName",
							"type": "Expression"
						},
						"StorageAccountName": {
							"value": "@pipeline().parameters.SourceStorageAccountName",
							"type": "Expression"
						},
						"VoltageAPIurl": {
							"value": "@pipeline().parameters.VoltageAPIurl",
							"type": "Expression"
						}
					}
				},
				"linkedServiceName": {
					"referenceName": "AzureDatabricks_SS_LS",
					"type": "LinkedServiceReference"
				}
			},
			{
				"name": "Execute Audit Logging Failure",
				"type": "ExecutePipeline",
				"dependsOn": [
					{
						"activity": "Voltage_Encryption",
						"dependencyConditions": [
							"Failed"
						]
					}
				],
				"userProperties": [],
				"typeProperties": {
					"pipeline": {
						"referenceName": "PL_SS_AUDIT_LOG",
						"type": "PipelineReference"
					},
					"waitOnCompletion": true,
					"parameters": {
						"FileName": {
							"value": "@pipeline().parameters.FileName",
							"type": "Expression"
						},
						"Status": {
							"value": "@concat('Voltage Encryption Failed : ',activity('Voltage_Encryption').Error.Message)",
							"type": "Expression"
						},
						"PipelineRunID": {
							"value": "@pipeline().parameters.PipelineRunId",
							"type": "Expression"
						},
						"Stage": "Encryption"
					}
				}
			},
			{
				"name": "PL_SS_EMAIL_ALERT_Failure",
				"type": "ExecutePipeline",
				"dependsOn": [
					{
						"activity": "Execute table creation failure table summary",
						"dependencyConditions": [
							"Succeeded"
						]
					}
				],
				"userProperties": [],
				"typeProperties": {
					"pipeline": {
						"referenceName": "PL_SS_EMAIL_ALERT",
						"type": "PipelineReference"
					},
					"waitOnCompletion": true,
					"parameters": {
						"Status": "Fail",
						"ErrorDetails": {
							"value": "@activity('Voltage_Encryption').Error.Message",
							"type": "Expression"
						},
						"FileName": {
							"value": "@pipeline().parameters.FileName",
							"type": "Expression"
						},
						"PipelineName": "PL_SS_Voltage_Encryption",
						"SubjectLine": "Voltage_Encryption Activity Failed",
						"StorageAccountName": {
							"value": "@pipeline().parameters.SourceStorageAccountName",
							"type": "Expression"
						}
					}
				}
			},
			{
				"name": "Execute table creation failure table summary",
				"type": "ExecutePipeline",
				"dependsOn": [
					{
						"activity": "Execute Audit Logging Failure",
						"dependencyConditions": [
							"Succeeded"
						]
					}
				],
				"userProperties": [],
				"typeProperties": {
					"pipeline": {
						"referenceName": "PL_SS_TABLE_SUMMARY",
						"type": "PipelineReference"
					},
					"waitOnCompletion": true,
					"parameters": {
						"RawLocation": {
							"value": "@pipeline().parameters.FileName",
							"type": "Expression"
						},
						"Status": "Table Creation Failed",
						"PipelineRunId": {
							"value": "@pipeline().RunId",
							"type": "Expression"
						},
						"Task": "Upload"
					}
				}
			},
			{
				"name": "Fail Pipeline",
				"type": "Fail",
				"dependsOn": [
					{
						"activity": "PL_SS_EMAIL_ALERT_Failure",
						"dependencyConditions": [
							"Succeeded"
						]
					}
				],
				"userProperties": [],
				"typeProperties": {
					"message": {
						"value": "@activity('Voltage_Encryption').Error.Message",
						"type": "Expression"
					},
					"errorCode": "400"
				}
			}
		],
		"parameters": {
			"VoltageInputPath": {
				"type": "string"
			},
			"PipelineRunId": {
				"type": "string"
			},
			"ContainerName": {
				"type": "string"
			},
			"SourceStorageAccountName": {
				"type": "string"
			},
			"FileName": {
				"type": "string"
			},
			"VoltageAPIurl": {
				"type": "string"
			}
		},
		"folder": {
			"name": "SELF_SERVE"
		},
		"annotations": []
	}
}