{
	"name": "PL_SS_DOWNLOAD_VOLTAGE_DECRYPTION",
	"properties": {
		"activities": [
			{
				"name": "Execute Audit Logging Failure Voltage Decryption",
				"type": "ExecutePipeline",
				"dependsOn": [
					{
						"activity": "Voltage Decryption",
						"dependencyConditions": [
							"Failed"
						]
					}
				],
				"userProperties": [],
				"typeProperties": {
					"pipeline": {
						"referenceName": "PL_SS_AUDIT_LOG",
						"type": "PipelineReference"
					},
					"waitOnCompletion": true,
					"parameters": {
						"FileName": {
							"value": "@split(pipeline().parameters.SourcePath,'/')[3]",
							"type": "Expression"
						},
						"Status": {
							"value": "@concat('Voltage Decryption Failed : ',activity('Voltage Decryption').Error.Message)",
							"type": "Expression"
						},
						"PipelineRunID": {
							"value": "@pipeline().RunId",
							"type": "Expression"
						},
						"Stage": "Decryption"
					}
				}
			},
			{
				"name": "PL_SS_EMAIL_ALERT_Failure",
				"type": "ExecutePipeline",
				"dependsOn": [
					{
						"activity": "Execute table creation failure table summary",
						"dependencyConditions": [
							"Succeeded"
						]
					}
				],
				"userProperties": [],
				"typeProperties": {
					"pipeline": {
						"referenceName": "PL_SS_EMAIL_ALERT",
						"type": "PipelineReference"
					},
					"waitOnCompletion": true,
					"parameters": {
						"Status": "Fail",
						"ErrorDetails": {
							"value": "@activity('Voltage Decryption').Error.Message",
							"type": "Expression"
						},
						"FileName": {
							"value": "@split(pipeline().parameters.SourcePath,'/')[3]",
							"type": "Expression"
						},
						"PipelineName": "PL_SS_DOWNLOAD_VOLTAGE_DECRYPTION",
						"SubjectLine": "Voltage_Decryption Activity Failed",
						"StorageAccountName": {
							"value": "@pipeline().parameters.StorageAccountName",
							"type": "Expression"
						}
					}
				}
			},
			{
				"name": "Execute table creation failure table summary",
				"type": "ExecutePipeline",
				"dependsOn": [
					{
						"activity": "Execute Audit Logging Failure Voltage Decryption",
						"dependencyConditions": [
							"Succeeded"
						]
					}
				],
				"userProperties": [],
				"typeProperties": {
					"pipeline": {
						"referenceName": "PL_SS_TABLE_SUMMARY",
						"type": "PipelineReference"
					},
					"waitOnCompletion": true,
					"parameters": {
						"RawLocation": {
							"value": "@split(pipeline().parameters.SourcePath,'/')[3]",
							"type": "Expression"
						},
						"Status": "File Decryption Failed",
						"PipelineRunId": {
							"value": "@pipeline().RunId",
							"type": "Expression"
						},
						"Task": "Download"
					}
				}
			},
			{
				"name": "Voltage Decryption",
				"type": "DatabricksNotebook",
				"dependsOn": [
					{
						"activity": "Table Data Extraction",
						"dependencyConditions": [
							"Succeeded"
						]
					}
				],
				"policy": {
					"timeout": "0.12:00:00",
					"retry": 0,
					"retryIntervalInSeconds": 30,
					"secureOutput": false,
					"secureInput": false
				},
				"userProperties": [],
				"typeProperties": {
					"notebookPath": "/SelfServe/Download/SS_Voltage_Decryption",
					"baseParameters": {
						"PipelineRunId": {
							"value": "@pipeline().RunId",
							"type": "Expression"
						},
						"RawLocation": {
							"value": "@pipeline().parameters.SourcePath",
							"type": "Expression"
						},
						"StorageAccountName": {
							"value": "@pipeline().parameters.StorageAccountName",
							"type": "Expression"
						},
						"ContainerName": {
							"value": "@pipeline().parameters.ContainerName",
							"type": "Expression"
						},
						"VoltageAPIurl": {
							"value": "@pipeline().parameters.VoltageAPIurl",
							"type": "Expression"
						}
					}
				},
				"linkedServiceName": {
					"referenceName": "AzureDatabricks_SS_LS",
					"type": "LinkedServiceReference",
					"parameters": {
						"init_path": "dbfs:/FileStore/apps/init/self_serve_etl.sh"
					}
				}
			},
			{
				"name": "PL_SS_EMAIL_ALERT_File_Download_Success",
				"type": "ExecutePipeline",
				"dependsOn": [
					{
						"activity": "Voltage Decryption",
						"dependencyConditions": [
							"Succeeded"
						]
					}
				],
				"userProperties": [],
				"typeProperties": {
					"pipeline": {
						"referenceName": "PL_SS_EMAIL_ALERT",
						"type": "PipelineReference"
					},
					"waitOnCompletion": true,
					"parameters": {
						"Status": "Success",
						"ErrorDetails": "File download has completed from your chosen Discovery Area. You can download the file from the download link available at Activity History Page. \n\nPlease follow the steps to download the file from activity history page:\nLogin DMA App => Choose Activity History => click on Download.",
						"FileName": {
							"value": "@split(pipeline().parameters.SourcePath,'/')[3]",
							"type": "Expression"
						},
						"PipelineName": "PL_SS_DOWNLOAD_VOLTAGE_DECRYPTION",
						"SubjectLine": "File Download Successful",
						"StorageAccountName": {
							"value": "@pipeline().parameters.StorageAccountName",
							"type": "Expression"
						}
					}
				}
			},
			{
				"name": "Table Data Extraction",
				"type": "DatabricksNotebook",
				"dependsOn": [],
				"policy": {
					"timeout": "0.12:00:00",
					"retry": 0,
					"retryIntervalInSeconds": 30,
					"secureOutput": false,
					"secureInput": false
				},
				"userProperties": [],
				"typeProperties": {
					"notebookPath": "/SelfServe/Download/SS_Discovery_Download",
					"baseParameters": {
						"PipelineRunId": {
							"value": "@pipeline().RunId",
							"type": "Expression"
						},
						"StorageAccountName": {
							"value": "@pipeline().parameters.StorageAccountName",
							"type": "Expression"
						},
						"ContainerName": {
							"value": "@pipeline().parameters.ContainerName",
							"type": "Expression"
						},
						"SourcePath": {
							"value": "@pipeline().parameters.SourcePath",
							"type": "Expression"
						}
					},
					"libraries": [
						{
							"pypi": {
								"package": "azure-identity"
							}
						}
					]
				},
				"linkedServiceName": {
					"referenceName": "AzureDatabricks_SS_LS",
					"type": "LinkedServiceReference",
					"parameters": {
						"init_path": "dbfs:/FileStore/apps/init/self_serve_etl.sh"
					}
				}
			},
			{
				"name": "Execute Audit Logging Failure_Dta Extraction",
				"type": "ExecutePipeline",
				"dependsOn": [
					{
						"activity": "Table Data Extraction",
						"dependencyConditions": [
							"Failed"
						]
					}
				],
				"userProperties": [],
				"typeProperties": {
					"pipeline": {
						"referenceName": "PL_SS_AUDIT_LOG",
						"type": "PipelineReference"
					},
					"waitOnCompletion": true,
					"parameters": {
						"FileName": {
							"value": "@split(pipeline().parameters.SourcePath,'/')[3]",
							"type": "Expression"
						},
						"Status": {
							"value": "@concat('Download Failed : ',activity('Table Data Extraction').Error.Message)",
							"type": "Expression"
						},
						"PipelineRunID": {
							"value": "@pipeline().RunId",
							"type": "Expression"
						},
						"Stage": "Download"
					}
				}
			},
			{
				"name": "PL_SS_EMAIL_ALERT_Failure_Voltage_Decryption",
				"type": "ExecutePipeline",
				"dependsOn": [
					{
						"activity": "Execute table creation failure table summary_copy1",
						"dependencyConditions": [
							"Succeeded"
						]
					}
				],
				"userProperties": [],
				"typeProperties": {
					"pipeline": {
						"referenceName": "PL_SS_EMAIL_ALERT",
						"type": "PipelineReference"
					},
					"waitOnCompletion": true,
					"parameters": {
						"Status": "Fail",
						"ErrorDetails": {
							"value": "@activity('Table Data Extraction').Error.Message",
							"type": "Expression"
						},
						"FileName": {
							"value": "@split(pipeline().parameters.SourcePath,'/')[3]",
							"type": "Expression"
						},
						"PipelineName": "PL_SS_DOWNLOAD_VOLTAGE_DECRYPTION",
						"SubjectLine": "Voltage_Decryption Activity Failed",
						"StorageAccountName": {
							"value": "@pipeline().parameters.StorageAccountName",
							"type": "Expression"
						}
					}
				}
			},
			{
				"name": "Execute table creation failure table summary_copy1",
				"type": "ExecutePipeline",
				"dependsOn": [
					{
						"activity": "Execute Audit Logging Failure_Dta Extraction",
						"dependencyConditions": [
							"Succeeded"
						]
					}
				],
				"userProperties": [],
				"typeProperties": {
					"pipeline": {
						"referenceName": "PL_SS_TABLE_SUMMARY",
						"type": "PipelineReference"
					},
					"waitOnCompletion": true,
					"parameters": {
						"RawLocation": {
							"value": "@split(pipeline().parameters.SourcePath,'/')[3]",
							"type": "Expression"
						},
						"Status": "File Download Failed",
						"PipelineRunId": {
							"value": "@pipeline().RunId",
							"type": "Expression"
						},
						"Task": "Download"
					}
				}
			}
		],
		"parameters": {
			"StorageAccountName": {
				"type": "string",
				"defaultValue": "dapdevadlsselfserve01"
			},
			"ContainerName": {
				"type": "string",
				"defaultValue": "selfserve"
			},
			"SourcePath": {
				"type": "string"
			},
			"VoltageAPIurl": {
				"type": "string",
				"defaultValue": "https://dapdevpde-voltage-encrypt-decrypt-svc.azurewebsites.net/v0/encryption/fle/decrypt/12345"
			}
		},
		"folder": {
			"name": "SELF_SERVE"
		},
		"annotations": []
	}
}