{
	"name": "PL_SS_DATA_CLEANUP",
	"properties": {
		"activities": [
			{
				"name": "Get_Folder_List",
				"type": "GetMetadata",
				"dependsOn": [],
				"policy": {
					"timeout": "0.12:00:00",
					"retry": 0,
					"retryIntervalInSeconds": 30,
					"secureOutput": false,
					"secureInput": false
				},
				"userProperties": [],
				"typeProperties": {
					"dataset": {
						"referenceName": "DS_SS_DATA_CLEANUP_MAIN",
						"type": "DatasetReference",
						"parameters": {
							"MainFolder": {
								"value": "@pipeline().parameters.MainFolder",
								"type": "Expression"
							},
							"SubFolder": {
								"value": "@pipeline().parameters.SubFolder",
								"type": "Expression"
							},
							"Stage": {
								"value": "@pipeline().parameters.Stage",
								"type": "Expression"
							}
						}
					},
					"fieldList": [
						"childItems"
					],
					"storeSettings": {
						"type": "AzureBlobFSReadSettings",
						"recursive": true,
						"enablePartitionDiscovery": false
					},
					"formatSettings": {
						"type": "DelimitedTextReadSettings"
					}
				}
			},
			{
				"name": "Process_Each_Folder",
				"type": "ForEach",
				"dependsOn": [
					{
						"activity": "Get_Folder_List",
						"dependencyConditions": [
							"Succeeded"
						]
					}
				],
				"userProperties": [],
				"typeProperties": {
					"items": {
						"value": "@activity('Get_Folder_List').output.childItems",
						"type": "Expression"
					},
					"activities": [
						{
							"name": "Get_Last_Modified_Time",
							"type": "GetMetadata",
							"dependsOn": [],
							"policy": {
								"timeout": "0.12:00:00",
								"retry": 0,
								"retryIntervalInSeconds": 30,
								"secureOutput": false,
								"secureInput": false
							},
							"userProperties": [],
							"typeProperties": {
								"dataset": {
									"referenceName": "DS_SS_DATA_CLEANUP",
									"type": "DatasetReference",
									"parameters": {
										"SubFolder": {
											"value": "@pipeline().parameters.SubFolder",
											"type": "Expression"
										},
										"MainFolder": {
											"value": "@pipeline().parameters.MainFolder",
											"type": "Expression"
										},
										"ChildFolder": {
											"value": "@item().name",
											"type": "Expression"
										},
										"Stage": {
											"value": "@pipeline().parameters.Stage",
											"type": "Expression"
										}
									}
								},
								"fieldList": [
									"lastModified"
								],
								"storeSettings": {
									"type": "AzureBlobFSReadSettings",
									"recursive": true,
									"enablePartitionDiscovery": false
								},
								"formatSettings": {
									"type": "DelimitedTextReadSettings"
								}
							}
						},
						{
							"name": "Check_Retention_Days",
							"type": "IfCondition",
							"dependsOn": [
								{
									"activity": "Get_Last_Modified_Time",
									"dependencyConditions": [
										"Succeeded"
									]
								}
							],
							"userProperties": [],
							"typeProperties": {
								"expression": {
									"value": "@lessOrEquals(activity('Get_Last_Modified_Time').output.lastModified,addDays(utcnow(),int(pipeline().parameters.RetentionDays)))",
									"type": "Expression"
								},
								"ifTrueActivities": [
									{
										"name": "Delete_OldFiles",
										"type": "Delete",
										"dependsOn": [],
										"policy": {
											"timeout": "0.12:00:00",
											"retry": 0,
											"retryIntervalInSeconds": 30,
											"secureOutput": false,
											"secureInput": false
										},
										"userProperties": [],
										"typeProperties": {
											"dataset": {
												"referenceName": "DS_SS_DATA_CLEANUP",
												"type": "DatasetReference",
												"parameters": {
													"SubFolder": {
														"value": "@pipeline().parameters.SubFolder",
														"type": "Expression"
													},
													"MainFolder": {
														"value": "@pipeline().parameters.MainFolder",
														"type": "Expression"
													},
													"ChildFolder": {
														"value": "@item().name",
														"type": "Expression"
													},
													"Stage": {
														"value": "@pipeline().parameters.Stage",
														"type": "Expression"
													}
												}
											},
											"enableLogging": false,
											"storeSettings": {
												"type": "AzureBlobFSReadSettings",
												"recursive": true,
												"enablePartitionDiscovery": false
											}
										}
									}
								]
							}
						}
					]
				}
			}
		],
		"parameters": {
			"MainFolder": {
				"type": "string"
			},
			"SubFolder": {
				"type": "string"
			},
			"RetentionDays": {
				"type": "string"
			},
			"Stage": {
				"type": "string"
			}
		},
		"folder": {
			"name": "SELF_SERVE"
		},
		"annotations": []
	}
}