{
	"name": "PL_SS_WRANGLE_LAYER",
	"properties": {
		"activities": [
			{
				"name": "Data_Standardization",
				"type": "DatabricksNotebook",
				"dependsOn": [],
				"policy": {
					"timeout": "7.00:00:00",
					"retry": 0,
					"retryIntervalInSeconds": 30,
					"secureOutput": false,
					"secureInput": false
				},
				"userProperties": [],
				"typeProperties": {
					"notebookPath": "/SelfServe/Wrangle/SS_Wrangle_Layer",
					"baseParameters": {
						"RawLocation": {
							"value": "@pipeline().parameters.OutputFolderPath",
							"type": "Expression"
						},
						"PipelineRunId": {
							"value": "@pipeline().parameters.PipelineRunId",
							"type": "Expression"
						},
						"StorageAccountName": {
							"value": "@pipeline().parameters.SourceStorageAccountName",
							"type": "Expression"
						},
						"ContainerName": {
							"value": "@pipeline().parameters.ContainerName",
							"type": "Expression"
						}
					}
				},
				"linkedServiceName": {
					"referenceName": "AzureDatabricks_SS_LS",
					"type": "LinkedServiceReference"
				}
			},
			{
				"name": "Execute Audit Logging Failure",
				"type": "ExecutePipeline",
				"dependsOn": [
					{
						"activity": "Data_Standardization",
						"dependencyConditions": [
							"Failed"
						]
					}
				],
				"userProperties": [],
				"typeProperties": {
					"pipeline": {
						"referenceName": "PL_SS_AUDIT_LOG",
						"type": "PipelineReference"
					},
					"waitOnCompletion": true,
					"parameters": {
						"FileName": {
							"value": "@pipeline().parameters.FileName",
							"type": "Expression"
						},
						"Status": {
							"value": "@concat('Data Standardization Failed : ',activity('Data_Standardization').Error.Message)",
							"type": "Expression"
						},
						"PipelineRunID": {
							"value": "@pipeline().parameters.PipelineRunId",
							"type": "Expression"
						},
						"Stage": "Wrangle"
					}
				}
			},
			{
				"name": "PL_SS_EMAIL_ALERT_Failure",
				"type": "ExecutePipeline",
				"dependsOn": [
					{
						"activity": "Execute Audit Logging Failure",
						"dependencyConditions": [
							"Succeeded"
						]
					}
				],
				"userProperties": [],
				"typeProperties": {
					"pipeline": {
						"referenceName": "PL_SS_EMAIL_ALERT",
						"type": "PipelineReference"
					},
					"waitOnCompletion": true,
					"parameters": {
						"Status": "Fail",
						"ErrorDetails": {
							"value": "@activity('Data_Standardization').Error.Message",
							"type": "Expression"
						},
						"FileName": {
							"value": "@pipeline().parameters.FileName",
							"type": "Expression"
						},
						"PipelineName": "Data Standardization",
						"SubjectLine": "Data Standardization Activity Failed",
						"StorageAccountName": {
							"value": "@pipeline().parameters.SourceStorageAccountName",
							"type": "Expression"
						}
					}
				}
			},
			{
				"name": "Execute Audit Logging Success",
				"type": "ExecutePipeline",
				"dependsOn": [
					{
						"activity": "Data_Standardization",
						"dependencyConditions": [
							"Succeeded"
						]
					}
				],
				"userProperties": [],
				"typeProperties": {
					"pipeline": {
						"referenceName": "PL_SS_AUDIT_LOG",
						"type": "PipelineReference"
					},
					"waitOnCompletion": true,
					"parameters": {
						"FileName": {
							"value": "@pipeline().parameters.FileName",
							"type": "Expression"
						},
						"Status": {
							"value": "Data Standardization Completed",
							"type": "Expression"
						},
						"PipelineRunID": {
							"value": "@pipeline().parameters.PipelineRunId",
							"type": "Expression"
						},
						"Stage": "Wrangle"
					}
				}
			}
		],
		"parameters": {
			"OutputFolderPath": {
				"type": "string"
			},
			"PipelineRunId": {
				"type": "string"
			},
			"FileName": {
				"type": "string"
			},
			"ContainerName": {
				"type": "string"
			},
			"SourceStorageAccountName": {
				"type": "string"
			}
		},
		"variables": {
			"WrangleFolderPath2": {
				"type": "String"
			}
		},
		"folder": {
			"name": "SELF_SERVE"
		},
		"annotations": [],
		"lastPublishTime": "2022-08-12T05:46:03Z"
	},
	"type": "Microsoft.DataFactory/factories/pipelines"
}