{
	"name": "PL_SS_CREATE_TABLES",
	"properties": {
		"activities": [
			{
				"name": "Create the tables",
				"type": "DatabricksNotebook",
				"dependsOn": [],
				"policy": {
					"timeout": "7.00:00:00",
					"retry": 0,
					"retryIntervalInSeconds": 30,
					"secureOutput": false,
					"secureInput": false
				},
				"userProperties": [],
				"typeProperties": {
					"notebookPath": "/SelfServe/Discovery/SS_Discovery_Creation",
					"baseParameters": {
						"RawLocation": {
							"value": "@pipeline().parameters.OutputFolderPath",
							"type": "Expression"
						},
						"PipelineRunId": {
							"value": "@pipeline().parameters.PipelineRunID",
							"type": "Expression"
						},
						"ContainerName": {
							"value": "@pipeline().parameters.ContainerName",
							"type": "Expression"
						},
						"StorageAccountName": {
							"value": "@pipeline().parameters.SourceStorageAccountName",
							"type": "Expression"
						},
						"TargetStorageAccountName": {
							"value": "@pipeline().parameters.TargetStorageAccountName",
							"type": "Expression"
						}
					}
				},
				"linkedServiceName": {
					"referenceName": "AzureDatabricks_SS_LS",
					"type": "LinkedServiceReference"
				}
			}
		],
		"parameters": {
			"OutputFolderPath": {
				"type": "string"
			},
			"PipelineRunID": {
				"type": "string"
			},
			"ContainerName": {
				"type": "string"
			},
			"SourceStorageAccountName": {
				"type": "string"
			},
			"TargetStorageAccountName": {
				"type": "string"
			}
		},
		"folder": {
			"name": "SELF_SERVE"
		},
		"annotations": [],
		"lastPublishTime": "2022-08-12T05:46:03Z"
	},
	"type": "Microsoft.DataFactory/factories/pipelines"
}