{
	"name": "PL_SS_AUDIT_LOG",
	"properties": {
		"activities": [
			{
				"name": "Audit_Logging",
				"type": "DatabricksNotebook",
				"dependsOn": [],
				"policy": {
					"timeout": "7.00:00:00",
					"retry": 0,
					"retryIntervalInSeconds": 30,
					"secureOutput": false,
					"secureInput": false
				},
				"userProperties": [],
				"typeProperties": {
					"notebookPath": "/SelfServe/Common-Setup/SS_Pipeline_Audit_Logs",
					"baseParameters": {
						"RawLocation": {
							"value": "@pipeline().parameters.FileName",
							"type": "Expression"
						},
						"Status": {
							"value": "@pipeline().parameters.Status",
							"type": "Expression"
						},
						"PipelineRunId": {
							"value": "@pipeline().parameters.PipelineRunID",
							"type": "Expression"
						},
						"Stage": {
							"value": "@pipeline().parameters.Stage",
							"type": "Expression"
						}
					}
				},
				"linkedServiceName": {
					"referenceName": "AzureDatabricks_SS_LS",
					"type": "LinkedServiceReference"
				}
			}
		],
		"parameters": {
			"FileName": {
				"type": "string"
			},
			"Status": {
				"type": "string"
			},
			"PipelineRunID": {
				"type": "string"
			},
			"Stage": {
				"type": "string"
			}
		},
		"folder": {
			"name": "SELF_SERVE"
		},
		"annotations": [],
		"lastPublishTime": "2022-08-12T05:46:04Z"
	},
	"type": "Microsoft.DataFactory/factories/pipelines"
}