{
	"name": "PL_SS_SNOWFLAKE_USER_ACCESS",
	"properties": {
		"activities": [
			{
				"name": "SS_Snowflake_Discovery_User_Access",
				"type": "DatabricksNotebook",
				"dependsOn": [],
				"policy": {
					"timeout": "0.12:00:00",
					"retry": 0,
					"retryIntervalInSeconds": 30,
					"secureOutput": false,
					"secureInput": false
				},
				"userProperties": [],
				"typeProperties": {
					"notebookPath": "/SelfServe/Common-Setup/SS_Snowflake_User_Access",
					"baseParameters": {
						"ContainerName": {
							"value": "@pipeline().parameters.ContainerName",
							"type": "Expression"
						},
						"StorageAccountName": {
							"value": "@pipeline().parameters.StorageAccountName",
							"type": "Expression"
						},
						"DiscoveryDB": {
							"value": "@pipeline().parameters.DiscoveryDB",
							"type": "Expression"
						}
					}
				},
				"linkedServiceName": {
					"referenceName": "AzureDatabricks_SS_LS",
					"type": "LinkedServiceReference"
				}
			}
		],
		"parameters": {
			"ContainerName": {
				"type": "string"
			},
			"StorageAccountName": {
				"type": "string"
			},
			"DiscoveryDB": {
				"type": "string"
			}
		},
		"folder": {
			"name": "SELF_SERVE"
		},
		"annotations": []
	}
}