{
	"name": "PL_SS_TABLE_SUMMARY",
	"properties": {
		"activities": [
			{
				"name": "Table_Summary",
				"type": "DatabricksNotebook",
				"dependsOn": [],
				"policy": {
					"timeout": "0.12:00:00",
					"retry": 0,
					"retryIntervalInSeconds": 30,
					"secureOutput": false,
					"secureInput": false
				},
				"userProperties": [],
				"typeProperties": {
					"notebookPath": "/SelfServe/Common-Setup/SS_Pipeline_Table_Summary",
					"baseParameters": {
						"RawLocation": {
							"value": "@pipeline().parameters.RawLocation",
							"type": "Expression"
						},
						"Status": {
							"value": "@pipeline().parameters.Status",
							"type": "Expression"
						},
						"PipelineRunId": {
							"value": "@pipeline().parameters.PipelineRunId",
							"type": "Expression"
						},
						"Task": {
							"value": "@pipeline().parameters.Task",
							"type": "Expression"
						}
					}
				},
				"linkedServiceName": {
					"referenceName": "AzureDatabricks_SS_LS",
					"type": "LinkedServiceReference"
				}
			}
		],
		"parameters": {
			"RawLocation": {
				"type": "string"
			},
			"Status": {
				"type": "string"
			},
			"PipelineRunId": {
				"type": "string"
			},
			"Task": {
				"type": "string"
			}
		},
		"folder": {
			"name": "SELF_SERVE"
		},
		"annotations": []
	}
}