{
	"project_name": "BUKOPMS",
	"config_type": "etl",
	"description": "",
	"data_source": [],
	"report_path": "/mnt/idf-reports/BTUKOPTIT/BUKOPMS/BTCOPT_PRACTICE_ORGANIZATION_INFO_BUKOPMS_Incr/Incremental/CurateADLS/",
	"cards": [
		{
			"card_id": "card_0",
			"card_dependencies": [],
			"label": "Read_Delta 0",
			"card_type": "read_delta",
			"description": "reading standard location",
			"data_path": "/mnt/idf-curatestandard/BTUKOPTIT/BUKOPMS/BTCOPT_PRACTICE_ORGANIZATION_INFO_BUKOPMS_Incr/Incremental",
			"output_table": "adOrg1"
		},
		{
			"card_id": "card_1",
			"card_dependencies": [
				"card_0"
			],
			"label": "Apply_Filter 1",
			"card_type": "apply_filter",
			"description": "filtering records with RunDateTime",
			"input_table": "adOrg1",
			"output_table": "adOrg2",
			"filter": [],
			"unmatch_data": false
		},
		{
			"card_id": "card_73",
			"card_dependencies": [],
			"label": "Read_Delta 13",
			"card_type": "read_delta",
			"description": "reading standard backup location",
			"data_path": "/mnt/idf-curatestandard/BTUKOPTIT/BUKOPMS/BTCOPT_PRACTICE_ORGANIZATION_INFO_BUKOPMS_Incr/BackUp",
			"output_table": "adOrg21"
		},
		{
			"card_id": "card_72",
			"card_dependencies": [
				"card_73",
				"card_1"
			],
			"label": "Read_Table 12",
			"card_type": "read_table",
			"description": "Union with backup table",
			"query": "select * from adOrg2 union select * from adOrg21",
			"temp_table_name": "adOrg72",
			"partition_column_list": ""
		},
		{
			"card_id": "card_100",
			"card_dependencies": [
				"card_72"
			],
			"label": "Read_Table 100",
			"card_type": "read_table",
			"description": "Making null void null",
			"query": "select nullif(CurateStandardRowKey,'null') as CurateStandardRowKey,nullif(AD_ORG_ID,'null') as  AD_ORG_ID,nullif(AD_CLIENT_ID,'null') as AD_CLIENT_ID,nullif(ISACTIVE,'null') as ISACTIVE,nullif(CREATED,'null') as CREATED,nullif(CREATEDBY,'null') as CREATEDBY,nullif(UPDATED,'null') as UPDATED,nullif(UPDATEDBY,'null') as UPDATEDBY,nullif(VALUE,'null') as VALUE,nullif(NAME,'null') as NAME,nullif(DESCRIPTION,'null') as DESCRIPTION,nullif(ISSUMMARY,'null') as ISSUMMARY,nullif(AD_ORGTYPE_ID,'null') as AD_ORGTYPE_ID,nullif(ISPERIODCONTROLALLOWED,'null') as ISPERIODCONTROLALLOWED,nullif(C_CALENDAR_ID,'null') as C_CALENDAR_ID,nullif(ISREADY,'null') as ISREADY,nullif(SOCIAL_NAME,'null') as SOCIAL_NAME,nullif(C_CURRENCY_ID,'null') as C_CURRENCY_ID,nullif(C_ACCTSCHEMA_ID,'null') as C_ACCTSCHEMA_ID,nullif(EM_HORCUS_ORGHIERARCHY,'null') as EM_HORCUS_ORGHIERARCHY,nullif(EM_HORCUS_SYNCHRNZD_WTH_PMS,'null') as EM_HORCUS_SYNCHRNZD_WTH_PMS,nullif(EM_HORCUS_AD_SEQUENCE_ID,'null') as EM_HORCUS_AD_SEQUENCE_ID,nullif(EM_HORCUS_CMPLTD_FLDS,'null') as EM_HORCUS_CMPLTD_FLDS,nullif(EM_OBMPR_DEFBP,'null') as EM_OBMPR_DEFBP,nullif(EM_OBMPR_ENABLEWEIGHT,'null') as EM_OBMPR_ENABLEWEIGHT,nullif(EM_OBMPR_BLOCKUNDERWEIGHT,'null') as EM_OBMPR_BLOCKUNDERWEIGHT,nullif(EM_OBMPR_BLOCKOVERWEIGHT,'null') as EM_OBMPR_BLOCKOVERWEIGHT,nullif(EM_OBMPR_MINWEIGHT,'null') as EM_OBMPR_MINWEIGHT,nullif(EM_OBMPR_MAXWEIGHT,'null') as EM_OBMPR_MAXWEIGHT,nullif(EM_OBRETCO_RETAILORGTYPE,'null') as EM_OBRETCO_RETAILORGTYPE,nullif(EM_OBRETCO_PRICELIST_ID,'null') as EM_OBRETCO_PRICELIST_ID,nullif(EM_OBRETCO_PRODUCTLIST_ID,'null') as EM_OBRETCO_PRODUCTLIST_ID,nullif(EM_OBRETCO_C_BPARTNER_ID,'null') as EM_OBRETCO_C_BPARTNER_ID,nullif(EM_OBRETCO_C_BP_LOCATION_ID,'null') as EM_OBRETCO_C_BP_LOCATION_ID,nullif(EM_OBRETCO_M_WAREHOUSE_ID,'null') as EM_OBRETCO_M_WAREHOUSE_ID,nullif(EM_OBRETCO_DBP_IRULESID,'null') as EM_OBRETCO_DBP_IRULESID,nullif(EM_OBRETCO_DBP_PTERMID,'null') as EM_OBRETCO_DBP_PTERMID,nullif(EM_OBRETCO_DBP_PMETHODID,'null') as EM_OBRETCO_DBP_PMETHODID,nullif(EM_OBRETCO_DBP_BPCATID,'null') as EM_OBRETCO_DBP_BPCATID,nullif(EM_OBRETCO_DBP_COUNTRYID,'null') as EM_OBRETCO_DBP_COUNTRYID,nullif(EM_OBRETCO_DBP_ORGID,'null') as EM_OBRETCO_DBP_ORGID,nullif(EM_OBRETCO_SHOWTAXID,'null') as EM_OBRETCO_SHOWTAXID,nullif(EM_OBRETCO_SHOWBPCATEGORY,'null') as EM_OBRETCO_SHOWBPCATEGORY,nullif(EM_OBPOS_TICKET_TEMPLATE_ID,'null') as EM_OBPOS_TICKET_TEMPLATE_ID,nullif(EM_OBPOS_CASHUP_TEMPLATE_ID,'null') as EM_OBPOS_CASHUP_TEMPLATE_ID,nullif(EM_OBPOS_FORMAT_DECIMAL,'null') as EM_OBPOS_FORMAT_DECIMAL,nullif(EM_OBPOS_FORMAT_GROUP,'null') as EM_OBPOS_FORMAT_GROUP,nullif(EM_OBPOS_DATE_FORMAT,'null') as EM_OBPOS_DATE_FORMAT,nullif(EM_OBPOS_CLOSEDRECEIPT_TEM_ID,'null') as EM_OBPOS_CLOSEDRECEIPT_TEM_ID,nullif(EM_OBPOS_INVOICE_TEMPLATE_ID,'null') as EM_OBPOS_INVOICE_TEMPLATE_ID,nullif(EM_OBPOS_RET_INV_TEMPLATE_ID,'null') as EM_OBPOS_RET_INV_TEMPLATE_ID,nullif(EM_OBPOS_LAYAWAY_TEMPLATE_ID,'null') as EM_OBPOS_LAYAWAY_TEMPLATE_ID,nullif(EM_OBPOS_RETURN_TEMPLATE_ID,'null') as EM_OBPOS_RETURN_TEMPLATE_ID,nullif(EM_OBPOS_QUOT_TEMPLATE_ID,'null') as EM_OBPOS_QUOT_TEMPLATE_ID,nullif(EM_OBPOSBD_BEST_DEAL_CASE,'null') as EM_OBPOSBD_BEST_DEAL_CASE,nullif(EM_OBPOSBD_PREVENT_LONG_EX,'null') as EM_OBPOSBD_PREVENT_LONG_EX,nullif(EM_OBKPAY_USERNAME,'null') as EM_OBKPAY_USERNAME,nullif(EM_OBKPAY_PASSWORD,'null') as EM_OBKPAY_PASSWORD,nullif(OPERATION,'null') as OPERATION,nullif(TIMESTAMP,'null') as TIMESTAMP,nullif(TRANSACTIONID,'null') as TRANSACTIONID,nullif(RunDateTime,'null') as RunDateTime,nullif(Year,'null') as Year,nullif(Month,'null') as Month,nullif(Day,'null') as Day from adOrg72",
			"temp_table_name": "adOrg22",
			"partition_column_list": ""
		},		
		{
			"card_id": "card_61",
			"card_dependencies": [
				"card_100"
			],
			"label": "Read_Table 61",
			"card_type": "read_table",
			"description": "Populating etlrunlogid",
			"query": "select s.*,r.ETLRunId as DLETLRunLogID from adOrg22 s join (select max(cast(ETLRunId as int)) as ETLRunId from RPI_LOGGING.RPI_cOMMON_LOGGING where processstage='CurateStandard' and feedname = 'BTCOPT_PRACTICE_ORGANIZATION_INFO_BUKOPMS_Incr') r on (1=1)",
			"temp_table_name": "adOrg11",
			"partition_column_list": ""
		},
		{
			"card_id": "card_2",
			"card_dependencies": [],
			"label": "Read_Table 2",
			"card_type": "read_table",
			"description": "Read ADLS table",
			"query": "Select * from curate_enterprise.reflovsetinfo",
			"temp_table_name": "reflovsetinfo",
			"partition_column_list": ""
		},
		{
			"card_id": "card_4",
			"card_dependencies": [
				"card_61"
			],
			"label": "Read_Table 4",
			"card_type": "read_table",
			"description": "fetching latest records",
			"query": "select * from (select row_number() OVER(PARTITION BY value order BY timestamp desc,case when operation='DELETE' then 1 when operation='UPDATE' then 2 when operation='INSERT' then 3 when operation='REFRESH' then 4 end asc) as rn,row_number() OVER(PARTITION BY value,timestamp,operation order BY timestamp desc,operation desc) as rnk,* FROM adOrg11)t where t.rnk = 1",
			"temp_table_name": "adOrg5",
			"partition_column_list": ""
		},
		{
			"card_id": "card_4444",
			"card_dependencies": [
				"card_61"
			],
			"label": "Read_Table 4",
			"card_type": "read_table",
			"description": "fetching latest records",
			"query": "select * from (select row_number() OVER(PARTITION BY AD_ORG_ID order BY timestamp desc,case when operation='DELETE' then 1 when operation='UPDATE' then 2 when operation='INSERT' then 3 when operation='REFRESH' then 4 end asc) as rn,row_number() OVER(PARTITION BY AD_ORG_ID,timestamp,operation order BY timestamp desc,operation desc) as rnk,* FROM adOrg11)t where t.rnk = 1",
			"temp_table_name": "adOrg5555",
			"partition_column_list": ""
		},
		{
			"card_id": "card_3",
			"card_dependencies": [
				"card_4"
			],
			"label": "Read_Table 3",
			"card_type": "read_table",
			"description": "REFPartyType",
			"query": "select 'Organisation' as  PartyTypeName,'Represents an Organisation' as RoleDescription , 'DNARDM' as RecordSourceCode,'12012' as LOVRecordSourceId,cast(max(s.CurateStandardRowKey) as bigint) as DLCurateStandardRowKey,cast(max(s.DLETLRunLogID) as int) as DLETLRunLogID,current_timestamp as RunDateTime from adOrg5 s",
			"temp_table_name": "REFPartyType3",
			"partition_column_list": ""
		},
		{
			"card_id": "card_15",
			"card_dependencies": [
				"card_3"
			],
			"label": "Read_Table 15",
			"card_type": "read_table",
			"description": "Inserts",
			"query": "insert into curate_enterprise.REFPartytype select cast ((cast(ss.PartyTypeId as bigint ) + row_number() over (order by source.PartyTypeName,source.lovrecordsourceid desc) )as string )as  PartyTypeId, cast(source.PartyTypeName as string), cast(source.RoleDescription as string),cast(source.RecordSourceCode as string),cast(source.LOVRecordSourceId as int),current_timestamp as RunDateTime,current_timestamp as DLCreateDateTime,current_timestamp as DLUpdateDateTime,cast('1900-01-01 00:00:00.000' as timestamp) as DLSCDStartDateTime,cast('9999-12-31 00:00:00.000' as timestamp) as DLSCDEndDateTime,'Y' as DLSCDActiveFlag, cast(source.DLETLRunLogID as int), NULL as DLCurateStandardRowKey from ( select s.* from REFPartyType3 s LEFT JOIN curate_enterprise.REFPartyType t ON s.PartyTypeName=t.PartyTypeName AND t.lovrecordsourceid=s.lovrecordsourceid AND t.DLSCDActiveFlag='Y' WHERE t.PartyTypeName IS NULL ) source left join (select ifnull(max(cast(PartyTypeId as bigint)),0) as  PartyTypeId  from  curate_enterprise.REFPartytype)ss",
			"temp_table_name": "REFPartyType2",
			"partition_column_list": ""
		},
		{
			"card_id": "card_24",
			"card_dependencies": [
				"card_2",
				"card_3",
				"card_4",
				"card_15"
			],
			"label": "Read_Table 24",
			"card_type": "read_table",
			"description": "Party",
			"query": "select  distinct cast(md5(concat_ws('^|~',s.VALUE,a.PartyTypeId,r.LOVId)) as string) as PartyId,cast(a.PartyTypeId as string),cast(s.VALUE as string) as SourcePartyCode ,'Organisation' as PartyTypeName,cast(s.name as string) as SourcePartyName, 'BUKOPMS' as RecordSourceCode,cast(r.LOVId as int) as LOVRecordSourceId,cast(s.CurateStandardRowKey as bigint) as DLCurateStandardRowKey,cast(s.DLETLRunLogID as int) as DLETLRunLogID,current_timestamp as RunDateTime,case when s.rn=1 and ifnull(s.operation,'null')<>'DELETE' then 'Y' when s.rn=1 and ifnull(s.operation,'null')='DELETE' then 'D' else 'N' end as DLSCDActiveFlag from adOrg5 s left join (select LOVId from reflovsetinfo where lovkey='BUKOPMS' and lovsetname='System of Record' and LOVRecordsourceid='12012') r on(1=1) left join (select PartyTypeID from curate_enterprise.REFPartyType where PartyTypeName= 'Organisation' AND RecordSourceCode='DNARDM')a on(1=1) ",
			"temp_table_name": "Party5",
			"partition_column_list": ""
		},
		{
			"card_id": "card_30",
			"card_dependencies": [
				"card_24"
			],
			"label": "Read_Table 30",
			"card_type": "read_table",
			"description": "Inserts",
			"query": "MERGE INTO curate_enterprise.Party T USING ( SELECT case when s.DLSCDActiveFlag='Y' then s.PartyId else 'DEACTIVATE' end as mergeKey, s.* FROM Party5 s where s.dlscdactiveflag<>'D' UNION ALL SELECT 'UPDATE' as mergeKey, source.* FROM Party5 source JOIN curate_enterprise.Party Target ON source.PartyId = Target.PartyId WHERE Target.DLSCDActiveFlag = 'Y' and source.DLSCDActiveFlag = 'Y') src ON T.PartyId = src.mergeKey AND T.DLSCDActiveFlag = 'Y' when matched THEN UPDATE SET DLSCDActiveFlag = 'N', DLSCDEndDateTime = src.RunDateTime ,DLUpdateDateTime = src.RunDateTime WHEN not MATCHED AND src.mergeKey <> 'UPDATE' and src.mergekey <> 'DEACTIVATE' THEN INSERT(PartyId ,PartyTypeId ,PartyTypeName ,SourcePartyCode ,SourcePartyName ,RecordSourceCode,LOVRecordSourceId  ,RunDateTime,DLCreateDateTime,DLUpdateDateTime,DLSCDStartDateTime,DLSCDEndDateTime,DLSCDActiveFlag,DLETLRunLogID,DLCurateStandardRowKey) VALUES(src.PartyId ,src.PartyTypeId ,src.PartyTypeName ,src.SourcePartyCode ,src.SourcePartyName ,src.RecordSourceCode,src.LOVRecordSourceId ,src.RunDateTime,src.RunDateTime,src.RunDateTime,'1900-01-01 00:00:00.000','9999-12-31 00:00:00.000',src.DLSCDActiveFlag,src.DLETLRunLogID,src.DLCurateStandardRowKey) WHEN not MATCHED AND src.mergeKey = 'UPDATE' THEN INSERT(PartyId ,PartyTypeId ,PartyTypeName ,SourcePartyCode ,SourcePartyName ,RecordSourceCode,LOVRecordSourceId,RunDateTime,DLCreateDateTime,DLUpdateDateTime,DLSCDStartDateTime,DLSCDEndDateTime,DLSCDActiveFlag,DLETLRunLogID,DLCurateStandardRowKey) VALUES(src.PartyId ,src.PartyTypeId ,src.PartyTypeName ,src.SourcePartyCode ,src.SourcePartyName ,src.RecordSourceCode,src.LOVRecordSourceId ,src.RunDateTime,src.RunDateTime,src.RunDateTime,src.RunDateTime,'9999-12-31 00:00:00.000',src.DLSCDActiveFlag,src.DLETLRunLogID,src.DLCurateStandardRowKey) WHEN not MATCHED AND src.mergeKey = 'DEACTIVATE' THEN INSERT(PartyId ,PartyTypeId ,PartyTypeName ,SourcePartyCode ,SourcePartyName ,RecordSourceCode,LOVRecordSourceId,RunDateTime,DLCreateDateTime,DLUpdateDateTime,DLSCDStartDateTime,DLSCDEndDateTime,DLSCDActiveFlag,DLETLRunLogID,DLCurateStandardRowKey) VALUES(src.PartyId ,src.PartyTypeId ,src.PartyTypeName ,src.SourcePartyCode ,src.SourcePartyName ,src.RecordSourceCode,src.LOVRecordSourceId ,src.RunDateTime,src.RunDateTime,src.RunDateTime,src.RunDateTime,src.RunDateTime,src.DLSCDActiveFlag,src.DLETLRunLogID,src.DLCurateStandardRowKey)",
			"temp_table_name": "party1",
			"partition_column_list": ""
		},
		{
			"card_id": "card_20033",
			"card_dependencies": [
				"card_30"
			],
			"label": "Read_Table 20033",
			"card_type": "read_table",
			"description": "Insert in ADLS",
			"query": "MERGE INTO curate_enterprise.Party T USING (SELECT s.SourcePartyCode as MergeKey,s.* FROM Party5 s where s.dlscdactiveflag='D' UNION ALL SELECT 'UPDATE' as mergeKey, source.* FROM Party5 source JOIN curate_enterprise.Party Target ON source.SourcePartyCode = Target.SourcePartyCode WHERE Target.DLSCDActiveFlag = 'Y' and source.dlscdactiveflag='D') src ON T.SourcePartyCode = src.mergeKey AND T.DLSCDActiveFlag = 'Y' when matched THEN UPDATE SET DLSCDActiveFlag = 'N', DLSCDEndDateTime = src.RunDateTime ,DLUpdateDateTime = src.RunDateTime WHEN not MATCHED AND src.mergeKey = 'UPDATE' THEN INSERT(PartyId , PartyTypeId , PartyTypeName , SourcePartyCode , SourcePartyName  ,RecordSourceCode,LOVRecordSourceId ,RunDateTime,DLCreateDateTime,DLUpdateDateTime,DLSCDStartDateTime,DLSCDEndDateTime,DLSCDActiveFlag,DLETLRunLogID,DLCurateStandardRowKey)  VALUES(src.PartyId ,src.PartyTypeId ,src.PartyTypeName ,src.SourcePartyCode ,src.SourcePartyName ,src.RecordSourceCode,src.LOVRecordSourceId,src.RunDateTime,src.RunDateTime,src.RunDateTime,src.RunDateTime,src.RunDateTime,'N',src.DLETLRunLogID,src.DLCurateStandardRowKey) WHEN not MATCHED AND src.mergeKey <> 'UPDATE' THEN INSERT(PartyId , PartyTypeId , PartyTypeName , SourcePartyCode , SourcePartyName  ,RecordSourceCode,LOVRecordSourceId ,RunDateTime,DLCreateDateTime,DLUpdateDateTime,DLSCDStartDateTime,DLSCDEndDateTime,DLSCDActiveFlag,DLETLRunLogID,DLCurateStandardRowKey)  VALUES(src.PartyId ,src.PartyTypeId ,src.PartyTypeName ,src.SourcePartyCode ,src.SourcePartyName ,src.RecordSourceCode,src.LOVRecordSourceId,src.RunDateTime,src.RunDateTime,src.RunDateTime,src.RunDateTime,src.RunDateTime,'N',src.DLETLRunLogID,src.DLCurateStandardRowKey)",
			"temp_table_name": "Party20033",
			"partition_column_list": ""
		},
		{
			"card_id": "card_55",
			"card_dependencies": [
				"card_4",
				"card_3",
				"card_24",
				"card_20033"
			],
			"label": "Read_Table 55",
			"card_type": "read_table",
			"description": "Organisation",
			"query": "select  distinct cast(md5(concat_ws('^|~',s.VALUE,r.LOVId)) as string) as OrganisationId,cast(a.PartyId as string),'Organisation' as PartyTypeName,cast(s.VALUE as string) as OrganisationCode ,cast(s.name as string) as Name,cast(s.Description as string) as Description,'BUKOPMS' as RecordSourceCode,cast(r.LOVId as int) as LOVRecordSourceId,cast(s.CurateStandardRowKey as bigint) as DLCurateStandardRowKey,cast(s.DLETLRunLogID as int) as DLETLRunLogID,current_timestamp as RunDateTime,case when s.rn=1 and ifnull(s.operation,'null')<>'DELETE' then 'Y' when s.rn=1 and ifnull(s.operation,'null')='DELETE' then 'D' else 'N' end as DLSCDActiveFlag from adOrg5 s join (select LOVId from reflovsetinfo where lovkey='BUKOPMS' and lovsetname='System of Record' and LOVRecordsourceid='12012') r on(1=1) left join (select PartyId,SourcePartyCode from curate_enterprise.Party where PartyTypeName= 'Organisation' AND RecordSourceCode='BUKOPMS')a on a.SourcePartyCode= s.Value where a.partyid is not null",
			"temp_table_name": "Organisation3",
			"partition_column_list": ""
		},
		{
			"card_id": "card_57",
			"card_dependencies": [
				"card_55"
			],
			"label": "Read_Table 30",
			"card_type": "read_table",
			"description": "Inserts",
			"query": "MERGE INTO curate_enterprise.Organisation T USING ( SELECT case when s.dlscdactiveflag='Y' then s.OrganisationId else 'DEACTIVATE' end as mergeKey, s.* FROM Organisation3 s where s.dlscdactiveflag<>'D' UNION ALL SELECT 'UPDATE' as mergeKey, source.* FROM Organisation3 source JOIN curate_enterprise.Organisation Target ON source.OrganisationId = Target.OrganisationId WHERE Target.DLSCDActiveFlag = 'Y' and source.DLSCDActiveFlag = 'Y') src ON T.OrganisationId = src.mergeKey AND T.DLSCDActiveFlag = 'Y' when matched THEN UPDATE SET DLSCDActiveFlag = 'N', DLSCDEndDateTime = src.RunDateTime ,DLUpdateDateTime = src.RunDateTime WHEN not MATCHED AND src.mergeKey <> 'UPDATE' and src.mergekey <> 'DEACTIVATE' THEN INSERT(OrganisationId,PartyId ,Name ,OrganisationCode ,Description ,RecordSourceCode,LOVRecordSourceId ,RunDateTime,DLCreateDateTime,DLUpdateDateTime,DLSCDStartDateTime,DLSCDEndDateTime,DLSCDActiveFlag,DLETLRunLogID,DLCurateStandardRowKey) VALUES(src.OrganisationId,src.PartyId ,src.Name ,src.OrganisationCode ,src.Description ,src.RecordSourceCode,src.LOVRecordSourceId,src.RunDateTime,src.RunDateTime,src.RunDateTime,'1900-01-01 00:00:00.000','9999-12-31 00:00:00.000',src.DLSCDActiveFlag,src.DLETLRunLogID,src.DLCurateStandardRowKey) WHEN not MATCHED AND src.mergeKey = 'UPDATE' THEN INSERT(OrganisationId,PartyId ,Name ,OrganisationCode ,Description ,RecordSourceCode,LOVRecordSourceId ,RunDateTime,DLCreateDateTime,DLUpdateDateTime,DLSCDStartDateTime,DLSCDEndDateTime,DLSCDActiveFlag,DLETLRunLogID,DLCurateStandardRowKey) VALUES(src.OrganisationId,src.PartyId ,src.Name ,src.OrganisationCode ,src.Description ,src.RecordSourceCode,src.LOVRecordSourceId,src.RunDateTime,src.RunDateTime,src.RunDateTime,src.RunDateTime,'9999-12-31 00:00:00.000',src.DLSCDActiveFlag,src.DLETLRunLogID,src.DLCurateStandardRowKey) WHEN not MATCHED AND src.mergeKey = 'DEACTIVATE' THEN INSERT(OrganisationId,PartyId ,Name ,OrganisationCode ,Description ,RecordSourceCode,LOVRecordSourceId ,RunDateTime,DLCreateDateTime,DLUpdateDateTime,DLSCDStartDateTime,DLSCDEndDateTime,DLSCDActiveFlag,DLETLRunLogID,DLCurateStandardRowKey) VALUES(src.OrganisationId,src.PartyId ,src.Name ,src.OrganisationCode ,src.Description ,src.RecordSourceCode,src.LOVRecordSourceId,src.RunDateTime,src.RunDateTime,src.RunDateTime,src.RunDateTime,src.RunDateTime,src.DLSCDActiveFlag,src.DLETLRunLogID,src.DLCurateStandardRowKey)",
			"temp_table_name": "Organisation1",
			"partition_column_list": ""
		},
		{
			"card_id": "card_57033",
			"card_dependencies": [
				"card_57"
			],
			"label": "Read_Table 30",
			"card_type": "read_table",
			"description": "Inserts",
			"query": "MERGE INTO curate_enterprise.Organisation T USING (SELECT s.OrganisationId as MergeKey,s.* FROM Organisation3 s where s.dlscdactiveflag='D' UNION ALL SELECT 'UPDATE' as mergeKey, source.* FROM Organisation3 source JOIN curate_enterprise.Organisation Target ON source.OrganisationId = Target.OrganisationId WHERE Target.DLSCDActiveFlag = 'Y' and source.dlscdactiveflag='D') src ON T.OrganisationId = src.mergeKey AND T.DLSCDActiveFlag = 'Y' when matched THEN UPDATE SET DLSCDActiveFlag = 'N', DLSCDEndDateTime = src.RunDateTime ,DLUpdateDateTime = src.RunDateTime WHEN not MATCHED AND src.mergeKey = 'UPDATE' THEN INSERT(OrganisationId,PartyId ,Name ,OrganisationCode ,Description ,RecordSourceCode,LOVRecordSourceId ,RunDateTime,DLCreateDateTime,DLUpdateDateTime,DLSCDStartDateTime,DLSCDEndDateTime,DLSCDActiveFlag,DLETLRunLogID,DLCurateStandardRowKey)  VALUES(src.OrganisationId,src.PartyId ,src.Name ,src.OrganisationCode ,src.Description ,src.RecordSourceCode,src.LOVRecordSourceId,src.RunDateTime,src.RunDateTime,src.RunDateTime,src.RunDateTime,src.RunDateTime,'N',src.DLETLRunLogID,src.DLCurateStandardRowKey) WHEN not MATCHED AND src.mergeKey <> 'UPDATE' THEN INSERT(OrganisationId,PartyId ,Name ,OrganisationCode ,Description ,RecordSourceCode,LOVRecordSourceId ,RunDateTime,DLCreateDateTime,DLUpdateDateTime,DLSCDStartDateTime,DLSCDEndDateTime,DLSCDActiveFlag,DLETLRunLogID,DLCurateStandardRowKey)  VALUES(src.OrganisationId,src.PartyId ,src.Name ,src.OrganisationCode ,src.Description ,src.RecordSourceCode,src.LOVRecordSourceId,src.RunDateTime,src.RunDateTime,src.RunDateTime,src.RunDateTime,src.RunDateTime,'N',src.DLETLRunLogID,src.DLCurateStandardRowKey)",
			"temp_table_name": "Organisation57033",
			"partition_column_list": ""
		},
		{
			"card_id": "card_38",
			"card_dependencies": [
				"card_4444",
				"card_3",
				"card_2",
				"card_24",
				"card_30",
				"card_57033"
			],
			"label": "Read_Table 38",
			"card_type": "read_table",
			"description": "adOrg",
			"query": "select distinct d.OrganisationId,b.ClientId,c.OrgTypeId,s.AD_CLIENT_ID,s.AD_ORG_ID as SRCAdOrgId,s.value as OrgValue, nullif(s.ISACTIVE,'null') as IsActive ,cast(s.Created as date) as SourceCreated, s.CREATEDBY as SourceCreatedBy, cast(s.Updated as date) as SourceUpdated ,s.UPDATEDBY as SourceUpdatedBy,nullif(s.ISSUMMARY,'null') as IsSummary,nullif(s.ISPERIODCONTROLALLOWED,'null') as IsPeriodControlAllowed,nullif(s.ISREADY,'null') as IsReady, s.SOCIAL_NAME as SocialName,s.C_CURRENCY_ID as CCurrencyId,s.EM_HORCUS_ORGHIERARCHY as EMHorcusOrgHierarchy, nullif(s.EM_HORCUS_SYNCHRNZD_WTH_PMS,'null') as EMHorcusSynchrnzdWthPMS , nullif(s.EM_HORCUS_CMPLTD_FLDS,'null') as EMHorcusCmpltdFlds,s.EM_OBMPR_DEFBP as EMOBMPRDEFBP, nullif(s.EM_OBMPR_ENABLEWEIGHT,'null') as EMOBMPREnableWeight,nullif(s.EM_OBMPR_BLOCKUNDERWEIGHT,'null') as EMOBMPRBlockUnderWeight,nullif(s.EM_OBMPR_BLOCKOVERWEIGHT,'null') as EMOBMPRBlockOverWeight,cast(s.EM_OBMPR_MINWEIGHT as int) as EMOBMPRMinWeight, cast(s.EM_OBMPR_MAXWEIGHT as int) as EMOBMPRMaxWeight, cast(s.EM_OBRETCO_RETAILORGTYPE as string) as EMOBRETCORetailOrgType,nullif(s.EM_OBRETCO_SHOWBPCATEGORY,'null') as EMOBRETCOShowBpCategory,nullif(s.EM_OBPOS_FORMAT_DECIMAL,'null') as EMOBPOSFormatDecimal,nullif(s.EM_OBPOS_FORMAT_GROUP,'null') as EMOBPOSFormatGroup, s.EM_OBPOS_DATE_FORMAT as EMOBPOSFormatDate,nullif(s.EM_OBPOSBD_BEST_DEAL_CASE,'null') as EMOBPOSBDBestDealCase, nullif(s.EM_OBPOSBD_PREVENT_LONG_EX,'null') as EMOBPOSBDPreventLongEx, s.EM_OBKPAY_USERNAME as EMOBKPAYUserName, s.EM_OBKPAY_PASSWORD as EMOBKPAYPassword,'BUKOPMS' as RecordSourceCode,s.CurateStandardRowKey as DLCurateStandardRowKey,r.LOVId as LOVRecordSourceId,s.DLETLRunLogID,current_timestamp as RunDateTime,case when s.rn=1 and ifnull(s.operation,'null')<>'DELETE' then 'Y' when s.rn=1 and ifnull(s.operation,'null')='DELETE' then 'D' else 'N' end as DLSCDActiveFlag from adOrg5555 s left join (select ClientId,SRCClientId from curate_enterprise.ODHClient where RecordSourceCode= 'BUKOPMS' and DLSCDActiveFlag='Y')b on b.SRCClientId=s.ad_client_id left join (select OrgTypeId,SrcOrgTypeId from curate_enterprise.ODHOrgType where RecordSourceCode= 'BUKOPMS' and DLSCDActiveFlag='Y')c on c.SrcOrgTypeId=s.AD_ORGTYPE_ID left join (select OrganisationID,OrganisationCode,PartyID from curate_enterprise.Organisation where RecordSourceCode='BUKOPMS' and DLSCDActiveFlag='Y')d on d.OrganisationCode=s.VALUE left join (select PartyId,SourcePartyCode from curate_enterprise.Party where PartyTypeName=  'Organisation' and RecordSourceCode = 'BUKOPMS' and DLSCDActiveFlag='Y')e on e.SourcePartyCode=s.VALUE and d.PartyID=e.PartyID left join (select LOVId from reflovsetinfo where lovkey = 'BUKOPMS' and lovsetname='System of Record' and LOVrecordsourceid=12012)r  on (1=1) where d.OrganisationID is not null and b.ClientId is not null and c.OrgTypeId is not null",
			"temp_table_name": "ODHADOrg6",
			"partition_column_list": ""
		},
		{
			"card_id": "card_40",
			"card_dependencies": [
				"card_38"
			],
			"label": "Read_Table 40",
			"card_type": "read_table",
			"description": "Updates",
			"query": "MERGE INTO curate_enterprise.ODHADOrg T USING ( SELECT case when s.dlscdactiveflag='Y' then s.SRCAdOrgId else 'DEACTIVATE' end as mergeKey, s.* FROM ODHADOrg6 s where s.dlscdactiveflag<>'D' UNION ALL SELECT 'UPDATE' as mergeKey, source.* FROM ODHADOrg6 source JOIN curate_enterprise.ODHADOrg Target ON source.SRCAdOrgId = Target.SRCAdOrgId and source.LOVRecordSourceId = Target.LOVRecordSourceId WHERE Target.DLSCDActiveFlag = 'Y' and source.DLSCDActiveFlag = 'Y') src ON T.SRCAdOrgId = src.mergeKey AND T.DLSCDActiveFlag = 'Y' when matched THEN UPDATE SET DLSCDActiveFlag = 'N', DLSCDEndDateTime = src.RunDateTime ,DLUpdateDateTime = src.RunDateTime WHEN not MATCHED AND src.mergeKey <> 'UPDATE' and src.mergekey <> 'DEACTIVATE' THEN INSERT(OrganisationId ,ClientId ,SRCAdOrgId ,OrgValue ,IsActive ,SourceCreated ,SourceCreatedBy ,SourceUpdated ,SourceUpdatedBy ,IsSummary,OrgTypeId ,IsPeriodControlAllowed ,IsReady ,SocialName ,CCurrencyId ,EMHorcusOrgHierarchy ,EMHorcusSynchrnzdWthPMS,EMHorcusCmpltdFlds,EMOBMPRDEFBP ,EMOBMPREnableWeight ,EMOBMPRBlockUnderWeight ,EMOBMPRBlockOverWeight ,EMOBMPRMinWeight ,EMOBMPRMaxWeight ,EMOBRETCORetailOrgType ,EMOBRETCOShowBpCategory ,EMOBPOSFormatDecimal ,EMOBPOSFormatGroup ,EMOBPOSFormatDate ,EMOBPOSBDBestDealCase ,EMOBPOSBDPreventLongEx ,EMOBKPAYUserName ,EMOBKPAYPassword, RecordSourceCode,LOVRecordSourceId ,RunDateTime,DLCreateDateTime,DLUpdateDateTime,DLSCDStartDateTime,DLSCDEndDateTime,DLSCDActiveFlag,DLETLRunLogID,DLCurateStandardRowKey)  VALUES(src.OrganisationId ,src.ClientId,src.SRCAdOrgId ,src.OrgValue ,src.IsActive ,src.SourceCreated ,src.SourceCreatedBy ,src.SourceUpdated ,src.SourceUpdatedBy ,src.IsSummary ,src.OrgTypeId ,src.IsPeriodControlAllowed ,src.IsReady ,src.SocialName ,src.CCurrencyId ,src.EMHorcusOrgHierarchy ,src.EMHorcusSynchrnzdWthPMS,src.EMHorcusCmpltdFlds,src.EMOBMPRDEFBP ,src.EMOBMPREnableWeight ,src.EMOBMPRBlockUnderWeight ,src.EMOBMPRBlockOverWeight ,src.EMOBMPRMinWeight ,src.EMOBMPRMaxWeight ,src.EMOBRETCORetailOrgType ,src.EMOBRETCOShowBpCategory ,src.EMOBPOSFormatDecimal ,src.EMOBPOSFormatGroup ,src.EMOBPOSFormatDate ,src.EMOBPOSBDBestDealCase ,src.EMOBPOSBDPreventLongEx ,src.EMOBKPAYUserName ,src.EMOBKPAYPassword ,src.RecordSourceCode,src.LOVRecordSourceId,src.RunDateTime,src.RunDateTime,src.RunDateTime,'1900-01-01 00:00:00.000','9999-12-31 00:00:00.000',src.DLSCDActiveFlag,src.DLETLRunLogID,src.DLCurateStandardRowKey) WHEN not MATCHED AND src.mergeKey = 'UPDATE' THEN INSERT(OrganisationId ,ClientId ,SRCAdOrgId ,OrgValue ,IsActive ,SourceCreated ,SourceCreatedBy ,SourceUpdated ,SourceUpdatedBy ,IsSummary,OrgTypeId ,IsPeriodControlAllowed ,IsReady ,SocialName ,CCurrencyId ,EMHorcusOrgHierarchy ,EMHorcusSynchrnzdWthPMS,EMHorcusCmpltdFlds,EMOBMPRDEFBP ,EMOBMPREnableWeight ,EMOBMPRBlockUnderWeight ,EMOBMPRBlockOverWeight ,EMOBMPRMinWeight ,EMOBMPRMaxWeight ,EMOBRETCORetailOrgType ,EMOBRETCOShowBpCategory ,EMOBPOSFormatDecimal ,EMOBPOSFormatGroup ,EMOBPOSFormatDate ,EMOBPOSBDBestDealCase ,EMOBPOSBDPreventLongEx ,EMOBKPAYUserName ,EMOBKPAYPassword, RecordSourceCode,LOVRecordSourceId ,RunDateTime,DLCreateDateTime,DLUpdateDateTime,DLSCDStartDateTime,DLSCDEndDateTime,DLSCDActiveFlag,DLETLRunLogID,DLCurateStandardRowKey)  VALUES(src.OrganisationId ,src.ClientId,src.SRCAdOrgId ,src.OrgValue ,src.IsActive ,src.SourceCreated ,src.SourceCreatedBy ,src.SourceUpdated ,src.SourceUpdatedBy ,src.IsSummary ,src.OrgTypeId ,src.IsPeriodControlAllowed ,src.IsReady ,src.SocialName ,src.CCurrencyId ,src.EMHorcusOrgHierarchy ,src.EMHorcusSynchrnzdWthPMS,src.EMHorcusCmpltdFlds,src.EMOBMPRDEFBP ,src.EMOBMPREnableWeight ,src.EMOBMPRBlockUnderWeight ,src.EMOBMPRBlockOverWeight ,src.EMOBMPRMinWeight ,src.EMOBMPRMaxWeight ,src.EMOBRETCORetailOrgType ,src.EMOBRETCOShowBpCategory ,src.EMOBPOSFormatDecimal ,src.EMOBPOSFormatGroup ,src.EMOBPOSFormatDate ,src.EMOBPOSBDBestDealCase ,src.EMOBPOSBDPreventLongEx ,src.EMOBKPAYUserName ,src.EMOBKPAYPassword ,src.RecordSourceCode,src.LOVRecordSourceId,src.RunDateTime,src.RunDateTime,src.RunDateTime,src.RunDateTime,'9999-12-31 00:00:00.000',src.DLSCDActiveFlag,src.DLETLRunLogID,src.DLCurateStandardRowKey) WHEN not MATCHED AND src.mergeKey = 'DEACTIVATE' THEN INSERT(OrganisationId ,ClientId ,SRCAdOrgId ,OrgValue ,IsActive ,SourceCreated ,SourceCreatedBy ,SourceUpdated ,SourceUpdatedBy ,IsSummary,OrgTypeId ,IsPeriodControlAllowed ,IsReady ,SocialName ,CCurrencyId ,EMHorcusOrgHierarchy ,EMHorcusSynchrnzdWthPMS,EMHorcusCmpltdFlds,EMOBMPRDEFBP ,EMOBMPREnableWeight ,EMOBMPRBlockUnderWeight ,EMOBMPRBlockOverWeight ,EMOBMPRMinWeight ,EMOBMPRMaxWeight ,EMOBRETCORetailOrgType ,EMOBRETCOShowBpCategory ,EMOBPOSFormatDecimal ,EMOBPOSFormatGroup ,EMOBPOSFormatDate ,EMOBPOSBDBestDealCase ,EMOBPOSBDPreventLongEx ,EMOBKPAYUserName ,EMOBKPAYPassword, RecordSourceCode,LOVRecordSourceId ,RunDateTime,DLCreateDateTime,DLUpdateDateTime,DLSCDStartDateTime,DLSCDEndDateTime,DLSCDActiveFlag,DLETLRunLogID,DLCurateStandardRowKey)  VALUES(src.OrganisationId ,src.ClientId,src.SRCAdOrgId ,src.OrgValue ,src.IsActive ,src.SourceCreated ,src.SourceCreatedBy ,src.SourceUpdated ,src.SourceUpdatedBy ,src.IsSummary ,src.OrgTypeId ,src.IsPeriodControlAllowed ,src.IsReady ,src.SocialName ,src.CCurrencyId ,src.EMHorcusOrgHierarchy ,src.EMHorcusSynchrnzdWthPMS,src.EMHorcusCmpltdFlds,src.EMOBMPRDEFBP ,src.EMOBMPREnableWeight ,src.EMOBMPRBlockUnderWeight ,src.EMOBMPRBlockOverWeight ,src.EMOBMPRMinWeight ,src.EMOBMPRMaxWeight ,src.EMOBRETCORetailOrgType ,src.EMOBRETCOShowBpCategory ,src.EMOBPOSFormatDecimal ,src.EMOBPOSFormatGroup ,src.EMOBPOSFormatDate ,src.EMOBPOSBDBestDealCase ,src.EMOBPOSBDPreventLongEx ,src.EMOBKPAYUserName ,src.EMOBKPAYPassword ,src.RecordSourceCode,src.LOVRecordSourceId,src.RunDateTime,src.RunDateTime,src.RunDateTime,src.RunDateTime,src.RunDateTime,src.DLSCDActiveFlag,src.DLETLRunLogID,src.DLCurateStandardRowKey)",
			"temp_table_name": "ODHADOrg_update",
			"partition_column_list": ""
		},
		{
			"card_id": "card_4033",
			"card_dependencies": [
				"card_40"
			],
			"label": "Read_Table 4033",
			"card_type": "read_table",
			"description": "Updates",
			"query": "MERGE INTO curate_enterprise.ODHADOrg T USING (SELECT s.SRCAdOrgId as MergeKey,s.* FROM ODHADOrg6 s where s.dlscdactiveflag='D' UNION ALL SELECT 'UPDATE' as mergeKey, source.* FROM ODHADOrg6 source JOIN curate_enterprise.ODHADOrg Target ON source.SRCAdOrgId = Target.SRCAdOrgId WHERE Target.DLSCDActiveFlag = 'Y' and source.dlscdactiveflag='D') src ON T.SRCAdOrgId = src.mergeKey AND T.DLSCDActiveFlag = 'Y' when matched THEN UPDATE SET DLSCDActiveFlag = 'N', DLSCDEndDateTime = src.RunDateTime ,DLUpdateDateTime = src.RunDateTime WHEN not MATCHED AND src.mergeKey = 'UPDATE' THEN INSERT(OrganisationId ,ClientId ,SRCAdOrgId ,OrgValue ,IsActive ,SourceCreated ,SourceCreatedBy ,SourceUpdated ,SourceUpdatedBy ,IsSummary,OrgTypeId ,IsPeriodControlAllowed ,IsReady ,SocialName ,CCurrencyId ,EMHorcusOrgHierarchy ,EMHorcusSynchrnzdWthPMS,EMHorcusCmpltdFlds,EMOBMPRDEFBP ,EMOBMPREnableWeight ,EMOBMPRBlockUnderWeight ,EMOBMPRBlockOverWeight ,EMOBMPRMinWeight ,EMOBMPRMaxWeight ,EMOBRETCORetailOrgType ,EMOBRETCOShowBpCategory ,EMOBPOSFormatDecimal ,EMOBPOSFormatGroup ,EMOBPOSFormatDate ,EMOBPOSBDBestDealCase ,EMOBPOSBDPreventLongEx ,EMOBKPAYUserName ,EMOBKPAYPassword, RecordSourceCode,LOVRecordSourceId ,RunDateTime,DLCreateDateTime,DLUpdateDateTime,DLSCDStartDateTime,DLSCDEndDateTime,DLSCDActiveFlag,DLETLRunLogID,DLCurateStandardRowKey)  VALUES(src.OrganisationId ,src.ClientId,src.SRCAdOrgId ,src.OrgValue ,src.IsActive ,src.SourceCreated ,src.SourceCreatedBy ,src.SourceUpdated ,src.SourceUpdatedBy ,src.IsSummary ,src.OrgTypeId ,src.IsPeriodControlAllowed ,src.IsReady ,src.SocialName ,src.CCurrencyId ,src.EMHorcusOrgHierarchy ,src.EMHorcusSynchrnzdWthPMS,src.EMHorcusCmpltdFlds,src.EMOBMPRDEFBP ,src.EMOBMPREnableWeight ,src.EMOBMPRBlockUnderWeight ,src.EMOBMPRBlockOverWeight ,src.EMOBMPRMinWeight ,src.EMOBMPRMaxWeight ,src.EMOBRETCORetailOrgType ,src.EMOBRETCOShowBpCategory ,src.EMOBPOSFormatDecimal ,src.EMOBPOSFormatGroup ,src.EMOBPOSFormatDate ,src.EMOBPOSBDBestDealCase ,src.EMOBPOSBDPreventLongEx ,src.EMOBKPAYUserName ,src.EMOBKPAYPassword ,src.RecordSourceCode,src.LOVRecordSourceId,src.RunDateTime,src.RunDateTime,src.RunDateTime,src.RunDateTime,src.RunDateTime,'N',src.DLETLRunLogID,src.DLCurateStandardRowKey) WHEN not MATCHED AND src.mergeKey <> 'UPDATE' THEN INSERT(OrganisationId ,ClientId,SRCAdOrgId ,OrgValue ,IsActive ,SourceCreated ,SourceCreatedBy ,SourceUpdated ,SourceUpdatedBy ,IsSummary ,OrgTypeId ,IsPeriodControlAllowed ,IsReady ,SocialName ,CCurrencyId ,EMHorcusOrgHierarchy ,EMHorcusSynchrnzdWthPMS,EMHorcusCmpltdFlds,EMOBMPRDEFBP ,EMOBMPREnableWeight ,EMOBMPRBlockUnderWeight ,EMOBMPRBlockOverWeight ,EMOBMPRMinWeight ,EMOBMPRMaxWeight ,EMOBRETCORetailOrgType ,EMOBRETCOShowBpCategory ,EMOBPOSFormatDecimal ,EMOBPOSFormatGroup ,EMOBPOSFormatDate ,EMOBPOSBDBestDealCase ,EMOBPOSBDPreventLongEx ,EMOBKPAYUserName ,EMOBKPAYPassword, RecordSourceCode,LOVRecordSourceId ,RunDateTime,DLCreateDateTime,DLUpdateDateTime,DLSCDStartDateTime,DLSCDEndDateTime,DLSCDActiveFlag,DLETLRunLogID,DLCurateStandardRowKey)  VALUES(src.OrganisationId ,src.ClientId,src.SRCAdOrgId ,src.OrgValue ,src.IsActive ,src.SourceCreated ,src.SourceCreatedBy ,src.SourceUpdated ,src.SourceUpdatedBy ,src.IsSummary ,src.OrgTypeId ,src.IsPeriodControlAllowed ,src.IsReady ,src.SocialName ,src.CCurrencyId ,src.EMHorcusOrgHierarchy ,src.EMHorcusSynchrnzdWthPMS,src.EMHorcusCmpltdFlds,src.EMOBMPRDEFBP ,src.EMOBMPREnableWeight ,src.EMOBMPRBlockUnderWeight ,src.EMOBMPRBlockOverWeight ,src.EMOBMPRMinWeight ,src.EMOBMPRMaxWeight ,src.EMOBRETCORetailOrgType ,src.EMOBRETCOShowBpCategory ,src.EMOBPOSFormatDecimal ,src.EMOBPOSFormatGroup ,src.EMOBPOSFormatDate ,src.EMOBPOSBDBestDealCase ,src.EMOBPOSBDPreventLongEx ,src.EMOBKPAYUserName ,src.EMOBKPAYPassword ,src.RecordSourceCode,src.LOVRecordSourceId,src.RunDateTime,src.RunDateTime,src.RunDateTime,src.RunDateTime,src.RunDateTime,'N',src.DLETLRunLogID,src.DLCurateStandardRowKey)",
			"temp_table_name": "ODHADOrg_4033",
			"partition_column_list": ""
		},
		{
			"card_id": "card_71",
			"card_dependencies": [
				"card_61",
				"card_38",
				"card_4033"
			],
			"label": "Write_Delta 11",
			"card_type": "write_delta",
			"description": "Write backup Standard",
			"query": "select * from adOrg22 where VALUE not in (select OrgValue from ODHADOrg6)",
			"data_path": "/mnt/idf-curatestandard/BTUKOPTIT/BUKOPMS/BTCOPT_PRACTICE_ORGANIZATION_INFO_BUKOPMS_Incr/BackUp",
			"partition_key_columns": "",
			"mode": "OVERWRITE",
			"type": "GENERAL"
		}
	]
}
