{
	"name": "config_consumption",
	"properties": {
		"linkedServiceName": {
			"referenceName": "AzureDataLakeStorage1",
			"type": "LinkedServiceReference"
		},
		"parameters": {
			"config_file": {
				"type": "string"
			}
		},
		"folder": {
			"name": "DS_CONSUMPTION"
		},
		"annotations": [],
		"type": "DelimitedText",
		"typeProperties": {
			"location": {
				"type": "AzureBlobFSLocation",
				"fileName": {
					"value": "@dataset().config_file",
					"type": "Expression"
				},
				"folderPath": "config",
				"fileSystem": "self-serve"
			},
			"columnDelimiter": ",",
			"escapeChar": "\\",
			"firstRowAsHeader": true,
			"quoteChar": "\""
		},
		"schema": [
			{
				"name": "source_tables",
				"type": "String"
			},
			{
				"name": "source_path",
				"type": "String"
			},
			{
				"name": "temp_viewname",
				"type": "String"
			},
			{
				"name": "format",
				"type": "String"
			},
			{
				"name": "isHeader",
				"type": "String"
			},
			{
				"name": "Query",
				"type": "String"
			},
			{
				"name": "stgtable",
				"type": "String"
			},
			{
				"name": "delimiter",
				"type": "String"
			},
			{
				"name": "temp_viewtables",
				"type": "String"
			},
			{
				"name": "Keycolumns",
				"type": "String"
			},
			{
				"name": "target",
				"type": "String"
			},
			{
				"name": "notebookpath",
				"type": "String"
			},
			{
				"name": "source_system",
				"type": "String"
			},
			{
				"name": "unique_id",
				"type": "String"
			}
		]
	},
	"type": "Microsoft.DataFactory/factories/datasets"
}