{
	"name": "Consumption_Metadata_Dataset",
	"properties": {
		"linkedServiceName": {
			"referenceName": "AzureDatabricksDeltaLake_LS",
			"type": "LinkedServiceReference"
		},
		"folder": {
			"name": "DS_CONSUMPTION"
		},
		"annotations": [],
		"type": "AzureDatabricksDeltaLakeDataset",
		"typeProperties": {
			"database": "rpi_consumption_db",
			"table": "metadata_consumption"
		},
		"schema": [
			{
				"name": "unique_id",
				"type": "integer"
			},
			{
				"name": "source_tables",
				"type": "string"
			},
			{
				"name": "source_path",
				"type": "string"
			},
			{
				"name": "temp_viewname",
				"type": "string"
			},
			{
				"name": "format",
				"type": "string"
			},
			{
				"name": "isHeader",
				"type": "string"
			},
			{
				"name": "Query",
				"type": "string"
			},
			{
				"name": "stgtable",
				"type": "string"
			},
			{
				"name": "delimiter",
				"type": "string"
			},
			{
				"name": "temp_viewtables",
				"type": "string"
			},
			{
				"name": "Keycolumns",
				"type": "string"
			},
			{
				"name": "target",
				"type": "string"
			},
			{
				"name": "notebookpath",
				"type": "string"
			},
			{
				"name": "source_system",
				"type": "string"
			},
			{
				"name": "schedule_id",
				"type": "string"
			}
		]
	},
	"type": "Microsoft.DataFactory/factories/datasets"
}