{
	"name": "destination_gpg_feeds",
	"properties": {
		"linkedServiceName": {
			"referenceName": "AzureBlobStorage1",
			"type": "LinkedServiceReference"
		},
		"parameters": {
			"destinationpath": {
				"type": "string"
			},
			"destinationfilename": {
				"type": "string"
			}
		},
		"folder": {
			"name": "DS_INGESTION"
		},
		"annotations": [],
		"type": "Json",
		"typeProperties": {
			"location": {
				"type": "AzureBlobStorageLocation",
				"fileName": {
					"value": "@dataset().destinationfilename",
					"type": "Expression"
				},
				"folderPath": {
					"value": "@dataset().destinationpath",
					"type": "Expression"
				},
				"container": "landing"
			},
			"compression": {
				"type": "ZipDeflate"
			}
		},
		"schema": {}
	},
	"type": "Microsoft.DataFactory/factories/datasets"
}