{
	"name": "DS_ADLS_WRANGLED",
	"properties": {
		"linkedServiceName": {
			"referenceName": "AzureDataLakeStorage1",
			"type": "LinkedServiceReference"
		},
		"parameters": {
			"SourcePath": {
				"type": "string"
			},
			"SourceFileName": {
				"type": "string"
			}
		},
		"folder": {
			"name": "DS_DATALAKE"
		},
		"annotations": [],
		"type": "DelimitedText",
		"typeProperties": {
			"location": {
				"type": "AzureBlobFSLocation",
				"fileName": {
					"value": "@dataset().SourceFileName",
					"type": "Expression"
				},
				"folderPath": {
					"value": "@dataset().SourcePath",
					"type": "Expression"
				},
				"fileSystem": "cleansed"
			},
			"columnDelimiter": ",",
			"escapeChar": "\\",
			"firstRowAsHeader": false,
			"quoteChar": "\""
		},
		"schema": [
			{
				"type": "String"
			}
		]
	},
	"type": "Microsoft.DataFactory/factories/datasets"
}