{
	"name": "DS_CURATION_WATERMARK",
	"properties": {
		"linkedServiceName": {
			"referenceName": "AzureDatabricksDeltaLake_LS",
			"type": "LinkedServiceReference"
		},
		"parameters": {
			"DatabaseName": {
				"type": "string"
			},
			"TableName": {
				"type": "string"
			}
		},
		"folder": {
			"name": "DS_DATALAKE"
		},
		"annotations": [],
		"type": "AzureDatabricksDeltaLakeDataset",
		"typeProperties": {
			"database": {
				"value": "@dataset().DatabaseName",
				"type": "Expression"
			},
			"table": {
				"value": "@dataset().TableName",
				"type": "Expression"
			}
		},
		"schema": []
	},
	"type": "Microsoft.DataFactory/factories/datasets"
}