{
	"name": "DS_CONFIG_CONSUMPTION",
	"properties": {
		"linkedServiceName": {
			"referenceName": "AzureDataLakeStorage1",
			"type": "LinkedServiceReference"
		},
		"parameters": {
			"ConfigFileName": {
				"type": "string"
			}
		},
		"folder": {
			"name": "DS_CONSUMPTION"
		},
		"annotations": [],
		"type": "DelimitedText",
		"typeProperties": {
			"location": {
				"type": "AzureBlobFSLocation",
				"fileName": {
					"value": "@dataset().ConfigFileName",
					"type": "Expression"
				},
				"folderPath": "pipeline/Consumption",
				"fileSystem": "config"
			},
			"columnDelimiter": ",",
			"escapeChar": "\\",
			"firstRowAsHeader": true,
			"quoteChar": "\""
		},
		"schema": [
			{
				"name": "SourceName",
				"type": "String"
			},
			{
				"name": "FeedName",
				"type": "String"
			},
			{
				"name": "CurateStagingConfigFile",
				"type": "String"
			},
			{
				"name": "CurationConfigFile",
				"type": "String"
			}
		]
	},
	"type": "Microsoft.DataFactory/factories/datasets"
}