{
	"name": "DS_Export_Boots",
	"properties": {
		"linkedServiceName": {
			"referenceName": "AzureDataLakeStorage1",
			"type": "LinkedServiceReference"
		},
		"parameters": {
			"FileName": {
				"type": "string",
				"defaultValue": "psb.xlsx"
			},
			"Directory": {
				"type": "string",
				"defaultValue": "PSB"
			}
		},
		"folder": {
			"name": "DS_INGESTION"
		},
		"annotations": [],
		"type": "Excel",
		"typeProperties": {
			"sheetName": "Sheet1",
			"location": {
				"type": "AzureBlobFSLocation",
				"fileName": {
					"value": "@dataset().FileName",
					"type": "Expression"
				},
				"folderPath": {
					"value": "@dataset().Directory",
					"type": "Expression"
				},
				"fileSystem": "test"
			},
			"firstRowAsHeader": true
		},
		"schema": [
			{
				"name": "FeedID",
				"type": "String"
			},
			{
				"name": "UserCreated",
				"type": "String"
			}
		]
	}
}