{
	"name": "DS_HISTORY_LOAD_DELTATABLE",
	"properties": {
		"linkedServiceName": {
			"referenceName": "AzureDatabricksDeltaLake_LS",
			"type": "LinkedServiceReference"
		},
		"folder": {
			"name": "DS_DATALAKE"
		},
		"annotations": [],
		"type": "AzureDatabricksDeltaLakeDataset",
		"typeProperties": {
			"database": "RPI_Reference_DB",
			"table": "CurateStage_FileDetails"
		},
		"schema": [
			{
				"name": "SourceName",
				"type": "string"
			},
			{
				"name": "FeedName",
				"type": "string"
			},
			{
				"name": "FileName",
				"type": "string"
			},
			{
				"name": "IsActive",
				"type": "string"
			}
		]
	},
	"type": "Microsoft.DataFactory/factories/datasets"
}