{
	"name": "DS_METADATADB",
	"properties": {
		"linkedServiceName": {
			"referenceName": "SQLDBMeta",
			"type": "LinkedServiceReference"
		},
		"folder": {
			"name": "DS_LOGGING"
		},
		"annotations": [],
		"type": "AzureSqlTable",
		"schema": [
			{
				"name": "ETLRunLogID",
				"type": "int",
				"precision": 10
			},
			{
				"name": "ETLProcessName",
				"type": "nvarchar"
			},
			{
				"name": "ETLProcessRunID",
				"type": "nvarchar"
			},
			{
				"name": "ETLRunLogStatusID",
				"type": "int",
				"precision": 10
			},
			{
				"name": "DTStart",
				"type": "datetime2",
				"scale": 7
			},
			{
				"name": "DTEnd",
				"type": "datetime2",
				"scale": 7
			},
			{
				"name": "DTCreated",
				"type": "smalldatetime",
				"precision": 16,
				"scale": 0
			},
			{
				"name": "UserCreated",
				"type": "nvarchar"
			}
		],
		"typeProperties": {
			"schema": "dbo",
			"table": "ETLRunLog"
		}
	}
}