{
	"name": "DS_PREINGEST_REFERENCE_TABLE",
	"properties": {
		"linkedServiceName": {
			"referenceName": "AzureDatabricksDeltaLake_LS",
			"type": "LinkedServiceReference"
		},
		"folder": {
			"name": "DS_DATALAKE"
		},
		"annotations": [],
		"type": "AzureDatabricksDeltaLakeDataset",
		"typeProperties": {
			"database": "RPI_PreProcessing_DB",
			"table": "PreProcess_ReferenceTable"
		},
		"schema": [
			{
				"name": "EventType",
				"type": "string"
			},
			{
				"name": "LoadType",
				"type": "string"
			},
			{
				"name": "EventTypeList",
				"type": "string"
			},
			{
				"name": "SourceFilePath",
				"type": "string"
			},
			{
				"name": "DestinationPathDict",
				"type": "string"
			}
		]
	},
	"type": "Microsoft.DataFactory/factories/datasets"
}