{
	"name": "DS_PreIngestion_Sink",
	"properties": {
		"linkedServiceName": {
			"referenceName": "AzureBlobStorage1",
			"type": "LinkedServiceReference"
		},
		"parameters": {
			"DestinationPath": {
				"type": "string"
			},
			"DestinationFileName": {
				"type": "string"
			}
		},
		"folder": {
			"name": "DS_PRE_INGESTION"
		},
		"annotations": [],
		"type": "Parquet",
		"typeProperties": {
			"location": {
				"type": "AzureBlobStorageLocation",
				"fileName": {
					"value": "@dataset().DestinationFileName",
					"type": "Expression"
				},
				"container": {
					"value": "@dataset().DestinationPath",
					"type": "Expression"
				}
			},
			"compressionCodec": "none"
		},
		"schema": []
	},
	"type": "Microsoft.DataFactory/factories/datasets"
}