{
	"name": "DS_PreIngestion_Source",
	"properties": {
		"linkedServiceName": {
			"referenceName": "AzureBlobStorage1",
			"type": "LinkedServiceReference"
		},
		"parameters": {
			"SourcePath": {
				"type": "string"
			},
			"FileName": {
				"type": "string"
			}
		},
		"folder": {
			"name": "DS_PRE_INGESTION"
		},
		"annotations": [],
		"type": "Parquet",
		"typeProperties": {
			"location": {
				"type": "AzureBlobStorageLocation",
				"fileName": {
					"value": "@dataset().FileName",
					"type": "Expression"
				},
				"container": {
					"value": "@dataset().SourcePath",
					"type": "Expression"
				}
			},
			"compressionCodec": "none"
		},
		"schema": [
			{
				"name": "CODE",
				"type": "UTF8"
			},
			{
				"name": "COMPANY",
				"type": "UTF8"
			},
			{
				"name": "CREATION_TIME",
				"type": "UTF8"
			},
			{
				"name": "CURRENT_STATE",
				"type": "UTF8"
			},
			{
				"name": "DELETED",
				"type": "UTF8"
			},
			{
				"name": "ENTITY_CODE",
				"type": "UTF8"
			},
			{
				"name": "ENTITY_TYPE",
				"type": "UTF8"
			},
			{
				"name": "ID",
				"type": "UTF8"
			},
			{
				"name": "INSTANCE_KEY",
				"type": "UTF8"
			},
			{
				"name": "REFERENCE_CODE",
				"type": "UTF8"
			},
			{
				"name": "STORE_CODE",
				"type": "UTF8"
			},
			{
				"name": "USER_INITIAL",
				"type": "UTF8"
			},
			{
				"name": "USER_NAME",
				"type": "UTF8"
			}
		]
	},
	"type": "Microsoft.DataFactory/factories/datasets"
}