{
	"name": "DS_UNZIP_REFERENCE_TABLE",
	"properties": {
		"linkedServiceName": {
			"referenceName": "AzureDatabricksDeltaLake_LS",
			"type": "LinkedServiceReference"
		},
		"folder": {
			"name": "DS_PRE_INGESTION"
		},
		"annotations": [],
		"type": "AzureDatabricksDeltaLakeDataset",
		"typeProperties": {
			"database": "rpi_preprocessing_db",
			"table": "preprocess_unzip_referencetable"
		},
		"schema": [
			{
				"name": "SourceName",
				"type": "string"
			},
			{
				"name": "FilePattern",
				"type": "string"
			},
			{
				"name": "DestinationPath",
				"type": "string"
			}
		]
	},
	"type": "Microsoft.DataFactory/factories/datasets"
}