{
	"name": "DS_UNZIP_SOURCE",
	"properties": {
		"linkedServiceName": {
			"referenceName": "AzureBlobStorage1",
			"type": "LinkedServiceReference"
		},
		"parameters": {
			"FilePath": {
				"type": "string"
			},
			"FileName": {
				"type": "string"
			}
		},
		"folder": {
			"name": "DS_PRE_INGESTION"
		},
		"annotations": [],
		"type": "Json",
		"typeProperties": {
			"location": {
				"type": "AzureBlobStorageLocation",
				"fileName": {
					"value": "@dataset().FileName",
					"type": "Expression"
				},
				"container": {
					"value": "@dataset().FilePath",
					"type": "Expression"
				}
			},
			"compression": {
				"type": "ZipDeflate",
				"level": "Optimal"
			}
		},
		"schema": {}
	},
	"type": "Microsoft.DataFactory/factories/datasets"
}