{
	"name": "DS_UNZIP_SINK",
	"properties": {
		"linkedServiceName": {
			"referenceName": "AzureBlobStorage1",
			"type": "LinkedServiceReference"
		},
		"parameters": {
			"FilePath": {
				"type": "string"
			},
			"SourceName": {
				"type": "string"
			},
			"ProcessingTimestamp": {
				"type": "string"
			}
		},
		"folder": {
			"name": "DS_PRE_INGESTION"
		},
		"annotations": [],
		"type": "Json",
		"typeProperties": {
			"location": {
				"type": "AzureBlobStorageLocation",
				"folderPath": {
					"value": "@concat(dataset().SourceName,'/',dataset().ProcessingTimestamp)",
					"type": "Expression"
				},
				"container": {
					"value": "@dataset().FilePath",
					"type": "Expression"
				}
			}
		},
		"schema": {}
	},
	"type": "Microsoft.DataFactory/factories/datasets"
}