{
	"name": "Excel1",
	"properties": {
		"linkedServiceName": {
			"referenceName": "AzureDataLakeStorage1",
			"type": "LinkedServiceReference"
		},
		"folder": {
			"name": "DS_CONSUMPTION"
		},
		"annotations": [],
		"type": "Excel",
		"typeProperties": {
			"sheetName": "Deal_Qualified_Card",
			"location": {
				"type": "AzureBlobFSLocation",
				"fileName": "Deal_Qualified_Card_V3.xlsx",
				"folderPath": "R3_Data_Load",
				"fileSystem": "curate"
			},
			"firstRowAsHeader": true
		},
		"schema": [
			{
				"name": "EPOS Transaction Key",
				"type": "String"
			},
			{
				"name": "Till Transaction Date",
				"type": "String"
			},
			{
				"name": "Till Transaction Time",
				"type": "String"
			},
			{
				"name": "Deal Number",
				"type": "String"
			},
			{
				"name": "Money Discounted",
				"type": "String"
			},
			{
				"name": "Points Rewarded",
				"type": "String"
			},
			{
				"name": "Units",
				"type": "String"
			},
			{
				"name": "Item Code",
				"type": "String"
			},
			{
				"name": "CountryCode",
				"type": "String"
			}
		]
	}
}