{
	"name": "Feed_info",
	"properties": {
		"linkedServiceName": {
			"referenceName": "AzureDataLakeStorage1",
			"type": "LinkedServiceReference"
		},
		"parameters": {
			"Feed_ConfigFile": {
				"type": "string"
			}
		},
		"folder": {
			"name": "DS_INGESTION"
		},
		"annotations": [],
		"type": "Excel",
		"typeProperties": {
			"sheetName": "Sheet1",
			"location": {
				"type": "AzureBlobFSLocation",
				"fileName": {
					"value": "@dataset().Feed_ConfigFile",
					"type": "Expression"
				},
				"folderPath": " pipeline/Ingestion",
				"fileSystem": "config"
			},
			"firstRowAsHeader": true
		},
		"schema": [
			{
				"name": "FeedID",
				"type": "String"
			},
			{
				"name": "FeedDescription",
				"type": "String"
			},
			{
				"name": "SupplierID",
				"type": "String"
			},
			{
				"name": "SourceSystemID",
				"type": "String"
			},
			{
				"name": "SourceSubsystemID",
				"type": "String"
			},
			{
				"name": "SourceRangeID",
				"type": "String"
			},
			{
				"name": "FeedNamePattern",
				"type": "String"
			},
			{
				"name": "AssetJSON",
				"type": "String"
			},
			{
				"name": "AssetTypeID",
				"type": "String"
			},
			{
				"name": "FeedFrequencyID",
				"type": "String"
			},
			{
				"name": "InformationClassificationID",
				"type": "String"
			},
			{
				"name": "ProjectID",
				"type": "String"
			},
			{
				"name": "PlatformVersionID",
				"type": "String"
			},
			{
				"name": "CountryID",
				"type": "String"
			},
			{
				"name": "LanguageID",
				"type": "String"
			},
			{
				"name": "PromotedFromID",
				"type": "String"
			},
			{
				"name": "EntityDescription",
				"type": "String"
			},
			{
				"name": "AuthorisationLink",
				"type": "String"
			},
			{
				"name": "RestrictionsForUse",
				"type": "String"
			},
			{
				"name": "UserCreated",
				"type": "String"
			},
			{
				"name": "DTCreated",
				"type": "String"
			}
		]
	},
	"type": "Microsoft.DataFactory/factories/datasets"
}