{
	"name": "fetch_feedfiles_onpattern",
	"properties": {
		"linkedServiceName": {
			"referenceName": "AzureBlobStorage1",
			"type": "LinkedServiceReference"
		},
		"parameters": {
			"filepattern": {
				"type": "string"
			}
		},
		"folder": {
			"name": "DS_INGESTION"
		},
		"annotations": [],
		"type": "Json",
		"typeProperties": {
			"location": {
				"type": "AzureBlobStorageLocation",
				"fileName": {
					"value": "@dataset().filepattern",
					"type": "Expression"
				},
				"container": "prelanding"
			},
			"compression": {
				"type": "ZipDeflate"
			}
		},
		"schema": {}
	}
}