{
	"name": "import_json_boots",
	"properties": {
		"linkedServiceName": {
			"referenceName": "AzureDataLakeStorage1",
			"type": "LinkedServiceReference"
		},
		"parameters": {
			"FileNames": {
				"type": "string"
			},
			"FolderPath": {
				"type": "string"
			}
		},
		"folder": {
			"name": "DS_INGESTION"
		},
		"annotations": [],
		"type": "Json",
		"typeProperties": {
			"location": {
				"type": "AzureBlobFSLocation",
				"fileName": {
					"value": "@dataset().FileNames",
					"type": "Expression"
				},
				"folderPath": {
					"value": "@dataset().FolderPath",
					"type": "Expression"
				},
				"fileSystem": "test"
			}
		},
		"schema": {
			"type": "object",
			"properties": {
				"ProcedureJSON": {
					"type": "null"
				}
			}
		}
	}
}