{
	"name": "Json_GetMetadata",
	"properties": {
		"linkedServiceName": {
			"referenceName": "AzureDataLakeStorage1",
			"type": "LinkedServiceReference"
		},
		"parameters": {
			"FolderPath": {
				"type": "string"
			}
		},
		"folder": {
			"name": "DS_INGESTION"
		},
		"annotations": [],
		"type": "Json",
		"typeProperties": {
			"location": {
				"type": "AzureBlobFSLocation",
				"folderPath": {
					"value": "@dataset().FolderPath",
					"type": "Expression"
				},
				"fileSystem": "test"
			}
		},
		"schema": {
			"type": "object",
			"properties": {
				"ProcedureJSON": {
					"type": "null"
				}
			}
		}
	}
}