{
	"name": "Json_Sink",
	"properties": {
		"linkedServiceName": {
			"referenceName": "AzureDataLakeStorage1",
			"type": "LinkedServiceReference"
		},
		"parameters": {
			"File_Name": {
				"type": "string"
			},
			"Directory": {
				"type": "string"
			}
		},
		"folder": {
			"name": "DS_INGESTION"
		},
		"annotations": [],
		"type": "Json",
		"typeProperties": {
			"location": {
				"type": "AzureBlobFSLocation",
				"fileName": {
					"value": "@concat(dataset().File_Name,'.json')",
					"type": "Expression"
				},
				"folderPath": {
					"value": "@dataset().Directory",
					"type": "Expression"
				},
				"fileSystem": "test"
			}
		},
		"schema": {}
	}
}