{
	"name": "RestResource1",
	"properties": {
		"linkedServiceName": {
			"referenceName": "Footfall API",
			"type": "LinkedServiceReference"
		},
		"parameters": {
			"startDate": {
				"type": "string"
			},
			"endDate": {
				"type": "string"
			}
		},
		"folder": {
			"name": "Archieve"
		},
		"annotations": [],
		"type": "RestResource",
		"typeProperties": {
			"relativeUrl": {
				"value": "@concat('api/footfalloutput/historic?startDate=',dataset().startDate,'&endDate=',dataset().endDate)",
				"type": "Expression"
			}
		},
		"schema": []
	}
}