{
	"project_name": "BUKOPMS",
	"config_type": "etl",
	"description": "",
	"data_source": [],
	"report_path": "/mnt/idf-reports/BTUKOPTIT/BUKOPMS/BTCOPT_PRACTICE_POS_TERMINAL_DETAILS_BUKOPMS_Incr/Incremental/CurateADLS/",
	"cards": [
		{
			"card_id": "card_0",
			"card_dependencies": [],
			"label": "Read_Delta 0",
			"card_type": "read_delta",
			"description": "reading standard location",
			"data_path": "/mnt/idf-curatestandard/BTUKOPTIT/BUKOPMS/BTCOPT_PRACTICE_POS_TERMINAL_DETAILS_BUKOPMS_Incr/Incremental",
			"output_table": "posappln1"
		},
		{
			"card_id": "card_1",
			"card_dependencies": [
				"card_0"
			],
			"label": "Apply_Filter 1",
			"card_type": "apply_filter",
			"description": "filtering records with RunDateTime",
			"input_table": "posappln1",
			"output_table": "posappln2",
			"filter": [],
			"unmatch_data": false
		},
		{
            "card_id": "card_2",
            "card_dependencies": [],
            "label": "Read_Table 2",
            "card_type": "read_table",
            "description": "Read ADLS table",
            "query": "Select * from curate_enterprise.reflovsetinfo",
            "temp_table_name": "reflovsetinfo",
            "partition_column_list": ""
        },
		{
			"card_id": "card_13",
			"card_dependencies": [],
			"label": "Read_Delta 13",
			"card_type": "read_delta",
			"description": "reading standard backup location",
			"data_path": "/mnt/idf-curatestandard/BTUKOPTIT/BUKOPMS/BTCOPT_PRACTICE_POS_TERMINAL_DETAILS_BUKOPMS_Incr/BackUp",
			"output_table": "posappln12"
		},
		{
			"card_id": "card_12",
			"card_dependencies": [
				"card_13",
				"card_1"
			],
			"label": "Read_Table 12",
			"card_type": "read_table",
			"description": "Union with backup table",
			"query": "select * from posappln2 union select * from posappln12",
			"temp_table_name": "posappln11",
			"partition_column_list": ""
		},
		{
			"card_id": "card_28",
			"card_dependencies": [
				"card_12"
			],
			"label": "Read_Table 28",
			"card_type": "read_table",
			"description": "Making null void null",
			"query": "select nullif(CurateStandardRowKey,'null') as CurateStandardRowKey,nullif(OBPOS_APPLICATIONS_ID,'null') as OBPOS_APPLICATIONS_ID,nullif(AD_ORG_ID,'null') as AD_ORG_ID,nullif(C_BPARTNER_ID,'null') as C_BPARTNER_ID,nullif(AD_CLIENT_ID,'null') as AD_CLIENT_ID,nullif(VALUE,'null') as VALUE,nullif(ISACTIVE,'null') as ISACTIVE,nullif(CREATED,'null') as CREATED,nullif(CREATEDBY,'null') as CREATEDBY,nullif(UPDATED,'null') as UPDATED,nullif(UPDATEDBY,'null') as UPDATEDBY,nullif(NAME,'null') as NAME,nullif(HARDWAREURL,'null') as HARDWAREURL,nullif(SCALEURL,'null') as SCALEURL,nullif(ORDERDOCNO_PREFIX,'null') as ORDERDOCNO_PREFIX,nullif(QUOTATIONDOCNO_PREFIX,'null') as QUOTATIONDOCNO_PREFIX,nullif(DEFAULTWEBPOSTAB,'null') as DEFAULTWEBPOSTAB,nullif(PRINTOFFLINE,'null') as PRINTOFFLINE,nullif(ISLINKED,'null') as ISLINKED,nullif(UNLINKDEVICE,'null') as UNLINKDEVICE,nullif(LASTASSIGNEDNUM,'null') as LASTASSIGNEDNUM,nullif(ISMASTER,'null') as ISMASTER,nullif(QUOTATIONSLASTASSIGNEDNUM,'null') as QUOTATIONSLASTASSIGNEDNUM,nullif(EM_HORCUS_TILL,'null') as EM_HORCUS_TILL,nullif(EM_OBPOSCS_COPY_TERMINAL,'null') as EM_OBPOSCS_COPY_TERMINAL,nullif(EM_HORCUS_QUICKLY_QUTTN,'null') as EM_HORCUS_QUICKLY_QUTTN,nullif(OPERATION,'null') as OPERATION,nullif(TIMESTAMP,'null') as TIMESTAMP,nullif(TRANSACTIONID,'null') as TRANSACTIONID from posappln11",
			"temp_table_name": "posappln28",
			"partition_column_list": ""
		},
		{
			"card_id": "card_4",
			"card_dependencies": [
				"card_28"
			],
			"label": "Read_Table 4",
			"card_type": "read_table",
			"description": "fetching latest records",
			"query": "select * from (select row_number() OVER(PARTITION BY OBPOS_APPLICATIONS_ID order BY timestamp desc,case when operation='DELETE' then 1 when operation='UPDATE' then 2 when operation='INSERT' then 3 when operation='REFRESH' then 4 end asc) as rn,row_number() OVER(PARTITION BY OBPOS_APPLICATIONS_ID,timestamp,operation order BY timestamp desc,operation desc) as rnk,* FROM posappln28 )t where t.rnk = 1",
			"temp_table_name": "posappln5",
			"partition_column_list": ""
		},
		{
			"card_id": "card_18",
			"card_dependencies": [
				"card_4"
			],
			"label": "Read_Table 18",
			"card_type": "read_table",
			"description": "Populating etlrunlogid",
			"query": "select s.*,r.ETLRunId as ETLRunLogIdNew from posappln5 s join (select max(cast (ETLRunId as int)) as ETLRunId from RPI_LOGGING.RPI_COMMON_LOGGING where processstage='CurateStandard' and feedname = 'BTCOPT_PRACTICE_POS_TERMINAL_DETAILS_BUKOPMS_Incr') r on (1=1)",
			"temp_table_name": "posapplnlog",
			"partition_column_list": ""
		},
		{
			"card_id": "card_3",
			"card_dependencies": [
				"card_18",
				"card_2"
			],
			"label": "Read_Table 3",
			"card_type": "read_table",
			"description": "Applying Transformations",
			"query": "select distinct md5(concat_ws('^|~',s.OBPOS_APPLICATIONS_ID,r.LOVId)) as ODHPOSApplicationsId,s.OBPOS_APPLICATIONS_ID as SRCOBPOSApplicationsId,a.OrganisationId,b.PersonId as PersonId,c.VendorId as VendorId,d.ClientId as ClientId,s.ISACTIVE as IsActive,s.CREATED as SourceCreated,s.CREATEDBY as SourceCreatedBy,s.UPDATED as SourceUpdated,s.UPDATEDBY as SourceUpdatedBy,s.value as ApplicationValue,s.NAME as ApplicationName,s.HARDWAREURL as HardwareUrl,s.SCALEURL as ScaleUrl,s.ORDERDOCNO_PREFIX as OrderDocNoPrefix,s.QUOTATIONDOCNO_PREFIX as QuotationDocNoPrefix,s.DEFAULTWEBPOSTAB as DefaultWebPOSTAb,s.PRINTOFFLINE as PrintOffline,s.ISLINKED as IsLinked,s.UNLINKDEVICE as UnlinkDevice,s.LASTASSIGNEDNUM as LastAssignedNum,s.ISMASTER as IsMaster,s.QUOTATIONSLASTASSIGNEDNUM as QuotationLastAssignedNum,s.EM_HORCUS_TILL as EmHorcusTill,s.EM_OBPOSCS_COPY_TERMINAL as EMOBPOSCSCopyTerminal,s.EM_HORCUS_QUICKLY_QUTTN as EmHorcusQuicklyQUTTN,'BUKOPMS' as RecordSourceCode,cast(r.LOVId as int) as LOVRecordSourceId,cast(s.CurateStandardRowKey as bigint) as DLCurateStandardRowKey,cast(s.ETLRunLogIdNew as int) as DLETLRunLogID,current_timestamp as RunDateTime,case when s.rn=1 and ifnull(s.operation,'null')<>'DELETE' then 'Y' when s.rn=1 and ifnull(s.operation,'null')='DELETE' then 'D' else 'N' end as DLSCDActiveFlag from posapplnlog s left join (select OrganisationId,SRCADOrgId from curate_enterprise.ODHAdOrg where RecordSourceCode='BUKOPMS' and DLSCDActiveFlag='Y') a on a.SRCADOrgId=s.AD_ORG_ID left join (select PersonId,SRCBusinessPartnerId from curate_enterprise.ODHBusinessPartner where RecordSourceCode='BUKOPMS' and DLSCDActiveFlag='Y') b on b.SRCBusinessPartnerId=s.C_BPARTNER_ID left join (select VendorId,SRCVendorBusinessPartnerId from curate_enterprise.ODHVendorBusinessPartner where RecordSourceCode='BUKOPMS' and DLSCDActiveFlag='Y') c on c.SRCVendorBusinessPartnerId=s.C_BPARTNER_ID  left join (select ClientId,SRCClientId from curate_enterprise.ODHClient where RecordSourceCode='BUKOPMS' and DLSCDActiveFlag='Y') d on d.SRCClientId=s.AD_CLIENT_ID  join (select LOVId from reflovsetinfo where lovkey='BUKOPMS' and lovsetname='System of Record' and LOVRecordsourceid='12012') r on(1=1) where d.ClientId is not null and a.OrganisationID is not null and  b.PersonID is not null ",
			"temp_table_name": "ODHPOSApplicationsBase",
			"partition_column_list": ""
		},
		{
			"card_id": "card_25",
			"card_dependencies": [
				"card_3"
			],
			"label": "Read_Table 25",
			"card_type": "read_table",
			"description": "Filtering Records ",
			"query": "select cast(s.ODHPOSApplicationsId as string ),cast(s.ClientId as string),cast(s.OrganisationID as string),cast(s.SRCOBPOSApplicationsId as string),cast(s.PersonID as string),cast(s.VendorId as string ),cast(s.IsActive as string),cast(s.SourceCreated as date),cast(s.SourceCreatedBy as string),cast(s.SourceUpdated as date),cast(s.SourceUpdatedBy as string),cast(s.ApplicationValue as string),cast(s.ApplicationName as string),cast(s.HardwareUrl as string),cast(s.ScaleUrl as string),cast(s.OrderDocNoPrefix as string),cast(s.QuotationDocNoPrefix as string),cast(s.DefaultWebPOSTab as string),cast(s.PrintOffline as string),cast(s.IsLinked as string),cast(s.UnlinkDevice as string),cast(s.LastAssignedNum as smallint),cast(s.IsMaster as string),cast(s.QuotationLastAssignedNum as smallint),cast(s.EMHorcusTill as string),cast(s.EMOBPOSCSCopyTerminal as string),cast(s.EmHorcusQuicklyQUTTN as string),cast(s.RecordSourceCode  as string),cast(s.LOVRecordSourceId as int),cast(s.RunDateTime as timestamp),cast(s.DLCurateStandardRowKey as bigint),cast(s.DLETLRunLogID as int),DLSCDActiveFlag from ODHPOSApplicationsBase s   where  s.SRCOBPOSApplicationsId is not null and s.ApplicationValue is not null  ",
			"temp_table_name": "ODHPOSApplications1",
			"partition_column_list": ""
		},
		{
			"card_id": "card_23",
			"card_dependencies": [
				"card_25"
			],
			"label": "Read_Table 23",
			"card_type": "read_table",
			"description": "Insert in ADLS",
			"query": "MERGE INTO curate_enterprise.ODHPOSApplications T USING ( SELECT case when s.dlscdactiveflag='Y' then s.ODHPOSApplicationsId else 'DEACTIVATE' end as mergeKey, s.* FROM ODHPOSApplications1 s where s.dlscdactiveflag<>'D' UNION ALL SELECT 'UPDATE' as mergeKey, source.* FROM ODHPOSApplications1 source JOIN curate_enterprise.ODHPOSApplications Target ON source.ODHPOSApplicationsId = Target.ODHPOSApplicationsId and source.LOVRecordSourceId = Target.LOVRecordSourceId WHERE Target.DLSCDActiveFlag = 'Y' and source.DLSCDActiveFlag = 'Y') src ON T.ODHPOSApplicationsId = src.mergeKey AND T.DLSCDActiveFlag = 'Y' when matched THEN UPDATE SET DLSCDActiveFlag = 'N', DLSCDEndDateTime = src.RunDateTime ,DLUpdateDateTime = src.RunDateTime WHEN not MATCHED AND src.mergeKey <> 'UPDATE' and src.mergekey <> 'DEACTIVATE' THEN INSERT( ODHPOSApplicationsId ,ClientId ,OrganisationID ,SRCOBPOSApplicationsId ,PersonID ,VendorId ,IsActive ,SourceCreated ,SourceCreatedBy ,SourceUpdated ,SourceUpdatedBy ,ApplicationValue ,ApplicationName ,HardwareUrl ,ScaleUrl ,OrderDocNoPrefix ,QuotationDocNoPrefix ,DefaultWebPOSTab ,PrintOffline ,IsLinked ,UnlinkDevice ,LastAssignedNum ,IsMaster ,QuotationLastAssignedNum ,EMHorcusTill ,EMOBPOSCSCopyTerminal ,EmHorcusQuicklyQUTTN ,RecordSourceCode ,LOVRecordSourceId ,RunDateTime ,DLCreateDateTime  ,DLUpdateDateTime ,DLSCDStartDateTime,DLSCDEndDateTime,DLSCDActiveFlag,DLETLRunLogID ,DLCurateStandardRowKey )  VALUES(src.ODHPOSApplicationsId ,src.ClientId ,src.OrganisationID ,src.SRCOBPOSApplicationsId ,src.PersonID ,src.VendorId ,src.IsActive ,src.SourceCreated ,src.SourceCreatedBy ,src.SourceUpdated ,src.SourceUpdatedBy ,src.ApplicationValue ,src.ApplicationName ,src.HardwareUrl ,src.ScaleUrl ,src.OrderDocNoPrefix ,src.QuotationDocNoPrefix ,src.DefaultWebPOSTab ,src.PrintOffline ,src.IsLinked ,src.UnlinkDevice ,src.LastAssignedNum ,src.IsMaster ,src.QuotationLastAssignedNum ,src.EMHorcusTill ,src.EMOBPOSCSCopyTerminal ,src.EmHorcusQuicklyQUTTN ,src.RecordSourceCode,src.LOVRecordSourceId,src.RunDateTime,src.RunDateTime,src.RunDateTime,'1900-01-01 00:00:00.000','9999-12-31 00:00:00.000',src.DLSCDActiveFlag,src.DLETLRunLogID,src.DLCurateStandardRowKey) WHEN not MATCHED AND src.mergeKey = 'UPDATE' THEN INSERT(ODHPOSApplicationsId ,ClientId ,OrganisationID ,SRCOBPOSApplicationsId ,PersonID ,VendorId ,IsActive ,SourceCreated ,SourceCreatedBy ,SourceUpdated ,SourceUpdatedBy ,ApplicationValue ,ApplicationName ,HardwareUrl ,ScaleUrl ,OrderDocNoPrefix ,QuotationDocNoPrefix ,DefaultWebPOSTab ,PrintOffline ,IsLinked ,UnlinkDevice ,LastAssignedNum ,IsMaster ,QuotationLastAssignedNum ,EMHorcusTill ,EMOBPOSCSCopyTerminal ,EmHorcusQuicklyQUTTN ,RecordSourceCode,LOVRecordSourceId ,RunDateTime,DLCreateDateTime,DLUpdateDateTime,DLSCDStartDateTime,DLSCDEndDateTime,DLSCDActiveFlag,DLETLRunLogID,DLCurateStandardRowKey)  VALUES (src.ODHPOSApplicationsId ,src.ClientId ,src.OrganisationID ,src.SRCOBPOSApplicationsId ,src.PersonID ,src.VendorId ,src.IsActive ,src.SourceCreated ,src.SourceCreatedBy ,src.SourceUpdated ,src.SourceUpdatedBy ,src.ApplicationValue ,src.ApplicationName ,src.HardwareUrl ,src.ScaleUrl ,src.OrderDocNoPrefix ,src.QuotationDocNoPrefix ,src.DefaultWebPOSTab ,src.PrintOffline ,src.IsLinked ,src.UnlinkDevice ,src.LastAssignedNum ,src.IsMaster ,src.QuotationLastAssignedNum ,src.EMHorcusTill ,src.EMOBPOSCSCopyTerminal ,src.EmHorcusQuicklyQUTTN ,src.RecordSourceCode,src.LOVRecordSourceId,src.RunDateTime,src.RunDateTime,src.RunDateTime,src.RunDateTime,'9999-12-31 00:00:00.000',src.DLSCDActiveFlag,src.DLETLRunLogID,src.DLCurateStandardRowKey) WHEN not MATCHED AND src.mergeKey = 'DEACTIVATE' THEN INSERT(ODHPOSApplicationsId ,ClientId ,OrganisationID ,SRCOBPOSApplicationsId ,PersonID ,VendorId ,IsActive ,SourceCreated ,SourceCreatedBy ,SourceUpdated ,SourceUpdatedBy ,ApplicationValue ,ApplicationName ,HardwareUrl ,ScaleUrl ,OrderDocNoPrefix ,QuotationDocNoPrefix ,DefaultWebPOSTab ,PrintOffline ,IsLinked ,UnlinkDevice ,LastAssignedNum ,IsMaster ,QuotationLastAssignedNum ,EMHorcusTill ,EMOBPOSCSCopyTerminal ,EmHorcusQuicklyQUTTN ,RecordSourceCode,LOVRecordSourceId ,RunDateTime,DLCreateDateTime,DLUpdateDateTime,DLSCDStartDateTime,DLSCDEndDateTime,DLSCDActiveFlag,DLETLRunLogID,DLCurateStandardRowKey)  VALUES (src.ODHPOSApplicationsId ,src.ClientId ,src.OrganisationID ,src.SRCOBPOSApplicationsId ,src.PersonID ,src.VendorId ,src.IsActive ,src.SourceCreated ,src.SourceCreatedBy ,src.SourceUpdated ,src.SourceUpdatedBy ,src.ApplicationValue ,src.ApplicationName ,src.HardwareUrl ,src.ScaleUrl ,src.OrderDocNoPrefix ,src.QuotationDocNoPrefix ,src.DefaultWebPOSTab ,src.PrintOffline ,src.IsLinked ,src.UnlinkDevice ,src.LastAssignedNum ,src.IsMaster ,src.QuotationLastAssignedNum ,src.EMHorcusTill ,src.EMOBPOSCSCopyTerminal ,src.EmHorcusQuicklyQUTTN ,src.RecordSourceCode,src.LOVRecordSourceId,src.RunDateTime,src.RunDateTime,src.RunDateTime,src.RunDateTime,src.RunDateTime,src.DLSCDActiveFlag,src.DLETLRunLogID,src.DLCurateStandardRowKey)",
			"temp_table_name": "ODHPOSApplications2",
			"partition_column_list": ""
		},
		{
			"card_id": "card_23232323",
			"card_dependencies": [
				"card_25",
				"card_23"
			],
			"label": "Read_Table 23",
			"card_type": "read_table",
			"description": "Insert in ADLS",
			"query": "MERGE INTO curate_enterprise.ODHPOSApplications T USING (SELECT s.ODHPOSApplicationsId as mergeKey, s.* FROM ODHPOSApplications1 s where s.dlscdactiveflag = 'D' UNION ALL SELECT 'UPDATE' as mergeKey, source.* FROM ODHPOSApplications1 source JOIN curate_enterprise.ODHPOSApplications Target ON source.ODHPOSApplicationsId = Target.ODHPOSApplicationsId and source.LOVRecordSourceId = Target.LOVRecordSourceId WHERE Target.DLSCDActiveFlag = 'Y' and source.DLSCDActiveFlag = 'D') src ON T.ODHPOSApplicationsId = src.mergeKey AND T.DLSCDActiveFlag = 'Y' when matched THEN UPDATE SET DLSCDActiveFlag = 'N', DLSCDEndDateTime = src.RunDateTime ,DLUpdateDateTime = src.RunDateTime WHEN not MATCHED AND src.mergeKey <> 'UPDATE' THEN INSERT( ODHPOSApplicationsId ,ClientId ,OrganisationID ,SRCOBPOSApplicationsId ,PersonID ,VendorId ,IsActive ,SourceCreated ,SourceCreatedBy ,SourceUpdated ,SourceUpdatedBy ,ApplicationValue ,ApplicationName ,HardwareUrl ,ScaleUrl ,OrderDocNoPrefix ,QuotationDocNoPrefix ,DefaultWebPOSTab ,PrintOffline ,IsLinked ,UnlinkDevice ,LastAssignedNum ,IsMaster ,QuotationLastAssignedNum ,EMHorcusTill ,EMOBPOSCSCopyTerminal ,EmHorcusQuicklyQUTTN ,RecordSourceCode ,LOVRecordSourceId ,RunDateTime ,DLCreateDateTime  ,DLUpdateDateTime ,DLSCDStartDateTime,DLSCDEndDateTime,DLSCDActiveFlag,DLETLRunLogID ,DLCurateStandardRowKey )  VALUES(src.ODHPOSApplicationsId ,src.ClientId ,src.OrganisationID ,src.SRCOBPOSApplicationsId ,src.PersonID ,src.VendorId ,src.IsActive ,src.SourceCreated ,src.SourceCreatedBy ,src.SourceUpdated ,src.SourceUpdatedBy ,src.ApplicationValue ,src.ApplicationName ,src.HardwareUrl ,src.ScaleUrl ,src.OrderDocNoPrefix ,src.QuotationDocNoPrefix ,src.DefaultWebPOSTab ,src.PrintOffline ,src.IsLinked ,src.UnlinkDevice ,src.LastAssignedNum ,src.IsMaster ,src.QuotationLastAssignedNum ,src.EMHorcusTill ,src.EMOBPOSCSCopyTerminal ,src.EmHorcusQuicklyQUTTN ,src.RecordSourceCode,src.LOVRecordSourceId,src.RunDateTime,src.RunDateTime,src.RunDateTime,src.RunDateTime,src.RunDateTime,'N',src.DLETLRunLogID,src.DLCurateStandardRowKey) WHEN not MATCHED AND src.mergeKey = 'UPDATE' THEN INSERT(ODHPOSApplicationsId ,ClientId ,OrganisationID ,SRCOBPOSApplicationsId ,PersonID ,VendorId ,IsActive ,SourceCreated ,SourceCreatedBy ,SourceUpdated ,SourceUpdatedBy ,ApplicationValue ,ApplicationName ,HardwareUrl ,ScaleUrl ,OrderDocNoPrefix ,QuotationDocNoPrefix ,DefaultWebPOSTab ,PrintOffline ,IsLinked ,UnlinkDevice ,LastAssignedNum ,IsMaster ,QuotationLastAssignedNum ,EMHorcusTill ,EMOBPOSCSCopyTerminal ,EmHorcusQuicklyQUTTN ,RecordSourceCode,LOVRecordSourceId ,RunDateTime,DLCreateDateTime,DLUpdateDateTime,DLSCDStartDateTime,DLSCDEndDateTime,DLSCDActiveFlag,DLETLRunLogID,DLCurateStandardRowKey)  VALUES (src.ODHPOSApplicationsId ,src.ClientId ,src.OrganisationID ,src.SRCOBPOSApplicationsId ,src.PersonID ,src.VendorId ,src.IsActive ,src.SourceCreated ,src.SourceCreatedBy ,src.SourceUpdated ,src.SourceUpdatedBy ,src.ApplicationValue ,src.ApplicationName ,src.HardwareUrl ,src.ScaleUrl ,src.OrderDocNoPrefix ,src.QuotationDocNoPrefix ,src.DefaultWebPOSTab ,src.PrintOffline ,src.IsLinked ,src.UnlinkDevice ,src.LastAssignedNum ,src.IsMaster ,src.QuotationLastAssignedNum ,src.EMHorcusTill ,src.EMOBPOSCSCopyTerminal ,src.EmHorcusQuicklyQUTTN ,src.RecordSourceCode,src.LOVRecordSourceId,src.RunDateTime,src.RunDateTime,src.RunDateTime,src.RunDateTime,src.RunDateTime,'N',src.DLETLRunLogID,src.DLCurateStandardRowKey)",
			"temp_table_name": "ODHPOSApplications22222",
			"partition_column_list": ""
		},
		{
			"card_id": "card_11",
			"card_dependencies": [
				"card_23",
				"card_25",
				"card_12",
				"card_3"
			],
			"label": "Write_Delta 11",
			"card_type": "write_delta",
			"description": "Write backup Standard",
			"query": "select * from posappln11 where OBPOS_APPLICATIONS_ID not in (select SRCOBPOSApplicationsId from ODHPOSApplicationsBase) ",
			"data_path": "/mnt/idf-curatestandard/BTUKOPTIT/BUKOPMS/BTCOPT_PRACTICE_POS_TERMINAL_DETAILS_BUKOPMS_Incr/BackUp",
			"partition_key_columns": "",
			"mode": "OVERWRITE",
			"type": "GENERAL"
		}
	]
}
