{
	"$schema": "http://schema.management.azure.com/schemas/2015-01-01/deploymentTemplate.json#",
	"contentVersion": "1.0.0.0",
	"parameters": {
		"factoryName": {
			"type": "string",
			"metadata": "Data Factory name"
		},
		"AzureSynapseSQL": {
			"type": "string"
		},
		"AzureDataLakeStorage2": {
			"type": "string"
		},
		"LandingZone": {
			"type": "string"
		},
		"Hdfs1": {
			"type": "string"
		}
	},
	"variables": {
		"factoryId": "[concat('Microsoft.DataFactory/factories/', parameters('factoryName'))]"
	},
	"resources": [
		{
			"name": "[concat(parameters('factoryName'), '/PL_HDFS_ADLS_Data_Copy_CreateTables')]",
			"type": "Microsoft.DataFactory/factories/pipelines",
			"apiVersion": "2018-06-01",
			"properties": {
				"activities": [
					{
						"name": "Lookup_HDFS_ADLS_Mapping",
						"type": "Lookup",
						"dependsOn": [],
						"policy": {
							"timeout": "7.00:00:00",
							"retry": 0,
							"retryIntervalInSeconds": 30,
							"secureOutput": false,
							"secureInput": false
						},
						"userProperties": [],
						"typeProperties": {
							"source": {
								"type": "DelimitedTextSource",
								"storeSettings": {
									"type": "AzureBlobFSReadSettings",
									"recursive": true,
									"enablePartitionDiscovery": false
								},
								"formatSettings": {
									"type": "DelimitedTextReadSettings"
								}
							},
							"dataset": {
								"referenceName": "ds_hdfs_adls_mapping",
								"type": "DatasetReference",
								"parameters": {
									"filename": {
										"value": "@pipeline().parameters.sourcefile",
										"type": "Expression"
									}
								}
							},
							"firstRowOnly": false
						}
					},
					{
						"name": "Iterate_HDFS_ADLS_Mapping",
						"type": "ForEach",
						"dependsOn": [
							{
								"activity": "Lookup_HDFS_ADLS_Mapping",
								"dependencyConditions": [
									"Succeeded"
								]
							}
						],
						"userProperties": [],
						"typeProperties": {
							"items": {
								"value": "@activity('Lookup_HDFS_ADLS_Mapping').output.value",
								"type": "Expression"
							},
							"isSequential": true,
							"activities": [
								{
									"name": "Copy_HDFS_To_ADLS",
									"type": "Copy",
									"dependsOn": [],
									"policy": {
										"timeout": "7.00:00:00",
										"retry": 0,
										"retryIntervalInSeconds": 30,
										"secureOutput": false,
										"secureInput": false
									},
									"userProperties": [],
									"typeProperties": {
										"source": {
											"type": "BinarySource",
											"storeSettings": {
												"type": "HdfsReadSettings",
												"recursive": true
											},
											"formatSettings": {
												"type": "BinaryReadSettings"
											}
										},
										"sink": {
											"type": "BinarySink",
											"storeSettings": {
												"type": "AzureBlobFSWriteSettings"
											}
										},
										"enableStaging": false
									},
									"inputs": [
										{
											"referenceName": "HDFS_Binary",
											"type": "DatasetReference",
											"parameters": {
												"sourcefolderpath": "@item().Prop_0"
											}
										}
									],
									"outputs": [
										{
											"referenceName": "ADLS_Binary",
											"type": "DatasetReference",
											"parameters": {
												"ADLS_PATH": "@item().Prop_1"
											}
										}
									]
								}
							]
						}
					},
					{
						"name": "Lookup_Get_DDL_Insert_Script",
						"type": "Lookup",
						"dependsOn": [
							{
								"activity": "Iterate_HDFS_ADLS_Mapping",
								"dependencyConditions": [
									"Succeeded"
								]
							}
						],
						"policy": {
							"timeout": "7.00:00:00",
							"retry": 0,
							"retryIntervalInSeconds": 30,
							"secureOutput": false,
							"secureInput": false
						},
						"userProperties": [],
						"typeProperties": {
							"source": {
								"type": "DelimitedTextSource",
								"storeSettings": {
									"type": "AzureBlobFSReadSettings",
									"recursive": false,
									"enablePartitionDiscovery": false
								},
								"formatSettings": {
									"type": "DelimitedTextReadSettings"
								}
							},
							"dataset": {
								"referenceName": "PolybaseScript",
								"type": "DatasetReference",
								"parameters": {
									"filename": {
										"value": "@concat(substring(pipeline().parameters.sourcefile,4,sub(lastindexof(pipeline().parameters.sourcefile,'.'),4)),'_DDL.csv')",
										"type": "Expression"
									}
								}
							},
							"firstRowOnly": false
						}
					},
					{
						"name": "ForEach1_execute_storedProc",
						"type": "ForEach",
						"dependsOn": [
							{
								"activity": "Lookup_Get_DDL_Insert_Script",
								"dependencyConditions": [
									"Succeeded"
								]
							}
						],
						"userProperties": [],
						"typeProperties": {
							"items": {
								"value": "@activity('Lookup_Get_DDL_Insert_Script').output.value",
								"type": "Expression"
							},
							"activities": [
								{
									"name": "Stored procedure",
									"type": "SqlServerStoredProcedure",
									"dependsOn": [],
									"policy": {
										"timeout": "7.00:00:00",
										"retry": 0,
										"retryIntervalInSeconds": 30,
										"secureOutput": false,
										"secureInput": false
									},
									"userProperties": [],
									"typeProperties": {
										"storedProcedureName": "[[dbo].[prc_Execute_Sql]",
										"storedProcedureParameters": {
											"Operation": {
												"value": "UPDATE",
												"type": "String"
											},
											"SqlStr": {
												"value": {
													"value": "@item().Prop_0",
													"type": "Expression"
												},
												"type": "String"
											}
										}
									},
									"linkedServiceName": {
										"referenceName": "[parameters('AzureSynapseSQL')]",
										"type": "LinkedServiceReference"
									}
								}
							]
						}
					},
					{
						"name": "Lookup_Get_SQL_Insert_Script",
						"type": "Lookup",
						"dependsOn": [
							{
								"activity": "ForEach1_execute_storedProc",
								"dependencyConditions": [
									"Succeeded"
								]
							}
						],
						"policy": {
							"timeout": "7.00:00:00",
							"retry": 0,
							"retryIntervalInSeconds": 30,
							"secureOutput": false,
							"secureInput": false
						},
						"userProperties": [],
						"typeProperties": {
							"source": {
								"type": "DelimitedTextSource",
								"storeSettings": {
									"type": "AzureBlobFSReadSettings",
									"recursive": false,
									"enablePartitionDiscovery": false
								},
								"formatSettings": {
									"type": "DelimitedTextReadSettings"
								}
							},
							"dataset": {
								"referenceName": "PolybaseScript",
								"type": "DatasetReference",
								"parameters": {
									"filename": {
										"value": "@concat(substring(pipeline().parameters.sourcefile,4,sub(lastindexof(pipeline().parameters.sourcefile,'.'),4)),'_SQL.csv')",
										"type": "Expression"
									}
								}
							},
							"firstRowOnly": false
						}
					},
					{
						"name": "ForEach1_execute_storedProc_SQL",
						"type": "ForEach",
						"dependsOn": [
							{
								"activity": "Lookup_Get_SQL_Insert_Script",
								"dependencyConditions": [
									"Succeeded"
								]
							}
						],
						"userProperties": [],
						"typeProperties": {
							"items": {
								"value": "@activity('Lookup_Get_SQL_Insert_Script').output.value",
								"type": "Expression"
							},
							"activities": [
								{
									"name": "Stored procedure_copy1",
									"type": "SqlServerStoredProcedure",
									"dependsOn": [],
									"policy": {
										"timeout": "7.00:00:00",
										"retry": 0,
										"retryIntervalInSeconds": 30,
										"secureOutput": false,
										"secureInput": false
									},
									"userProperties": [],
									"typeProperties": {
										"storedProcedureName": "[[dbo].[prc_Execute_Sql]",
										"storedProcedureParameters": {
											"Operation": {
												"value": "UPDATE",
												"type": "String"
											},
											"SqlStr": {
												"value": {
													"value": "@item().Prop_0",
													"type": "Expression"
												},
												"type": "String"
											}
										}
									},
									"linkedServiceName": {
										"referenceName": "[parameters('AzureSynapseSQL')]",
										"type": "LinkedServiceReference"
									}
								}
							]
						}
					}
				],
				"parameters": {
					"sourcefile": {
						"type": "string"
					}
				},
				"folder": {
					"name": "Platform_data_Migration"
				},
				"annotations": []
			},
			"dependsOn": [
				"[concat(variables('factoryId'), '/datasets/ds_hdfs_adls_mapping')]",
				"[concat(variables('factoryId'), '/datasets/PolybaseScript')]",
				"[concat(variables('factoryId'), '/datasets/HDFS_Binary')]",
				"[concat(variables('factoryId'), '/datasets/ADLS_Binary')]"
			]
		},
		{
			"name": "[concat(parameters('factoryName'), '/ds_hdfs_adls_mapping')]",
			"type": "Microsoft.DataFactory/factories/datasets",
			"apiVersion": "2018-06-01",
			"properties": {
				"linkedServiceName": {
					"referenceName": "[parameters('AzureDataLakeStorage2')]",
					"type": "LinkedServiceReference"
				},
				"parameters": {
					"filename": {
						"type": "string"
					}
				},
				"folder": {
					"name": "Platform_Data_migration"
				},
				"annotations": [],
				"type": "DelimitedText",
				"typeProperties": {
					"location": {
						"type": "AzureBlobFSLocation",
						"fileName": {
							"value": "@dataset().filename",
							"type": "Expression"
						},
						"folderPath": "common/historical_data_migration/hdfs_adls_mapping",
						"fileSystem": "landing"
					},
					"columnDelimiter": ",",
					"escapeChar": "\\",
					"quoteChar": "\""
				},
				"schema": [
					{
						"type": "String"
					}
				]
			},
			"dependsOn": []
		},
		{
			"name": "[concat(parameters('factoryName'), '/PolybaseScript')]",
			"type": "Microsoft.DataFactory/factories/datasets",
			"apiVersion": "2018-06-01",
			"properties": {
				"linkedServiceName": {
					"referenceName": "[parameters('LandingZone')]",
					"type": "LinkedServiceReference"
				},
				"parameters": {
					"filename": {
						"type": "string"
					}
				},
				"folder": {
					"name": "Platform_Data_migration"
				},
				"annotations": [],
				"type": "DelimitedText",
				"typeProperties": {
					"location": {
						"type": "AzureBlobFSLocation",
						"fileName": {
							"value": "@dataset().filename",
							"type": "Expression"
						},
						"folderPath": "/common/historical_data_migration/Polybase_script",
						"fileSystem": "landing"
					},
					"columnDelimiter": "|",
					"escapeChar": "\\",
					"quoteChar": "\""
				},
				"schema": []
			},
			"dependsOn": []
		},
		{
			"name": "[concat(parameters('factoryName'), '/HDFS_Binary')]",
			"type": "Microsoft.DataFactory/factories/datasets",
			"apiVersion": "2018-06-01",
			"properties": {
				"linkedServiceName": {
					"referenceName": "[parameters('Hdfs1')]",
					"type": "LinkedServiceReference"
				},
				"parameters": {
					"sourcefolderpath": {
						"type": "string"
					}
				},
				"annotations": [],
				"type": "Binary",
				"typeProperties": {
					"location": {
						"type": "HdfsLocation",
						"folderPath": "data/dnaphase2/source/db/dna_phase2/pq_dnadevedwdb01__drug_therapeutic_class_irps202104292107/"
					}
				}
			},
			"dependsOn": []
		},
		{
			"name": "[concat(parameters('factoryName'), '/ADLS_Binary')]",
			"type": "Microsoft.DataFactory/factories/datasets",
			"apiVersion": "2018-06-01",
			"properties": {
				"linkedServiceName": {
					"referenceName": "[parameters('AzureDataLakeStorage2')]",
					"type": "LinkedServiceReference"
				},
				"parameters": {
					"ADLS_PATH": {
						"type": "string"
					}
				},
				"folder": {
					"name": "Platform_Data_migration"
				},
				"annotations": [],
				"type": "Binary",
				"typeProperties": {
					"location": {
						"type": "AzureBlobFSLocation",
						"folderPath": {
							"value": "@dataset().ADLS_PATH",
							"type": "Expression"
						},
						"fileSystem": "landing"
					}
				}
			},
			"dependsOn": []
		}
	]
}