{
    "project_name": "BUKOPMS",
    "config_type": "etl",
    "description": "",
    "data_source": [],
    "report_path": "/mnt/idf-reports/BTUKOPTIT/BUKOPMS/BTCOPT_PRACTICE_ORG_TYPE_DETAILS_BUKOPMS_Incr/Incremental/CurateADLS/",
    "cards": [
        {
            "card_id": "card_0",
            "card_dependencies": [],
            "label": "Read_Delta 0",
            "card_type": "read_delta",
            "description": "reading standard location",
            "data_path": "/mnt/idf-curatestandard/BTUKOPTIT/BUKOPMS/BTCOPT_PRACTICE_ORG_TYPE_DETAILS_BUKOPMS_Incr/Incremental",
            "output_table": "practice_ad_orgtype1"
        },
        {
            "card_id": "card_1",
            "card_dependencies": [
                "card_0"
            ],
            "label": "Apply_Filter 1",
            "card_type": "apply_filter",
            "description": "filtering records with RunDateTime",
            "input_table": "practice_ad_orgtype1",
            "output_table": "practice_ad_orgtype2",
            "filter": [],
            "unmatch_data": false
        },
		{
            "card_id": "card_2",
            "card_dependencies": [],
            "label": "Read_Delta 0",
            "card_type": "read_delta",
            "description": "reading standard backup location",
            "data_path": "/mnt/idf-curatestandard/BTUKOPTIT/BUKOPMS/BTCOPT_PRACTICE_ORG_TYPE_DETAILS_BUKOPMS_Incr/BackUp",
            "output_table": "practice_ad_orgtype3"
        },
		{
			"card_id": "card_4",
			"card_dependencies": [
				"card_2",
				"card_1"
			],
			"label": "Read_Table 100",
			"card_type": "read_table",
			"description": "Union with backup table",
			"query": "select * from practice_ad_orgtype2 union select * from practice_ad_orgtype3",
			"temp_table_name": "practice_ad_orgtype4",
			"partition_column_list": ""
		},
		{
			"card_id": "card_5",
			"card_dependencies": [],
			"label": "Read_Table 2",
			"card_type": "read_table",
			"description": "Read ADLS table",
			"query": "Select * from curate_enterprise.reflovsetinfo",
			"temp_table_name": "reflovsetinfo",
			"partition_column_list": ""
		},
        {
            "card_id": "card_28",
            "card_dependencies": [
                "card_1",
				"card_4"
            ],
            "label": "Read_Table 28",
            "card_type": "read_table",
            "description": "Making null void null",
            "query": "select nullif(CurateStandardRowKey, 'null') as CurateStandardRowKey,nullif(AD_ORGTYPE_ID, 'null') as AD_ORGTYPE_ID,nullif(AD_CLIENT_ID, 'null') as AD_CLIENT_ID,nullif(AD_ORG_ID, 'null') as AD_ORG_ID,nullif(ISACTIVE, 'null') as ISACTIVE,nullif(CREATED, 'null') as CREATED,nullif(CREATEDBY, 'null') as CREATEDBY,nullif(UPDATED, 'null') as UPDATED,nullif(UPDATEDBY, 'null') as UPDATEDBY,nullif(ISDEFAULT, 'null') as ISDEFAULT,nullif(NAME, 'null') as NAME,nullif(DESCRIPTION, 'null') as DESCRIPTION,nullif(ISLEGALENTITY, 'null') as ISLEGALENTITY,nullif(ISBUSINESSUNIT, 'null') as ISBUSINESSUNIT,nullif(ISTRANSACTIONSALLOWED, 'null') as ISTRANSACTIONSALLOWED,nullif(ISACCTLEGALENTITY, 'null') as ISACCTLEGALENTITY,nullif(OPERATION, 'null') as OPERATION,nullif(TIMESTAMP, 'null') as TIMESTAMP,nullif(TRANSACTIONID, 'null') as TRANSACTIONID from practice_ad_orgtype4",
            "temp_table_name": "practice_ad_orgtype28",
            "partition_column_list": ""
        },
		{
            "card_id": "card_18",
            "card_dependencies": [
				"card_28"
            ],
            "label": "Read_Table 18",
            "card_type": "read_table",
            "description": "Populating etlrunlogid",
            "query": "select s.*,r.ETLRunId as ETLRunLogIdNew from practice_ad_orgtype28 s join (select max(ETLRunId) as ETLRunId from RPI_LOGGING.RPI_COMMON_LOGGING where processstage='CurateStandard' and feedname = 'BTCOPT_PRACTICE_ORG_TYPE_DETAILS_BUKOPMS_Incr') r on (1=1)",
            "temp_table_name": "practice_ad_orgtype18",
            "partition_column_list": ""
        },
        {
            "card_id": "card_6",
            "card_dependencies": [
                "card_18"
            ],
            "label": "Read_Table 6",
            "card_type": "read_table",
            "description": "fetching latest records",
            "query": "select * from (select row_number() OVER(PARTITION BY AD_ORGTYPE_ID order BY timestamp desc,case when operation='DELETE' then 1 when operation='UPDATE' then 2 when operation='INSERT' then 3 when operation='REFRESH' then 4 end asc) as rn,row_number() OVER(PARTITION BY AD_ORGTYPE_ID,timestamp,operation order BY timestamp desc,operation desc) as rnk,* FROM practice_ad_orgtype18)t where t.rnk = 1",
            "temp_table_name": "practice_ad_orgtype5",
            "partition_column_list": ""
        },
        {
            "card_id": "card_16",
            "card_dependencies": [
                "card_6",
				"card_5"
            ],
            "label": "Read_Table 3",
            "card_type": "read_table",
            "description": "Applying Transformations",
            "query": "select md5(concat_ws('^|~',ss.AD_ORGTYPE_ID,r.LOVId)) as OrgTypeId,ss.AD_ORGTYPE_ID as SrcOrgTypeId,ss.AD_ORG_ID,s.OrganisationId as OrganisationId, ss.AD_CLIENT_ID, u.ClientId as ClientId, ss.ISACTIVE as IsActive, ss.NAME as OrgTypeName, cast(ss.CREATED as date )as SourceCreated, ss.CREATEDBY as SourceCreatedBy, cast(ss.UPDATED as date ) as SourceUpdated, ss.UPDATEDBY as SourceUpdatedBy, ss.ISDEFAULT as IsDefault, ss.DESCRIPTION as Description, ss.ISLEGALENTITY as IsLegalEntity, ss.ISBUSINESSUNIT as IsBusinessUnit, ss.ISTRANSACTIONSALLOWED as IsTransactionAllowed, ss.ISACCTLEGALENTITY as IsAcctlegalEntity,'BUKOPMS' as RecordSourceCode,r.LOVId as LOVRecordSourceId,ss.CurateStandardRowKey as DLCurateStandardRowKey,ss.ETLRunLogIdNew as DLETLRunLogID, case when ss.rn=1 and ifnull(ss.operation,'null')<>'DELETE' then 'Y' when ss.rn=1 and ifnull(ss.operation,'null')='DELETE' then 'D' else 'N' end as DLSCDActiveFlag from practice_ad_orgtype5 ss join ( select LOVId from reflovsetinfo where lovkey='BUKOPMS' and lovsetname='System of Record' and LOVRecordsourceid='12012') r on(1=1) left join (select OrganisationId,SRCAdOrgId from curate_enterprise.ODHADOrg where RecordSourceCode='BUKOPMS' and DLSCDActiveFlag='Y') s on s.SRCAdOrgId=ss.AD_ORG_ID left join (select ClientId,SRCClientId from curate_enterprise.ODHClient where RecordSourceCode='BUKOPMS' and DLSCDActiveFlag='Y') u on u.SRCClientId=ss.AD_CLIENT_ID  where (ss.AD_ORGTYPE_ID is not null or ss.AD_ORGTYPE_ID <> 'null') and (ss.NAME is not null or ss.NAME <> 'null')",
            "temp_table_name": "practice_ad_orgtype16",
            "partition_column_list": ""
        },
        {
            "card_id": "card_17",
            "card_dependencies": [
                "card_16"
            ],
            "label": "Read_Table 25",
            "card_type": "read_table",
            "description": "Filtering Records",
            "query": "select cast(OrgTypeId as string),cast(SRCOrgTypeId as string),cast(OrganisationID as string),cast(ClientId as string),cast(IsActive as string),cast(OrgTypeName as string),cast(SourceCreated as date),cast(SourceCreatedBy as string),cast(SourceUpdated as date),cast(SourceUpdatedBy as string),cast(IsDefault as string),cast(Description as string),cast(IsLegalEntity as string),cast(IsBusinessUnit as string),cast(IsTransactionAllowed as string),cast(IsAcctLegalEntity as string),cast(RecordSourceCode as string),cast(LOVRecordSourceId as int),current_timestamp as RunDateTime,cast(DLSCDActiveFlag as string),cast(DLETLRunLogID as int) as DLETLRunLogID,cast(DLCurateStandardRowKey as bigint) from practice_ad_orgtype16",
            "temp_table_name": "practice_ad_orgtype17",
            "partition_column_list": ""
        },
        {
            "card_id": "card_23",
            "card_dependencies": [
                "card_17"
            ],
            "label": "Read_Table 23",
            "card_type": "read_table",
            "description": "Insert in ADLS",
            "query": "MERGE INTO curate_enterprise.ODHOrgType T USING (SELECT case when s.dlscdactiveflag='Y' then s.OrgTypeId else 'DEACTIVATE' end as mergeKey, s.* FROM practice_ad_orgtype17 s where s.dlscdactiveflag<>'D' UNION ALL SELECT 'UPDATE' as mergeKey, source.* FROM practice_ad_orgtype17 source JOIN curate_enterprise.ODHOrgType Target ON source.OrgTypeId = Target.OrgTypeId WHERE Target.DLSCDActiveFlag = 'Y' and source.DLSCDActiveFlag = 'Y') src ON T.OrgTypeId = src.mergeKey AND T.DLSCDActiveFlag = 'Y' when matched THEN UPDATE SET DLSCDActiveFlag = 'N', DLSCDEndDateTime = src.RunDateTime ,DLUpdateDateTime = src.RunDateTime WHEN not MATCHED AND src.mergeKey <> 'UPDATE' and src.mergekey <> 'DEACTIVATE' THEN INSERT(OrgTypeId,SRCOrgTypeId,OrganisationID,ClientId,IsActive,OrgTypeName,SourceCreated,SourceCreatedBy,SourceUpdated,SourceUpdatedBy,IsDefault,Description,IsLegalEntity,IsBusinessUnit,IsTransactionAllowed,IsAcctLegalEntity,RecordSourceCode,LovRecordSourceId ,RunDateTime,DLCreateDateTime,DLUpdateDateTime,DLSCDStartDateTime,DLSCDEndDateTime,DLSCDActiveFlag,DLETLRunLogID,DLCurateStandardRowKey)  VALUES(src.OrgTypeId,src.SRCOrgTypeId,src.OrganisationID,src.ClientId,src.IsActive,src.OrgTypeName,src.SourceCreated,src.SourceCreatedBy,src.SourceUpdated,src.SourceUpdatedBy,src.IsDefault,src.Description,src.IsLegalEntity,src.IsBusinessUnit,src.IsTransactionAllowed,src.IsAcctLegalEntity,src.RecordSourceCode,src.LOVRecordSourceId,src.RunDateTime,src.RunDateTime,src.RunDateTime,'1900-01-01 00:00:00.000','9999-12-31 00:00:00.000',src.DLSCDActiveFlag,src.DLETLRunLogID,src.DLCurateStandardRowKey) WHEN not MATCHED AND src.mergeKey = 'UPDATE' THEN INSERT(OrgTypeId,SRCOrgTypeId,OrganisationID,ClientId,IsActive,OrgTypeName,SourceCreated,SourceCreatedBy,SourceUpdated,SourceUpdatedBy,IsDefault,Description,IsLegalEntity,IsBusinessUnit,IsTransactionAllowed,IsAcctLegalEntity,RecordSourceCode,LovRecordSourceId ,RunDateTime,DLCreateDateTime,DLUpdateDateTime,DLSCDStartDateTime,DLSCDEndDateTime,DLSCDActiveFlag,DLETLRunLogID,DLCurateStandardRowKey)  VALUES(src.OrgTypeId,src.SRCOrgTypeId,src.OrganisationID,src.ClientId,src.IsActive,src.OrgTypeName,src.SourceCreated,src.SourceCreatedBy,src.SourceUpdated,src.SourceUpdatedBy,src.IsDefault,src.Description,src.IsLegalEntity,src.IsBusinessUnit,src.IsTransactionAllowed,src.IsAcctLegalEntity,src.RecordSourceCode,src.LOVRecordSourceId,src.RunDateTime,src.RunDateTime,src.RunDateTime,src.RunDateTime,'9999-12-31 00:00:00.000',src.DLSCDActiveFlag,src.DLETLRunLogID,src.DLCurateStandardRowKey) WHEN not MATCHED AND src.mergeKey = 'DEACTIVATE' THEN INSERT(OrgTypeId,SRCOrgTypeId,OrganisationID,ClientId,IsActive,OrgTypeName,SourceCreated,SourceCreatedBy,SourceUpdated,SourceUpdatedBy,IsDefault,Description,IsLegalEntity,IsBusinessUnit,IsTransactionAllowed,IsAcctLegalEntity,RecordSourceCode,LovRecordSourceId ,RunDateTime,DLCreateDateTime,DLUpdateDateTime,DLSCDStartDateTime,DLSCDEndDateTime,DLSCDActiveFlag,DLETLRunLogID,DLCurateStandardRowKey)  VALUES(src.OrgTypeId,src.SRCOrgTypeId,src.OrganisationID,src.ClientId,src.IsActive,src.OrgTypeName,src.SourceCreated,src.SourceCreatedBy,src.SourceUpdated,src.SourceUpdatedBy,src.IsDefault,src.Description,src.IsLegalEntity,src.IsBusinessUnit,src.IsTransactionAllowed,src.IsAcctLegalEntity,src.RecordSourceCode,src.LOVRecordSourceId,src.RunDateTime,src.RunDateTime,src.RunDateTime,src.RunDateTime,src.RunDateTime,src.DLSCDActiveFlag,src.DLETLRunLogID,src.DLCurateStandardRowKey)",
            "temp_table_name": "practice_ad_orgtype2",
            "partition_column_list": ""
        },
        {
            "card_id": "card_23033",
            "card_dependencies": [
                "card_23",
				"card_17"
            ],
            "label": "Read_Table 23033",
            "card_type": "read_table",
            "description": "Insert in ADLS",
            "query": "MERGE INTO curate_enterprise.ODHOrgType T USING (SELECT s.OrgTypeId as MergeKey,s.* FROM practice_ad_orgtype17 s where s.dlscdactiveflag='D' UNION ALL SELECT 'UPDATE' as mergeKey, source.* FROM practice_ad_orgtype17 source JOIN curate_enterprise.ODHOrgType Target ON source.OrgTypeId = Target.OrgTypeId WHERE Target.DLSCDActiveFlag = 'Y' and source.dlscdactiveflag='D') src ON T.OrgTypeId = src.mergeKey AND T.DLSCDActiveFlag = 'Y' when matched THEN UPDATE SET DLSCDActiveFlag = 'N', DLSCDEndDateTime = src.RunDateTime ,DLUpdateDateTime = src.RunDateTime WHEN not MATCHED AND src.mergeKey = 'UPDATE' THEN INSERT(OrgTypeId,SRCOrgTypeId,OrganisationID,ClientId,IsActive,OrgTypeName,SourceCreated,SourceCreatedBy,SourceUpdated,SourceUpdatedBy,IsDefault,Description,IsLegalEntity,IsBusinessUnit,IsTransactionAllowed,IsAcctLegalEntity,RecordSourceCode,LovRecordSourceId ,RunDateTime,DLCreateDateTime,DLUpdateDateTime,DLSCDStartDateTime,DLSCDEndDateTime,DLSCDActiveFlag,DLETLRunLogID,DLCurateStandardRowKey)  VALUES(src.OrgTypeId,src.SRCOrgTypeId,src.OrganisationID,src.ClientId,src.IsActive,src.OrgTypeName,src.SourceCreated,src.SourceCreatedBy,src.SourceUpdated,src.SourceUpdatedBy,src.IsDefault,src.Description,src.IsLegalEntity,src.IsBusinessUnit,src.IsTransactionAllowed,src.IsAcctLegalEntity,src.RecordSourceCode,src.LOVRecordSourceId,src.RunDateTime,src.RunDateTime,src.RunDateTime,src.RunDateTime,src.RunDateTime,'N',src.DLETLRunLogID,src.DLCurateStandardRowKey) WHEN not MATCHED AND src.mergeKey <> 'UPDATE' THEN INSERT(OrgTypeId,SRCOrgTypeId,OrganisationID,ClientId,IsActive,OrgTypeName,SourceCreated,SourceCreatedBy,SourceUpdated,SourceUpdatedBy,IsDefault,Description,IsLegalEntity,IsBusinessUnit,IsTransactionAllowed,IsAcctLegalEntity,RecordSourceCode,LovRecordSourceId ,RunDateTime,DLCreateDateTime,DLUpdateDateTime,DLSCDStartDateTime,DLSCDEndDateTime,DLSCDActiveFlag,DLETLRunLogID,DLCurateStandardRowKey)  VALUES(src.OrgTypeId,src.SRCOrgTypeId,src.OrganisationID,src.ClientId,src.IsActive,src.OrgTypeName,src.SourceCreated,src.SourceCreatedBy,src.SourceUpdated,src.SourceUpdatedBy,src.IsDefault,src.Description,src.IsLegalEntity,src.IsBusinessUnit,src.IsTransactionAllowed,src.IsAcctLegalEntity,src.RecordSourceCode,src.LOVRecordSourceId,src.RunDateTime,src.RunDateTime,src.RunDateTime,src.RunDateTime,src.RunDateTime,'N',src.DLETLRunLogID,src.DLCurateStandardRowKey)",
            "temp_table_name": "practice_ad_orgtype23033",
            "partition_column_list": ""
        },
		{
			"card_id": "card_14",
			"card_dependencies": [
				"card_4",
				"card_17"
			],
			"label": "Write_Delta 13",
			"card_type": "write_delta",
			"description": "Write backup Standard",
			"query": "select * from practice_ad_orgtype4 where AD_ORGTYPE_ID not in (select SrcOrgTypeId from practice_ad_orgtype17)",
			"data_path": "/mnt/idf-curatestandard/BTUKOPTIT/BUKOPMS/BTCOPT_PRACTICE_ORG_TYPE_DETAILS_BUKOPMS_Incr/BackUp",
			"partition_key_columns": "",
			"mode": "OVERWRITE",
			"type": "GENERAL"
		}
	]	
}


