<assembly xmlns="http://maven.apache.org/ASSEMBLY/2.0.0" xmlns:xsi="http://www.w3.org/2001/XMLSchema-instance"
	xsi:schemaLocation="http://maven.apache.org/ASSEMBLY/2.0.0 http://maven.apache.org/xsd/assembly-2.0.0.xsd">
	<formats>
		<format>zip</format>
	</formats>
	<includeBaseDirectory>false</includeBaseDirectory>
	<fileSets>
		<fileSet>
			<directory>${project.build.directory}/azure-functions/${functionAppName}</directory>
			<outputDirectory>/</outputDirectory>
			<excludes>
				<exclude>local.settings.json</exclude>
			</excludes>
		</fileSet>
	</fileSets>
</assembly>