{
	"project_name": "BUKOPMS",
	"config_type": "etl",
	"description": "",
	"data_source": [],
	"report_path": "/mnt/idf-reports/BTUKOPTIT/BUKOPMS/BTCOPT_PATIENT_PATIENT_BOOKING_DETAILS_ADDITIONAL_INFO_BUKOPMS_Incr/Incremental/CurateADLS/",
	"cards": [
		{
			"card_id": "card_0",
			"card_dependencies": [],
			"label": "Read_Delta 0",
			"card_type": "read_delta",
			"description": "reading standard location",
			"data_path": "/mnt/idf-curatestandard/BTUKOPTIT/BUKOPMS/BTCOPT_PATIENT_PATIENT_BOOKING_DETAILS_ADDITIONAL_INFO_BUKOPMS_Incr/Incremental",
			"output_table": "ODHPatientAppointment1"
		},
		{
			"card_id": "card_1",
			"card_dependencies": [
				"card_0"
			],
			"label": "Apply_Filter 1",
			"card_type": "apply_filter",
			"description": "filtering records with RunDateTime",
			"input_table": "ODHPatientAppointment1",
			"output_table": "ODHPatientAppointment2",
			"filter": [],
			"unmatch_data": false
		},
		{
			"card_id": "card_2",
			"card_dependencies": [],
			"label": "Read_Table 2",
			"card_type": "read_table",
			"description": "Read ADLS table",
			"query": "Select * from curate_enterprise.reflovsetinfo",
			"temp_table_name": "reflovsetinfo",
			"partition_column_list": ""
		},
		{
			"card_id": "card_13",
			"card_dependencies": [],
			"label": "Read_Delta 13",
			"card_type": "read_delta",
			"description": "reading standard backup location",
			"data_path": "/mnt/idf-curatestandard/BTUKOPTIT/BUKOPMS/BTCOPT_PATIENT_PATIENT_BOOKING_DETAILS_ADDITIONAL_INFO_BUKOPMS_Incr/BackUp",
			"output_table": "ODHPatientAppointment12"
		},
		{
			"card_id": "card_12",
			"card_dependencies": [
				"card_13",
				"card_1"
			],
			"label": "Read_Table 12",
			"card_type": "read_table",
			"description": "Union with backup table",
			"query": "select * from ODHPatientAppointment2 union select * from ODHPatientAppointment12",
			"temp_table_name": "ODHPatientAppointment11",
			"partition_column_list": ""
		},
		{
			"card_id": "card_4",
			"card_dependencies": [
				"card_12"
			],
			"label": "Read_Table 4",
			"card_type": "read_table",
			"description": "fetching latest records",
			"query": "select * from (select row_number() OVER(PARTITION BY QFLOW_CUSTOMER_ID order BY timestamp desc,case when operation='DELETE' then 1 when operation='UPDATE' then 2 when operation='INSERT' then 3 when operation='REFRESH' then 4 end asc) as rn,row_number() OVER(PARTITION BY QFLOW_CUSTOMER_ID,timestamp,operation order BY timestamp desc,operation desc) as rnk,* FROM ODHPatientAppointment11)t where t.rnk = 1",
			"temp_table_name": "ODHPatientAppointment5",
			"partition_column_list": ""
		},
		{
			"card_id": "card_18",
			"card_dependencies": [
				"card_4"
			],
			"label": "Read_Table 18",
			"card_type": "read_table",
			"description": "Populating etlrunlogid",
			"query": "select s.*,r.ETLRunId as ETLRunLogIdNew from ODHPatientAppointment5 s join (select max(ETLRunId) as ETLRunId from RPI_LOGGING.RPI_COMMON_LOGGING where processstage='CurateStandard' and feedname = 'BTCOPT_PATIENT_PATIENT_BOOKING_DETAILS_ADDITIONAL_INFO_BUKOPMS_Incr') r on (1=1)",
			"temp_table_name": "ODHPatientAppointmentlog",
			"partition_column_list": ""
		},
		{
			"card_id": "card_20",
			"card_dependencies": [
				"card_18",
				"card_2"
			],
			"label": "Read_Table 20",
			"card_type": "read_table",
			"description": "Applying Transformations",
			"query": "select distinct cast(md5(concat_ws('^|~',s.QFLOW_CUSTOMER_ID,r.LOVId)) as string) as PatientAppointmentId,c.PersonId,s.ID as SRCAppointmentId,s.QFLOW_CUSTOMER_ID as QFlowCustomerId,s.TITLE as Title,s.FIRST_NAME as FirstName,s.LAST_NAME as LastName,s.DOB as DOB ,s.ADDRESS as Address,s.UPDATE_TIME as UpdateTime,nullif(s.DELETED,'null') as Deleted,s.VERSION as Version,s.MATCH_STATUS as MatchStatus,s.TEL_NUMBER as TelNumber,s.EMAIL as email,'BUKOPMS' as RecordSourceCode,r.LOVId as LOVRecordSourceId,s.CurateStandardRowKey as DLCurateStandardRowKey,s.ETLRunLogIdNew as DLETLRunLogID,current_timestamp as RunDateTime,case when s.rn=1 and ifnull(s.operation,'null')<>'DELETE' then 'Y' when s.rn=1 and ifnull(s.operation,'null')='DELETE' then 'D' else 'N' end as DLSCDActiveFlag from ODHPatientAppointmentlog s join (select LOVId from reflovsetinfo where lovkey='BUKOPMS' and lovsetname='System of Record' and LOVRecordsourceid='12012') r on(1=1) left join (select PersonId,CustomerNumber from curate_enterprise.Person where RecordSourceCode='BUKOPMS' and DLSCDActiveFlag='Y' and CustomerTypeName='ODH Patient')c on c.CustomerNumber=s.OPS_CUSTOMER_ID where s.OPS_CUSTOMER_ID is not null",
			"temp_table_name": "ODHPatientAppointment",
			"partition_column_list": ""
		},
		{
			"card_id": "card_25",
			"card_dependencies": [
				"card_20"
			],
			"label": "Read_Table 25",
			"card_type": "read_table",
			"description": "Filtering Records",
			"query": "select cast(PatientAppointmentId as   string) ,cast(SRCAppointmentId as   string) ,cast(QFlowCustomerId as   string) ,cast(Title as   string) ,cast(FirstName as   string) ,cast(LastName as   string) ,cast(DOB as    date  ) ,cast(Address as     string) ,cast(UpdateTime as  timestamp) ,cast(Deleted as string) ,cast(Version as string) ,cast(MatchStatus as string) ,cast(TelNumber as string) ,cast(Email as string) ,cast(LOVRecordSourceId  as     int   ) ,cast(RecordSourceCode   as     string) ,cast(PersonID as string) ,cast(RunDateTime as timestamp),cast(DLETLRunLogID as int   ) ,cast(DLCurateStandardRowKey   as bigint),DLSCDActiveFlag from ODHPatientAppointment where PersonId is not null",
			"temp_table_name": "ODHPatientAppointment2",
			"partition_column_list": ""
		},
		{
			"card_id": "card_23",
			"card_dependencies": [
				"card_25"
			],
			"label": "Read_Table 23",
			"card_type": "read_table",
			"description": "Insert in ADLS",
			"query": "MERGE INTO curate_enterprise.ODHPatientAppointment T USING ( SELECT case when s.dlscdactiveflag='Y' then s.QFlowCustomerId else 'DEACTIVATE' end as mergeKey,s.* FROM ODHPatientAppointment2 s where s.dlscdactiveflag<>'D' UNION ALL SELECT 'UPDATE' as mergeKey, source.* FROM ODHPatientAppointment2 source JOIN curate_enterprise.ODHPatientAppointment Target ON source.QFlowCustomerId = Target.QFlowCustomerId and source.LOVRecordSourceId = Target.LOVRecordSourceId WHERE Target.DLSCDActiveFlag = 'Y' and source.DLSCDActiveFlag = 'Y') src ON T.QFlowCustomerId = src.mergeKey AND T.DLSCDActiveFlag = 'Y' when matched THEN UPDATE SET DLSCDActiveFlag = 'N', DLSCDEndDateTime = src.RunDateTime ,DLUpdateDateTime = src.RunDateTime WHEN not MATCHED AND src.mergeKey <> 'UPDATE' and src.mergekey <> 'DEACTIVATE' THEN INSERT(PatientAppointmentId ,PersonId ,SRCAppointmentId ,QFlowCustomerId ,Title ,FirstName ,LastName ,DOB ,Address ,UpdateTime ,Deleted ,Version ,MatchStatus,TelNumber ,Email, RecordSourceCode,LOVRecordSourceId ,RunDateTime,DLCreateDateTime,DLUpdateDateTime,DLSCDStartDateTime,DLSCDEndDateTime,DLSCDActiveFlag,DLETLRunLogID,DLCurateStandardRowKey)  VALUES(src.PatientAppointmentId ,src.PersonId ,src.SRCAppointmentId ,src.QFlowCustomerId ,src.Title ,src.FirstName ,src.LastName ,src.DOB ,src.Address ,src.UpdateTime ,src.Deleted ,src.Version ,src.MatchStatus,src.TelNumber ,src.Email,src.RecordSourceCode,src.LOVRecordSourceId,src.RunDateTime,src.RunDateTime,src.RunDateTime,'1900-01-01 00:00:00.000','9999-12-31 00:00:00.000',src.DLSCDActiveFlag,src.DLETLRunLogID,src.DLCurateStandardRowKey) WHEN not MATCHED AND src.mergeKey = 'UPDATE' THEN INSERT(PatientAppointmentId ,PersonId ,SRCAppointmentId ,QFlowCustomerId ,Title ,FirstName ,LastName ,DOB ,Address ,UpdateTime ,Deleted ,Version ,MatchStatus,TelNumber ,Email, RecordSourceCode,LOVRecordSourceId ,RunDateTime,DLCreateDateTime,DLUpdateDateTime,DLSCDStartDateTime,DLSCDEndDateTime,DLSCDActiveFlag,DLETLRunLogID,DLCurateStandardRowKey)  VALUES(src.PatientAppointmentId ,src.PersonId ,src.SRCAppointmentId ,src.QFlowCustomerId ,src.Title ,src.FirstName ,src.LastName ,src.DOB ,src.Address ,src.UpdateTime ,src.Deleted ,src.Version ,src.MatchStatus,src.TelNumber ,src.Email,src.RecordSourceCode,src.LOVRecordSourceId,src.RunDateTime,src.RunDateTime,src.RunDateTime,src.RunDateTime,'9999-12-31 00:00:00.000',src.DLSCDActiveFlag,src.DLETLRunLogID,src.DLCurateStandardRowKey) WHEN not MATCHED AND src.mergeKey = 'DEACTIVATE' THEN INSERT(PatientAppointmentId ,PersonId ,SRCAppointmentId ,QFlowCustomerId ,Title ,FirstName ,LastName ,DOB ,Address ,UpdateTime ,Deleted ,Version ,MatchStatus,TelNumber ,Email, RecordSourceCode,LOVRecordSourceId ,RunDateTime,DLCreateDateTime,DLUpdateDateTime,DLSCDStartDateTime,DLSCDEndDateTime,DLSCDActiveFlag,DLETLRunLogID,DLCurateStandardRowKey)  VALUES(src.PatientAppointmentId ,src.PersonId ,src.SRCAppointmentId ,src.QFlowCustomerId ,src.Title ,src.FirstName ,src.LastName ,src.DOB ,src.Address ,src.UpdateTime ,src.Deleted ,src.Version,src.MatchStatus,src.TelNumber,src.Email,src.RecordSourceCode,src.LOVRecordSourceId,src.RunDateTime,src.RunDateTime,src.RunDateTime,src.RunDateTime,src.RunDateTime,src.DLSCDActiveFlag,src.DLETLRunLogID,src.DLCurateStandardRowKey)",
			"temp_table_name": "ODHPatientAppointment1",
			"partition_column_list": ""
		},
		{
			"card_id": "card_23033",
			"card_dependencies": [
				"card_23"
			],
			"label": "Read_Table 23033",
			"card_type": "read_table",
			"description": "Insert in ADLS",
			"query": "MERGE INTO curate_enterprise.ODHPatientAppointment T USING (SELECT s.QFlowCustomerId as MergeKey,s.* FROM ODHPatientAppointment2 s where s.dlscdactiveflag='D' UNION ALL SELECT 'UPDATE' as mergeKey, source.* FROM ODHPatientAppointment2 source JOIN curate_enterprise.ODHPatientAppointment Target ON source.QFlowCustomerId = Target.QFlowCustomerId WHERE Target.DLSCDActiveFlag = 'Y' and source.dlscdactiveflag='D') src ON T.QFlowCustomerId = src.mergeKey AND T.DLSCDActiveFlag = 'Y' when matched THEN UPDATE SET DLSCDActiveFlag = 'N', DLSCDEndDateTime = src.RunDateTime ,DLUpdateDateTime = src.RunDateTime WHEN not MATCHED AND src.mergeKey = 'UPDATE' THEN INSERT(PatientAppointmentId ,PersonId ,SRCAppointmentId ,QFlowCustomerId ,Title ,FirstName ,LastName ,DOB ,Address ,UpdateTime ,Deleted ,Version ,MatchStatus,TelNumber ,Email, RecordSourceCode,LOVRecordSourceId ,RunDateTime,DLCreateDateTime,DLUpdateDateTime,DLSCDStartDateTime,DLSCDEndDateTime,DLSCDActiveFlag,DLETLRunLogID,DLCurateStandardRowKey)  VALUES(src.PatientAppointmentId ,src.PersonId ,src.SRCAppointmentId ,src.QFlowCustomerId ,src.Title ,src.FirstName ,src.LastName ,src.DOB ,src.Address ,src.UpdateTime ,src.Deleted ,src.Version,src.MatchStatus,src.TelNumber,src.Email,src.RecordSourceCode,src.LOVRecordSourceId,src.RunDateTime,src.RunDateTime,src.RunDateTime,src.RunDateTime,src.RunDateTime,'N',src.DLETLRunLogID,src.DLCurateStandardRowKey) WHEN not MATCHED AND src.mergeKey <> 'UPDATE' THEN INSERT(PatientAppointmentId ,PersonId ,SRCAppointmentId ,QFlowCustomerId ,Title ,FirstName ,LastName ,DOB ,Address ,UpdateTime ,Deleted ,Version ,MatchStatus,TelNumber ,Email, RecordSourceCode,LOVRecordSourceId ,RunDateTime,DLCreateDateTime,DLUpdateDateTime,DLSCDStartDateTime,DLSCDEndDateTime,DLSCDActiveFlag,DLETLRunLogID,DLCurateStandardRowKey)  VALUES(src.PatientAppointmentId ,src.PersonId ,src.SRCAppointmentId ,src.QFlowCustomerId ,src.Title ,src.FirstName ,src.LastName ,src.DOB ,src.Address ,src.UpdateTime ,src.Deleted ,src.Version,src.MatchStatus,src.TelNumber,src.Email,src.RecordSourceCode,src.LOVRecordSourceId,src.RunDateTime,src.RunDateTime,src.RunDateTime,src.RunDateTime,src.RunDateTime,'N',src.DLETLRunLogID,src.DLCurateStandardRowKey)",
			"temp_table_name": "ODHPatientAppointment23033",
			"partition_column_list": ""
		},
		{
			"card_id": "card_11",
			"card_dependencies": [
				"card_20",
				"card_12"
			],
			"label": "Write_Delta 11",
			"card_type": "write_delta",
			"description": "Write backup Standard",
			"query": "select * from ODHPatientAppointment11 where QFLOW_CUSTOMER_ID not in (select QFlowCustomerId from ODHPatientAppointment where PersonId is not null)",
			"data_path": "/mnt/idf-curatestandard/BTUKOPTIT/BUKOPMS/BTCOPT_PATIENT_PATIENT_BOOKING_DETAILS_ADDITIONAL_INFO_BUKOPMS_Incr/BackUp",
			"partition_key_columns": "",
			"mode": "OVERWRITE",
			"type": "GENERAL"
		}
	]
}
