{
	"project_name": "BUKOPMS",
	"config_type": "etl",
	"description": "",
	"data_source": [],
	"report_path": "/mnt/idf-reports/BTUKOPTIT/BUKOPMS/BTCOPT_PATIENT_CUSTOMER_IDENTIFIER_DETAILS_BUKOPMS_Incr/Incremental/CurateADLS/",
	"cards": [
		{
			"card_id": "card_0",
			"card_dependencies": [],
			"label": "Read_Delta 0",
			"card_type": "read_delta",
			"description": "reading standard location",
			"data_path": "/mnt/idf-curatestandard/BTUKOPTIT/BUKOPMS/BTCOPT_PATIENT_CUSTOMER_IDENTIFIER_DETAILS_BUKOPMS_Incr/Incremental",
			"output_table": "Identifier1"
		},
		{
			"card_id": "card_1",
			"card_dependencies": [
				"card_0"
			],
			"label": "Apply_Filter 1",
			"card_type": "apply_filter",
			"description": "filtering records with RunDateTime",
			"input_table": "Identifier1",
			"output_table": "Identifier2",
			"filter": [],
			"unmatch_data": false
		},
		{
			"card_id": "card_2",
			"card_dependencies": [],
			"label": "Read_Table 2",
			"card_type": "read_table",
			"description": "Read ADLS table",
			"query": "select * from curate_enterprise.reflovsetinfo",
			"temp_table_name": "reflovsetinfo",
			"partition_column_list": ""
		},
		{
			"card_id": "card_13",
			"card_dependencies": [],
			"label": "Read_Delta 13",
			"card_type": "read_delta",
			"description": "reading standard backup location",
			"data_path": "/mnt/idf-curatestandard/BTUKOPTIT/BUKOPMS/BTCOPT_PATIENT_CUSTOMER_IDENTIFIER_DETAILS_BUKOPMS_Incr/BackUp",
			"output_table": "Identifier12"
		},
		{
			"card_id": "card_12",
			"card_dependencies": [
				"card_13",
				"card_1"
			],
			"label": "Read_Table 12",
			"card_type": "read_table",
			"description": "Union with backup table",
			"query": "select * from Identifier2 union select * from Identifier12",
			"temp_table_name": "Identifier11",
			"partition_column_list": ""
		},
		{
			"card_id": "card_9999",
			"card_dependencies": [
				"card_12"
			],
			"label": "Read_Table 9999",
			"card_type": "read_table",
			"description": "null logic",
			"query": "select nullif( CurateStandardRowKey ,'null') as CurateStandardRowKey ,nullif( id ,'null') as id,nullif( identifier_code ,'null') as identifier_code,nullif( identifier_type ,'null') as identifier_type,nullif( customer_code ,'null') as customer_code,nullif( start_date ,'null') as start_date,nullif( expiry_date ,'null') as expiry_date,nullif( active ,'null') as active,nullif( deleted ,'null') as deleted,nullif( changed_status_date ,'null') as changed_status_date,nullif( lastupdate_timestamp ,'null') as lastupdate_timestamp,nullif( validated ,'null') as validated,nullif( hash_code ,'null') as hash_code,nullif( external_ref ,'null') as external_ref,nullif( guest ,'null') as guest,nullif( operation ,'null') as operation,nullif( timestamp ,'null') as timestamp,nullif( transactionid ,'null') as transactionid,nullif( RunDateTime ,'null') as RunDateTime,nullif( Year ,'null') as Year,nullif( Month ,'null') as Month,nullif( Day ,'null') as Day from Identifier11 ",
			"temp_table_name": "nulllogic9999",
			"partition_column_list": ""
		},
		{
			"card_id": "card_18",
			"card_dependencies": [
				"card_9999"
			],
			"label": "Read_Table 18",
			"card_type": "read_table",
			"description": "Populating etlrunlogid",
			"query": "select s.*,r.ETLRunId as ETLRunLogIdNew from nulllogic9999 s join (select max(ETLRunId) as ETLRunId from RPI_LOGGING.RPI_COMMON_LOGGING where processstage='CurateStandard' and feedname = 'BTCOPT_PATIENT_CUSTOMER_IDENTIFIER_DETAILS_BUKOPMS_Incr') r on (1=1)",
			"temp_table_name": "Identifierlog",
			"partition_column_list": ""
		},
		{
			"card_id": "card_30",
			"card_dependencies": [
				"card_18"
			],
			"label": "Read_Table 30",
			"card_type": "read_table",
			"description": "fetching latest records",
			"query": "select * from (select row_number() OVER(PARTITION BY IDENTIFIER_CODE order BY timestamp desc,case when operation='DELETE' then 1 when operation='UPDATE' then 2 when operation='INSERT' then 3 when operation='REFRESH' then 4 end asc) as rn,row_number() OVER(PARTITION BY IDENTIFIER_CODE,timestamp,operation order BY timestamp desc,operation desc) as rnk,* FROM Identifierlog)t where t.rnk = 1",
			"temp_table_name": "Identifierlog1",
			"partition_column_list": ""
		},
		{
			"card_id": "card_20",
			"card_dependencies": [
				"card_18",
				"card_2",
				"card_30"
			],
			"label": "Read_Table 20",
			"card_type": "read_table",
			"description": "Applying Transformations",
			"query": "select distinct md5(concat_ws('^|~',s.IDENTIFIER_CODE,r.LOVId))  as PatientIdentifierId , ss.PersonId as PersonId , s.Id as SRCPatientIdentifierId,s.IDENTIFIER_CODE as IdentifierCode,s.IDENTIFIER_TYPE as IdentifierType,s.START_DATE as StartDate,s.EXPIRY_DATE as ExpiryDate,s.ACTIVE as Active, nullif(s.DELETED , 'null') as Deleted,s.CHANGED_STATUS_DATE as ChangedStatusDate,s.LASTUPDATE_TIMESTAMP as LastUpdateTimestamp,s.VALIDATED as Validated,s.HASH_CODE as HashCode,s.EXTERNAL_REF as ExternalRef,s.GUEST as Guest ,'BUKOPMS' as RecordSourceCode,r.LOVId as LOVRecordSourceId,s.CurateStandardRowKey as DLCurateStandardRowKey,s.ETLRunLogIdNew as DLETLRunLogID,current_timestamp as RunDateTime,case when s.rn=1 and ifnull(s.operation,'null')<>'DELETE' then 'Y' when s.rn=1 and ifnull(s.operation,'null')='DELETE' then 'D' else 'N' end as DLSCDActiveFlag from Identifierlog1 s join (select LOVId from reflovsetinfo where lovkey='BUKOPMS' and lovsetname='System of Record' and LOVRecordsourceid='12012') r on(1=1) left join (select PersonId,CustomerNumber from curate_enterprise.Person where RecordSourceCode='BUKOPMS' and DLSCDActiveFlag='Y' and customertypename = 'ODH Patient')ss on ss.CustomerNumber = s.CUSTOMER_CODE where s.Id is not null and s.IDENTIFIER_CODE is not null",
			"temp_table_name": "ODHPatientIdentifier",
			"partition_column_list": ""
		},
		{
			"card_id": "card_25",
			"card_dependencies": [
				"card_20"
			],
			"label": "Read_Table 25",
			"card_type": "read_table",
			"description": "Filtering Records",
			"query": "select cast(PatientIdentifierId as string), cast(PersonID as string), cast(SRCPatientIdentifierId as string), cast(IdentifierCode as string), cast(IdentifierType as string), cast(StartDate as date), cast(ExpiryDate as date), cast(Active as smallint), cast(Deleted as string), cast(ChangedStatusDate as date), cast(LastUpdateTimeStamp as timestamp), cast(Validated as smallint), cast(HashCode as string), cast(ExternalRef as string), cast(Guest as smallint),cast(RecordSourceCode as string),cast(LOVRecordSourceId as int) ,RunDateTime,cast(DLETLRunLogID as int),cast(DLCurateStandardRowKey as bigint),DLSCDActiveFlag from ODHPatientIdentifier where personId is not Null",
			"temp_table_name": "ODHPatientIdentifier2",
			"partition_column_list": ""
		},
		{
			"card_id": "card_23",
			"card_dependencies": [
				"card_25"
			],
			"label": "Read_Table 23",
			"card_type": "read_table",
			"description": "Insert in ADLS",
			"query": "MERGE INTO curate_enterprise.ODHPatientIdentifier T USING (SELECT case when s.dlscdactiveflag='Y' then s.IdentifierCode else 'DEACTIVATE' end as mergeKey, s.* FROM ODHPatientIdentifier2 s where s.dlscdactiveflag<>'D' UNION ALL SELECT 'UPDATE' as mergeKey, source.* FROM ODHPatientIdentifier2 source JOIN curate_enterprise.ODHPatientIdentifier Target ON source.IdentifierCode = Target.IdentifierCode WHERE Target.DLSCDActiveFlag = 'Y' and source.DLSCDActiveFlag = 'Y') src ON T.IdentifierCode = src.mergeKey AND T.DLSCDActiveFlag = 'Y' when matched THEN UPDATE SET DLSCDActiveFlag = 'N', DLSCDEndDateTime = src.RunDateTime ,DLUpdateDateTime = src.RunDateTime WHEN not MATCHED AND src.mergeKey <> 'UPDATE' and src.mergekey <> 'DEACTIVATE' THEN INSERT(PatientIdentifierId, PersonID, SRCPatientIdentifierId, IdentifierCode, IdentifierType, StartDate, ExpiryDate, Active, Deleted, ChangedStatusDate, LastUpdateTimeStamp, Validated, HashCode, ExternalRef, Guest,RecordSourceCode,LOVRecordSourceId ,RunDateTime,DLCreateDateTime,DLUpdateDateTime,DLSCDStartDateTime,DLSCDEndDateTime,DLSCDActiveFlag,DLETLRunLogID,DLCurateStandardRowKey)  VALUES(src.PatientIdentifierId,src.PersonID,src.SRCPatientIdentifierId,src.IdentifierCode,src.IdentifierType,src.StartDate,src.ExpiryDate,src.Active,src.Deleted,src.ChangedStatusDate,src.LastUpdateTimeStamp,src.Validated,src.HashCode,src.ExternalRef,src.Guest,src.RecordSourceCode,src.LOVRecordSourceId,src.RunDateTime,src.RunDateTime,src.RunDateTime,'1900-01-01 00:00:00.000','9999-12-31 00:00:00.000',src.DLSCDActiveFlag,src.DLETLRunLogID,src.DLCurateStandardRowKey) WHEN not MATCHED AND src.mergeKey = 'UPDATE' THEN INSERT(PatientIdentifierId, PersonID, SRCPatientIdentifierId, IdentifierCode, IdentifierType, StartDate, ExpiryDate, Active, Deleted, ChangedStatusDate, LastUpdateTimeStamp, Validated, HashCode, ExternalRef, Guest,RecordSourceCode,LOVRecordSourceId ,RunDateTime,DLCreateDateTime,DLUpdateDateTime,DLSCDStartDateTime,DLSCDEndDateTime,DLSCDActiveFlag,DLETLRunLogID,DLCurateStandardRowKey)  VALUES(src.PatientIdentifierId,src.PersonID,src.SRCPatientIdentifierId,src.IdentifierCode,src.IdentifierType,src.StartDate,src.ExpiryDate,src.Active,src.Deleted,src.ChangedStatusDate,src.LastUpdateTimeStamp,src.Validated,src.HashCode,src.ExternalRef,src.Guest,src.RecordSourceCode,src.LOVRecordSourceId,src.RunDateTime,src.RunDateTime,src.RunDateTime,src.RunDateTime,'9999-12-31 00:00:00.000',src.DLSCDActiveFlag,src.DLETLRunLogID,src.DLCurateStandardRowKey) WHEN not MATCHED AND src.mergeKey = 'DEACTIVATE' THEN INSERT(PatientIdentifierId, PersonID, SRCPatientIdentifierId, IdentifierCode, IdentifierType, StartDate, ExpiryDate, Active, Deleted, ChangedStatusDate, LastUpdateTimeStamp, Validated, HashCode, ExternalRef, Guest,RecordSourceCode,LOVRecordSourceId ,RunDateTime,DLCreateDateTime,DLUpdateDateTime,DLSCDStartDateTime,DLSCDEndDateTime,DLSCDActiveFlag,DLETLRunLogID,DLCurateStandardRowKey)  VALUES(src.PatientIdentifierId,src.PersonID,src.SRCPatientIdentifierId,src.IdentifierCode,src.IdentifierType,src.StartDate,src.ExpiryDate,src.Active,src.Deleted,src.ChangedStatusDate,src.LastUpdateTimeStamp,src.Validated,src.HashCode,src.ExternalRef,src.Guest,src.RecordSourceCode,src.LOVRecordSourceId,src.RunDateTime,src.RunDateTime,src.RunDateTime,src.RunDateTime,src.RunDateTime,src.DLSCDActiveFlag,src.DLETLRunLogID,src.DLCurateStandardRowKey)",
			"temp_table_name": "ODHPatientIdentifier11111",
			"partition_column_list": ""
		},
		{
			"card_id": "card_232323",
			"card_dependencies": [
				"card_25",
				"card_23"
			],
			"label": "Read_Table 23",
			"card_type": "read_table",
			"description": "Insert in ADLS",
			"query": "MERGE INTO curate_enterprise.ODHPatientIdentifier T USING (SELECT s.IdentifierCode as mergeKey, s.* FROM ODHPatientIdentifier2 s where s.dlscdactiveflag = 'D' UNION ALL SELECT 'UPDATE' as mergeKey, source.* FROM ODHPatientIdentifier2 source JOIN curate_enterprise.ODHPatientIdentifier Target ON source.IdentifierCode = Target.IdentifierCode WHERE Target.DLSCDActiveFlag = 'Y' and source.DLSCDActiveFlag = 'D') src ON T.IdentifierCode = src.mergeKey AND T.DLSCDActiveFlag = 'Y' when matched THEN UPDATE SET DLSCDActiveFlag = 'N', DLSCDEndDateTime = src.RunDateTime ,DLUpdateDateTime = src.RunDateTime WHEN not MATCHED AND src.mergeKey <> 'UPDATE' THEN INSERT(PatientIdentifierId, PersonID, SRCPatientIdentifierId, IdentifierCode, IdentifierType, StartDate, ExpiryDate, Active, Deleted, ChangedStatusDate, LastUpdateTimeStamp, Validated, HashCode, ExternalRef, Guest,RecordSourceCode,LOVRecordSourceId ,RunDateTime,DLCreateDateTime,DLUpdateDateTime,DLSCDStartDateTime,DLSCDEndDateTime,DLSCDActiveFlag,DLETLRunLogID,DLCurateStandardRowKey)  VALUES(src.PatientIdentifierId,src.PersonID,src.SRCPatientIdentifierId,src.IdentifierCode,src.IdentifierType,src.StartDate,src.ExpiryDate,src.Active,src.Deleted,src.ChangedStatusDate,src.LastUpdateTimeStamp,src.Validated,src.HashCode,src.ExternalRef,src.Guest,src.RecordSourceCode,src.LOVRecordSourceId,src.RunDateTime,src.RunDateTime,src.RunDateTime,src.RunDateTime,src.RunDateTime,'N',src.DLETLRunLogID,src.DLCurateStandardRowKey) WHEN not MATCHED AND src.mergeKey = 'UPDATE' THEN INSERT(PatientIdentifierId, PersonID, SRCPatientIdentifierId, IdentifierCode, IdentifierType, StartDate, ExpiryDate, Active, Deleted, ChangedStatusDate, LastUpdateTimeStamp, Validated, HashCode, ExternalRef, Guest,RecordSourceCode,LOVRecordSourceId ,RunDateTime,DLCreateDateTime,DLUpdateDateTime,DLSCDStartDateTime,DLSCDEndDateTime,DLSCDActiveFlag,DLETLRunLogID,DLCurateStandardRowKey)  VALUES(src.PatientIdentifierId,src.PersonID,src.SRCPatientIdentifierId,src.IdentifierCode,src.IdentifierType,src.StartDate,src.ExpiryDate,src.Active,src.Deleted,src.ChangedStatusDate,src.LastUpdateTimeStamp,src.Validated,src.HashCode,src.ExternalRef,src.Guest,src.RecordSourceCode,src.LOVRecordSourceId,src.RunDateTime,src.RunDateTime,src.RunDateTime,src.RunDateTime,src.RunDateTime,'N',src.DLETLRunLogID,src.DLCurateStandardRowKey)",
			"temp_table_name": "ODHPatientIdentifier1111",
			"partition_column_list": ""
		},
		{
			"card_id": "card_11",
			"card_dependencies": [
				"card_20",
				"card_12"
			],
			"label": "Write_Delta 11",
			"card_type": "write_delta",
			"description": "Write backup Standard",
			"query": "select * from identifier11 where IDENTIFIER_CODE not in (select IdentifierCode from ODHPatientIdentifier where personId is not null)",
			"data_path": "/mnt/idf-curatestandard/BTUKOPTIT/BUKOPMS/BTCOPT_PATIENT_CUSTOMER_IDENTIFIER_DETAILS_BUKOPMS_Incr/BackUp",
			"partition_key_columns": "",
			"mode": "OVERWRITE",
			"type": "GENERAL"
		}
	]
}
