{
	"project_name": "BUKOPMS",
	"config_type": "etl",
	"description": "",
	"data_source": [],
	"report_path": "/mnt/idf-reports/BTUKOPTIT/BUKOPMS/BTCOPT_PATIENT_PATIENT_INFO_BUKOPMS_Incr/Incremental/CurateADLS/",
	"cards": [
		{
			"card_id": "card_0",
			"card_dependencies": [],
			"label": "Read_Delta 0",
			"card_type": "read_delta",
			"description": "reading standard location",
			"data_path": "/mnt/idf-curatestandard/BTUKOPTIT/BUKOPMS/BTCOPT_PATIENT_PATIENT_INFO_BUKOPMS_Incr/Incremental",
			"output_table": "patientinfo1"
		},
		{
			"card_id": "card_1",
			"card_dependencies": [
				"card_0"
			],
			"label": "Apply_Filter 1",
			"card_type": "apply_filter",
			"description": "filtering records with RunDateTime",
			"input_table": "patientinfo1",
			"output_table": "patientinfo2",
			"filter": [],
			"unmatch_data": false
		},
		{
			"card_id": "card_93",
			"card_dependencies": [],
			"label": "Read_Delta 93",
			"card_type": "read_delta",
			"description": "reading standard backup location",
			"data_path": "/mnt/idf-curatestandard/BTUKOPTIT/BUKOPMS/BTCOPT_PATIENT_PATIENT_INFO_BUKOPMS_Incr/BackUp",
			"output_table": "patientinfo15"
		},
		{
			"card_id": "card_92",
			"card_dependencies": [
				"card_93",
				"card_1"
			],
			"label": "Read_Table 14",
			"card_type": "read_table",
			"description": "Union with backup table",
			"query": "select * from patientinfo2 union select * from patientinfo15",
			"temp_table_name": "patientinfo16",
			"partition_column_list": ""
		},
		{
			"card_id": "card_100",
			"card_dependencies": [
				"card_92"
			],
			"label": "Read_Table ",
			"card_type": "read_table",
			"description": "Making null void null",
			"query": "select nullif(CurateStandardRowKey,'null') as CurateStandardRowKey,nullif(ID,'null') as  ID,nullif(code,'null') as code,nullif(practice_code,'null') as practice_code,nullif(title,'null') as title,nullif(first_name,'null') as first_name,nullif(middle_name,'null') as middle_name,nullif(surname,'null') as surname,nullif(dob,'null') as dob,nullif(gender,'null') as gender,nullif(status,'null') as status,nullif(inactivation_reason,'null') as inactivation_reason,nullif(no_fixed_address,'null') as no_fixed_address,nullif(deleted,'null') as deleted,nullif(last_practice_code,'null') as last_practice_code,nullif(creation_timestamp,'null') as creation_timestamp,nullif(insurance_number,'null') as insurance_number,nullif(lastupdate_timestamp,'null') as lastupdate_timestamp,nullif(third_party_code,'null') as third_party_code,nullif(transfer_date,'null') as transfer_date,nullif(transfer_type,'null') as transfer_type,nullif(last_practice_name,'null') as last_practice_name,nullif(created_by,'null') as created_by,nullif(export_timestamp,'null') as export_timestamp,nullif(export_date,'null') as export_date,nullif(source,'null') as source,nullif(updated_by,'null') as updated_by,nullif(version,'null') as version,nullif(OPERATION,'null') as OPERATION,nullif(TIMESTAMP,'null') as TIMESTAMP,nullif(TRANSACTIONID,'null') as TRANSACTIONID from patientinfo16 ",
			"temp_table_name": "patientinfo3",
			"partition_column_list": ""
		},
		{
			"card_id": "card_61",
			"card_dependencies": [
				"card_100"
			],
			"label": "Read_Table 61",
			"card_type": "read_table",
			"description": "Populating etlrunlogid",
			"query": "select s.*,r.ETLRunId as DLETLRunLogID from patientinfo3 s join (select max(cast(ETLRunId as int)) as ETLRunId from RPI_Logging.RPI_Common_Logging where processstage='CurateStandard' and feedname = 'BTCOPT_PATIENT_PATIENT_INFO_BUKOPMS_Incr') r on (1=1)",
			"temp_table_name": "patientinfo11",
			"partition_column_list": ""
		},
		{
			"card_id": "card_4",
			"card_dependencies": [
				"card_61"
			],
			"label": "Read_Table 4",
			"card_type": "read_table",
			"description": "fetching latest records",
			"query": "select * from (select row_number() OVER(PARTITION BY code order BY timestamp desc,case when operation='DELETE' then 1 when operation='UPDATE' then 2 when operation='INSERT' then 3 when operation='REFRESH' then 4 end asc) as rn,row_number() OVER(PARTITION BY code,timestamp,operation order BY timestamp desc,operation desc) as rnk,* FROM patientinfo11)t where t.rnk = 1",
			"temp_table_name": "patientinfo5",
			"partition_column_list": ""
		},
		{
			"card_id": "card_44444",
			"card_dependencies": [
				"card_61"
			],
			"label": "Read_Table 4",
			"card_type": "read_table",
			"description": "fetching latest records",
			"query": "select * from (select row_number() OVER(PARTITION BY id order BY timestamp desc,case when operation='DELETE' then 1 when operation='UPDATE' then 2 when operation='INSERT' then 3 when operation='REFRESH' then 4 end asc) as rn,row_number() OVER(PARTITION BY id,timestamp,operation order BY timestamp desc,operation desc) as rnk,* FROM patientinfo11)t where t.rnk = 1",
			"temp_table_name": "patientinfo55",
			"partition_column_list": ""
		},
		{
			"card_id": "card_17",
			"card_dependencies": [],
			"label": "Read_Delta 17",
			"card_type": "read_delta",
			"description": "reading standard location",
			"data_path": "/mnt/idf-curatestandard/BTUKOPTIT/BUKOPMS/BTCOPT_PATIENT_PATIENT_DETAILS_BUKOPMS_Incr/Incremental",
			"output_table": "patientdetails1"
		},
		{
			"card_id": "card_18",
			"card_dependencies": [
				"card_17"
			],
			"label": "Apply_Filter 18",
			"card_type": "apply_filter",
			"description": "filtering records with RunDateTime",
			"input_table": "patientdetails1",
			"output_table": "patientdetails4",
			"filter": [],
			"unmatch_data": false
		},
		{
			"card_id": "card_95",
			"card_dependencies": [],
			"label": "Read_Delta 95",
			"card_type": "read_delta",
			"description": "reading standard backup location",
			"data_path": "/mnt/idf-curatestandard/BTUKOPTIT/BUKOPMS/BTCOPT_PATIENT_PATIENT_DETAILS_BUKOPMS_Incr/BackUp",
			"output_table": "patientdetails15"
		},
		{
			"card_id": "card_96",
			"card_dependencies": [
				"card_95",
				"card_18"
			],
			"label": "Read_Table 14",
			"card_type": "read_table",
			"description": "Union with backup table",
			"query": "select * from patientdetails4 union select * from patientdetails15",
			"temp_table_name": "patientdetails16",
			"partition_column_list": ""
		},
		{
			"card_id": "card_901",
			"card_dependencies": [
				"card_96"
			],
			"label": "Read_Table ",
			"card_type": "read_table",
			"description": "Making null void null",
			"query": "select nullif(CurateStandardRowKey,'null') as CurateStandardRowKey,nullif(ID,'null') as  ID,nullif(code,'null') as code,nullif(nhs_eligible,'null') as nhs_eligible,nullif(nhs_reason,'null') as nhs_reason,nullif(nhs_type,'null') as nhs_type,nullif(deleted,'null') as deleted,nullif(staff_member,'null') as staff_member,nullif(default_shipping_preference,'null') as default_shipping_preference,nullif(personal_discount,'null') as personal_discount,nullif(monthly_dd,'null') as monthly_dd,nullif(svoc_staff_member,'null') as svoc_staff_member,nullif(OPERATION,'null') as OPERATION,nullif(TIMESTAMP,'null') as TIMESTAMP,nullif(TRANSACTIONID,'null') as TRANSACTIONID from patientdetails16 ",
			"temp_table_name": "patientdetails6",
			"partition_column_list": ""
		},
		{
			"card_id": "card_21",
			"card_dependencies": [
				"card_901"
			],
			"label": "Read_Table 21",
			"card_type": "read_table",
			"description": "fetching latest records",
			"query": "select * from (select row_number() OVER(PARTITION BY code order BY timestamp desc,case when operation='DELETE' then 1 when operation='UPDATE' then 2 when operation='INSERT' then 3 when operation='REFRESH' then 4 end asc) as rn,row_number() OVER(PARTITION BY code,timestamp,operation order BY timestamp desc,operation desc) as rnk,* FROM patientdetails6)t where t.rnk = 1",
			"temp_table_name": "patientdetails5",
			"partition_column_list": ""
		},
		{
            "card_id": "card_2",
            "card_dependencies": [],
            "label": "Read_Table 2",
            "card_type": "read_table",
            "description": "Read ADLS table",
            "query": "Select * from curate_enterprise.reflovsetinfo",
            "temp_table_name": "reflovsetinfo",
            "partition_column_list": ""
        },
		{
			"card_id": "card_3",
			"card_dependencies": [
				"card_2",
				"card_4"
			],
			"label": "Read_Table 3",
			"card_type": "read_table",
			"description": "REFPartyType",
			"query": "select distinct  'Person' as  PartyTypeName,'Represents an Individual who could be Patient,Customer etc' as RoleDescription , 'DNARDM' as RecordSourceCode,'12012' as LOVRecordSourceId,null as DLCurateStandardRowKey,a.DLETLRunLogID from patientinfo5 a",
			"temp_table_name": "REFPartyType",
			"partition_column_list": ""
		},
		{
			"card_id": "card_15",
			"card_dependencies": [
				"card_3"
			],
			"label": "Read_Table 15",
			"card_type": "read_table",
			"description": "Inserts",
			"query": "insert into curate_enterprise.REFPartyType select cast(ss.PartyTypeId as bigint ) + row_number() over (order by source.PartyTypeName,source.lovrecordsourceid desc) PartyTypeId, source.PartyTypeName, source.RoleDescription,source.RecordSourceCode,cast(source.LOVRecordSourceId as int) ,current_timestamp as RunDateTime,current_timestamp as DLCreateDateTime,current_timestamp as DLUpdateDateTime,cast('1900-01-01 00:00:00.000' as timestamp) as DLSCDStartDateTime,cast('9999-12-31 00:00:00.000' as timestamp) as DLSCDEndDateTime,'Y' as DLSCDActiveFlag,cast(source.DLETLRunLogID as int),null as DLCurateStandardRowKey from ( select s.* from REFPartyType s LEFT JOIN curate_enterprise.REFPartyType t ON s.PartyTypeName=t.PartyTypeName AND t.lovrecordsourceid=s.lovrecordsourceid AND t.DLSCDActiveFlag='Y' WHERE t.PartyTypeName IS NULL ) source , (select ifnull(max(cast(PartyTypeId as bigint)),0) PartyTypeId  from  curate_enterprise.REFPartyType)ss",
			"temp_table_name": "REFPartyType1",
			"partition_column_list": ""
		},
		{
			"card_id": "card_22",
			"card_dependencies": [
				"card_2",
				"card_4"
			],
			"label": "Read_Table 22",
			"card_type": "read_table",
			"description": "REFRole",
			"query": "select distinct 'Patient' as RoleName, 'Represents an Individual who could be Patient,Customer etc' as RoleDescription , 'DNARDM' as RecordSourceCode , '12012' as LOVrecordsourceid,null as DLCurateStandardRowKey,g.DLETLRunLogID from patientinfo5 g",
			"temp_table_name": "REFRole",
			"partition_column_list": ""
		},
		{
			"card_id": "card_26",
			"card_dependencies": [
				"card_22"
			],
			"label": "Read_Table 26",
			"card_type": "read_table",
			"description": "Inserts",
			"query": "insert into curate_enterprise.REFRole select cast(ss.RoleId as bigint ) + row_number() over (order by source.RoleName,source.lovrecordsourceid desc) RoleId, source.RoleName, source.RoleDescription,source.RecordSourceCode,cast(source.LOVRecordSourceId as int) ,current_timestamp as RunDateTime,current_timestamp as DLCreateDateTime,current_timestamp as DLUpdateDateTime,cast('1900-01-01 00:00:00.000' as timestamp) as DLSCDStartDateTime,cast('9999-12-31 00:00:00.000' as timestamp) as DLSCDEndDateTime,'Y' as DLSCDActiveFlag,cast(source.DLETLRunLogID as int),cast(nullif(DLCurateStandardRowKey,'null') as bigint)as DLCurateStandardRowKey from ( select s.* from REFRole s LEFT JOIN curate_enterprise.REFRole t ON s.RoleName=t.RoleName AND t.lovrecordsourceid=s.lovrecordsourceid AND t.DLSCDActiveFlag='Y' WHERE t.RoleName IS NULL)source, (select ifnull(max(cast(RoleId as bigint)),0) RoleId  from  curate_enterprise.REFRole)ss",
			"temp_table_name": "REFRole1",
			"partition_column_list": ""
		},
		{
			"card_id": "card_23",
			"card_dependencies": [
				"card_2",
				"card_4"
			],
			"label": "Read_Table 23",
			"card_type": "read_table",
			"description": "REFCustomerNumberType",
			"query": "select distinct 'ODH Patient' as CustomerTypeName, 'ODH Patient' as CustomerTypeCode, 'ODH Patient' as Description,'DNARDM' as RecordSourceCode,'12012' as LOVrecordsourceid, 'NULL' as DLCurateStandardRowKey,g.DLETLRunLogID from patientinfo5 g",
			"temp_table_name": "REFCustomerNumberType",
			"partition_column_list": ""
		},
		{
			"card_id": "card_28",
			"card_dependencies": [
				"card_23"
			],
			"label": "Read_Table 28",
			"card_type": "read_table",
			"description": "Inserts",
			"query": "insert into curate_enterprise.REFCustomerNumberType select cast(ss.CustomerTypeId as bigint ) + row_number() over (order by source.CustomerTypeName,source.lovrecordsourceid desc) CustomerTypeId, source.CustomerTypeName, source.CustomerTypeCode,source.Description,source.RecordSourceCode,cast(source.LOVRecordSourceId as int) ,current_timestamp as RunDateTime,current_timestamp as DLCreateDateTime,current_timestamp as DLUpdateDateTime,cast('1900-01-01 00:00:00.000' as timestamp) as DLSCDStartDateTime,cast('9999-12-31 00:00:00.000' as timestamp) as DLSCDEndDateTime,'Y' as DLSCDActiveFlag,cast(source.DLETLRunLogID as int),cast(nullif(DLCurateStandardRowKey,'null') as bigint)as DLCurateStandardRowKey from ( select s.* from REFCustomerNumberType s LEFT JOIN curate_enterprise.REFCustomerNumberType t ON s.CustomerTypeName=t.CustomerTypeName AND t.lovrecordsourceid=s.lovrecordsourceid AND t.DLSCDActiveFlag='Y' WHERE t.CustomerTypeName IS NULL) source, (select ifnull(max(cast(CustomerTypeId as bigint)),0) CustomerTypeId  from  curate_enterprise.REFCustomerNumberType)ss",
			"temp_table_name": "REFCustomerNumberType1",
			"partition_column_list": ""
		},
		{
			"card_id": "card_70",
			"card_dependencies": [
				"card_2",
				"card_4"
			],
			"label": "Read_Table 70",
			"card_type": "read_table",
			"description": "REFGenderType one time insert ",
			"query": "select distinct 'M' as GenderCode, 'Male' as GenderName, Null as Description, 'Male' as STDGenderName,'M' as STDGenderCode,'BUKOPMS' as RecordSourceCode,c.LOVId as LOVrecordsourceid, null as DLCurateStandardRowKey,g.DLETLRunLogID from patientinfo5 g  join (select LOVId from reflovsetinfo where lovkey = 'BUKOPMS' and lovsetname='System of Record' and LOVrecordsourceid=12012) c on (1=1) union select distinct 'F' as GenderCode, 'Female' as GenderName, Null as Description, 'Female' as STDGenderName,'F' as STDGenderCode,'BUKOPMS' as RecordSourceCode,c.LOVId as LOVrecordsourceid, null as DLCurateStandardRowKey,g.DLETLRunLogID from patientinfo5 g join (select LOVId from reflovsetinfo where lovkey = 'BUKOPMS' and lovsetname='System of Record' and LOVrecordsourceid=12012)c on (1=1) union select distinct 'T' as GenderCode, 'Transgender' as GenderName, Null as Description, 'Transgender' as STDGenderName,'T' as STDGenderCode,'BUKOPMS' as RecordSourceCode,c.LOVId as LOVrecordsourceid,null as DLCurateStandardRowKey,g.DLETLRunLogID from patientinfo5 g   join (select LOVId from reflovsetinfo where lovkey = 'BUKOPMS' and lovsetname='System of Record' and LOVrecordsourceid=12012)c on (1=1) union select distinct 'U' as GenderCode, 'Unknown' as GenderName, Null as Description, 'Unknown' as STDGenderName,'U' as STDGenderCode,'BUKOPMS' as RecordSourceCode,c.LOVId as LOVrecordsourceid, null as DLCurateStandardRowKey,g.DLETLRunLogID from patientinfo5 g left join (select LOVId from reflovsetinfo where lovkey = 'BUKOPMS' and lovsetname='System of Record' and LOVrecordsourceid=12012)c on (1=1) ",
			"temp_table_name": "REFGenderType1",
			"partition_column_list": ""
		},
		{
			"card_id": "card_72",
			"card_dependencies": [
				"card_70"
			],
			"label": "Read_Table 72",
			"card_type": "read_table",
			"description": "Inserts",
			"query": "insert into curate_enterprise.REFGenderType  select cast(ss.GenderTypeId as bigint ) + row_number() over (order by source.GenderCode,source.lovrecordsourceid desc) GenderTypeId, source.GenderCode, source.GenderName,source.Description,source.STDGenderName,source.STDGenderCode,source.RecordSourceCode,cast(source.LOVRecordSourceId as int) ,current_timestamp as RunDateTime,current_timestamp as DLCreateDateTime,current_timestamp as DLUpdateDateTime,cast('1900-01-01 00:00:00.000' as timestamp) as DLSCDStartDateTime,cast('9999-12-31 00:00:00.000' as timestamp) as DLSCDEndDateTime,'Y' as DLSCDActiveFlag,cast(source.DLETLRunLogID as int),null as DLCurateStandardRowKey from (select s.* from REFGenderType1 s LEFT JOIN curate_enterprise.REFGenderType t ON s.GenderCode=t.GenderCode AND t.LOVRecordSourceId=s.lovrecordsourceid AND t.DLSCDActiveFlag='Y' WHERE t.GenderCode IS NULL) source, (select ifnull(max(cast(GenderTypeId as bigint)),0) GenderTypeId  from  curate_enterprise.REFGenderType)ss",
			"temp_table_name": "REFGenderTypeInsert1",
			"partition_column_list": ""
		},
		{
			"card_id": "card_79",
			"card_dependencies": [
				"card_2",
				"card_4",
				"card_72"
			],
			"label": "Read_Table 77",
			"card_type": "read_table",
			"description": "REFGenderType  skeleton record  ",
			"query": "select  distinct s.Gender as GenderCode ,Null as GenderName, Null as Description, NULL as STDGenderName,null as STDGenderCode, 'BUKOPMS' as RecordSourceCode,null as DLCurateStandardRowKey, c.LOVId as LOVRecordSourceId ,s.DLETLRunLogID from patientinfo5 s join (select LOVId from reflovsetinfo where lovkey = 'BUKOPMS' and lovsetname='System of Record' and LOVrecordsourceid=12012)c on (1=1)   ",
			"temp_table_name": "REFGenderType5",
			"partition_column_list": ""
		},
		{
			"card_id": "card_80",
			"card_dependencies": [
				"card_79"
			],
			"label": "Read_Table 72",
			"card_type": "read_table",
			"description": "Inserts",
			"query": "insert into curate_enterprise.REFGenderType select cast(ss.GenderTypeId as bigint ) + row_number() over (order by source.GenderCode,source.lovrecordsourceid desc) GenderTypeId, source.GenderCode, source.GenderName,source.Description,source.STDGenderName,source.STDGenderCode,source.RecordSourceCode,cast(source.LOVRecordSourceId as int) ,current_timestamp as RunDateTime,current_timestamp as DLCreateDateTime,current_timestamp as DLUpdateDateTime,cast('1900-01-01 00:00:00.000' as timestamp) as DLSCDStartDateTime,cast('9999-12-31 00:00:00.000' as timestamp) as DLSCDEndDateTime,'Y' as DLSCDActiveFlag,cast(source.DLETLRunLogID as int),cast(nullif(DLCurateStandardRowKey,'null') as bigint)as DLCurateStandardRowKey from ( select s.* from REFGenderType5 s LEFT JOIN curate_enterprise.REFGenderType t ON s.GenderCode=t.GenderCode AND t.lovrecordsourceid=s.lovrecordsourceid AND t.DLSCDActiveFlag='Y' WHERE t.GenderCode IS NULL) source, ( select ifnull(max(cast(GenderTypeId as bigint)),0) GenderTypeId  from  curate_enterprise.REFGenderType )ss",
			"temp_table_name": "REFGenderTypeInsert5",
			"partition_column_list": ""
		},
		{
			"card_id": "card_24",
			"card_dependencies": [
				"card_2",
				"card_15",
				"card_4"
			],
			"label": "Read_Table 24",
			"card_type": "read_table",
			"description": "Party",
			"query": "select distinct md5(concat_ws('^|~',s.code,a.PartyTypeId,r.LOVId )) as PartyId , a.PartyTypeId as PartyTypeId,'Person' as PartyTypeName,s.code as SourcePartyCode,NULL as SourcePartyName, 'BUKOPMS' as RecordSourceCode, r.LOVId as LOVRecordSourceId,s.CurateStandardRowKey,s.DLETLRunLogID from patientinfo5 s  join ( select LOVId from reflovsetinfo where lovkey = 'BUKOPMS' and lovsetname='System of Record' and LOVrecordsourceid=12012 ) r on (1=1) left join (select distinct PartyTypeID from curate_enterprise.REFPartyType where PartyTypeName= 'Person' AND RecordSourceCode='DNARDM' and DLSCDActiveFlag = 'Y') a on(1=1) where s.code is not null and s.rn = 1",
			"temp_table_name": "Party",
			"partition_column_list": ""
		},
		{
			"card_id": "card_30",
			"card_dependencies": [
				"card_24"
			],
			"label": "Read_Table 30",
			"card_type": "read_table",
			"description": "Inserts",
			"query": "insert into curate_enterprise.party select source.PartyId, source.PartyTypeId, source.PartyTypeName,source.SourcePartyCode,cast(source.SourcePartyName as string),source.RecordSourceCode,source.LOVRecordSourceId ,current_timestamp as RunDateTime,current_timestamp as DLCreateDateTime,current_timestamp as DLUpdateDateTime,cast('1900-01-01 00:00:00.000' as timestamp) as DLSCDStartDateTime,cast('9999-12-31 00:00:00.000' as timestamp) as DLSCDEndDateTime,'Y' as DLSCDActiveFlag,cast(source.DLETLRunLogID as int),source.CurateStandardRowKey as DLCurateStandardRowKey from ( select s.* from party s LEFT JOIN curate_enterprise.party t ON s.SourcePartyCode = t.SourcePartyCode and s.LOVRecordSourceId = t.LOVRecordSourceId AND t.DLSCDActiveFlag='Y' WHERE t.SourcePartyCode IS NULL ) source",
			"temp_table_name": "party1",
			"partition_column_list": ""
		},
		{
			"card_id": "card_33",
			"card_dependencies": [
				"card_26",
				"card_4",
				"card_2",
				"card_30"
			],
			"label": "Read_Table 33",
			"card_type": "read_table",
			"description": "partyrole",
			"query": "select distinct md5(concat_ws('^|~',a.PartyId ,'ODH Patient',c.lovid)) as PartyRoleId ,  a.PartyId as PartyID ,d.RoleId as RoleId,'ODH Patient' as PartyRoleName, 'BUKOPMS' as RecordSourceCode, s.CurateStandardRowKey, c.LOVId as LOVRecordSourceId ,s.DLETLRunLogID from patientinfo5 s left join (select distinct PartyId,SourcePartyCode from curate_enterprise.party where PartyTypeName='Person' and RecordSourceCode='BUKOPMS' and DLSCDActiveFlag = 'Y') a on a.SourcePartyCode=s.code left join (select distinct RoleId from curate_enterprise.REFRole where RoleName='Patient' and RecordSourceCode='DNARDM' ) d on (1=1)  join (select LOVId from reflovsetinfo where lovkey = 'BUKOPMS' and lovsetname='System of Record' and LOVrecordsourceid=12012)c on (1=1) where a.partyid is not null and s.rn = 1",
			"temp_table_name": "partyrole",
			"partition_column_list": ""
		},
		{
			"card_id": "card_36",
			"card_dependencies": [
				"card_33"
			],
			"label": "Read_Table 36",
			"card_type": "read_table",
			"description": "Inserts",
			"query": "insert into curate_enterprise.partyrole select source.PartyRoleId, cast(source.PartyId as string), source.RoleId,source.PartyRoleName,source.RecordSourceCode,source.LOVRecordSourceId ,current_timestamp as RunDateTime,current_timestamp as DLCreateDateTime,current_timestamp as DLUpdateDateTime,cast('1900-01-01 00:00:00.000' as timestamp) as DLSCDStartDateTime,cast('9999-12-31 00:00:00.000' as timestamp) as DLSCDEndDateTime,'Y' as DLSCDActiveFlag,cast(source.DLETLRunLogID as int),source.CurateStandardRowKey as DLCurateStandardRowKey from ( select s.* from partyrole s LEFT JOIN curate_enterprise.partyrole t ON s.partyid = t.partyid and s.LOVRecordSourceId = t.LOVRecordSourceId AND t.DLSCDActiveFlag='Y' WHERE t.partyid IS NULL) source",
			"temp_table_name": "partyrole1",
			"partition_column_list": ""
		},
		{
			"card_id": "card_38",
			"card_dependencies": [
				"card_2",
				"card_4",
				"card_30",
				"card_80",
				"card_28"
			],
			"label": "Read_Table 38",
			"card_type": "read_table",
			"description": "person",
			"query": "select distinct md5(concat_ws('^|~',s.code,'ODH Patient',r.LOVId)) as PersonId , d.PartyId as PartyId, s.code as CustomerNumber, c.CustomerTypeId as CustomerTypeId, 'ODH Patient' as CustomerTypeName,s.Title,s.First_Name as FirstName,s.Middle_Name as MiddleName,s.Surname as LastName, NULL as BirthSurname,f.GenderTypeId as GenderTypeId,f.STDGenderName as STDGender,s.gender as SRCGender,s.DOB as DateOfBirth,NULL as DateOfDeath, 'BUKOPMS' as RecordSourceCode ,s.CurateStandardRowKey, r.LOVId as LOVRecordSourceId,s.DLETLRunLogID , current_timestamp as RunDateTime,case when s.rn=1 and ifnull(s.operation,'null')<>'DELETE' then 'Y' when s.rn=1 and ifnull(s.operation,'null')='DELETE' then 'D' else 'N' end as DLSCDActiveFlag , s.CurateStandardRowKey as DLCurateStandardRowKey from patientinfo5 s  join (select distinct LOVId from reflovsetinfo where lovkey = 'BUKOPMS' and lovsetname='System of Record' and LOVrecordsourceid=12012)r  on (1=1) left join (select distinct CustomerTypeId from curate_enterprise.REFCustomerNumberType where CustomerTypeName='ODH Patient' and CustomerTypeCode='ODH Patient' and RecordSourceCode='DNARDM')c on (1=1) left join (select distinct PartyId,SourcePartyCode from curate_enterprise.party where PartyTypeName='Person' and RecordSourceCode='BUKOPMS' and DLSCDActiveFlag = 'Y' and SourcePartyName is null)d on d.SourcePartyCode=s.code left join (select distinct GenderTypeId,GenderCode,STDGenderName from curate_enterprise.REFGenderType where RecordSourceCode='BUKOPMS' and DLSCDActiveFlag = 'Y') f on f.GenderCode=s.gender where s.code is not null",
			"temp_table_name": "person",
			"partition_column_list": ""
		},
		{
			"card_id": "card_388888",
			"card_dependencies": [
				"card_38"
			],
			"label": "Read_Table 38",
			"card_type": "read_table",
			"description": "person",
			"query": "select distinct cast(PersonID as string) ,cast(PartyId as string) ,cast(CustomerNumber as string) ,cast(CustomerTypeID as string) ,cast(CustomerTypeName as string) ,cast(Title as string) ,cast(FirstName as string) ,cast(MiddleName as string) ,cast(LastName as string) ,cast(BirthSurname as string) ,cast(GenderTypeId as string) ,cast(STDGender as string) ,cast(SRCGender as string) ,cast(DateOfBirth as string) ,cast(DateOfDeath as string) ,cast(RecordSourceCode as string) ,cast(LOVRecordSourceId as int),    cast(DLSCDActiveFlag as string),cast(DLETLRunLogID as int), cast(DLCurateStandardRowKey as bigint) , rundatetime from person where partyid is not null",
			"temp_table_name": "person1",
			"partition_column_list": ""
		},
		{
			"card_id": "card_232323",
			"card_dependencies": [
				"card_388888"
			],
			"label": "Read_Table 23",
			"card_type": "read_table",
			"description": "Insert in ADLS",
			"query": "MERGE INTO curate_enterprise.person T USING ( SELECT case when s.dlscdactiveflag='Y' then s.personid else 'DEACTIVATE' end as mergeKey, s.* FROM person1 s where s.dlscdactiveflag<>'D' UNION ALL SELECT 'UPDATE' as mergeKey, source.* FROM person1 source JOIN curate_enterprise.person Target ON source.personid = Target.personid and source.LOVRecordSourceId = Target.LOVRecordSourceId WHERE Target.DLSCDActiveFlag = 'Y' and source.DLSCDActiveFlag = 'Y') src ON T.personid = src.mergeKey AND T.DLSCDActiveFlag = 'Y' when matched THEN UPDATE SET DLSCDActiveFlag = 'N', DLSCDEndDateTime = src.RunDateTime ,DLUpdateDateTime = src.RunDateTime WHEN not MATCHED AND src.mergeKey <> 'UPDATE' and src.mergekey <> 'DEACTIVATE' THEN INSERT(PersonID, PartyId, CustomerNumber, CustomerTypeID, CustomerTypeName, Title, FirstName, MiddleName, LastName, BirthSurname, GenderTypeId, STDGender, SRCGender, DateOfBirth, DateOfDeath,RecordSourceCode, LOVRecordSourceId, RunDateTime, DLCreateDateTime,DLUpdateDateTime, DLSCDStartDateTime,DLSCDEndDateTime, DLSCDActiveFlag, DLETLRunLogID, DLCurateStandardRowKey)  VALUES(src.PersonID,src.PartyId,src.CustomerNumber,src.CustomerTypeID,src.CustomerTypeName,src.Title,src.FirstName,src.MiddleName,src.LastName,src.BirthSurname,src.GenderTypeId,src.STDGender,src.SRCGender,src.DateOfBirth,src.DateOfDeath,src.RecordSourceCode, src.LOVRecordSourceId, src.RunDateTime, src.RunDateTime, src.RunDateTime, '1900-01-01 00:00:00.000','9999-12-31 00:00:00.000', src.DLSCDActiveFlag, src.DLETLRunLogID, src.DLCurateStandardRowKey) WHEN not MATCHED AND src.mergeKey = 'UPDATE' THEN INSERT( PersonID, PartyId, CustomerNumber, CustomerTypeID, CustomerTypeName, Title, FirstName, MiddleName, LastName, BirthSurname, GenderTypeId, STDGender, SRCGender, DateOfBirth, DateOfDeath,RecordSourceCode ,LOVRecordSourceId, RunDateTime, DLCreateDateTime, DLUpdateDateTime, DLSCDStartDateTime , DLSCDEndDateTime, DLSCDActiveFlag, DLETLRunLogID,DLCurateStandardRowKey)  VALUES(src.PersonID,src.PartyId,src.CustomerNumber,src.CustomerTypeID,src.CustomerTypeName,src.Title,src.FirstName,src.MiddleName,src.LastName,src.BirthSurname,src.GenderTypeId,src.STDGender,src.SRCGender,src.DateOfBirth,src.DateOfDeath, src.RecordSourceCode, src.LOVRecordSourceId, src.RunDateTime, src.RunDateTime, src.RunDateTime, src.RunDateTime, '9999-12-31 00:00:00.000',src.DLSCDActiveFlag,src.DLETLRunLogID,src.DLCurateStandardRowKey) WHEN not MATCHED AND src.mergeKey = 'DEACTIVATE' THEN INSERT(PersonID, PartyId, CustomerNumber, CustomerTypeID, CustomerTypeName, Title, FirstName, MiddleName, LastName, BirthSurname, GenderTypeId, STDGender, SRCGender, DateOfBirth, DateOfDeath,RecordSourceCode ,LOVRecordSourceId, RunDateTime, DLCreateDateTime, DLUpdateDateTime, DLSCDStartDateTime , DLSCDEndDateTime, DLSCDActiveFlag, DLETLRunLogID,DLCurateStandardRowKey)  VALUES(src.PersonID,src.PartyId,src.CustomerNumber,src.CustomerTypeID,src.CustomerTypeName,src.Title,src.FirstName,src.MiddleName,src.LastName,src.BirthSurname,src.GenderTypeId,src.STDGender,src.SRCGender,src.DateOfBirth,src.DateOfDeath, src.RecordSourceCode, src.LOVRecordSourceId, src.RunDateTime, src.RunDateTime, src.RunDateTime, src.RunDateTime, src.RunDateTime,src.DLSCDActiveFlag,src.DLETLRunLogID,src.DLCurateStandardRowKey)",
			"temp_table_name": "person2",
			"partition_column_list": ""
		},
		{
			"card_id": "card_2323232323",
			"card_dependencies": [
				"card_388888",
				"card_232323"
			],
			"label": "Read_Table 23",
			"card_type": "read_table",
			"description": "Insert in ADLS",
			"query": "MERGE INTO curate_enterprise.person T USING (SELECT s.personid as mergeKey, s.* FROM person1 s where s.dlscdactiveflag = 'D' UNION ALL SELECT 'UPDATE' as mergeKey, source.* FROM person1 source JOIN curate_enterprise.person Target ON source.personid = Target.personid and source.LOVRecordSourceId = Target.LOVRecordSourceId WHERE Target.DLSCDActiveFlag = 'Y' and source.DLSCDActiveFlag = 'D') src ON T.personid = src.mergeKey AND T.DLSCDActiveFlag = 'Y' when matched THEN UPDATE SET DLSCDActiveFlag = 'N', DLSCDEndDateTime = src.RunDateTime ,DLUpdateDateTime = src.RunDateTime WHEN not MATCHED AND src.mergeKey <> 'UPDATE' THEN INSERT(PersonID, PartyId, CustomerNumber, CustomerTypeID, CustomerTypeName, Title, FirstName, MiddleName, LastName, BirthSurname, GenderTypeId, STDGender, SRCGender, DateOfBirth, DateOfDeath,RecordSourceCode, LOVRecordSourceId, RunDateTime, DLCreateDateTime,DLUpdateDateTime, DLSCDStartDateTime,DLSCDEndDateTime, DLSCDActiveFlag, DLETLRunLogID, DLCurateStandardRowKey)  VALUES(src.PersonID,src.PartyId,src.CustomerNumber,src.CustomerTypeID,src.CustomerTypeName,src.Title,src.FirstName,src.MiddleName,src.LastName,src.BirthSurname,src.GenderTypeId,src.STDGender,src.SRCGender,src.DateOfBirth,src.DateOfDeath,src.RecordSourceCode,src.LOVRecordSourceId,src.RunDateTime,src.RunDateTime,src.RunDateTime,src.RunDateTime,src.RunDateTime,'N',src.DLETLRunLogID,src.DLCurateStandardRowKey) WHEN not MATCHED AND src.mergeKey = 'UPDATE' THEN INSERT(PersonID, PartyId, CustomerNumber, CustomerTypeID, CustomerTypeName, Title, FirstName, MiddleName, LastName, BirthSurname, GenderTypeId, STDGender, SRCGender, DateOfBirth, DateOfDeath,RecordSourceCode ,LOVRecordSourceId, RunDateTime, DLCreateDateTime, DLUpdateDateTime, DLSCDStartDateTime , DLSCDEndDateTime, DLSCDActiveFlag, DLETLRunLogID,DLCurateStandardRowKey)  VALUES(src.PersonID,src.PartyId,src.CustomerNumber,src.CustomerTypeID,src.CustomerTypeName,src.Title,src.FirstName,src.MiddleName,src.LastName,src.BirthSurname,src.GenderTypeId,src.STDGender,src.SRCGender,src.DateOfBirth,src.DateOfDeath, src.RecordSourceCode,src.LOVRecordSourceId,src.RunDateTime,src.RunDateTime,src.RunDateTime,src.RunDateTime,src.RunDateTime,'N',src.DLETLRunLogID,src.DLCurateStandardRowKey) ",
			"temp_table_name": "person3",
			"partition_column_list": ""
		},
		{
			"card_id": "card_43",
			"card_dependencies": [
				"card_2",
				"card_44444",
				"card_21",
				"card_2323232323"
			],
			"label": "Read_Table 43",
			"card_type": "read_table",
			"description": "ODHPatient",
			"query": "select distinct a.PersonId as PersonId,s.ID as SRCPatientHorizonId,c.Siteroleid as PracticeSiteRoleId, s.Status,s.Inactivation_Reason as InactivationReason, s.No_Fixed_Address as NoFixedAddress,s.Deleted as Deleted,s.Last_Practice_Code as LastPracticeCode,s.Creation_Timestamp as CreationTimestamp, s.Insurance_Number as InsuranceNumber,s.Lastupdate_Timestamp as LastupdateTimestamp,s.Third_Party_Code as ThirdPartyCode,s.Transfer_Date as TransferDate,s.Transfer_Type as TransferType,s.Created_By as CreatedBy,s.Export_Timestamp as ExportTimestamp,s.Export_Date as ExportDate,s.Source,s.Updated_By as UpdatedBy,s.Version,t.NHS_Eligible as NHSEligible,t.NHS_Reason as NHSReason,t.NHS_Type as NHSType,t.Staff_Member as StaffMember,t.Default_Shipping_Preference as DefaultShippingPreference, t.Personal_Discount as PersonalDiscount, t.Monthly_DD as MonthlyDD,t.SVOC_Staff_Member as SVOCStaffMember,t.code as PatientDetailCode,'BUKOPMS' as RecordSourceCode,s.CurateStandardRowKey, r.LOVId as LOVRecordSourceId,s.DLETLRunLogID , current_timestamp as RunDateTime,case when s.rn=1 and ifnull(s.operation,'null')<>'DELETE' then 'Y' when s.rn=1 and ifnull(s.operation,'null')='DELETE' then 'D' else 'N' end as DLSCDActiveFlag , s.curatestandardrowkey as DLCurateStandardRowKey from patientinfo55 s inner join patientdetails5 t on s.code=t.code left join (select distinct PersonId,CustomerNumber from curate_enterprise.person where CustomerTypeName='ODH Patient' and RecordSourceCode='BUKOPMS' and DLSCDActiveFlag = 'Y')a on a.CustomerNumber=s.CODE  join (select LOVId from reflovsetinfo where lovkey = 'BUKOPMS' and lovsetname='System of Record' and LOVrecordsourceid='12012')r  on (1=1) left join  (select distinct siteroleid,sourcesiterolecode from curate_enterprise.Siterole where RecordSourceCode='BUKOPMS' and DLSCDActiveFlag = 'Y') c  on c.sourcesiterolecode = s.practice_code where c.Siteroleid is not null and t.rn = 1",
			"temp_table_name": "ODHPatient",
			"partition_column_list": ""
		},
		{
			"card_id": "card_45",
			"card_dependencies": [
				"card_43"
			],
			"label": "Read_Table 45",
			"card_type": "read_table",
			"description": "ODHPatient",
			"query": " select distinct cast(PersonID as string) , cast(SRCPatientHorizonId as string) , cast(PracticeSiteRoleId as string) , cast(Status as string) , cast(InactivationReason as string) , cast(NoFixedAddress as smallint) , cast(Deleted as string) , cast(LastPracticeCode as string) , cast(CreationTimestamp as timestamp) , cast(InsuranceNumber as string) , cast(LastupdateTimestamp as timestamp) , cast(ThirdPartyCode as string) , cast(TransferDate as date ) , cast(TransferType as string) , cast(CreatedBy as string) , cast(ExportTimestamp as timestamp) , cast(ExportDate as date ) , cast(Source as string) , cast(UpdatedBy as string) , cast(Version as string) , cast(NHSEligible as smallint) , cast(NHSReason as string) , cast(NHSType as string) , cast(StaffMember as string) , cast(DefaultShippingPreference as string) , cast(PersonalDiscount as numeric(15, 5)) , cast(MonthlyDD as numeric(15, 5)) , cast(SVOCStaffMember as smallint) , cast(RecordSourceCode as string) , cast(LOVRecordSourceId as int ) , cast(RunDateTime as timestamp) , cast(DLSCDActiveFlag as string) , cast(DLETLRunLogID as int ) , cast(DLCurateStandardRowKey as bigint )  from ODHPatient where personid is not null and SRCPatientHorizonId is not null",
			"temp_table_name": "ODHPatient1",
			"partition_column_list": ""
		},
		{
			"card_id": "card_2333",
			"card_dependencies": [
				"card_45"
			],
			"label": "Read_Table 23",
			"card_type": "read_table",
			"description": "Insert in ADLS",
			"query": "MERGE INTO curate_enterprise.ODHPatient T USING ( SELECT case when s.dlscdactiveflag='Y' then s.SRCPatientHorizonId else 'DEACTIVATE' end as mergeKey, s.* FROM ODHPatient1 s where s.dlscdactiveflag<>'D' UNION ALL SELECT 'UPDATE' as mergeKey, source.* FROM ODHPatient1 source JOIN curate_enterprise.ODHPatient Target ON source.SRCPatientHorizonId = Target.SRCPatientHorizonId and source.LOVRecordSourceId = Target.LOVRecordSourceId WHERE Target.DLSCDActiveFlag = 'Y' and source.DLSCDActiveFlag = 'Y') src ON T.SRCPatientHorizonId = src.mergeKey AND T.DLSCDActiveFlag = 'Y' when matched THEN UPDATE SET DLSCDActiveFlag = 'N', DLSCDEndDateTime = src.RunDateTime ,DLUpdateDateTime = src.RunDateTime WHEN not MATCHED AND src.mergeKey <> 'UPDATE' and src.mergekey <> 'DEACTIVATE' THEN INSERT(PersonID,SRCPatientHorizonId,PracticeSiteRoleId,Status,InactivationReason,NoFixedAddress,Deleted,LastPracticeCode,CreationTimestamp,InsuranceNumber,LastupdateTimestamp,ThirdPartyCode,TransferDate,TransferType,CreatedBy,ExportTimestamp,ExportDate,Source,UpdatedBy,Version,NHSEligible,NHSReason,NHSType,StaffMember,DefaultShippingPreference,PersonalDiscount,MonthlyDD,SVOCStaffMember,RecordSourceCode, LOVRecordSourceId, RunDateTime, DLCreateDateTime,DLUpdateDateTime, DLSCDStartDateTime,DLSCDEndDateTime, DLSCDActiveFlag, DLETLRunLogID, DLCurateStandardRowKey)  VALUES(src.PersonID,src.SRCPatientHorizonId,src.PracticeSiteRoleId,src.Status,src.InactivationReason,src.NoFixedAddress,src.Deleted,src.LastPracticeCode,src.CreationTimestamp,src.InsuranceNumber,src.LastupdateTimestamp,src.ThirdPartyCode,src.TransferDate,src.TransferType,src.CreatedBy,src.ExportTimestamp,src.ExportDate,src.Source,src.UpdatedBy,src.Version,src.NHSEligible,src.NHSReason,src.NHSType,src.StaffMember,src.DefaultShippingPreference,src.PersonalDiscount,src.MonthlyDD,src.SVOCStaffMember,src.RecordSourceCode, src.LOVRecordSourceId, src.RunDateTime, src.RunDateTime, src.RunDateTime, '1900-01-01 00:00:00.000','9999-12-31 00:00:00.000', src.DLSCDActiveFlag, src.DLETLRunLogID, src.DLCurateStandardRowKey) WHEN not MATCHED AND src.mergeKey = 'UPDATE' THEN INSERT(PersonID,SRCPatientHorizonId,PracticeSiteRoleId,Status,InactivationReason,NoFixedAddress,Deleted,LastPracticeCode,CreationTimestamp,InsuranceNumber,LastupdateTimestamp,ThirdPartyCode,TransferDate,TransferType,CreatedBy,ExportTimestamp,ExportDate,Source,UpdatedBy,Version,NHSEligible,NHSReason,NHSType,StaffMember,DefaultShippingPreference,PersonalDiscount,MonthlyDD,SVOCStaffMember, RecordSourceCode ,LOVRecordSourceId, RunDateTime, DLCreateDateTime, DLUpdateDateTime, DLSCDStartDateTime , DLSCDEndDateTime, DLSCDActiveFlag, DLETLRunLogID,DLCurateStandardRowKey)  VALUES(src.PersonID,src.SRCPatientHorizonId,src.PracticeSiteRoleId,src.Status,src.InactivationReason,src.NoFixedAddress,src.Deleted,src.LastPracticeCode,src.CreationTimestamp,src.InsuranceNumber,src.LastupdateTimestamp,src.ThirdPartyCode,src.TransferDate,src.TransferType,src.CreatedBy,src.ExportTimestamp,src.ExportDate,src.Source,src.UpdatedBy,src.Version,src.NHSEligible,src.NHSReason,src.NHSType,src.StaffMember,src.DefaultShippingPreference,src.PersonalDiscount,src.MonthlyDD,src.SVOCStaffMember,src.RecordSourceCode, src.LOVRecordSourceId, src.RunDateTime, src.RunDateTime, src.RunDateTime, src.RunDateTime, '9999-12-31 00:00:00.000',src.DLSCDActiveFlag,src.DLETLRunLogID,src.DLCurateStandardRowKey) WHEN not MATCHED AND src.mergeKey = 'DEACTIVATE' THEN INSERT(PersonID,SRCPatientHorizonId,PracticeSiteRoleId,Status,InactivationReason,NoFixedAddress,Deleted,LastPracticeCode,CreationTimestamp,InsuranceNumber,LastupdateTimestamp,ThirdPartyCode,TransferDate,TransferType,CreatedBy,ExportTimestamp,ExportDate,Source,UpdatedBy,Version,NHSEligible,NHSReason,NHSType,StaffMember,DefaultShippingPreference,PersonalDiscount,MonthlyDD,SVOCStaffMember,RecordSourceCode ,LOVRecordSourceId, RunDateTime, DLCreateDateTime, DLUpdateDateTime, DLSCDStartDateTime , DLSCDEndDateTime, DLSCDActiveFlag, DLETLRunLogID,DLCurateStandardRowKey)  VALUES(src.PersonID,src.SRCPatientHorizonId,src.PracticeSiteRoleId,src.Status,src.InactivationReason,src.NoFixedAddress,src.Deleted,src.LastPracticeCode,src.CreationTimestamp,src.InsuranceNumber,src.LastupdateTimestamp,src.ThirdPartyCode,src.TransferDate,src.TransferType,src.CreatedBy,src.ExportTimestamp,src.ExportDate,src.Source,src.UpdatedBy,src.Version,src.NHSEligible,src.NHSReason,src.NHSType,src.StaffMember,src.DefaultShippingPreference,src.PersonalDiscount,src.MonthlyDD,src.SVOCStaffMember,src.RecordSourceCode, src.LOVRecordSourceId, src.RunDateTime, src.RunDateTime, src.RunDateTime, src.RunDateTime, src.RunDateTime,src.DLSCDActiveFlag,src.DLETLRunLogID,src.DLCurateStandardRowKey)",
			"temp_table_name": "ODHPatient11",
			"partition_column_list": ""
		},
		{
			"card_id": "card_23232323233232",
			"card_dependencies": [
				"card_45",
				"card_2333"
			],
			"label": "Read_Table 23",
			"card_type": "read_table",
			"description": "Insert in ADLS",
			"query": "MERGE INTO curate_enterprise.ODHPatient T USING (SELECT s.SRCPatientHorizonId as mergeKey, s.* FROM ODHPatient1 s where s.dlscdactiveflag = 'D' UNION ALL SELECT 'UPDATE' as mergeKey, sou.* FROM ODHPatient1 sou JOIN curate_enterprise.ODHPatient Target ON sou.SRCPatientHorizonId = Target.SRCPatientHorizonId and sou.LOVRecordSourceId = Target.LOVRecordSourceId WHERE Target.DLSCDActiveFlag = 'Y' and sou.DLSCDActiveFlag = 'D') src ON T.SRCPatientHorizonId = src.mergeKey AND T.DLSCDActiveFlag = 'Y' when matched THEN UPDATE SET DLSCDActiveFlag = 'N', DLSCDEndDateTime = src.RunDateTime ,DLUpdateDateTime = src.RunDateTime WHEN not MATCHED AND src.mergeKey <> 'UPDATE' THEN INSERT(PersonID,SRCPatientHorizonId,PracticeSiteRoleId,Status,InactivationReason,NoFixedAddress,Deleted,LastPracticeCode,CreationTimestamp,InsuranceNumber,LastupdateTimestamp,ThirdPartyCode,TransferDate,TransferType,CreatedBy,ExportTimestamp,ExportDate,Source,UpdatedBy,Version,NHSEligible,NHSReason,NHSType,StaffMember,DefaultShippingPreference,PersonalDiscount,MonthlyDD,SVOCStaffMember,RecordSourceCode, LOVRecordSourceId, RunDateTime, DLCreateDateTime,DLUpdateDateTime, DLSCDStartDateTime,DLSCDEndDateTime, DLSCDActiveFlag, DLETLRunLogID, DLCurateStandardRowKey)  VALUES(src.PersonID,src.SRCPatientHorizonId,src.PracticeSiteRoleId,src.Status,src.InactivationReason,src.NoFixedAddress,src.Deleted,src.LastPracticeCode,src.CreationTimestamp,src.InsuranceNumber,src.LastupdateTimestamp,src.ThirdPartyCode,src.TransferDate,src.TransferType,src.CreatedBy,src.ExportTimestamp,src.ExportDate,src.Source,src.UpdatedBy,src.Version,src.NHSEligible,src.NHSReason,src.NHSType,src.StaffMember,src.DefaultShippingPreference,src.PersonalDiscount,src.MonthlyDD,src.SVOCStaffMember,src.RecordSourceCode,src.LOVRecordSourceId,src.RunDateTime,src.RunDateTime,src.RunDateTime,src.RunDateTime,src.RunDateTime,'N',src.DLETLRunLogID,src.DLCurateStandardRowKey) WHEN not MATCHED AND src.mergeKey = 'UPDATE' THEN INSERT(PersonID,SRCPatientHorizonId,PracticeSiteRoleId,Status,InactivationReason,NoFixedAddress,Deleted,LastPracticeCode,CreationTimestamp,InsuranceNumber,LastupdateTimestamp,ThirdPartyCode,TransferDate,TransferType,CreatedBy,ExportTimestamp,ExportDate,Source,UpdatedBy,Version,NHSEligible,NHSReason,NHSType,StaffMember,DefaultShippingPreference,PersonalDiscount,MonthlyDD,SVOCStaffMember,RecordSourceCode ,LOVRecordSourceId, RunDateTime, DLCreateDateTime, DLUpdateDateTime, DLSCDStartDateTime , DLSCDEndDateTime, DLSCDActiveFlag, DLETLRunLogID,DLCurateStandardRowKey)  VALUES(src.PersonID,src.SRCPatientHorizonId,src.PracticeSiteRoleId,src.Status,src.InactivationReason,src.NoFixedAddress,src.Deleted,src.LastPracticeCode,src.CreationTimestamp,src.InsuranceNumber,src.LastupdateTimestamp,src.ThirdPartyCode,src.TransferDate,src.TransferType,src.CreatedBy,src.ExportTimestamp,src.ExportDate,src.Source,src.UpdatedBy,src.Version,src.NHSEligible,src.NHSReason,src.NHSType,src.StaffMember,src.DefaultShippingPreference,src.PersonalDiscount,src.MonthlyDD,src.SVOCStaffMember,src.RecordSourceCode,src.LOVRecordSourceId,src.RunDateTime,src.RunDateTime,src.RunDateTime,src.RunDateTime,src.RunDateTime,'N',src.DLETLRunLogID,src.DLCurateStandardRowKey) ",
			"temp_table_name": "ODHPatient2",
			"partition_column_list": ""
		},
		{
			"card_id": "card_91",
			"card_dependencies": [
				"card_92",
				"card_43"
			],
			"label": "Write_Delta 11",
			"card_type": "write_delta",
			"description": "Write backup Standard",
			"query": "select * from patientinfo16 a where  not exists (select 1 from ODHPatient b where a.id = b.SRCPatientHorizonId) ",
			"data_path": "/mnt/idf-curatestandard/BTUKOPTIT/BUKOPMS/BTCOPT_PATIENT_PATIENT_INFO_BUKOPMS_Incr/BackUp",
			"partition_key_columns": "",
			"mode": "OVERWRITE",
			"type": "GENERAL"
		},
		{
			"card_id": "card_97",
			"card_dependencies": [
				"card_96",
				"card_43"
			],
			"label": "Write_Delta 11",
			"card_type": "write_delta",
			"description": "Write backup Standard",
			"query": "select * from patientdetails16 a where  not exists (select 1 from ODHPatient b where a.code =b.PatientDetailCode)",
			"data_path": "/mnt/idf-curatestandard/BTUKOPTIT/BUKOPMS/BTCOPT_PATIENT_PATIENT_DETAILS_BUKOPMS_Incr/BackUp",
			"partition_key_columns": "",
			"mode": "OVERWRITE",
			"type": "GENERAL"
		}
	]
}