{
    "project_name": "BUKOPMS",
    "config_type": "etl",
    "description": "",
    "data_source": [],
    "report_path": "/mnt/idf-reports/BTUKOPTIT/BUKOPMS/BTCOPT_ORDER_FINANCIAL_ACCOUNT_PAYMENT_BUKOPMS_Incr/Incremental/CurateADLS/",
    "cards": [
        {
            "card_id": "card_0",
            "card_dependencies": [],
            "label": "Read_Delta 0",
            "card_type": "read_delta",
            "description": "reading standard location",
            "data_path": "/mnt/idf-curatestandard/BTUKOPTIT/BUKOPMS/BTCOPT_ORDER_FINANCIAL_ACCOUNT_PAYMENT_BUKOPMS_Incr/Incremental",
            "output_table": "odhfinancialpayment1"
        },
        {
            "card_id": "card_1",
            "card_dependencies": [
                "card_0"
            ],
            "label": "Apply_Filter 1",
            "card_type": "apply_filter",
            "description": "filtering records with RunDateTime",
            "input_table": "odhfinancialpayment1",
            "output_table": "odhfinancialpayment2",
            "filter": [],
            "unmatch_data": false
        },
		{
			"card_id": "card_2",
			"card_dependencies": [],
			"label": "Read_Table 2",
			"card_type": "read_table",
			"description": "Read ADLS table",
			"query": "Select * from curate_enterprise.reflovsetinfo",
			"temp_table_name": "reflovsetinfo",
			"partition_column_list": ""
		},
        {
            "card_id": "card_13",
            "card_dependencies": [],
            "label": "Read_Delta 13",
            "card_type": "read_delta",
            "description": "reading standard backup location",
            "data_path": "/mnt/idf-curatestandard/BTUKOPTIT/BUKOPMS/BTCOPT_ORDER_FINANCIAL_ACCOUNT_PAYMENT_BUKOPMS_Incr/BackUp",
            "output_table": "odhfinancialpayment12"
        },
        {
            "card_id": "card_12",
            "card_dependencies": [
                "card_13",
                "card_1"
            ],
            "label": "Read_Table 12",
            "card_type": "read_table",
            "description": "Union with backup table",
            "query": "select * from odhfinancialpayment2 union select * from odhfinancialpayment12",
            "temp_table_name": "odhfinancialpayment11",
            "partition_column_list": ""
        },
        {
            "card_id": "card_28",
            "card_dependencies": [
                "card_12"
            ],
            "label": "Read_Table 28",
            "card_type": "read_table",
            "description": "Making null void null",
            "query": "select nullif(CurateStandardRowKey,'null') as CurateStandardRowKey,nullif(FIN_PAYMENT_ID,'null') as FIN_PAYMENT_ID,nullif(AD_CLIENT_ID,'null') as AD_CLIENT_ID,nullif(AD_ORG_ID,'null') as AD_ORG_ID,nullif(CREATED,'null') as CREATED,nullif(CREATEDBY,'null') as CREATEDBY,nullif(UPDATED,'null') as UPDATED,nullif(UPDATEDBY,'null') as UPDATEDBY,nullif(ISACTIVE,'null') as ISACTIVE,nullif(ISRECEIPT,'null') as ISRECEIPT,nullif(C_BPARTNER_ID,'null') as C_BPARTNER_ID,nullif(PAYMENTDATE,'null') as PAYMENTDATE,nullif(C_CURRENCY_ID,'null') as C_CURRENCY_ID,nullif(AMOUNT,'null') as AMOUNT,nullif(WRITEOFFAMT,'null') as WRITEOFFAMT,nullif(FIN_PAYMENTMETHOD_ID,'null') as FIN_PAYMENTMETHOD_ID,nullif(DOCUMENTNO,'null') as DOCUMENTNO,nullif(REFERENCENO,'null') as REFERENCENO,nullif(STATUS,'null') as STATUS,nullif(PROCESSED,'null') as PROCESSED,nullif(PROCESSING,'null') as PROCESSING,nullif(POSTED,'null') as POSTED,nullif(DESCRIPTION,'null') as DESCRIPTION,nullif(FIN_FINANCIAL_ACCOUNT_ID,'null') as FIN_FINANCIAL_ACCOUNT_ID,nullif(C_DOCTYPE_ID,'null') as C_DOCTYPE_ID,nullif(C_PROJECT_ID,'null') as C_PROJECT_ID,nullif(C_CAMPAIGN_ID,'null') as C_CAMPAIGN_ID,nullif(C_ACTIVITY_ID,'null') as C_ACTIVITY_ID,nullif(USER1_ID,'null') as USER1_ID,nullif(USER2_ID,'null') as USER2_ID,nullif(GENERATED_CREDIT,'null') as GENERATED_CREDIT,nullif(USED_CREDIT,'null') as USED_CREDIT,nullif(CREATEDBYALGORITHM,'null') as CREATEDBYALGORITHM,nullif(FINACC_TXN_CONVERT_RATE,'null') as FINACC_TXN_CONVERT_RATE,nullif(FINACC_TXN_AMOUNT,'null') as FINACC_TXN_AMOUNT,nullif(FIN_REV_PAYMENT_ID,'null') as FIN_REV_PAYMENT_ID,nullif(C_COSTCENTER_ID,'null') as C_COSTCENTER_ID,nullif(EM_HORCUS_REASON_ID,'null') as EM_HORCUS_REASON_ID,nullif(EM_HORCUS_COMPANY,'null') as EM_HORCUS_COMPANY,nullif(EM_HORCUS_COMPANYREF,'null') as EM_HORCUS_COMPANYREF,nullif(EM_HORCUS_PAYMENTTYPE,'null') as EM_HORCUS_PAYMENTTYPE,nullif(EM_HORCUS_PR_RT_PRCSSD,'null') as EM_HORCUS_PR_RT_PRCSSD,nullif(EM_HORCUS_RECEIPT_HISTORY_ID,'null') as EM_HORCUS_RECEIPT_HISTORY_ID,nullif(EM_HORCUS_ISREFUND,'null') as EM_HORCUS_ISREFUND,nullif(EM_APRM_PROCESS_PAYMENT,'null') as EM_APRM_PROCESS_PAYMENT,nullif(EM_APRM_RECONCILE_PAYMENT,'null') as EM_APRM_RECONCILE_PAYMENT,nullif(EM_APRM_ADD_SCHEDULEDPAYMENTS,'null') as EM_APRM_ADD_SCHEDULEDPAYMENTS,nullif(EM_APRM_EXECUTEPAYMENT,'null') as EM_APRM_EXECUTEPAYMENT,nullif(EM_APRM_REVERSEPAYMENT,'null') as EM_APRM_REVERSEPAYMENT,nullif(OPERATION,'null') as OPERATION,nullif(TIMESTAMP,'null') as TIMESTAMP,nullif(TRANSACTIONID,'null') as TRANSACTIONID from odhfinancialpayment11",
            "temp_table_name": "odhfinancialpayment28",
            "partition_column_list": ""
        },
        {
            "card_id": "card_4",
            "card_dependencies": [
                "card_28"
            ],
            "label": "Read_Table 4",
            "card_type": "read_table",
            "description": "fetching latest records",
            "query": "select * from (select row_number() OVER(PARTITION BY FIN_PAYMENT_ID,FIN_PAYMENTMETHOD_ID order BY timestamp desc,case when operation='DELETE' then 1 when operation='UPDATE' then 2 when operation='INSERT' then 3 when operation='REFRESH' then 4 end asc) as rn,row_number() OVER(PARTITION BY FIN_PAYMENT_ID,FIN_PAYMENTMETHOD_ID ,timestamp,operation order BY timestamp desc,operation desc) as rnk,* FROM odhfinancialpayment28)t where t.rnk = 1",
            "temp_table_name": "odhfinancialpayment5",
            "partition_column_list": ""
        },
		{
            "card_id": "card_18",
            "card_dependencies": [
                "card_4"
            ],
            "label": "Read_Table 18",
            "card_type": "read_table",
            "description": "Populating etlrunlogid",
            "query": "select s.*,r.ETLRunId as ETLRunLogIdNew from odhfinancialpayment5 s join (select max(cast(ETLRunId as int)) as ETLRunId from RPI_LOGGING.RPI_COMMON_LOGGING where processstage='CurateStandard' and feedname = 'BTCOPT_ORDER_FINANCIAL_ACCOUNT_PAYMENT_BUKOPMS_Incr') r on (1=1)",
            "temp_table_name": "odhfinancialpaymentlog",
            "partition_column_list": ""
        },
        {
            "card_id": "card_3",
            "card_dependencies": [
                "card_2",
				"card_18"
            ],
            "label": "Read_Table 3",
            "card_type": "read_table",
            "description": "Applying Transformations",
            "query": "select md5(concat_ws('^|~',s.FIN_PAYMENT_ID,r.LOVId)) as FinPaymentId, s.FIN_PAYMENT_ID as SRCFinancialPaymentId,b.OrganisationId as OrganisationID, a.ClientId as ClientId,s.CREATED as SourceCreated,s.CREATEDBY as SourceCreatedBy,s.UPDATED as SourceUpdated,s.UPDATEDBY as SourceUpdatedBy,s.ISACTIVE as IsActive,s.ISRECEIPT as IsReceipt,c.PersonId as PersonID,s.PAYMENTDATE as PaymentDate,s.C_CURRENCY_ID as SRCCurrencyId,d.CurrencyId as CurrencyId,s.AMOUNT as Amount,e.PaymentMethodId as PaymentMethodID,s.WRITEOFFAMT as WriteOffAmt,s.DOCUMENTNO as DocumentNo,s.REFERENCENO as ReferenceNo,s.STATUS as Status,s.PROCESSED as Processed,s.PROCESSING as Processing  ,s.POSTED as Posted,s.DESCRIPTION as Description,f.DocumentTypeID as DocumentTypeId,s.GENERATED_CREDIT as GeneratedCredit,s.USED_CREDIT as UsedCredit,s.CREATEDBYALGORITHM as CreatedByAlgorithm ,s.FINACC_TXN_CONVERT_RATE as FinAccTxnConvertRate  ,s.FINACC_TXN_AMOUNT as FinAccTxnAmount,s.EM_HORCUS_COMPANY as EMHorcusCompany,s.EM_HORCUS_COMPANYREF as EMHorcusCompanyRef,s.EM_HORCUS_PAYMENTTYPE as EMHorcusPaymentType,  s.EM_HORCUS_PR_RT_PRCSSD as EMHorcusPRRTPRCSSD ,g.ODHCustomReceiptHistoryId as ODHCustomReceiptHistoryId,s.EM_HORCUS_ISREFUND as EMHorcusIsRefund,s.EM_APRM_PROCESS_PAYMENT as EMAPRMProcesPayment,s.EM_APRM_RECONCILE_PAYMENT  as EMAPRMReconcilePayment,s.EM_APRM_ADD_SCHEDULEDPAYMENTS as EMAPRMAddScheduledPayments,s.EM_APRM_EXECUTEPAYMENT as EMAPRMExecutePayment,s.EM_APRM_REVERSEPAYMENT as EMAPRMReversePayment,   'BUKOPMS' as RecordSourceCode,cast(r.LOVId as int) as LOVRecordSourceId,s.CurateStandardRowKey as DLCurateStandardRowKey,current_timestamp as RunDateTime,case when s.rn=1 and ifnull(s.operation,'null')<>'DELETE' then 'Y' when s.rn=1 and ifnull(s.operation,'null')='DELETE' then 'D' else 'N' end as DLSCDActiveFlag,s.ETLRunLogIdNew as DLETLRunLogID from odhfinancialpaymentlog s left join (select distinct ClientId,SRCClientId from curate_enterprise.ODHClient where RecordSourceCode='BUKOPMS' and DLSCDActiveFlag='Y' )a on a.SRCClientId=s.AD_CLIENT_ID left join (select distinct OrganisationId,SRCAdOrgId from curate_enterprise.ODHAdOrg where RecordSourceCode='BUKOPMS' and DLSCDActiveFlag='Y' )b on b.SRCAdOrgId=s.AD_ORG_ID left join (select distinct PersonId,SRCBusinessPartnerId from curate_enterprise.ODHBusinessPartner where RecordSourceCode='BUKOPMS' and DLSCDActiveFlag='Y' )c on c.SRCBusinessPartnerId=s.C_BPARTNER_ID left join (select distinct CurrencyId,CurrencyCode from curate_enterprise.RefCurrency where RecordSourceCode='BUKOPMS' and DLSCDActiveFlag='Y' )d on d.CurrencyCode=s.C_CURRENCY_ID left join (select distinct PaymentMethodId,SRCFinPaymentMethodId from curate_enterprise.ODHFinPaymentMethod where RecordSourceCode='BUKOPMS' and DLSCDActiveFlag='Y' )e on e.SRCFinPaymentMethodId=s.FIN_PAYMENTMETHOD_ID left join (select distinct DocumentTypeID,SRCDocumentTypeId from curate_enterprise.ODHDocumentType where RecordSourceCode='BUKOPMS' and DLSCDActiveFlag='Y' )f on f.SRCDocumentTypeId=s.C_DOCTYPE_ID left join (select distinct ODHCustomReceiptHistoryId,SRCHorcusReceiptHistoryId from curate_enterprise.ODHCustomReceiptHistory where RecordSourceCode='BUKOPMS' and DLSCDActiveFlag='Y' )g on g.SRCHorcusReceiptHistoryId=s.EM_HORCUS_RECEIPT_HISTORY_ID join (select LOVId from reflovsetinfo where lovkey='BUKOPMS' and lovsetname='System of Record' and LOVRecordsourceid='12012') r on(1=1) where b.OrganisationId is not null and a.ClientId is not null and c.PersonId is not null and d.CurrencyId is not null and e.PaymentMethodId is not null and f.DocumentTypeID is not null and g.ODHCustomReceiptHistoryId is not null",
            "temp_table_name": "ODHFinancialPayment",
            "partition_column_list": ""
        },
        {
            "card_id": "card_25",
            "card_dependencies": [
                "card_3"
            ],
            "label": "Read_Table 25",
            "card_type": "read_table",
            "description": "Self Join",
            "query": "select cast(s.FinPaymentId as string),cast(s.SRCFinancialPaymentId as string),cast(s.OrganisationID as string),cast(s.ClientId as string),cast(s.SourceCreated as timestamp),cast(s.SourceCreatedBy as string),cast(s.SourceUpdated as timestamp),cast(s.SourceUpdatedBy as string),cast(s.IsActive as string),cast(s.IsReceipt as string),cast(s.PersonID as string),cast(s.PaymentDate as timestamp),cast(s.SRCCurrencyId as string),cast(s.CurrencyId as string),cast(s.Amount as int),cast(s.PaymentMethodID as string),cast(s.WriteOffAmt as int),cast(s.DocumentNo as string),cast(s.ReferenceNo as string),cast(s.Status as string),cast(s.Processed as string),cast(s.Processing as string),cast(s.Posted as string),cast(s.Description as string),cast(s.DocumentTypeId as string),cast(s.GeneratedCredit as int),cast(s.UsedCredit as int),cast(s.CreatedByAlgorithm as string),cast(s.FinAccTxnConvertRate as int),cast(s.FinAccTxnAmount as int),cast(s.EMHorcusCompany as string),cast(s.EMHorcusCompanyRef as string),cast(s.EMHorcusPaymentType as string),cast(s.EMHorcusPRRTPRCSSD as string),cast(s.ODHCustomReceiptHistoryId as string),cast(s.EMHorcusIsRefund as string),cast(s.EMAPRMProcesPayment as string),cast(s.EMAPRMReconcilePayment as string),cast(s.EMAPRMAddScheduledPayments as string),cast(s.EMAPRMExecutePayment as string),cast(s.EMAPRMReversePayment as string),cast(s.RecordSourceCode as string),cast(s.LOVRecordSourceId as int),cast(s.RunDateTime as timestamp),cast(s.DLCurateStandardRowKey as bigint),DLSCDActiveFlag,s.DLETLRunLogID from ODHFinancialPayment s where s.FinPaymentId is not null and  s.SRCFinancialPaymentId is not null",
            "temp_table_name": "ODHFinancialPayment1",
            "partition_column_list": ""
        },
        {
            "card_id": "card_27",
            "card_dependencies": [
                "card_25"
            ],
            "label": "Read_Table 27",
            "card_type": "read_table",
            "description": "Insert in ADLS",
            "query": "MERGE INTO curate_enterprise.ODHFinancialPayment T USING (SELECT case when s.dlscdactiveflag='Y' then s.FinPaymentId else 'DEACTIVATE' end as mergeKey, s.* FROM ODHFinancialPayment1 s where s.dlscdactiveflag<>'D' UNION ALL SELECT 'UPDATE' as mergeKey, source.* FROM ODHFinancialPayment1 source JOIN curate_enterprise.ODHFinancialPayment Target ON source.FinPaymentId = Target.FinPaymentId WHERE Target.DLSCDActiveFlag = 'Y'  and source.DLSCDActiveFlag = 'Y') src ON T.FinPaymentId = src.mergeKey AND T.DLSCDActiveFlag = 'Y' when matched THEN UPDATE SET DLSCDActiveFlag = 'N', DLSCDEndDateTime = src.RunDateTime ,DLUpdateDateTime = src.RunDateTime WHEN not MATCHED AND src.mergeKey <> 'UPDATE' and src.mergekey <> 'DEACTIVATE' THEN INSERT(FinPaymentId,SRCFinancialPaymentId,OrganisationID,ClientId,SourceCreated,SourceCreatedBy,SourceUpdated,SourceUpdatedBy,IsActive,IsReceipt,PersonID,PaymentDate,SRCCurrencyId,CurrencyId,Amount,PaymentMethodID,WriteOffAmt,DocumentNo,ReferenceNo,Status,Processed,Processing,Posted,Description,DocumentTypeId,GeneratedCredit,UsedCredit,CreatedByAlgorithm,FinAccTxnConvertRate,FinAccTxnAmount,EMHorcusCompany,EMHorcusCompanyRef,EMHorcusPaymentType,EMHorcusPRRTPRCSSD,ODHCustomReceiptHistoryId,EMHorcusIsRefund,EMAPRMProcesPayment,EMAPRMReconcilePayment,EMAPRMAddScheduledPayments,EMAPRMExecutePayment,EMAPRMReversePayment,RecordSourceCode,LOVRecordSourceId,RunDateTime,DLCreateDateTime,DLUpdateDateTime,DLSCDStartDateTime,DLSCDEndDateTime,DLSCDActiveFlag,DLETLRunLogID,DLCurateStandardRowKey)  VALUES(src.FinPaymentId,src.SRCFinancialPaymentId,src.OrganisationID,src.ClientId,src.SourceCreated,src.SourceCreatedBy,src.SourceUpdated,src.SourceUpdatedBy,src.IsActive,src.IsReceipt,src.PersonID,src.PaymentDate,src.SRCCurrencyId,src.CurrencyId,src.Amount,src.PaymentMethodID,src.WriteOffAmt,src.DocumentNo,src.ReferenceNo,src.Status,src.Processed,src.Processing,src.Posted,src.Description,src.DocumentTypeId,src.GeneratedCredit,src.UsedCredit,src.CreatedByAlgorithm,src.FinAccTxnConvertRate,src.FinAccTxnAmount,src.EMHorcusCompany,src.EMHorcusCompanyRef,src.EMHorcusPaymentType,src.EMHorcusPRRTPRCSSD,src.ODHCustomReceiptHistoryId,src.EMHorcusIsRefund,src.EMAPRMProcesPayment,src.EMAPRMReconcilePayment,src.EMAPRMAddScheduledPayments,src.EMAPRMExecutePayment,src.EMAPRMReversePayment,src.RecordSourceCode,src.LOVRecordSourceId,src.RunDateTime,src.RunDateTime,src.RunDateTime,'1900-01-01 00:00:00.000','9999-12-31 00:00:00.000',src.DLSCDActiveFlag,src.DLETLRunLogID,src.DLCurateStandardRowKey) WHEN not MATCHED AND src.mergeKey = 'UPDATE' THEN INSERT(FinPaymentId,SRCFinancialPaymentId,OrganisationID,ClientId,SourceCreated,SourceCreatedBy,SourceUpdated,SourceUpdatedBy,IsActive,IsReceipt,PersonID,PaymentDate,SRCCurrencyId,CurrencyId,Amount,PaymentMethodID,WriteOffAmt,DocumentNo,ReferenceNo,Status,Processed,Processing,Posted,Description,DocumentTypeId,GeneratedCredit,UsedCredit,CreatedByAlgorithm,FinAccTxnConvertRate,FinAccTxnAmount,EMHorcusCompany,EMHorcusCompanyRef,EMHorcusPaymentType,EMHorcusPRRTPRCSSD,ODHCustomReceiptHistoryId,EMHorcusIsRefund,EMAPRMProcesPayment,EMAPRMReconcilePayment,EMAPRMAddScheduledPayments,EMAPRMExecutePayment,EMAPRMReversePayment,RecordSourceCode,LOVRecordSourceId,RunDateTime,DLCreateDateTime,DLUpdateDateTime,DLSCDStartDateTime,DLSCDEndDateTime,DLSCDActiveFlag,DLETLRunLogID,DLCurateStandardRowKey)  VALUES(src.FinPaymentId,src.SRCFinancialPaymentId,src.OrganisationID,src.ClientId,src.SourceCreated,src.SourceCreatedBy,src.SourceUpdated,src.SourceUpdatedBy,src.IsActive,src.IsReceipt,src.PersonID,src.PaymentDate,src.SRCCurrencyId,src.CurrencyId,src.Amount,src.PaymentMethodID,src.WriteOffAmt,src.DocumentNo,src.ReferenceNo,src.Status,src.Processed,src.Processing,src.Posted,src.Description,src.DocumentTypeId,src.GeneratedCredit,src.UsedCredit,src.CreatedByAlgorithm,src.FinAccTxnConvertRate,src.FinAccTxnAmount,src.EMHorcusCompany,src.EMHorcusCompanyRef,src.EMHorcusPaymentType,src.EMHorcusPRRTPRCSSD,src.ODHCustomReceiptHistoryId,src.EMHorcusIsRefund,src.EMAPRMProcesPayment,src.EMAPRMReconcilePayment,src.EMAPRMAddScheduledPayments,src.EMAPRMExecutePayment,src.EMAPRMReversePayment,src.RecordSourceCode,src.LOVRecordSourceId,src.RunDateTime,src.RunDateTime,src.RunDateTime,src.RunDateTime,'9999-12-31 00:00:00.000',src.DLSCDActiveFlag,src.DLETLRunLogID,src.DLCurateStandardRowKey) WHEN not MATCHED AND src.mergeKey = 'DEACTIVATE' THEN INSERT(FinPaymentId,SRCFinancialPaymentId,OrganisationID,ClientId,SourceCreated,SourceCreatedBy,SourceUpdated,SourceUpdatedBy,IsActive,IsReceipt,PersonID,PaymentDate,SRCCurrencyId,CurrencyId,Amount,PaymentMethodID,WriteOffAmt,DocumentNo,ReferenceNo,Status,Processed,Processing,Posted,Description,DocumentTypeId,GeneratedCredit,UsedCredit,CreatedByAlgorithm,FinAccTxnConvertRate,FinAccTxnAmount,EMHorcusCompany,EMHorcusCompanyRef,EMHorcusPaymentType,EMHorcusPRRTPRCSSD,ODHCustomReceiptHistoryId,EMHorcusIsRefund,EMAPRMProcesPayment,EMAPRMReconcilePayment,EMAPRMAddScheduledPayments,EMAPRMExecutePayment,EMAPRMReversePayment,RecordSourceCode,LOVRecordSourceId,RunDateTime,DLCreateDateTime,DLUpdateDateTime,DLSCDStartDateTime,DLSCDEndDateTime,DLSCDActiveFlag,DLETLRunLogID,DLCurateStandardRowKey)  VALUES(src.FinPaymentId,src.SRCFinancialPaymentId,src.OrganisationID,src.ClientId,src.SourceCreated,src.SourceCreatedBy,src.SourceUpdated,src.SourceUpdatedBy,src.IsActive,src.IsReceipt,src.PersonID,src.PaymentDate,src.SRCCurrencyId,src.CurrencyId,src.Amount,src.PaymentMethodID,src.WriteOffAmt,src.DocumentNo,src.ReferenceNo,src.Status,src.Processed,src.Processing,src.Posted,src.Description,src.DocumentTypeId,src.GeneratedCredit,src.UsedCredit,src.CreatedByAlgorithm,src.FinAccTxnConvertRate,src.FinAccTxnAmount,src.EMHorcusCompany,src.EMHorcusCompanyRef,src.EMHorcusPaymentType,src.EMHorcusPRRTPRCSSD,src.ODHCustomReceiptHistoryId,src.EMHorcusIsRefund,src.EMAPRMProcesPayment,src.EMAPRMReconcilePayment,src.EMAPRMAddScheduledPayments,src.EMAPRMExecutePayment,src.EMAPRMReversePayment,src.RecordSourceCode,src.LOVRecordSourceId,src.RunDateTime,src.RunDateTime,src.RunDateTime,src.RunDateTime,src.RunDateTime,src.DLSCDActiveFlag,src.DLETLRunLogID,src.DLCurateStandardRowKey) ",
            "temp_table_name": "ODHFinancialPayment3",
            "partition_column_list": ""
        },
        {
            "card_id": "card_27033",
            "card_dependencies": [
                "card_27"
            ],
            "label": "Read_Table 27033",
            "card_type": "read_table",
            "description": "Insert in ADLS",
            "query": "MERGE INTO curate_enterprise.ODHFinancialPayment T USING (SELECT s.FinPaymentId as MergeKey,s.* FROM ODHFinancialPayment1 s where s.dlscdactiveflag='D' UNION ALL SELECT 'UPDATE' as mergeKey, source.* FROM ODHFinancialPayment1 source JOIN curate_enterprise.ODHFinancialPayment Target ON source.FinPaymentId = Target.FinPaymentId WHERE Target.DLSCDActiveFlag = 'Y' and source.dlscdactiveflag='D') src ON T.FinPaymentId = src.mergeKey AND T.DLSCDActiveFlag = 'Y' when matched THEN UPDATE SET DLSCDActiveFlag = 'N', DLSCDEndDateTime = src.RunDateTime ,DLUpdateDateTime = src.RunDateTime WHEN not MATCHED AND src.mergeKey = 'UPDATE' THEN INSERT(FinPaymentId,SRCFinancialPaymentId,OrganisationID,ClientId,SourceCreated,SourceCreatedBy,SourceUpdated,SourceUpdatedBy,IsActive,IsReceipt,PersonID,PaymentDate,SRCCurrencyId,CurrencyId,Amount,PaymentMethodID,WriteOffAmt,DocumentNo,ReferenceNo,Status,Processed,Processing,Posted,Description,DocumentTypeId,GeneratedCredit,UsedCredit,CreatedByAlgorithm,FinAccTxnConvertRate,FinAccTxnAmount,EMHorcusCompany,EMHorcusCompanyRef,EMHorcusPaymentType,EMHorcusPRRTPRCSSD,ODHCustomReceiptHistoryId,EMHorcusIsRefund,EMAPRMProcesPayment,EMAPRMReconcilePayment,EMAPRMAddScheduledPayments,EMAPRMExecutePayment,EMAPRMReversePayment,RecordSourceCode,LOVRecordSourceId,RunDateTime,DLCreateDateTime,DLUpdateDateTime,DLSCDStartDateTime,DLSCDEndDateTime,DLSCDActiveFlag,DLETLRunLogID,DLCurateStandardRowKey)  VALUES(src.FinPaymentId,src.SRCFinancialPaymentId,src.OrganisationID,src.ClientId,src.SourceCreated,src.SourceCreatedBy,src.SourceUpdated,src.SourceUpdatedBy,src.IsActive,src.IsReceipt,src.PersonID,src.PaymentDate,src.SRCCurrencyId,src.CurrencyId,src.Amount,src.PaymentMethodID,src.WriteOffAmt,src.DocumentNo,src.ReferenceNo,src.Status,src.Processed,src.Processing,src.Posted,src.Description,src.DocumentTypeId,src.GeneratedCredit,src.UsedCredit,src.CreatedByAlgorithm,src.FinAccTxnConvertRate,src.FinAccTxnAmount,src.EMHorcusCompany,src.EMHorcusCompanyRef,src.EMHorcusPaymentType,src.EMHorcusPRRTPRCSSD,src.ODHCustomReceiptHistoryId,src.EMHorcusIsRefund,src.EMAPRMProcesPayment,src.EMAPRMReconcilePayment,src.EMAPRMAddScheduledPayments,src.EMAPRMExecutePayment,src.EMAPRMReversePayment,src.RecordSourceCode,src.LOVRecordSourceId,src.RunDateTime,src.RunDateTime,src.RunDateTime,src.RunDateTime,src.RunDateTime,'N',src.DLETLRunLogID,src.DLCurateStandardRowKey) WHEN not MATCHED AND src.mergeKey <> 'UPDATE' THEN INSERT(FinPaymentId,SRCFinancialPaymentId,OrganisationID,ClientId,SourceCreated,SourceCreatedBy,SourceUpdated,SourceUpdatedBy,IsActive,IsReceipt,PersonID,PaymentDate,SRCCurrencyId,CurrencyId,Amount,PaymentMethodID,WriteOffAmt,DocumentNo,ReferenceNo,Status,Processed,Processing,Posted,Description,DocumentTypeId,GeneratedCredit,UsedCredit,CreatedByAlgorithm,FinAccTxnConvertRate,FinAccTxnAmount,EMHorcusCompany,EMHorcusCompanyRef,EMHorcusPaymentType,EMHorcusPRRTPRCSSD,ODHCustomReceiptHistoryId,EMHorcusIsRefund,EMAPRMProcesPayment,EMAPRMReconcilePayment,EMAPRMAddScheduledPayments,EMAPRMExecutePayment,EMAPRMReversePayment,RecordSourceCode,LOVRecordSourceId,RunDateTime,DLCreateDateTime,DLUpdateDateTime,DLSCDStartDateTime,DLSCDEndDateTime,DLSCDActiveFlag,DLETLRunLogID,DLCurateStandardRowKey)  VALUES(src.FinPaymentId,src.SRCFinancialPaymentId,src.OrganisationID,src.ClientId,src.SourceCreated,src.SourceCreatedBy,src.SourceUpdated,src.SourceUpdatedBy,src.IsActive,src.IsReceipt,src.PersonID,src.PaymentDate,src.SRCCurrencyId,src.CurrencyId,src.Amount,src.PaymentMethodID,src.WriteOffAmt,src.DocumentNo,src.ReferenceNo,src.Status,src.Processed,src.Processing,src.Posted,src.Description,src.DocumentTypeId,src.GeneratedCredit,src.UsedCredit,src.CreatedByAlgorithm,src.FinAccTxnConvertRate,src.FinAccTxnAmount,src.EMHorcusCompany,src.EMHorcusCompanyRef,src.EMHorcusPaymentType,src.EMHorcusPRRTPRCSSD,src.ODHCustomReceiptHistoryId,src.EMHorcusIsRefund,src.EMAPRMProcesPayment,src.EMAPRMReconcilePayment,src.EMAPRMAddScheduledPayments,src.EMAPRMExecutePayment,src.EMAPRMReversePayment,src.RecordSourceCode,src.LOVRecordSourceId,src.RunDateTime,src.RunDateTime,src.RunDateTime,src.RunDateTime,src.RunDateTime,'N',src.DLETLRunLogID,src.DLCurateStandardRowKey)",
            "temp_table_name": "ODHFinancialPayment27033",
            "partition_column_list": ""
        },
        {
            "card_id": "card_11",
            "card_dependencies": [
                "card_25",
                "card_27033",
				"card_4",
				"card_3",
				"card_12"
            ],
            "label": "Write_Delta 11",
            "card_type": "write_delta",
            "description": "Write backup Standard",
            "query": "select * from odhfinancialpayment11 where FIN_PAYMENT_ID not in (select SRCFinancialPaymentId from ODHFinancialPayment)",
            "data_path": "/mnt/idf-curatestandard/BTUKOPTIT/BUKOPMS/BTCOPT_ORDER_FINANCIAL_ACCOUNT_PAYMENT_BUKOPMS_Incr/BackUp",
            "partition_key_columns": "",
            "mode": "OVERWRITE",
            "type": "GENERAL"
        }
    ]
}
