{
	"project_name": "BUKOPMS",
	"config_type": "etl",
	"description": "",
	"data_source": [],
	"report_path": "/mnt/idf-reports/BTUKOPTIT/BUKOPMS/BTCOPT_PRACTICE_RETAIL_SCHEMA_DETAILS_BUKOPMS_Incr/Incremental/CurateADLS/",
	"cards": [
		{
			"card_id": "card_0",
			"card_dependencies": [],
			"label": "Read_Delta 0",
			"card_type": "read_delta",
			"description": "reading standard location",
			"data_path": "/mnt/idf-curatestandard/BTUKOPTIT/BUKOPMS/BTCOPT_PRACTICE_RETAIL_SCHEMA_DETAILS_BUKOPMS_Incr/Incremental",
			"output_table": "patientinfo1"
		},
		{
			"card_id": "card_1",
			"card_dependencies": [
				"card_0"
			],
			"label": "Apply_Filter 1",
			"card_type": "apply_filter",
			"description": "filtering records with RunDateTime",
			"input_table": "patientinfo1",
			"output_table": "patientinfo2",
			"filter": [],
			"unmatch_data": false
		},
		{
			"card_id": "card_1010",
			"card_dependencies": [],
			"label": "Read_Delta 0",
			"card_type": "read_delta",
			"description": "reading baucpk location",
			"data_path": "/mnt/idf-curatestandard/BTUKOPTIT/BUKOPMS/BTCOPT_PRACTICE_RETAIL_SCHEMA_DETAILS_BUKOPMS_Incr/BackUp",
			"output_table": "aduserbackup"
		},
		{
			"card_id": "card_10101",
			"card_dependencies": [
				"card_1",
				"card_1010"
			],
			"label": "Read_Table 61",
			"card_type": "read_table",
			"description": "backUp Union ",
			"query": "select * from  patientinfo2 Union select * from aduserbackup",
			"temp_table_name": "ODHUserBackUpUonin",
			"partition_column_list": ""
		},
		{
			"card_id": "card_60601",
			"card_dependencies": [
				"card_10101"
			],
			"label": "Read_Table 61",
			"card_type": "read_table",
			"description": "backUp Union ",
			"query": "select nullif(    CurateStandardRowKey    ,'null') as     CurateStandardRowKey , nullif(    ad_user_id    ,'null') as     ad_user_id , nullif(    ad_client_id    ,'null') as     ad_client_id , nullif(    ad_org_id    ,'null') as     ad_org_id , nullif(    isactive    ,'null') as     isactive , nullif(    created    ,'null') as     created , nullif(    createdby    ,'null') as     createdby , nullif(    updated    ,'null') as     updated , nullif(    updatedby    ,'null') as     updatedby , nullif(    name    ,'null') as     name , nullif(    description    ,'null') as     description , nullif(    password    ,'null') as     password , nullif(    email    ,'null') as     email , nullif(    supervisor_id    ,'null') as     supervisor_id , nullif(    c_bpartner_id    ,'null') as     c_bpartner_id , nullif(    processing    ,'null') as     processing , nullif(    emailuser    ,'null') as     emailuser , nullif(    emailuserpw    ,'null') as     emailuserpw , nullif(    c_bpartner_location_id    ,'null') as     c_bpartner_location_id , nullif(    c_greeting_id    ,'null') as     c_greeting_id , nullif(    title    ,'null') as     title , nullif(    comments    ,'null') as     comments , nullif(    phone    ,'null') as     phone , nullif(    phone2    ,'null') as     phone2 , nullif(    fax    ,'null') as     fax , nullif(    lastcontact    ,'null') as     lastcontact , nullif(    lastresult    ,'null') as     lastresult , nullif(    birthday    ,'null') as     birthday , nullif(    ad_orgtrx_id    ,'null') as     ad_orgtrx_id , nullif(    firstname    ,'null') as     firstname , nullif(    lastname    ,'null') as     lastname , nullif(    username    ,'null') as     username , nullif(    default_ad_client_id    ,'null') as     default_ad_client_id , nullif(    default_ad_language    ,'null') as     default_ad_language , nullif(    default_ad_org_id    ,'null') as     default_ad_org_id , nullif(    default_ad_role_id    ,'null') as     default_ad_role_id , nullif(    default_m_warehouse_id    ,'null') as     default_m_warehouse_id , nullif(    islocked    ,'null') as     islocked , nullif(    ad_image_id    ,'null') as     ad_image_id , nullif(    grant_portal_access    ,'null') as     grant_portal_access , nullif(    em_horcus_genericopenbasket    ,'null') as     em_horcus_genericopenbasket , nullif(    em_obmpr_default_pop_role    ,'null') as     em_obmpr_default_pop_role , nullif(    em_obpos_default_pos_role    ,'null') as     em_obpos_default_pos_role , nullif(    em_horcus_rl_fngrprnt    ,'null') as     em_horcus_rl_fngrprnt , nullif(    em_horcus_org_fngrprnt    ,'null') as     em_horcus_org_fngrprnt , nullif(    operation    ,'null') as     operation , nullif(    timestamp    ,'null') as     timestamp , nullif(    transactionid    ,'null') as     transactionid , nullif(    RunDateTime    ,'null') as     RunDateTime , nullif(    Year    ,'null') as     Year , nullif(    Month    ,'null') as     Month , nullif(    Day    ,'null') as     Day from ODHUserBackUpUonin",
			"temp_table_name": "ODHUserBackUpUonin1",
			"partition_column_list": ""
		},
		{
			"card_id": "card_61",
			"card_dependencies": [
				"card_60601"
			],
			"label": "Read_Table 61",
			"card_type": "read_table",
			"description": "Populating etlrunlogid",
			"query": "select s.*,r.ETLRunId as DLETLRunLogID from ODHUserBackUpUonin1 s join (select max(cast(ETLRunId as int)) as ETLRunId from RPI_LOGGING.RPI_COMMON_LOGGING where processstage='CurateStandard' and feedname = 'BTCOPT_PRACTICE_RETAIL_SCHEMA_DETAILS_BUKOPMS_Incr') r on (1=1)",
			"temp_table_name": "patientinfo11",
			"partition_column_list": ""
		},
		{
			"card_id": "card_2",
			"card_dependencies": [],
			"label": "Read_Table 2",
			"card_type": "read_table",
			"description": "Read ADLS table",
			"query": "select * from curate_enterprise.reflovsetinfo",
			"temp_table_name": "reflovsetinfo",
			"partition_column_list": ""
		},
		{
			"card_id": "card_4",
			"card_dependencies": [
				"card_61"
			],
			"label": "Read_Table 4",
			"card_type": "read_table",
			"description": "fetching latest records",
			"query": "select * from (select row_number() OVER(PARTITION BY lower(username)  order BY timestamp desc,case when operation='DELETE' then 1 when operation='UPDATE' then 2 when operation='INSERT' then 3 when operation='REFRESH' then 4 end asc) as rn,row_number() OVER(PARTITION BY lower(username),timestamp,operation order BY timestamp desc,operation desc) as rnk,* FROM patientinfo11)t where t.rnk = 1",
			"temp_table_name": "patientinfo5",
			"partition_column_list": ""
		},
		{
			"card_id": "card_400000",
			"card_dependencies": [
				"card_61"
			],
			"label": "Read_Table 4",
			"card_type": "read_table",
			"description": "fetching latest records",
			"query": "select * from (select row_number() OVER(PARTITION BY lower(username)  order BY timestamp desc,case when operation='DELETE' then 1 when operation='UPDATE' then 2 when operation='INSERT' then 3 when operation='REFRESH' then 4 end asc) as rn,row_number() OVER(PARTITION BY lower(username),timestamp,operation order BY timestamp desc,operation desc) as rnk,* FROM patientinfo11)t where t.rnk = 1",
			"temp_table_name": "patientinfo400000",
			"partition_column_list": ""
		},
		{
			"card_id": "card_3",
			"card_dependencies": [
				"card_2",
				"card_4"
			],
			"label": "Read_Table 3",
			"card_type": "read_table",
			"description": "REFPartyType",
			"query": "select 'AdUser' as  PartyTypeName, 'Represents an individual who can be User' as RoleDescription , 'DNARDM' as RecordSourceCode,cast('12012' as int) as LOVRecordSourceId,null as CurateStandardRowKey,a.DLETLRunLogID from (select max(DLETLRunLogID) as DLETLRunLogID from patientinfo5) a",
			"temp_table_name": "REFPartyType",
			"partition_column_list": ""
		},
		{
			"card_id": "card_15",
			"card_dependencies": [
				"card_3"
			],
			"label": "Read_Table 15",
			"card_type": "read_table",
			"description": "Inserts",
			"query": " insert into curate_enterprise.REFPartyType select distinct cast (  (cast(ss.PartyTypeId as int ) + row_number() over (order by source.PartyTypeName,source.LOVRecordSourceId  desc) ) as string ) as  PartyTypeId, cast(source.PartyTypeName as string)as PartyTypeName, cast(source.RoleDescription as string) as RoleDescription,cast(source.RecordSourceCode as string) as RecordSourceCode,source.LOVRecordSourceId ,current_timestamp as RunDateTime,current_timestamp as DLCreateDateTime,current_timestamp as DLUpdateDateTime,cast('1900-01-01 00:00:00.000' as timestamp) as DLSCDStartDateTime,cast('9999-12-31 00:00:00.000' as timestamp) as DLSCDEndDateTime,'Y' as DLSCDActiveFlag, cast(source.DLETLRunLogID as int) as DLETLRunLogID, cast(source.CurateStandardRowKey as bigint) as DLCurateStandardRowKey from ( select s.* from REFPartyType s LEFT JOIN curate_enterprise.REFPartyType t ON s.PartyTypeName=t.PartyTypeName AND t.lovrecordsourceid=s.lovrecordsourceid AND t.DLSCDActiveFlag='Y' WHERE t.PartyTypeName IS NULL ) source left join (select ifnull(max(PartyTypeId),0) as  PartyTypeId  from  curate_enterprise.REFPartytype)ss",
			"temp_table_name": "REFPartyType1",
			"partition_column_list": ""
		},
		{
			"card_id": "card_24",
			"card_dependencies": [
				"card_2",
				"card_4",
				"card_15"
			],
			"label": "Read_Table 24",
			"card_type": "read_table",
			"description": "Party",
			"query": "select distinct md5(concat_ws('^|~',lower(s.USERNAME),a.PartyTypeId, r.lovid )) as PartyId,  a.PartyTypeId as PartyTypeId,'AdUser' as PartyTypeName,s.FIRSTNAME as SourcePartyName, s.USERNAME as SourcePartyCode,'BUKOPMS' as RecordSourceCode, r.LOVId as LOVRecordSourceId,s.CurateStandardRowKey,s.DLETLRunLogID ,current_timestamp as RunDateTime,case when s.rn=1 and ifnull(s.operation,'null')<>'DELETE' then 'Y' when s.rn=1 and ifnull(s.operation,'null')='DELETE' then 'D' else 'N' end as DLSCDActiveFlag from patientinfo5 s  join ( select LOVId from reflovsetinfo where lovkey = 'BUKOPMS' and lovsetname='System of Record' and LOVrecordsourceid=12012 ) r on (1=1)  join (select PartyTypeID from curate_enterprise.REFPartyType where PartyTypeName= 'AdUser' AND RecordSourceCode='DNARDM' AND DLSCDActiveFlag = 'Y')a on(1=1) ",
			"temp_table_name": "Party",
			"partition_column_list": ""
		},
		{
			"card_id": "card_30",
			"card_dependencies": [
				"card_24"
			],
			"label": "Read_Table 30",
			"card_type": "read_table",
			"description": "insert",
			"query": "select cast(source.PartyId as string) , cast( source.PartyTypeId as string), cast(source.PartyTypeName as string),cast(source.SourcePartyName as string) as SourcePartyName,cast(source.SourcePartyCode as string) ,cast(source.RecordSourceCode as string) , cast(source.LOVRecordSourceId as int) as LOVRecordSourceId,cast( source.DLETLRunLogID as int),RunDateTime, cast(source.CurateStandardRowKey as bigint) as DLCurateStandardRowKey,DLSCDActiveFlag from Party source where source.PartyTypeId is not null",
			"temp_table_name": "party1",
			"partition_column_list": ""
		},
		{
			"card_id": "card_41",
			"card_dependencies": [
				"card_30"
			],
			"label": "Read_Table 41",
			"card_type": "read_table",
			"description": "Merge in ADLS",
			"query": "MERGE INTO curate_enterprise.Party T USING ( SELECT case when s.dlscdactiveflag='Y' then s.PartyId  else 'DEACTIVATE' end as mergeKey, s.* FROM Party1 s where s.dlscdactiveflag<>'D' UNION ALL SELECT 'Update' as mergeKey , source.* FROM Party1 source JOIN curate_enterprise.Party Target ON source.PartyId = Target.PartyId and source.LOVRecordSourceId = Target.LOVRecordSourceId WHERE Target.DLSCDActiveFlag = 'Y' and source.DLSCDActiveFlag = 'Y') src ON T.PartyId = src.mergeKey AND T.DLSCDActiveFlag = 'Y' when matched THEN UPDATE SET DLSCDActiveFlag = 'N', DLSCDEndDateTime = src.RunDateTime ,DLUpdateDateTime = src.RunDateTime WHEN not MATCHED AND src.mergeKey <> 'UPDATE' and src.mergekey <> 'DEACTIVATE' THEN INSERT( PartyId,  PartyTypeId,  PartyTypeName,  SourcePartyCode,  SourcePartyName,RecordSourceCode,LOVRecordSourceId, RunDateTime,DLCreateDateTime, DLUpdateDateTime,DLSCDStartDateTime, DLSCDEndDateTime,DLSCDActiveFlag,DLETLRunLogID,DLCurateStandardRowKey)  VALUES(src.PartyId, src.PartyTypeId, src.PartyTypeName, src.SourcePartyCode, src.SourcePartyName ,src.RecordSourceCode, src.LOVRecordSourceId,  src.RunDateTime,src.RunDateTime, src.RunDateTime,'1900-01-01 00:00:00.000','9999-12-31 00:00:00.000', src.DLSCDActiveFlag,src.DLETLRunLogID, src.DLCurateStandardRowKey) WHEN not MATCHED AND src.mergeKey = 'Update' THEN INSERT(  PartyId,  PartyTypeId,  PartyTypeName,  SourcePartyCode,  SourcePartyName, RecordSourceCode,LOVRecordSourceId, RunDateTime,DLCreateDateTime,DLUpdateDateTime, DLSCDStartDateTime, DLSCDEndDateTime,DLSCDActiveFlag, DLETLRunLogID,DLCurateStandardRowKey)  VALUES(src.PartyId, src.PartyTypeId, src.PartyTypeName, src.SourcePartyCode, src.SourcePartyName, src.RecordSourceCode, src.LOVRecordSourceId, src.RunDateTime, src.RunDateTime,src.RunDateTime,src.RunDateTime,'9999-12-31 00:00:00.000',src.DLSCDActiveFlag,src.DLETLRunLogID,src.DLCurateStandardRowKey) WHEN not MATCHED AND src.mergeKey = 'DEACTIVATE' THEN INSERT(  PartyId,  PartyTypeId,  PartyTypeName,  SourcePartyCode,  SourcePartyName, RecordSourceCode,LOVRecordSourceId, RunDateTime,DLCreateDateTime,DLUpdateDateTime, DLSCDStartDateTime, DLSCDEndDateTime,DLSCDActiveFlag, DLETLRunLogID,DLCurateStandardRowKey)  VALUES(src.PartyId, src.PartyTypeId, src.PartyTypeName, src.SourcePartyCode, src.SourcePartyName, src.RecordSourceCode, src.LOVRecordSourceId, src.RunDateTime, src.RunDateTime,src.RunDateTime,src.RunDateTime,src.RunDateTime,src.DLSCDActiveFlag,src.DLETLRunLogID,src.DLCurateStandardRowKey)",
			"temp_table_name": "Party2",
			"partition_column_list": ""
		},
		{
			"card_id": "card_414141",
			"card_dependencies": [
				"card_30"
			],
			"label": "Read_Table 41",
			"card_type": "read_table",
			"description": "Merge in ADLS",
			"query": "MERGE INTO curate_enterprise.Party T USING ( SELECT s.PartyId as mergeKey, s.* FROM Party1 s where s.dlscdactiveflag='D' UNION ALL SELECT 'Update' as mergeKey , source.* FROM Party1 source JOIN curate_enterprise.Party Target ON source.PartyId = Target.PartyId and source.LOVRecordSourceId = Target.LOVRecordSourceId WHERE Target.DLSCDActiveFlag = 'Y' and source.DLSCDActiveFlag = 'D') src ON T.PartyId = src.mergeKey AND T.DLSCDActiveFlag = 'Y' when matched THEN UPDATE SET DLSCDActiveFlag = 'N', DLSCDEndDateTime = src.RunDateTime ,DLUpdateDateTime = src.RunDateTime WHEN not MATCHED AND src.mergeKey = 'UPDATE' THEN INSERT( PartyId,  PartyTypeId,  PartyTypeName,  SourcePartyCode,  SourcePartyName,RecordSourceCode,LOVRecordSourceId, RunDateTime,DLCreateDateTime, DLUpdateDateTime,DLSCDStartDateTime, DLSCDEndDateTime,DLSCDActiveFlag,DLETLRunLogID,DLCurateStandardRowKey)  VALUES(src.PartyId, src.PartyTypeId, src.PartyTypeName, src.SourcePartyCode, src.SourcePartyName,src.RecordSourceCode,src.LOVRecordSourceId,src.RunDateTime,src.RunDateTime,src.RunDateTime,src.RunDateTime,src.RunDateTime,'N',src.DLETLRunLogID,src.DLCurateStandardRowKey) WHEN not MATCHED AND src.mergeKey <> 'UPDATE' THEN INSERT(  PartyId,  PartyTypeId,  PartyTypeName,  SourcePartyCode,  SourcePartyName, RecordSourceCode,LOVRecordSourceId, RunDateTime,DLCreateDateTime,DLUpdateDateTime, DLSCDStartDateTime, DLSCDEndDateTime,DLSCDActiveFlag, DLETLRunLogID,DLCurateStandardRowKey)  VALUES(src.PartyId, src.PartyTypeId, src.PartyTypeName, src.SourcePartyCode, src.SourcePartyName,src.RecordSourceCode,src.LOVRecordSourceId,src.RunDateTime,src.RunDateTime,src.RunDateTime,src.RunDateTime,src.RunDateTime,'N',src.DLETLRunLogID,src.DLCurateStandardRowKey)",
			"temp_table_name": "Party2222",
			"partition_column_list": ""
		},
		{
			"card_id": "card_33",
			"card_dependencies": [
				"card_2",
				"card_4",
				"card_41"
			],
			"label": "Read_Table 33",
			"card_type": "read_table",
			"description": "User",
			"query": "select distinct md5(concat_ws('^|~',lower(s.USERNAME),c.lovid)) as UserId ,a.PartyId as PartyId,s.USERNAME as UserName, s.TITLE as Title,s.FIRSTNAME as FirstName,s.LASTNAME as LastName,null as EmployeeId,null as ExpirationDate,null as LastAccessDate,null as LastSuccessfulLogon,null as LogonUnsuccessful,null as UserPassword,null as PasswordChangeIndicator,null as PasswordChangeDate,null as ActiveFlag,null as ValidityStart,null as ValidityEnd,null as DeletedFlag,s.EMAIL as Email,null as UserType,null as SRCCreateTimeStamp,null as SRCUpdateTimeStamp,'BUKOPMS' as RecordSourceCode, s.CurateStandardRowKey, c.LOVId as LOVRecordSourceId ,s.DLETLRunLogID ,current_timestamp as RunDateTime,case when s.rn=1 and ifnull(s.operation,'null')<>'DELETE' then 'Y' when s.rn=1 and ifnull(s.operation,'null')='DELETE' then 'D' else 'N' end as DLSCDActiveFlag  from patientinfo5 s left join (select PartyId,SourcePartyCode from curate_enterprise.party where PartyTypeName='AdUser' and RecordSourceCode='BUKOPMS' And DLSCDActiveFlag = 'Y')a on lower(a.SourcePartyCode)=lower(s.USERNAME)  join (select LOVId from reflovsetinfo where lovkey = 'BUKOPMS' and lovsetname='System of Record' and LOVrecordsourceid='12012')c on (1=1) ",
			"temp_table_name": "User",
			"partition_column_list": ""
		},
		{
			"card_id": "card_306",
			"card_dependencies": [
				"card_33"
			],
			"label": "Read_Table 36",
			"card_type": "read_table",
			"description": "Insert",
			"query": " select cast(UserId as string ), cast(PartyId as string ), cast(UserName as string ), cast(Title as string ), cast(FirstName as string ), cast(LastName as string ), cast(EmployeeId as string ), cast(ExpirationDate as timestamp ), cast(LastAccessDate as timestamp ), cast(LastSuccessfulLogon as string   ), cast(LogonUnsuccessful as string   ), cast(UserPassword as string   ), cast(PasswordChangeIndicator as string   ), cast(PasswordChangeDate as timestamp ), cast(ActiveFlag as string   ), cast(ValidityStart as timestamp ), cast(ValidityEnd as timestamp ), cast(DeletedFlag as string  ), cast(Email as string ), cast(UserType as string  ), cast(SRCCreateTimeStamp as timestamp ), cast(SRCUpdateTimeStamp as timestamp) ,cast (RecordSourceCode as string),cast (LOVRecordSourceId as int)  , RunDateTime,cast (DLETLRunLogID as int),cast ( CurateStandardRowKey as bigint) as DLCurateStandardRowKey,DLSCDActiveFlag from User where PartyId is not null ",
			"temp_table_name": "User1",
			"partition_column_list": ""
		},
		{
			"card_id": "card_40401",
			"card_dependencies": [
				"card_306"
			],
			"label": "Read_Table 41",
			"card_type": "read_table",
			"description": "Insert in ADLS",
			"query": "MERGE INTO curate_enterprise.User T USING ( SELECT case when s.dlscdactiveflag='Y' then s.UserId else 'DEACTIVATE' end as mergeKey, s.* FROM user1 s where s.dlscdactiveflag<>'D' UNION ALL SELECT 'UPDATE' as mergeKey, source.* FROM user1 source JOIN curate_enterprise.User Target ON source.UserId = Target.UserId WHERE Target.DLSCDActiveFlag = 'Y' and source.DLSCDActiveFlag = 'Y') src ON T.UserId = src.mergeKey AND T.DLSCDActiveFlag = 'Y' when matched THEN UPDATE SET DLSCDActiveFlag = 'N', DLSCDEndDateTime = src.RunDateTime ,DLUpdateDateTime = src.RunDateTime WHEN not MATCHED AND src.mergeKey <> 'UPDATE' and src.mergekey <> 'DEACTIVATE' THEN INSERT(UserId,PartyId ,UserName ,Title ,FirstName ,LastName ,EmployeeId ,ExpirationDate ,LastAccessDate ,LastSuccessfulLogon ,LogonUnsuccessful ,UserPassword ,PasswordChangeIndicator ,PasswordChangeDate ,ActiveFlag ,ValidityStart ,ValidityEnd ,DeletedFlag ,Email ,UserType ,SRCCreateTimeStamp ,SRCUpdateTimeStamp ,RecordSourceCode,LOVRecordSourceId ,RunDateTime,DLCreateDateTime,DLUpdateDateTime,DLSCDStartDateTime,DLSCDEndDateTime,DLSCDActiveFlag,DLETLRunLogID,DLCurateStandardRowKey) VALUES(src.UserId,src.PartyId ,src.UserName ,src.Title ,src.FirstName ,src.LastName ,src.EmployeeId ,src.ExpirationDate ,src.LastAccessDate ,src.LastSuccessfulLogon ,src.LogonUnsuccessful ,src.UserPassword ,src.PasswordChangeIndicator ,src.PasswordChangeDate ,src.ActiveFlag ,src.ValidityStart ,src.ValidityEnd ,src.DeletedFlag ,src.Email ,src.UserType ,src.SRCCreateTimeStamp ,src.SRCUpdateTimeStamp ,src.RecordSourceCode,src.LOVRecordSourceId,src.RunDateTime,src.RunDateTime,src.RunDateTime,'1900-01-01 00:00:00.000','9999-12-31 00:00:00.000',src.DLSCDActiveFlag,src.DLETLRunLogID,src.DLCurateStandardRowKey) WHEN not MATCHED AND src.mergeKey = 'UPDATE' THEN INSERT(UserId,PartyId ,UserName ,Title ,FirstName ,LastName ,EmployeeId ,ExpirationDate ,LastAccessDate ,LastSuccessfulLogon ,LogonUnsuccessful ,UserPassword ,PasswordChangeIndicator ,PasswordChangeDate ,ActiveFlag ,ValidityStart ,ValidityEnd ,DeletedFlag ,Email ,UserType ,SRCCreateTimeStamp ,SRCUpdateTimeStamp ,RecordSourceCode,LOVRecordSourceId ,RunDateTime,DLCreateDateTime,DLUpdateDateTime,DLSCDStartDateTime,DLSCDEndDateTime,DLSCDActiveFlag,DLETLRunLogID,DLCurateStandardRowKey) VALUES(src.UserId,src.PartyId ,src.UserName ,src.Title ,src.FirstName ,src.LastName ,src.EmployeeId ,src.ExpirationDate ,src.LastAccessDate ,src.LastSuccessfulLogon ,src.LogonUnsuccessful ,src.UserPassword ,src.PasswordChangeIndicator ,src.PasswordChangeDate ,src.ActiveFlag ,src.ValidityStart ,src.ValidityEnd ,src.DeletedFlag ,src.Email ,src.UserType ,src.SRCCreateTimeStamp ,src.SRCUpdateTimeStamp ,src.RecordSourceCode,src.LOVRecordSourceId,src.RunDateTime,src.RunDateTime,src.RunDateTime,src.RunDateTime,'9999-12-31 00:00:00.000',src.DLSCDActiveFlag,src.DLETLRunLogID,src.DLCurateStandardRowKey) WHEN not MATCHED AND src.mergeKey = 'DEACTIVATE' THEN INSERT(UserId,PartyId ,UserName ,Title ,FirstName ,LastName ,EmployeeId ,ExpirationDate ,LastAccessDate ,LastSuccessfulLogon ,LogonUnsuccessful ,UserPassword ,PasswordChangeIndicator ,PasswordChangeDate ,ActiveFlag ,ValidityStart ,ValidityEnd ,DeletedFlag ,Email ,UserType ,SRCCreateTimeStamp ,SRCUpdateTimeStamp ,RecordSourceCode,LOVRecordSourceId ,RunDateTime,DLCreateDateTime,DLUpdateDateTime,DLSCDStartDateTime,DLSCDEndDateTime,DLSCDActiveFlag,DLETLRunLogID,DLCurateStandardRowKey) VALUES(src.UserId,src.PartyId ,src.UserName ,src.Title ,src.FirstName ,src.LastName ,src.EmployeeId ,src.ExpirationDate ,src.LastAccessDate ,src.LastSuccessfulLogon ,src.LogonUnsuccessful ,src.UserPassword ,src.PasswordChangeIndicator ,src.PasswordChangeDate ,src.ActiveFlag ,src.ValidityStart ,src.ValidityEnd ,src.DeletedFlag ,src.Email ,src.UserType ,src.SRCCreateTimeStamp ,src.SRCUpdateTimeStamp ,src.RecordSourceCode,src.LOVRecordSourceId,src.RunDateTime,src.RunDateTime,src.RunDateTime,src.RunDateTime,src.RunDateTime,src.DLSCDActiveFlag,src.DLETLRunLogID,src.DLCurateStandardRowKey)",
			"temp_table_name": "User2",
			"partition_column_list": ""
		},
		{
			"card_id": "card_4040140401",
			"card_dependencies": [
				"card_306"
			],
			"label": "Read_Table 41",
			"card_type": "read_table",
			"description": "Insert in ADLS",
			"query": "MERGE INTO curate_enterprise.User T USING ( SELECT s.UserId as mergeKey, s.* FROM user1 s where s.dlscdactiveflag = 'D' UNION ALL SELECT 'UPDATE' as mergeKey, source.* FROM user1 source JOIN curate_enterprise.User Target ON source.UserId = Target.UserId WHERE Target.DLSCDActiveFlag = 'Y' and source.DLSCDActiveFlag = 'D') src ON T.UserId = src.mergeKey AND T.DLSCDActiveFlag = 'Y' when matched THEN UPDATE SET DLSCDActiveFlag = 'N', DLSCDEndDateTime = src.RunDateTime ,DLUpdateDateTime = src.RunDateTime WHEN not MATCHED AND src.mergeKey <> 'UPDATE' THEN INSERT(UserId,PartyId ,UserName ,Title ,FirstName ,LastName ,EmployeeId ,ExpirationDate ,LastAccessDate ,LastSuccessfulLogon ,LogonUnsuccessful ,UserPassword ,PasswordChangeIndicator ,PasswordChangeDate ,ActiveFlag ,ValidityStart ,ValidityEnd ,DeletedFlag ,Email ,UserType ,SRCCreateTimeStamp ,SRCUpdateTimeStamp ,RecordSourceCode,LOVRecordSourceId ,RunDateTime,DLCreateDateTime,DLUpdateDateTime,DLSCDStartDateTime,DLSCDEndDateTime,DLSCDActiveFlag,DLETLRunLogID,DLCurateStandardRowKey) VALUES(src.UserId,src.PartyId ,src.UserName ,src.Title ,src.FirstName ,src.LastName ,src.EmployeeId ,src.ExpirationDate ,src.LastAccessDate ,src.LastSuccessfulLogon ,src.LogonUnsuccessful ,src.UserPassword ,src.PasswordChangeIndicator ,src.PasswordChangeDate ,src.ActiveFlag ,src.ValidityStart ,src.ValidityEnd ,src.DeletedFlag ,src.Email ,src.UserType ,src.SRCCreateTimeStamp ,src.SRCUpdateTimeStamp ,src.RecordSourceCode,src.LOVRecordSourceId,src.RunDateTime,src.RunDateTime,src.RunDateTime,src.RunDateTime,src.RunDateTime,'N',src.DLETLRunLogID,src.DLCurateStandardRowKey) WHEN not MATCHED AND src.mergeKey = 'UPDATE' THEN INSERT(UserId,PartyId ,UserName ,Title ,FirstName ,LastName ,EmployeeId ,ExpirationDate ,LastAccessDate ,LastSuccessfulLogon ,LogonUnsuccessful ,UserPassword ,PasswordChangeIndicator ,PasswordChangeDate ,ActiveFlag ,ValidityStart ,ValidityEnd ,DeletedFlag ,Email ,UserType ,SRCCreateTimeStamp ,SRCUpdateTimeStamp ,RecordSourceCode,LOVRecordSourceId ,RunDateTime,DLCreateDateTime,DLUpdateDateTime,DLSCDStartDateTime,DLSCDEndDateTime,DLSCDActiveFlag,DLETLRunLogID,DLCurateStandardRowKey) VALUES(src.UserId,src.PartyId ,src.UserName ,src.Title ,src.FirstName ,src.LastName ,src.EmployeeId ,src.ExpirationDate ,src.LastAccessDate ,src.LastSuccessfulLogon ,src.LogonUnsuccessful ,src.UserPassword ,src.PasswordChangeIndicator ,src.PasswordChangeDate ,src.ActiveFlag ,src.ValidityStart ,src.ValidityEnd ,src.DeletedFlag ,src.Email ,src.UserType ,src.SRCCreateTimeStamp ,src.SRCUpdateTimeStamp ,src.RecordSourceCode,src.LOVRecordSourceId,src.RunDateTime,src.RunDateTime,src.RunDateTime,src.RunDateTime,src.RunDateTime,'N',src.DLETLRunLogID,src.DLCurateStandardRowKey)",
			"temp_table_name": "User22222",
			"partition_column_list": ""
		},
		{
			"card_id": "card_38",
			"card_dependencies": [
				"card_2",
				"card_4",
				"card_40401",
				"card_400000"
			],
			"label": "Read_Table 38",
			"card_type": "read_table",
			"description": "ODHADUser",
			"query": "select distinct a.UserId as ADUserId, b.OrganisationId  as OrganisationId , d.ClientId as ClientId ,s.AD_USER_ID as SRCAdUserId,s.ISACTIVE as IsActive,s.CREATED as  SourceCreated,s.CREATEDBY as SourceCreatedBy,s.UPDATED as SourceUpdated,s.UPDATEDBY as SourceUpdatedBy,s.NAME as  ADUserName,s.DESCRIPTION as  Description,s.PASSWORD as Password,s.PROCESSING as Processing,s.EMAILUSER as EmailUser,s. EMAILUSERPW as EmailUserPW,s.TITLE as Title,s.COMMENTS as Comments,s. LASTCONTACT as LastContact,s. LASTRESULT as  LastResult,s.DEFAULT_AD_LANGUAGE as  DefaultAdLanguage,s.ISLOCKED as IsLocked ,s. GRANT_PORTAL_ACCESS as  GrantPortalAccess,s.EM_HORCUS_GENERICOPENBASKET as EMHorcusGenericOpenBasket,s.EM_OBMPR_DEFAULT_POP_ROLE  as  EMOBMPRDefaultTopRole,s.EM_OBPOS_DEFAULT_POS_ROLE as EMOBPOSDefaultPosRole,s.EM_HORCUS_RL_FNGRPRNT as EmHorcusRLFNGRPRNT,s.Birthday as BirthDay , s.EM_HORCUS_ORG_FNGRPRNT as EmHorcusOrgFNGRPRNT,'BUKOPMS' as RecordSourceCode ,s.CurateStandardRowKey, r.LOVId as LOVRecordSourceId,current_timestamp as RunDateTime,s.DLETLRunLogID,case when s.rn=1 and ifnull(s.operation,'null')<>'DELETE' then 'Y' when s.rn=1 and ifnull(s.operation,'null')='DELETE' then 'D' else 'N' end as DLSCDActiveFlag from patientinfo400000 s  left join (select UserId,UserName from curate_enterprise.User where RecordSourceCode='BUKOPMS' and DLSCDActiveFlag = 'Y' )a on lower(a.UserName)=lower(s.USERNAME) left join (select   OrganisationId,SRCAdOrgId from curate_enterprise.ODHAdOrg where RecordSourceCode='BUKOPMS' and DLSCDActiveFlag = 'Y')b on b.SRCAdOrgId=s.AD_ORG_ID   join (select  LOVId from reflovsetinfo where lovkey = 'BUKOPMS'  and lovsetname='System of Record' and LOVrecordsourceid='12012')r  on (1=1) left join (select ClientId,SRCClientId from curate_enterprise.ODHClient where RecordSourceCode='BUKOPMS' and DLSCDActiveFlag = 'Y' )d on d.SRCClientId=s.AD_CLIENT_ID where b.OrganisationId is not null and d.clientId is not null and  a.UserId is not null",
			"temp_table_name": "ODHAdUser",
			"partition_column_list": ""
		},
		{
			"card_id": "card_255",
			"card_dependencies": [
				"card_38"
			],
			"label": "Read_Table 255",
			"card_type": "read_table",
			"description": "Filtering Records",
			"query": "select cast(ADUserId as string ), cast(SRCADUserId as string ), cast(OrganisationID as string ), cast(ClientId as string ), cast(IsActive as string  ), cast(SourceCreated as date ), cast(SourceCreatedBy as string ), cast(SourceUpdated as date ), cast(SourceUpdatedBy as string ), cast(ADUserName as string ), cast(Description as string ), cast(Password as string ), cast(Processing as string  ), cast(EmailUser as string ), cast(EmailUserPW as string ), cast(Comments as string ), cast(LastContact as date ), cast(LastResult as string ), cast(Birthday as date ), cast(DefaultAdLanguage as string ), cast(IsLocked as string  ), cast(GrantPortalAccess as string  ), cast(EmHorcusGenericOpenBasket as string ), cast(EmOBMPRDefaultTopRole as string ), cast(EMOBPOSDefaultPosRole as string ), cast(EmHorcusRLFNGRPRNT as int ), cast(EmHorcusOrgFNGRPRNT as int),cast(RecordSourceCode as string),cast (LOVRecordSourceId as int) , RunDateTime,cast (DLETLRunLogID as int),cast (CurateStandardRowKey as bigint) as DLCurateStandardRowKey,DLSCDActiveFlag from ODHAdUser ",
			"temp_table_name": "ODHAdUser1",
			"partition_column_list": ""
		},
		{
			"card_id": "card_420241",
			"card_dependencies": [
				"card_255"
			],
			"label": "Read_Table 41",
			"card_type": "read_table",
			"description": "Insert in ADLS",
			"query": "MERGE INTO curate_enterprise.ODHADUser T USING ( SELECT case when s.dlscdactiveflag='Y' then s.ADUserId else 'DEACTIVATE' end as mergeKey, s.* FROM ODHADUser1 s where s.dlscdactiveflag<>'D' UNION ALL SELECT 'UPDATE' as mergeKey, source.* FROM ODHADUser1 source JOIN curate_enterprise.ODHADUser Target ON source.ADUserId = Target.ADUserId WHERE Target.DLSCDActiveFlag = 'Y' and source.DLSCDActiveFlag = 'Y') src ON T.ADUserId = src.mergeKey AND T.DLSCDActiveFlag = 'Y' when matched THEN UPDATE SET DLSCDActiveFlag = 'N', DLSCDEndDateTime = src.RunDateTime ,DLUpdateDateTime = src.RunDateTime WHEN not MATCHED AND src.mergeKey <> 'UPDATE' and src.mergekey <> 'DEACTIVATE' THEN INSERT( ADUserId , SRCADUserId , OrganisationID , ClientId , IsActive , SourceCreated , SourceCreatedBy , SourceUpdated , SourceUpdatedBy , ADUserName , Description , Password , Processing , EmailUser , EmailUserPW , Comments , LastContact , LastResult , Birthday , DefaultAdLanguage , IsLocked , GrantPortalAccess , EmHorcusGenericOpenBasket, EmOBMPRDefaultTopRole , EMOBPOSDefaultPosRole , EmHorcusRLFNGRPRNT , EmHorcusOrgFNGRPRNT ,RecordSourceCode,LOVRecordSourceId ,RunDateTime,DLCreateDateTime,DLUpdateDateTime,DLSCDStartDateTime,DLSCDEndDateTime,DLSCDActiveFlag,DLETLRunLogID,DLCurateStandardRowKey) VALUES(src.ADUserId ,src.SRCADUserId ,src.OrganisationID ,src.ClientId ,src.IsActive ,src.SourceCreated ,src.SourceCreatedBy ,src.SourceUpdated ,src.SourceUpdatedBy ,src.ADUserName ,src.Description ,src.Password ,src.Processing ,src.EmailUser ,src.EmailUserPW ,src.Comments ,src.LastContact ,src.LastResult ,src.Birthday ,src.DefaultAdLanguage ,src.IsLocked ,src.GrantPortalAccess ,src.EmHorcusGenericOpenBasket,src.EmOBMPRDefaultTopRole ,src.EMOBPOSDefaultPosRole ,src.EmHorcusRLFNGRPRNT ,src.EmHorcusOrgFNGRPRNT ,src.RecordSourceCode, src.LOVRecordSourceId, src.RunDateTime,src.RunDateTime,src.RunDateTime,'1900-01-01 00:00:00.000','9999-12-31 00:00:00.000',src.DLSCDActiveFlag,src.DLETLRunLogID,src.DLCurateStandardRowKey) WHEN not MATCHED AND src.mergeKey = 'UPDATE' THEN INSERT( ADUserId , SRCADUserId , OrganisationID , ClientId , IsActive , SourceCreated , SourceCreatedBy , SourceUpdated , SourceUpdatedBy , ADUserName , Description , Password , Processing , EmailUser , EmailUserPW , Comments , LastContact , LastResult , Birthday , DefaultAdLanguage , IsLocked , GrantPortalAccess , EmHorcusGenericOpenBasket, EmOBMPRDefaultTopRole , EMOBPOSDefaultPosRole , EmHorcusRLFNGRPRNT , EmHorcusOrgFNGRPRNT,RecordSourceCode, LOVRecordSourceId ,RunDateTime,DLCreateDateTime, DLUpdateDateTime,DLSCDStartDateTime, DLSCDEndDateTime,DLSCDActiveFlag, DLETLRunLogID, DLCurateStandardRowKey) VALUES(src.ADUserId ,src.SRCADUserId ,src.OrganisationID ,src.ClientId ,src.IsActive ,src.SourceCreated ,src.SourceCreatedBy ,src.SourceUpdated ,src.SourceUpdatedBy ,src.ADUserName ,src.Description ,src.Password ,src.Processing ,src.EmailUser ,src.EmailUserPW ,src.Comments ,src.LastContact ,src.LastResult ,src.Birthday ,src.DefaultAdLanguage ,src.IsLocked ,src.GrantPortalAccess ,src.EmHorcusGenericOpenBasket,src.EmOBMPRDefaultTopRole ,src.EMOBPOSDefaultPosRole ,src.EmHorcusRLFNGRPRNT ,src.EmHorcusOrgFNGRPRNT ,src.RecordSourceCode,src.LOVRecordSourceId,src.RunDateTime,src.RunDateTime,src.RunDateTime,src.RunDateTime,'9999-12-31 00:00:00.000',src.DLSCDActiveFlag,src.DLETLRunLogID,src.DLCurateStandardRowKey) WHEN not MATCHED AND src.mergeKey = 'DEACTIVATE' THEN INSERT( ADUserId , SRCADUserId , OrganisationID , ClientId , IsActive , SourceCreated , SourceCreatedBy , SourceUpdated , SourceUpdatedBy , ADUserName , Description , Password , Processing , EmailUser , EmailUserPW , Comments , LastContact , LastResult , Birthday , DefaultAdLanguage , IsLocked , GrantPortalAccess , EmHorcusGenericOpenBasket, EmOBMPRDefaultTopRole , EMOBPOSDefaultPosRole , EmHorcusRLFNGRPRNT , EmHorcusOrgFNGRPRNT,RecordSourceCode, LOVRecordSourceId ,RunDateTime,DLCreateDateTime, DLUpdateDateTime,DLSCDStartDateTime, DLSCDEndDateTime,DLSCDActiveFlag, DLETLRunLogID, DLCurateStandardRowKey) VALUES(src.ADUserId ,src.SRCADUserId ,src.OrganisationID ,src.ClientId ,src.IsActive ,src.SourceCreated ,src.SourceCreatedBy ,src.SourceUpdated ,src.SourceUpdatedBy ,src.ADUserName ,src.Description ,src.Password ,src.Processing ,src.EmailUser ,src.EmailUserPW ,src.Comments ,src.LastContact ,src.LastResult ,src.Birthday ,src.DefaultAdLanguage ,src.IsLocked ,src.GrantPortalAccess ,src.EmHorcusGenericOpenBasket,src.EmOBMPRDefaultTopRole ,src.EMOBPOSDefaultPosRole ,src.EmHorcusRLFNGRPRNT ,src.EmHorcusOrgFNGRPRNT ,src.RecordSourceCode,src.LOVRecordSourceId,src.RunDateTime,src.RunDateTime,src.RunDateTime,src.RunDateTime,src.RunDateTime,src.DLSCDActiveFlag,src.DLETLRunLogID,src.DLCurateStandardRowKey)",
			"temp_table_name": "User2",
			"partition_column_list": ""
		},
		{
			"card_id": "card_420241420241",
			"card_dependencies": [
				"card_255"
			],
			"label": "Read_Table 41",
			"card_type": "read_table",
			"description": "Insert in ADLS",
			"query": "MERGE INTO curate_enterprise.ODHADUser T USING (SELECT s.ADUserId as mergeKey, s.* FROM ODHADUser1 s where s.dlscdactiveflag='D' UNION ALL SELECT 'UPDATE' as mergeKey, source.* FROM ODHADUser1 source JOIN curate_enterprise.ODHADUser Target ON source.ADUserId = Target.ADUserId WHERE Target.DLSCDActiveFlag = 'Y' and source.DLSCDActiveFlag = 'D') src ON T.ADUserId = src.mergeKey AND T.DLSCDActiveFlag = 'Y' when matched THEN UPDATE SET DLSCDActiveFlag = 'N', DLSCDEndDateTime = src.RunDateTime ,DLUpdateDateTime = src.RunDateTime WHEN not MATCHED AND src.mergeKey <> 'UPDATE' THEN INSERT( ADUserId , SRCADUserId , OrganisationID , ClientId , IsActive , SourceCreated , SourceCreatedBy , SourceUpdated , SourceUpdatedBy , ADUserName , Description , Password , Processing , EmailUser , EmailUserPW , Comments , LastContact , LastResult , Birthday , DefaultAdLanguage , IsLocked , GrantPortalAccess , EmHorcusGenericOpenBasket, EmOBMPRDefaultTopRole , EMOBPOSDefaultPosRole , EmHorcusRLFNGRPRNT , EmHorcusOrgFNGRPRNT ,RecordSourceCode,LOVRecordSourceId ,RunDateTime,DLCreateDateTime,DLUpdateDateTime,DLSCDStartDateTime,DLSCDEndDateTime,DLSCDActiveFlag,DLETLRunLogID,DLCurateStandardRowKey) VALUES(src.ADUserId ,src.SRCADUserId ,src.OrganisationID ,src.ClientId ,src.IsActive ,src.SourceCreated ,src.SourceCreatedBy ,src.SourceUpdated ,src.SourceUpdatedBy ,src.ADUserName ,src.Description ,src.Password ,src.Processing ,src.EmailUser ,src.EmailUserPW ,src.Comments ,src.LastContact ,src.LastResult ,src.Birthday ,src.DefaultAdLanguage ,src.IsLocked ,src.GrantPortalAccess ,src.EmHorcusGenericOpenBasket,src.EmOBMPRDefaultTopRole ,src.EMOBPOSDefaultPosRole ,src.EmHorcusRLFNGRPRNT ,src.EmHorcusOrgFNGRPRNT ,src.RecordSourceCode,src.LOVRecordSourceId,src.RunDateTime,src.RunDateTime,src.RunDateTime,src.RunDateTime,src.RunDateTime,'N',src.DLETLRunLogID,src.DLCurateStandardRowKey) WHEN not MATCHED AND src.mergeKey = 'UPDATE' THEN INSERT( ADUserId , SRCADUserId , OrganisationID , ClientId , IsActive , SourceCreated , SourceCreatedBy , SourceUpdated , SourceUpdatedBy , ADUserName , Description , Password , Processing , EmailUser , EmailUserPW , Comments , LastContact , LastResult , Birthday , DefaultAdLanguage , IsLocked , GrantPortalAccess , EmHorcusGenericOpenBasket, EmOBMPRDefaultTopRole , EMOBPOSDefaultPosRole , EmHorcusRLFNGRPRNT , EmHorcusOrgFNGRPRNT,RecordSourceCode, LOVRecordSourceId ,RunDateTime,DLCreateDateTime, DLUpdateDateTime,DLSCDStartDateTime, DLSCDEndDateTime,DLSCDActiveFlag, DLETLRunLogID, DLCurateStandardRowKey) VALUES(src.ADUserId ,src.SRCADUserId ,src.OrganisationID ,src.ClientId ,src.IsActive ,src.SourceCreated ,src.SourceCreatedBy ,src.SourceUpdated ,src.SourceUpdatedBy ,src.ADUserName ,src.Description ,src.Password ,src.Processing ,src.EmailUser ,src.EmailUserPW ,src.Comments ,src.LastContact ,src.LastResult ,src.Birthday ,src.DefaultAdLanguage ,src.IsLocked ,src.GrantPortalAccess ,src.EmHorcusGenericOpenBasket,src.EmOBMPRDefaultTopRole ,src.EMOBPOSDefaultPosRole ,src.EmHorcusRLFNGRPRNT ,src.EmHorcusOrgFNGRPRNT ,src.RecordSourceCode,src.LOVRecordSourceId,src.RunDateTime,src.RunDateTime,src.RunDateTime,src.RunDateTime,src.RunDateTime,'N',src.DLETLRunLogID,src.DLCurateStandardRowKey)",
			"temp_table_name": "User22334",
			"partition_column_list": ""
		},
		{
			"card_id": "card_1717171",
			"card_dependencies": [
				"card_38",
				"card_10101"
			],
			"label": "Write_Delta 17",
			"card_type": "write_delta",
			"description": "Write to curate ADLS User",
			"query": "select * from ODHUserBackUpUonin a where not exists (select 1 from (select distinct username from (select username , userid from curate_enterprise.user a left join (select ADUserId from ODHAdUser  ) b  on b.ADUserId =a.userid )) b where a.username =b.Username)",
			"data_path": "/mnt/idf-curatestandard/BTUKOPTIT/BUKOPMS/BTCOPT_PRACTICE_RETAIL_SCHEMA_DETAILS_BUKOPMS_Incr/BackUp",
			"partition_key_columns": "",
			"mode": "OVERWRITE",
			"type": "GENERAL"
		}
	]
}
