{
  "config_type": "df",
  "parallelism": 20,
  "data_grooming_information": {},
  "data_source": {
    "data_type": "CSV",
    "partition_startegy": "YYYYMMDDHH0000",
    "type_specific_details": {
      "provider_name": "AZURE",
      "delimiter": "|",
      "escape_character": "\"",
      "header": "true",
      "source_path": "/mnt/idf-curatestage/BTUKOPTIT/BUKOPMS/BTCOPT_MASTER_CHARACTERISTIC_VALUE_BUKOPMS_Incr/Incremental"
    }
  },
  "raw_path": "",
  "quarantine_path": "/mnt/wba-idf/quarantine/",
  "report_path": "/mnt/idf-reports/BTUKOPTIT/BUKOPMS/BTCOPT_MASTER_CHARACTERISTIC_VALUE_BUKOPMS_Incr/Incremental/Standard",
  "data_destination": [
    {
      "data_type": "DELTA",
      "type_specific_details": {
        "provider_name": "AZURE",
        "destination_path": "/mnt/idf-curatestandard/BTUKOPTIT/BUKOPMS/BTCOPT_MASTER_CHARACTERISTIC_VALUE_BUKOPMS_Incr/Incremental"
      }
    }
  ],
  "data_profiling": false,
  "metadata": {
    "sampling_ratio": "0.5",
    "type": "basic"
  },
  "rules_engine": {
    "predefined_rules": [],
    "expression_rules": [],
    "complex_rules": [],
    "direct_mapping": {},
    "derived_mapping": [
      {
        "RunDateTime": "current_timestamp()"
      },
      {
        "Year": "substring(RunDateTime,1,4)"
      },
      {
        "Month": "substring(RunDateTime,6,2)"
      },
      {
        "Day": "substring(RunDateTime,9,2)"
      }
    ],
    "filter_mapping": [],
    "user_defined_ext_functions": [],
    "generate_record_timestamp": false,
    "drop_empty_rows": {}
  },
  "schema": [
    {
      "name": "M_CH_VALUE_ID",
      "type": "string",
      "nullable": true,
      "metadata": {
        "iskey": false,
        "sensitivity": "",
        "alias_name": "",
        "business_glossary": "",
        "description": ""
      }
    },
    {
      "name": "AD_CLIENT_ID",
      "type": "string",
      "nullable": true,
      "metadata": {
        "iskey": false,
        "sensitivity": "",
        "alias_name": "",
        "business_glossary": "",
        "description": ""
      }
    },
    {
      "name": "AD_ORG_ID",
      "type": "string",
      "nullable": true,
      "metadata": {
        "iskey": false,
        "sensitivity": "",
        "alias_name": "",
        "business_glossary": "",
        "description": ""
      }
    },
    {
      "name": "ISACTIVE",
      "type": "string",
      "nullable": true,
      "metadata": {
        "iskey": false,
        "sensitivity": "",
        "alias_name": "",
        "business_glossary": "",
        "description": ""
      }
    },
    {
      "name": "CREATED",
      "type": "string",
      "nullable": true,
      "metadata": {
        "iskey": false,
        "sensitivity": "",
        "alias_name": "",
        "business_glossary": "",
        "description": ""
      }
    },
    {
      "name": "CREATEDBY",
      "type": "string",
      "nullable": true,
      "metadata": {
        "iskey": false,
        "sensitivity": "",
        "alias_name": "",
        "business_glossary": "",
        "description": ""
      }
    },
    {
      "name": "UPDATED",
      "type": "string",
      "nullable": true,
      "metadata": {
        "iskey": false,
        "sensitivity": "",
        "alias_name": "",
        "business_glossary": "",
        "description": ""
      }
    },
    {
      "name": "UPDATEDBY",
      "type": "string",
      "nullable": true,
      "metadata": {
        "iskey": false,
        "sensitivity": "",
        "alias_name": "",
        "business_glossary": "",
        "description": ""
      }
    },
    {
      "name": "M_CHARACTERISTIC_ID",
      "type": "string",
      "nullable": true,
      "metadata": {
        "iskey": false,
        "sensitivity": "",
        "alias_name": "",
        "business_glossary": "",
        "description": ""
      }
    },
    {
      "name": "NAME",
      "type": "string",
      "nullable": true,
      "metadata": {
        "iskey": false,
        "sensitivity": "",
        "alias_name": "",
        "business_glossary": "",
        "description": ""
      }
    },
    {
      "name": "ISSUMMARY",
      "type": "string",
      "nullable": true,
      "metadata": {
        "iskey": false,
        "sensitivity": "",
        "alias_name": "",
        "business_glossary": "",
        "description": ""
      }
    },
    {
      "name": "SKCODE",
      "type": "string",
      "nullable": true,
      "metadata": {
        "iskey": false,
        "sensitivity": "",
        "alias_name": "",
        "business_glossary": "",
        "description": ""
      }
    },
    {
      "name": "DESCRIPTION",
      "type": "string",
      "nullable": true,
      "metadata": {
        "iskey": false,
        "sensitivity": "",
        "alias_name": "",
        "business_glossary": "",
        "description": ""
      }
    },
    {
      "name": "ADD_PRODUCTS",
      "type": "string",
      "nullable": true,
      "metadata": {
        "iskey": false,
        "sensitivity": "",
        "alias_name": "",
        "business_glossary": "",
        "description": ""
      }
    },
    {
      "name": "OPERATION",
      "type": "string",
      "nullable": true,
      "metadata": {
        "iskey": false,
        "sensitivity": "",
        "alias_name": "",
        "business_glossary": "",
        "description": ""
      }
    },
    {
      "name": "TIMESTAMP",
      "type": "string",
      "nullable": true,
      "metadata": {
        "iskey": false,
        "sensitivity": "",
        "alias_name": "",
        "business_glossary": "",
        "description": ""
      }
    },
    {
      "name": "TRANSACTIONID",
      "type": "string",
      "nullable": true,
      "metadata": {
        "iskey": false,
        "sensitivity": "",
        "alias_name": "",
        "business_glossary": "",
        "description": ""
      }
    }
  ],
  "schema_validation": false,
  "schema_conversion": true,
  "data_quality": {}
}
