{
    "$schema": "http://schema.management.azure.com/schemas/2019-04-01/deploymentParameters.json#",
    "contentVersion": "2.0.1.0",
    "parameters": {
        "tags": {
            "value": {
                "LegalSubEntity": "",
                "SubDivision": "",
                "Department": "",
                "CostCenter": "",
                "EnvType": "",
                "Sensitivity": "",
                "SenType": ""
            },
            "metadata": {
                "description": "[REQUIRED] https://dev.azure.com/WBA/IT%20Services/_git/ccp-ent-infra-build?path=%2Flibrary%2Fprod%2Fapim%2FPARAMETERS.md&_a=preview&version=GBmaster&anchor=%60parameters.tags%60"
            }
        },
        "location": {
            "value": "",
            "metadata": {
                "description": "[REQUIRED] https://dev.azure.com/WBA/IT%20Services/_git/ccp-ent-infra-build?path=%2Flibrary%2Fprod%2Fapim%2FPARAMETERS.md&_a=preview&version=GBmaster&anchor=%60parameters.location%60"
            }
        },
        "serviceName": {
            "value": "",
            "metadata": {
                "description": "[REQUIRED] https://dev.azure.com/WBA/IT%20Services/_git/ccp-ent-infra-build?path=%2Flibrary%2Fprod%2Fapim%2FPARAMETERS.md&_a=preview&version=GBmaster&anchor=%60parameters.servicename%60"
            }
        },
        "publisherEmail": {
            "value": "",
            "metadata": {
                "description": "[REQUIRED] https://dev.azure.com/WBA/IT%20Services/_git/ccp-ent-infra-build?path=%2Flibrary%2Fprod%2Fapim%2FPARAMETERS.md&_a=preview&version=GBmaster&anchor=%60parameters.publisheremail%60"
            }
        },
        "publisherName": {
            "value": "",
            "metadata": {
                "description": "[REQUIRED] https://dev.azure.com/WBA/IT%20Services/_git/ccp-ent-infra-build?path=%2Flibrary%2Fprod%2Fapim%2FPARAMETERS.md&_a=preview&version=GBmaster&anchor=%60parameters.publishername%60"
            }
        },
        "notificationSenderEmail": {
            "value": "",
            "metadata": {
                "description": "[REQUIRED] https://dev.azure.com/WBA/IT%20Services/_git/ccp-ent-infra-build?path=%2Flibrary%2Fprod%2Fapim%2FPARAMETERS.md&_a=preview&version=GBmaster&anchor=%60parameters.notificationsenderemail%60"
            }
        },
        "virtualNetworkConfigurationSubnetResourceId": {
            "value": "",
            "metadata": {
                "description": "[REQUIRED] https://dev.azure.com/WBA/IT%20Services/_git/ccp-ent-infra-build?path=%2Flibrary%2Fprod%2Fapim%2FPARAMETERS.md&_a=preview&version=GBmaster&anchor=%60parameters.virtualnetworkconfigurationsubnetresourceid%60"
            }
        }
    },
    "deploymentParameters": {
        "resourceGroup": "",
        "subscription": "",
        "templateFile": ".\\library\\prod\\apim\\apim-template.json"
    }
}