{
	"$schema": "https://schema.management.azure.com/schemas/2019-04-01/deploymentTemplate.json#",
	"contentVersion": "2.0.1.0",
	"parameters": {
		"injectedValues": {
			"defaultValue": {},
			"type": "object"
		},
		"tags": {
			"type": "object",
			"metadata": {
				"description": "Resource tags.",
				"subTypeDefinition": {}
			}
		},
		"location": {
			"type": "string",
			"metadata": {
				"description": "Resource location."
			}
		},
		"serviceName": {
			"type": "string",
			"minLength": 1,
			"maxLength": 50,
			"metadata": {
				"description": "The name of the API Management service.",
				"subType": "regex",
				"pattern": "^[a-zA-Z](?:[a-zA-Z0-9-]*[a-zA-Z0-9])?$"
			}
		},
		"skuName": {
			"type": "string",
			"allowedValues": [
				"Developer",
				"Premium"
			],
			"defaultValue": "Premium",
			"metadata": {
				"description": "Name of the Sku."
			}
		},
		"skuCapacity": {
			"type": "int",
			"minValue": 1,
			"maxValue": 10,
			"defaultValue": 1,
			"metadata": {
				"description": "Capacity of the SKU (number of deployed units of the SKU). For Consumption SKU capacity must be specified as 0."
			}
		},
		"publisherEmail": {
			"type": "string",
			"maxLength": 100,
			"metadata": {
				"description": "Publisher email."
			}
		},
		"publisherName": {
			"type": "string",
			"maxLength": 100,
			"metadata": {
				"description": "Publisher name."
			}
		},
		"notificationSenderEmail": {
			"type": "string",
			"maxLength": 100,
			"metadata": {
				"description": "Email address from which the notification will be sent."
			}
		},
		"hostnameConfigurations": {
			"type": "array",
			"defaultValue": [],
			"metadata": {
				"description": "Custom hostname configuration of the API Management service.",
				"subType": "object",
				"subTypeDefinition": {
					"type": {
						"type": "string",
						"required": "yes",
						"allowedValues": [
							"Proxy",
							"Portal",
							"Management",
							"Scm",
							"DeveloperPortal"
						],
						"metadata": {
							"description": "Hostname type."
						}
					},
					"hostName": {
						"type": "string",
						"required": "yes",
						"metadata": {
							"description": "Hostname to configure on the Api Management service."
						}
					},
					"keyVaultId": {
						"type": "string",
						"required": "no",
						"metadata": {
							"description": "Url to the KeyVault Secret containing the Ssl Certificate. If absolute Url containing version is provided, auto-update of ssl certificate will not work. This requires Api Management service to be configured with MSI. The secret should be of type *application/x-pkcs12*"
						}
					},
					"encodedCertificate": {
						"type": "string",
						"required": "no",
						"metadata": {
							"description": "Base64 Encoded certificate."
						}
					},
					"certificatePassword": {
						"type": "string",
						"required": "no",
						"metadata": {
							"description": "Certificate Password."
						}
					},
					"defaultSslBinding": {
						"type": "bool",
						"required": "no",
						"metadata": {
							"description": "Specify true to setup the certificate associated with this Hostname as the Default SSL Certificate. If a client does not send the SNI header, then this will be the certificate that will be challenged. The property is useful if a service has multiple custom hostname enabled and it needs to decide on the default ssl certificate. The setting only applied to Proxy Hostname Type."
						}
					},
					"negotiateClientCertificate": {
						"type": "bool",
						"required": "no",
						"metadata": {
							"description": "Specify true to always negotiate client certificate on the hostname. Default Value is false."
						}
					}
				}
			}
		},
		"additionalLocations": {
			"type": "array",
			"defaultValue": [],
			"metadata": {
				"description": "Additional datacenter locations of the API Management service.",
				"subType": "object",
				"subTypeDefinition": {
					"location": {
						"type": "string",
						"required": "yes",
						"metadata": {
							"description": "The location name of the additional region among Azure Data center regions."
						}
					},
					"virtualNetworkConfigurationSubnetResourceId": {
						"type": "string",
						"required": "yes",
						"metadata": {
							"description": "The full resource ID of a subnet in a virtual network to deploy the API Management service in.",
							"subType": "regex",
							"pattern": "^/subscriptions/[^/]*/resourceGroups/[^/]*/providers/Microsoft.(ClassicNetwork|Network)/virtualNetworks/[^/]*/subnets/[^/]*$"
						}
					},
					"disableGateway": {
						"type": "bool",
						"required": "no",
						"metadata": {
							"description": "Property only valid for an Api Management service deployed in multiple locations. This can be used to disable the gateway in this additional location."
						}
					}
				}
			}
		},
		"certificates": {
			"type": "array",
			"defaultValue": [],
			"metadata": {
				"description": "List of Certificates that need to be installed in the API Management service. Max supported certificates that can be installed is 10.",
				"required": "no",
				"subType": "object",
				"subTypeDefinition": {
					"encodedCertificate": {
						"type": "string",
						"metadata": {
							"description": "Base64 Encoded certificate.",
							"required": "no"
						}
					},
					"certificatePassword": {
						"type": "string",
						"metadata": {
							"description": "Certificate Password.",
							"required": "no"
						}
					},
					"storeName": {
						"type": "string",
						"allowedValues": [
							"CertificateAuthority",
							"Root"
						],
						"metadata": {
							"description": "The System.Security.Cryptography.x509certificates.StoreName certificate store location. Only Root and CertificateAuthority are valid locations.",
							"required": "yes"
						}
					},
					"certificate": {
						"type": "object",
						"metadata": {
							"description": "SSL certificate information.",
							"required": "no",
							"subTypeDefinition": {
								"expiry": {
									"type": "string",
									"metadata": {
										"description": "Expiration date of the certificate. The date conforms to the following format: `yyyy-MM-ddTHH:mm:ssZ` as specified by the ISO 8601 standard.",
										"required": "yes"
									}
								},
								"thumbprint": {
									"type": "string",
									"metadata": {
										"description": "Thumbprint of the certificate.",
										"required": "yes"
									}
								},
								"subject": {
									"type": "string",
									"metadata": {
										"description": "Subject of the certificate.",
										"required": "yes"
									}
								}
							}
						}
					}
				}
			}
		},
		"enableClientCertificate": {
			"type": "bool",
			"defaultValue": false,
			"metadata": {
				"description": "Property only meant to be used for Consumption SKU Service. This enforces a client certificate to be presented on each request to the gateway. This also enables the ability to authenticate the certificate in the policy on the gateway.",
				"required": "no"
			}
		},
		"disableGateway": {
			"type": "bool",
			"defaultValue": false,
			"metadata": {
				"description": "Property only valid for an Api Management service deployed in multiple locations. This can be used to disable the gateway in master region."
			}
		},
		"virtualNetworkType": {
			"type": "string",
			"allowedValues": [
				"Internal"
			],
			"defaultValue": "Internal",
			"metadata": {
				"description": "The type of VPN in which API Management service needs to be configured in. None (Default Value) means the API Management service is not part of any Virtual Network, External means the API Management deployment is set up inside a Virtual Network having an Internet Facing Endpoint, and Internal means that API Management deployment is setup inside a Virtual Network having an Intranet Facing Endpoint only."
			}
		},
		"virtualNetworkConfigurationSubnetResourceId": {
			"type": "string",
			"metadata": {
				"description": "The full resource ID of a subnet in a virtual network to deploy the API Management service in.",
				"subType": "regex",
				"pattern": "^/subscriptions/[^/]*/resourceGroups/[^/]*/providers/Microsoft.(ClassicNetwork|Network)/virtualNetworks/[^/]*/subnets/[^/]*$"
			}
		},
		"apiVersionConstraintMinApiVersion": {
			"type": "string",
			"defaultValue": "",
			"metadata": {
				"description": "Limit control plane API calls to API Management service with version equal to or newer than this value."
			}
		},
		"identityType": {
			"type": "string",
			"allowedValues": [
				"SystemAssigned"
			],
			"defaultValue": "SystemAssigned",
			"metadata": {
				"description": "The type of identity used for the resource. The type 'SystemAssigned, UserAssigned' includes both an implicitly created identity and a set of user assigned identities. The type 'None' will remove any identities from the service."
			}
		},
		"products": {
			"type": "array",
			"defaultValue": [],
			"metadata": {
				"subType": "object",
				"subTypeDefinition": {
					"productName": {
						"type": "string",
						"minLength": 1,
						"maxLength": 256,
						"metadata": {
							"description": "Product identifier. Must be unique in the current API Management service instance.",
							"required": "yes"
						}
					},
					"terms": {
						"type": "string",
						"metadata": {
							"description": "Product terms of use. Developers trying to subscribe to the product will be presented and required to accept these terms before they can complete the subscription process.",
							"required": "no"
						}
					},
					"description": {
						"type": "string",
						"minLength": 1,
						"maxLength": 1000,
						"metadata": {
							"description": "Product description. May include HTML formatting tags.",
							"required": "no"
						}
					},
					"approvalRequired": {
						"type": "bool",
						"metadata": {
							"description": "whether subscription approval is required. If false, new subscriptions will be approved automatically enabling developers to call the product\u2019s APIs immediately after subscribing. If true, administrators must manually approve the subscription before the developer can any of the product\u2019s APIs. Can be present only if subscriptionRequired property is present and has a value of false.",
							"required": "no"
						}
					},
					"subscriptionsLimit": {
						"type": "int",
						"metadata": {
							"description": "Whether the number of subscriptions a user can have to this product at the same time. Set to null or omit to allow unlimited per user subscriptions. Can be present only if subscriptionRequired property is present and has a value of false.",
							"required": "no"
						}
					},
					"state": {
						"type": "string",
						"allowedValues": [
							"notPublished",
							"published"
						],
						"metadata": {
							"description": "whether product is published or not. Published products are discoverable by users of developer portal. Non published products are visible only to administrators. Default state of Product is notPublished.",
							"required": "no"
						}
					},
					"subscriptionRequired": {
						"type": "bool",
						"metadata": {
							"description": "Whether a product subscription is required for accessing APIs included in this product. If true, the product is referred to as \"protected\" and a valid subscription key is required for a request to an API included in the product to succeed. If false, the product is referred to as \"open\" and requests to an API included in the product can be made without a subscription key. If property is omitted when creating a new product it's value is assumed to be true.",
							"required": "no"
						}
					},
					"displayName": {
						"type": "string",
						"minLength": 1,
						"maxLength": 300,
						"metadata": {
							"description": "Product name.",
							"required": "yes"
						}
					}
				}
			}
		},
		"apis": {
			"type": "array",
			"defaultValue": [],
			"metadata": {
				"subType": "object",
				"subTypeDefinition": {
					"apiName": {
						"type": "string",
						"minLength": 1,
						"maxLength": 256,
						"metadata": {
							"description": "API revision identifier. Must be unique in the current API Management service instance. Non-current revision has ;rev=n as a suffix where n is the revision number.",
							"required": "yes",
							"subType": "regex",
							"pattern": "^[^*#&+:<>?]+$"
						}
					},
					"sourceApiId": {
						"type": "string",
						"metadata": {
							"description": "API identifier of the source API.",
							"required": "no"
						}
					},
					"displayName": {
						"type": "string",
						"minLength": 1,
						"maxLength": 300,
						"metadata": {
							"description": "API name. Must be 1 to 300 characters long.",
							"required": "no"
						}
					},
					"description": {
						"type": "string",
						"metadata": {
							"description": "Description of the API. May include HTML formatting tags.",
							"required": "no"
						}
					},
					"format": {
						"type": "string",
						"allowedValues": [
							"wadl-xml",
							"wadl-link-json",
							"swagger-json",
							"swagger-link-json",
							"wsdl",
							"wsdl-link",
							"openapi",
							"openapi+json",
							"openapi-link",
							"openapi+json-link"
						],
						"metadata": {
							"description": "Format of the Content in which the API is getting imported.",
							"required": "no"
						}
					},
					"apiVersionSetId": {
						"type": "string",
						"metadata": {
							"description": "Identifier for existing API Version Set. Omit this value to create a new Version Set.",
							"required": "no"
						}
					},
					"apiRevision": {
						"type": "string",
						"minLength": 1,
						"maxLength": 100,
						"metadata": {
							"description": "Describes the Revision of the Api. If no value is provided, default revision 1 is created",
							"required": "no"
						}
					},
					"value": {
						"type": "string",
						"metadata": {
							"description": "Content value when Importing an API.",
							"required": "no"
						}
					},
					"apiType": {
						"type": "string",
						"defaultValue": "http",
						"allowedValues": [
							"http",
							"soap"
						],
						"metadata": {
							"description": "Type of Api to create. \n * `http` creates a SOAP to REST API \n * `soap` creates a SOAP pass-through API .",
							"required": "no"
						}
					},
					"apiVersionSetDescription": {
						"type": "string",
						"metadata": {
							"description": "Description of API Version Set.",
							"required": "no"
						}
					},
					"apiVersionSet": {
						"type": "object",
						"defaultValue": {},
						"metadata": {
							"required": "no",
							"subTypeDefinition": {
								"name": {
									"type": "string",
									"metadata": {
										"description": "The display Name of the API Version Set.",
										"required": "no"
									}
								},
								"versionQueryName": {
									"type": "string",
									"metadata": {
										"description": "Name of query parameter that indicates the API Version if versioningScheme is set to `query`.",
										"required": "no"
									}
								},
								"versionHeaderName": {
									"type": "string",
									"metadata": {
										"description": "Name of HTTP header parameter that indicates the API Version if versioningScheme is set to `header`.",
										"required": "no"
									}
								},
								"versioningScheme": {
									"type": "string",
									"allowedValues": [
										"Segment",
										"Query",
										"Header"
									],
									"metadata": {
										"description": "An value that determines where the API Version identifer will be located in a HTTP request.",
										"required": "no"
									}
								}
							}
						}
					},
					"subscriptionKeyParameterNames": {
						"type": "object",
						"defaultValue": {},
						"metadata": {
							"required": "no",
							"subTypeDefinition": {
								"header": {
									"type": "string",
									"metadata": {
										"description": "Subscription key header name.",
										"required": "no"
									}
								},
								"query": {
									"type": "string",
									"metadata": {
										"description": "Subscription key query string parameter name.",
										"required": "no"
									}
								}
							}
						}
					},
					"serviceUrl": {
						"type": "string",
						"minLength": 0,
						"maxLength": 2000,
						"metadata": {
							"description": "Absolute URL of the backend service implementing this API. Cannot be more than 2000 characters long.",
							"required": "no"
						}
					},
					"apiVersion": {
						"type": "string",
						"maxLength": 100,
						"metadata": {
							"description": "Indicates the Version identifier of the API if the API is versioned",
							"required": "no"
						}
					},
					"isCurrent": {
						"type": "bool",
						"metadata": {
							"description": "Indicates if API revision is current api revision.",
							"required": "no"
						}
					},
					"apiVersionDescription": {
						"type": "string",
						"maxLength": 256,
						"metadata": {
							"description": "Description of the Api Version.",
							"required": "no"
						}
					},
					"subscriptionRequired": {
						"type": "bool",
						"metadata": {
							"description": "Specifies whether an API or Product subscription is required for accessing the API.",
							"required": "no"
						}
					},
					"wsdlSelectorWsdlServiceName": {
						"type": "string",
						"metadata": {
							"description": "Name of service to import from WSDL",
							"required": "no"
						}
					},
					"wsdlSelectorWsdlEndpointName": {
						"type": "string",
						"metadata": {
							"description": "Name of endpoint(port) to import from WSDL",
							"required": "no"
						}
					},
					"path": {
						"type": "string",
						"minLength": 0,
						"maxLength": 400,
						"metadata": {
							"description": "Relative URL uniquely identifying this API and all of its resource paths within the API Management service instance. It is appended to the API endpoint base URL specified during the service instance creation to form a public URL for this API.",
							"required": "yes"
						}
					},
					"type": {
						"type": "string",
						"allowedValues": [
							"http",
							"soap"
						],
						"metadata": {
							"description": "Type of API.",
							"required": "no"
						}
					},
					"apiRevisionDescription": {
						"type": "string",
						"maxLength": 256,
						"metadata": {
							"description": "Description of the Api Revision.",
							"required": "no"
						}
					},
					"protocols": {
						"type": "array",
						"defaultValue": ["https"],
						"allowedValues": [
							"https"
						],
						"metadata": {
							"description": "Describes on which protocols the operations in this API can be invoked.",
							"required": "no"
						}
					},
					"authenticationSettingsOpenid": {
						"type": "object",
						"defaultValue": {},
						"metadata": {
							"required": "no",
							"subTypeDefinition": {
								"openidProviderId": {
									"type": "string",
									"metadata": {
										"description": "OAuth authorization server identifier.",
										"required": "no"
									}
								},
								"bearerTokenSendingMethods": {
									"type": "array",
									"metadata": {
										"description": "How to send token to the server.",
										"required": "no",
										"subType": "string"
									}
								}
							}
						}
					},
					"authenticationSettingsOAuth2": {
						"type": "object",
						"defaultValue": {},
						"metadata": {
							"required": "no",
							"subTypeDefinition": {
								"scope": {
									"type": "string",
									"metadata": {
										"description": "operations scope.",
										"required": "no"
									}
								},
								"authorizationServerId": {
									"type": "string",
									"metadata": {
										"description": "OAuth authorization server identifier.",
										"required": "no"
									}
								}
							}
						}
					},
					"policy": {
						"type": "string",
						"metadata": {
							"description": "Contents of the Policy as defined by the format.",
							"required": "no"
						}
					},
					"policyFormat": {
						"type": "string",
						"allowedValues": [
							"xml",
							"xml-link",
							"rawxml",
							"rawxml-link"
						],
						"metadata": {
							"description": "Format of the policyContent.",
							"required": "no"
						}
					}
				}
			}
		},
		"subscriptions": {
			"type": "array",
			"defaultValue": [],
			"metadata": {
				"subType": "object",
				"subTypeDefinition": {
					"subscriptionName": {
						"type": "string",
						"maxLength": 256,
						"metadata": {
							"description": "Subscription entity Identifier. The entity represents the association between a user and a product in API Management.",
							"required": "yes",
							"subType": "regex",
							"pattern": "^[^*#&+:<>?]+$"
						}
					},
					"displayName": {
						"type": "string",
						"minLength": 1,
						"maxLength": 100,
						"metadata": {
							"description": "Subscription name.",
							"required": "yes"
						}
					},
					"secondaryKey": {
						"type": "string",
						"minLength": 1,
						"maxLength": 256,
						"metadata": {
							"description": "Secondary subscription key. If not specified during request key will be generated automatically.",
							"required": "no"
						}
					},
					"state": {
						"type": "string",
						"allowedValues": [
							"suspended",
							"active",
							"expired",
							"submitted",
							"rejected",
							"cancelled"
						],
						"metadata": {
							"description": "Initial subscription state. If no value is specified, subscription is created with Submitted state. Possible states are * active \u2013 the subscription is active, * suspended \u2013 the subscription is blocked, and the subscriber cannot call any APIs of the product, * submitted \u2013 the subscription request has been made by the developer, but has not yet been approved or rejected, * rejected \u2013 the subscription request has been denied by an administrator, * cancelled \u2013 the subscription has been cancelled by the developer or administrator, * expired \u2013 the subscription reached its expiration date and was deactivated.",
							"required": "no"
						}
					},
					"allowTracing": {
						"type": "bool",
						"metadata": {
							"description": "Determines whether tracing can be enabled",
							"required": "no"
						}
					},
					"scope": {
						"type": "string",
						"metadata": {
							"description": "Scope like /products/{productId} or /apis or /apis/{apiId}.",
							"required": "yes"
						}
					},
					"ownerId": {
						"type": "string",
						"metadata": {
							"description": "User (user id path) for whom subscription is being created in form /users/{userId}",
							"required": "no"
						}
					},
					"primaryKey": {
						"type": "string",
						"minLength": 1,
						"maxLength": 256,
						"metadata": {
							"description": "Primary subscription key. If not specified during request key will be generated automatically.",
							"required": "no"
						}
					}
				}
			}
		},
		"namedValues": {
			"type": "array",
			"defaultValue": [],
			"metadata": {
				"subType": "object",
				"subTypeDefinition": {
					"namedValueName": {
						"type": "string",
						"maxLength": 256,
						"metadata": {
							"description": "Identifier of the NamedValue.",
							"required": "yes",
							"subType": "regex",
							"pattern": "^[^*#&+:<>?]+$"
						}
					},
					"secret": {
						"type": "bool",
						"defaultValue": false,
						"metadata": {
							"description": "Determines whether the value is a secret and should be encrypted or not. Default value is false.",
							"required": "no"
						}
					},
					"displayName": {
						"type": "string",
						"minLength": 1,
						"maxLength": 256,
						"metadata": {
							"description": "Unique name of NamedValue. It may contain only letters, digits, period, dash, and underscore characters.",
							"required": "yes",
							"subType": "regex",
							"pattern": "^[A-Za-z0-9-._]+$"
						}
					},
					"value": {
						"type": "string",
						"minLength": 1,
						"maxLength": 4096,
						"metadata": {
							"description": "Value of the NamedValue. Can contain policy expressions. It may not be empty or consist only of whitespace. This property will not be filled on 'GET' operations! Use '/listSecrets' POST request to get the value.",
							"required": "yes"
						}
					},
					"tags": {
						"type": "array",
						"metadata": {
							"description": "Optional tags that when provided can be used to filter the NamedValue list.",
							"required": "no"
						}
					}
				}
			}
		},
		"users": {
			"type": "array",
			"defaultValue": [],
			"metadata": {
				"subType": "object",
				"subTypeDefinition": {
					"userName": {
						"type": "string",
						"minLength": 1,
						"maxLength": 80,
						"metadata": {
							"description": "User identifier. Must be unique in the current API Management service instance.",
							"required": "yes"
						}
					},
					"confirmation": {
						"type": "string",
						"allowedValues": [
							"signup",
							"invite"
						],
						"metadata": {
							"description": "Determines the type of confirmation e-mail that will be sent to the newly created user.",
							"required": "no"
						}
					},
					"firstName": {
						"type": "string",
						"minLength": 1,
						"maxLength": 100,
						"metadata": {
							"description": "First name.",
							"required": "yes"
						}
					},
					"appType": {
						"type": "string",
						"allowedValues": [
							"developerPortal"
						],
						"metadata": {
							"description": "Determines the type of application which send the create user request. Default is old publisher portal.",
							"required": "no"
						}
					},
					"lastName": {
						"type": "string",
						"minLength": 1,
						"maxLength": 100,
						"metadata": {
							"description": "Last name.",
							"required": "yes"
						}
					},
					"note": {
						"type": "string",
						"metadata": {
							"description": "Optional note about a user set by the administrator.",
							"required": "no"
						}
					},
					"state": {
						"type": "string",
						"allowedValues": [
							"active",
							"blocked",
							"pending",
							"deleted"
						],
						"metadata": {
							"description": "Account state. Specifies whether the user is active or not. Blocked users are unable to sign into the developer portal or call any APIs of subscribed products. Default state is Active.",
							"required": "no"
						}
					},
					"password": {
						"type": "string",
						"metadata": {
							"description": "User Password. If no value is provided, a default password is generated.",
							"required": "no"
						}
					},
					"identitiesId": {
						"type": "string",
						"defaultValue": "Azure",
						"metadata": {
							"description": "Identifier value within provider.",
							"required": "no"
						}
					},
					"identitiesProvider": {
						"type": "string",
						"metadata": {
							"description": "Identity provider name.",
							"required": "no"
						}
					},
					"email": {
						"type": "string",
						"minLength": 1,
						"maxLength": 254,
						"metadata": {
							"description": "Email address. Must not be empty and must be unique within the service instance.",
							"required": "yes"
						}
					}
				}
			}
		},
		"groups": {
			"type": "array",
			"defaultValue": [],
			"metadata": {
				"subType": "object",
				"subTypeDefinition": {
					"groupName": {
						"type": "string",
						"minLength": 1,
						"maxLength": 256,
						"metadata": {
							"description": "Group identifier. Must be unique in the current API Management service instance.",
							"required": "yes"
						}
					},
					"type": {
						"type": "string",
						"allowedValues": [
							"custom",
							"system",
							"external"
						],
						"metadata": {
							"description": "Group type.",
							"required": "no"
						}
					},
					"externalId": {
						"type": "string",
						"metadata": {
							"description": "Identifier of the external groups, this property contains the id of the group from the external identity provider, e.g. for Azure Active Directory `aad://<tenant>.onmicrosoft.com/groups/<group object id>`; otherwise the value is null.",
							"required": "no"
						}
					},
					"displayName": {
						"type": "string",
						"minLength": 1,
						"maxLength": 300,
						"metadata": {
							"description": "Group name.",
							"required": "yes"
						}
					},
					"description": {
						"type": "string",
						"metadata": {
							"description": "Group description.",
							"required": "no"
						}
					}
				}
			}
		},
		"authorizationServers": {
			"type": "array",
			"defaultValue": [],
			"metadata": {
				"subType": "object",
				"subTypeDefinition": {
					"authorizationServerName": {
						"type": "string",
						"minLength": 1,
						"maxLength": 80,
						"metadata": {
							"description": "Identifier of the authorization server.",
							"required": "yes",
							"subType": "regex",
							"pattern": "^[^*#&+:<>?]+$"
						}
					},
					"tokenBodyParameters": {
						"type": "array",
						"metadata": {
							"description": "Additional parameters required by the token endpoint of this authorization server represented as an array of JSON objects with name and value string properties, i.e. {\"name\" : \"name value\", \"value\": \"a value\"}.",
							"required": "no",
							"subType": "object",
							"subTypeDefinition": {
								"authorizationServerName": {
									"type": "string",
									"metadata": {
										"description": "body parameter name.",
										"required": "yes"
									}
								},
								"value": {
									"type": "string",
									"metadata": {
										"description": "body parameter value.",
										"required": "yes"
									}
								}
							}
						}
					},
					"clientSecret": {
						"type": "string",
						"metadata": {
							"description": "Client or app secret registered with this authorization server. This property will not be filled on 'GET' operations! Use '/listSecrets' POST request to get the value.",
							"required": "no"
						}
					},
					"displayName": {
						"type": "string",
						"minLength": 1,
						"maxLength": 50,
						"metadata": {
							"description": "User-friendly authorization server name.",
							"required": "yes"
						}
					},
					"description": {
						"type": "string",
						"metadata": {
							"description": "Description of the authorization server. Can contain HTML formatting tags.",
							"required": "no"
						}
					},
					"tokenEndpoint": {
						"type": "string",
						"metadata": {
							"description": "OAuth token endpoint. Contains absolute URI to entity being referenced.",
							"required": "no"
						}
					},
					"clientAuthenticationMethod": {
						"type": "array",
						"metadata": {
							"description": "Method of authentication supported by the token endpoint of this authorization server. Possible values are Basic and/or Body. When Body is specified, client credentials and other parameters are passed within the request body in the application/x-www-form-urlencoded format.",
							"required": "no"
						}
					},
					"clientId": {
						"type": "string",
						"metadata": {
							"description": "Client or app id registered with this authorization server.",
							"required": "yes"
						}
					},
					"grantTypes": {
						"type": "array",
						"metadata": {
							"description": "Form of an authorization grant, which the client uses to request the access token.",
							"required": "yes"
						}
					},
					"resourceOwnerPassword": {
						"type": "string",
						"metadata": {
							"description": "Can be optionally specified when resource owner password grant type is supported by this authorization server. Default resource owner password.",
							"required": "no"
						}
					},
					"supportState": {
						"type": "bool",
						"metadata": {
							"description": "If true, authorization server will include state parameter from the authorization request to its response. Client may use state parameter to raise protocol security.",
							"required": "no"
						}
					},
					"authorizationEndpoint": {
						"type": "string",
						"metadata": {
							"description": "OAuth authorization endpoint. See http://tools.ietf.org/html/rfc6749#section-3.2.",
							"required": "yes"
						}
					},
					"bearerTokenSendingMethods": {
						"type": "array",
						"metadata": {
							"description": "Specifies the mechanism by which access token is passed to the API. ",
							"required": "no"
						}
					},
					"resourceOwnerUsername": {
						"type": "string",
						"metadata": {
							"description": "Can be optionally specified when resource owner password grant type is supported by this authorization server. Default resource owner username.",
							"required": "no"
						}
					},
					"authorizationMethods": {
						"type": "array",
						"metadata": {
							"description": "HTTP verbs supported by the authorization endpoint. GET must be always present. POST is optional.",
							"required": "no"
						}
					},
					"defaultScope": {
						"type": "string",
						"metadata": {
							"description": "Access token scope that is going to be requested by default. Can be overridden at the API level. Should be provided in the form of a string containing space-delimited values.",
							"required": "no"
						}
					},
					"clientRegistrationEndpoint": {
						"type": "string",
						"metadata": {
							"description": "Optional reference to a page where client or app registration for this authorization server is performed. Contains absolute URL to entity being referenced.",
							"required": "yes"
						}
					}
				}
			}
		},
		"openidConnectProviders": {
			"type": "array",
			"defaultValue": [],
			"metadata": {
				"subType": "object",
				"subTypeDefinition": {
					"openidConnectProviderName": {
						"type": "string",
						"maxLength": 256,
						"metadata": {
							"description": "Identifier of the OpenID Connect Provider.",
							"required": "yes",
							"subType": "regex",
							"pattern": "^[^*#&+:<>?]+$"
						}
					},
					"metadataEndpoint": {
						"type": "string",
						"metadata": {
							"description": "Metadata endpoint URI.",
							"required": "yes"
						}
					},
					"displayName": {
						"type": "string",
						"maxLength": 50,
						"metadata": {
							"description": "User-friendly OpenID Connect Provider name.",
							"required": "yes"
						}
					},
					"description": {
						"type": "string",
						"metadata": {
							"description": "User-friendly description of OpenID Connect Provider.",
							"required": "no"
						}
					},
					"clientId": {
						"type": "string",
						"metadata": {
							"description": "Client ID of developer console which is the client application.",
							"required": "yes"
						}
					},
					"clientSecret": {
						"type": "string",
						"metadata": {
							"description": "Client Secret of developer console which is the client application.",
							"required": "no"
						}
					}
				}
			}
		},
		"identityProviders": {
			"type": "array",
			"defaultValue": [],
			"metadata": {
				"subType": "object",
				"subTypeDefinition": {
					"identityProviderName": {
						"type": "string",
						"allowedValues": [
							"aad"
						],
						"metadata": {
							"description": "Identity Provider Type identifier.",
							"required": "yes"
						}
					},
					"clientSecret": {
						"type": "string",
						"minLength": 1,
						"metadata": {
							"description": "Client secret of the Application in external Identity Provider, used to authenticate login request. For example, it is App Secret for Facebook login, API Key for Google login, Public Key for Microsoft. This property will not be filled on 'GET' operations! Use '/listSecrets' POST request to get the value.",
							"required": "yes"
						}
					},
					"signinTenant": {
						"type": "string",
						"metadata": {
							"description": "The TenantId to use instead of Common when logging into Active Directory",
							"required": "no"
						}
					},
					"allowedTenants": {
						"type": "array",
						"metadata": {
							"description": "List of Allowed Tenants when configuring Azure Active Directory login.",
							"required": "no"
						}
					},
					"passwordResetPolicyName": {
						"type": "string",
						"minLength": 1,
						"metadata": {
							"description": "Password Reset Policy Name. Only applies to AAD B2C Identity Provider.",
							"required": "no"
						}
					},
					"authority": {
						"type": "string",
						"metadata": {
							"description": "OpenID Connect discovery endpoint hostname for AAD or AAD B2C.",
							"required": "no"
						}
					},
					"clientId": {
						"type": "string",
						"minLength": 1,
						"metadata": {
							"description": "Client Id of the Application in the external Identity Provider. It is App ID for Facebook login, Client ID for Google login, App ID for Microsoft.",
							"required": "yes"
						}
					},
					"profileEditingPolicyName": {
						"type": "string",
						"minLength": 1,
						"metadata": {
							"description": "Profile Editing Policy Name. Only applies to AAD B2C Identity Provider.",
							"required": "no"
						}
					},
					"signupPolicyName": {
						"type": "string",
						"minLength": 1,
						"metadata": {
							"description": "Signup Policy Name. Only applies to AAD B2C Identity Provider.",
							"required": "no"
						}
					},
					"type": {
						"type": "string",
						"allowedValues": [
							"aad"
						],
						"metadata": {
							"description": "Identity Provider Type identifier.",
							"required": "no"
						}
					},
					"signinPolicyName": {
						"type": "string",
						"minLength": 1,
						"metadata": {
							"description": "Signin Policy Name. Only applies to AAD B2C Identity Provider.",
							"required": "no"
						}
					}
				}
			}
		},
		"roleAssignments": {
			"type": "array",
			"defaultValue": [],
			"metadata": {
				"description": "A list of role assignments mapped to identities",
				"subType": "object",
				"subTypeDefinition": {
					"roleDefinitionName": {
						"type": "string",
						"allowedValues": [
							"API Management Service Contributor",
							"API Management Service Operator Role",
							"API Management Service Reader Role",
							"WBA - LEAP - Resource Deletion",
							"Reader"
						],
						"metadata": {
							"required": "yes",
							"description": "Name of the RBAC role that needs to be assigned to the principal i.e. Reader, Contributor, Virtual Network Administrator, etc."
						}
					},
					"principalName": {
						"type": "string",
						"metadata": {
							"required": "no",
							"description": "Azure AD name or email address of the user, group or service principal."
						}
					},
					"principalId": {
						"type": "string",
						"metadata": {
							"required": "no",
							"description": "Azure AD Object ID of the user, group or service principal."
						}
					}
				}
			}
		},
		"keyVaultName": {
			"type": "string",
			"defaultValue": "",
			"metadata": {
				"description": "Name of KeyVault to access hostname certificates."
			}
		},
		"keyVaultResourceGroup": {
			"type": "string",
			"defaultValue": "",
			"metadata": {
				"description": "Resource Group name of KeyVault to access hostname certificates."
			}
		},
		"keyVaultSubscriptionId": {
			"type": "string",
			"defaultValue": "",
			"metadata": {
				"description": "Subscription ID of KeyVault to access hostname certificates."
			}
		}
	},
	"variables": {
		"serviceApiVersion": "2019-12-01",
		"deploymentsApiVersion": "2017-05-10",
		"keyVaultApiVersion": "2019-09-01",
		"roleAssignmentsApiVersion": "2019-04-01-preview",
		"uniqueName": "[uniqueString(parameters('serviceName'))]",
		"customProperties": {
			"Microsoft.WindowsAzure.ApiManagement.Gateway.Security.Protocols.Tls10": "false",
			"Microsoft.WindowsAzure.ApiManagement.Gateway.Security.Protocols.Tls11": "false",
			"Microsoft.WindowsAzure.ApiManagement.Gateway.Security.Protocols.Ssl30": "false",
			"Microsoft.WindowsAzure.ApiManagement.Gateway.Security.Ciphers.TripleDes168": "false",
			"Microsoft.WindowsAzure.ApiManagement.Gateway.Security.Backend.Protocols.Tls10": "false",
			"Microsoft.WindowsAzure.ApiManagement.Gateway.Security.Backend.Protocols.Tls11": "false",
			"Microsoft.WindowsAzure.ApiManagement.Gateway.Security.Backend.Protocols.Ssl30": "false",
			"Microsoft.WindowsAzure.ApiManagement.Gateway.Protocols.Server.Http2": "true"
		},
		"certificates": [],
		"defaultProduct": {
			"productName": "[uniqueString('DEFAULT')]"
		},
		"products": "[if(empty(parameters('products')), array(variables('defaultProduct')), parameters('products'))]",
		"defaultApi": {
			"apiName": "[uniqueString('DEFAULT')]"
		},
		"apis": "[if(empty(parameters('apis')), array(variables('defaultApi')), parameters('apis'))]",
		"defaultSubscription": {
			"subscriptionName": "[uniqueString('DEFAULT')]"
		},
		"subscriptions": "[if(empty(parameters('subscriptions')), array(variables('defaultSubscription')), parameters('subscriptions'))]",
		"defaultNamedValue": {
			"namedValueName": "[uniqueString('DEFAULT')]"
		},
		"namedValues": "[if(empty(parameters('namedValues')), array(variables('defaultNamedValue')), parameters('namedValues'))]",
		"defaultUser": {
			"userName": "[uniqueString('DEFAULT')]",
			"email": "[concat(uniqueString('DEFAULT'), '@domain.com')]"
		},
		"users": "[if(empty(parameters('users')), array(variables('defaultUser')), parameters('users'))]",
		"defaultGroup": {
			"groupName": "[uniqueString('DEFAULT')]"
		},
		"groups": "[if(empty(parameters('groups')), array(variables('defaultGroup')), parameters('groups'))]",
		"defaultAuthorizationServer": {
			"authorizationServerName": "[uniqueString('DEFAULT')]"
		},
		"authorizationServers": "[if(empty(parameters('authorizationServers')), array(variables('defaultAuthorizationServer')), parameters('authorizationServers'))]",
		"defaultOpenidConnectProvider": {
			"openidConnectProviderName": "[uniqueString('DEFAULT')]"
		},
		"openidConnectProviders": "[if(empty(parameters('openidConnectProviders')), array(variables('defaultOpenidConnectProvider')), parameters('openidConnectProviders'))]",
		"defaultIdentityProvider": {
			"identityProviderName": "[uniqueString('DEFAULT')]"
		},
		"identityProviders": "[if(empty(parameters('identityProviders')), array(variables('defaultIdentityProvider')), parameters('identityProviders'))]",
		"defaultRoleAssignment": {
			"roleDefinitionName": "UNSET",
			"principalId": "UNSET"
		},
		"roleAssignments": "[if(empty(parameters('roleAssignments')), array(variables('defaultRoleAssignment')), parameters('roleAssignments'))]",
		"copy": [
			{
				"name": "hostnameConfigurations",
				"count": "[length(parameters('hostnameConfigurations'))]",
				"input": {
					"type": "[parameters('hostnameConfigurations')[copyIndex('hostnameConfigurations')].type]",
					"hostName": "[parameters('hostnameConfigurations')[copyIndex('hostnameConfigurations')].hostName]",
					"keyVaultId": "[if(contains(parameters('hostnameConfigurations')[copyIndex('hostnameConfigurations')], 'keyVaultId'), parameters('hostnameConfigurations')[copyIndex('hostnameConfigurations')].keyVaultId, json('null'))]",
					"encodedCertificate": "[if(contains(parameters('hostnameConfigurations')[copyIndex('hostnameConfigurations')], 'encodedCertificate'), parameters('hostnameConfigurations')[copyIndex('hostnameConfigurations')].encodedCertificate, json('null'))]",
					"certificatePassword": "[if(contains(parameters('hostnameConfigurations')[copyIndex('hostnameConfigurations')], 'certificatePassword'), parameters('hostnameConfigurations')[copyIndex('hostnameConfigurations')].certificatePassword, json('null'))]",
					"defaultSslBinding": "[if(contains(parameters('hostnameConfigurations')[copyIndex('hostnameConfigurations')], 'defaultSslBinding'), parameters('hostnameConfigurations')[copyIndex('hostnameConfigurations')].defaultSslBinding, json('null'))]",
					"negotiateClientCertificate": "[if(contains(parameters('hostnameConfigurations')[copyIndex('hostnameConfigurations')], 'negotiateClientCertificate'), parameters('hostnameConfigurations')[copyIndex('hostnameConfigurations')].negotiateClientCertificate, json('null'))]",
					"certificate": "[if(contains(parameters('hostnameConfigurations')[copyIndex('hostnameConfigurations')], 'certificate'), parameters('hostnameConfigurations')[copyIndex('hostnameConfigurations')].certificate, json('null'))]"
				}
			},
			{
				"name": "additionalLocations",
				"count": "[length(parameters('additionalLocations'))]",
				"input": {
					"location": "[parameters('additionalLocations')[copyIndex('additionalLocations')].location]",
					"sku": {
						"name": "[parameters('skuName')]",
						"capacity": "[parameters('skuCapacity')]"
					},
					"virtualNetworkConfiguration": {
						"subnetResourceId": "[parameters('additionalLocations')[copyIndex('additionalLocations')].virtualNetworkConfigurationSubnetResourceId]"
					},
					"disableGateway": "[if(contains(parameters('additionalLocations')[copyIndex('additionalLocations')], 'disableGateway'), parameters('additionalLocations')[copyIndex('additionalLocations')].disableGateway, json('null'))]"
				}
			}
		],
		"API Management Service Contributor": "312a565d-c81f-4fd8-895a-4e21e48d571c",
		"API Management Service Operator Role": "e022efe7-f5ba-4159-bbe4-b44f577e9b61",
		"API Management Service Reader Role": "71522526-b88f-4d52-b57f-d31fc3546d0d",
		"WBA - LEAP - Resource Deletion":  "0b554e07-b285-4549-b42c-53fcdd1b6b0e",
		"Reader": "acdd72a7-3385-48ef-bd42-f606fba81ae7"
	},
	"resources": [
		{
			"type": "Microsoft.ApiManagement/service",
			"apiVersion": "[variables('serviceApiVersion')]",
			"dependsOn": [],
			"name": "[parameters('serviceName')]",
			"tags": "[parameters('tags')]",
			"location": "[parameters('location')]",
			"sku": {
				"name": "[parameters('skuName')]",
				"capacity": "[parameters('skuCapacity')]"
			},
			"identity": {
				"type": "[parameters('identityType')]"
			},
			"properties": {
				"publisherEmail": "[parameters('publisherEmail')]",
				"publisherName": "[parameters('publisherName')]",
				"notificationSenderEmail": "[parameters('notificationSenderEmail')]",
				"virtualNetworkConfiguration": {
					"subnetResourceId": "[parameters('virtualNetworkConfigurationSubnetResourceId')]"
				},
				"virtualNetworkType": "[parameters('virtualNetworkType')]",
				"additionalLocations": "[variables('additionalLocations')]",
				"customProperties": "[variables('customProperties')]",
				"certificates": "[if(not(empty(variables('certificates'))), variables('certificates'), json('null'))]",
				"enableClientCertificate": "[json('null')]",
				"disableGateway": "[parameters('disableGateway')]",
				"apiVersionConstraint": {
					"minApiVersion": "[if(empty(parameters('apiVersionConstraintMinApiVersion')), json('null'), parameters('apiVersionConstraintMinApiVersion'))]"
				}
			}
		},
		{
			"type": "Microsoft.ApiManagement/service/products",
			"apiVersion": "[variables('serviceApiVersion')]",
			"condition": "[not(empty(parameters('products')))]",
			"dependsOn": [
				"[resourceId('Microsoft.ApiManagement/service', parameters('serviceName'))]"
			],
			"name": "[concat(parameters('serviceName'), '/', variables('products')[copyIndex()].productName)]",
			"properties": {
				"terms": "[if(contains(variables('products')[copyIndex()], 'terms'), variables('products')[copyIndex()].terms, json('null'))]",
				"description": "[if(contains(variables('products')[copyIndex()], 'description'), variables('products')[copyIndex()].description, json('null'))]",
				"approvalRequired": "[if(contains(variables('products')[copyIndex()], 'approvalRequired'), variables('products')[copyIndex()].approvalRequired, json('null'))]",
				"subscriptionsLimit": "[if(contains(variables('products')[copyIndex()], 'subscriptionsLimit'), variables('products')[copyIndex()].subscriptionsLimit, json('null'))]",
				"state": "[if(contains(variables('products')[copyIndex()], 'state'), variables('products')[copyIndex()].state, json('null'))]",
				"subscriptionRequired": "[if(contains(variables('products')[copyIndex()], 'subscriptionRequired'), variables('products')[copyIndex()].subscriptionRequired, json('null'))]",
				"displayName": "[variables('products')[copyIndex()].displayName]"
			},
			"copy": {
				"name": "productsCopy",
				"count": "[length(variables('products'))]"
			}
		},
		{
			"type": "Microsoft.ApiManagement/service/apis",
			"apiVersion": "[variables('serviceApiVersion')]",
			"condition": "[not(empty(parameters('apis')))]",
			"dependsOn": [
				"[resourceId('Microsoft.ApiManagement/service', parameters('serviceName'))]"
			],
			"name": "[concat(parameters('serviceName'), '/', variables('apis')[copyIndex()].apiName)]",
			"properties": {
				"sourceApiId": "[if(contains(variables('apis')[copyIndex()], 'sourceApiId'), variables('apis')[copyIndex()].sourceApiId, json('null'))]",
				"displayName": "[if(contains(variables('apis')[copyIndex()], 'displayName'), variables('apis')[copyIndex()].displayName, json('null'))]",
				"description": "[if(contains(variables('apis')[copyIndex()], 'description'), variables('apis')[copyIndex()].description, json('null'))]",
				"format": "[if(contains(variables('apis')[copyIndex()], 'format'), variables('apis')[copyIndex()].format, json('null'))]",
				"apiVersionSetId": "[if(contains(variables('apis')[copyIndex()], 'apiVersionSetId'), variables('apis')[copyIndex()].apiVersionSetId, json('null'))]",
				"apiRevision": "[if(contains(variables('apis')[copyIndex()], 'apiRevision'), variables('apis')[copyIndex()].apiRevision, json('null'))]",
				"value": "[if(contains(variables('apis')[copyIndex()], 'value'), variables('apis')[copyIndex()].value, json('null'))]",
				"apiType": "[if(contains(variables('apis')[copyIndex()], 'apiType'), variables('apis')[copyIndex()].apiType, 'http')]",
				"apiVersionSet": "[if(and(contains(variables('apis')[copyIndex()], 'apiVersionSet'), not(empty(variables('apis')[copyIndex()].apiVersionSet))), variables('apis')[copyIndex()].apiVersionSet, json('null'))]",
				"subscriptionKeyParameterNames": "[if(contains(variables('apis')[copyIndex()], 'subscriptionKeyParameterNames'), variables('apis')[copyIndex()].subscriptionKeyParameterNames, json('null'))]",
				"serviceUrl": "[if(contains(variables('apis')[copyIndex()], 'serviceUrl'), variables('apis')[copyIndex()].serviceUrl, json('null'))]",
				"apiVersion": "[if(contains(variables('apis')[copyIndex()], 'apiVersion'), variables('apis')[copyIndex()].apiVersion, json('null'))]",
				"isCurrent": "[if(contains(variables('apis')[copyIndex()], 'isCurrent'), variables('apis')[copyIndex()].isCurrent, json('null'))]",
				"apiVersionDescription": "[if(contains(variables('apis')[copyIndex()], 'apiVersionDescription'), variables('apis')[copyIndex()].apiVersionDescription, json('null'))]",
				"subscriptionRequired": "[if(contains(variables('apis')[copyIndex()], 'subscriptionRequired'), variables('apis')[copyIndex()].subscriptionRequired, json('null'))]",
				"wsdlSelector": {
					"wsdlServiceName": "[if(contains(variables('apis')[copyIndex()], 'wsdlSelectorWsdlServiceName'), variables('apis')[copyIndex()].wsdlSelectorWsdlServiceName, json('null'))]",
					"wsdlEndpointName": "[if(contains(variables('apis')[copyIndex()], 'wsdlSelectorWsdlEndpointName'), variables('apis')[copyIndex()].wsdlSelectorWsdlEndpointName, json('null'))]"
				},
				"path": "[variables('apis')[copyIndex()].path]",
				"type": "[if(contains(variables('apis')[copyIndex()], 'type'), variables('apis')[copyIndex()].type, 'http')]",
				"apiRevisionDescription": "[if(contains(variables('apis')[copyIndex()], 'apiRevisionDescription'), variables('apis')[copyIndex()].apiRevisionDescription, json('null'))]",
				"protocols": ["https"],
				"authenticationSettings": {
					"openid": "[if(contains(variables('apis')[copyIndex()], 'authenticationSettingsOpenid'), variables('apis')[copyIndex()].authenticationSettingsOpenid, json('null'))]",
					"oAuth2": "[if(contains(variables('apis')[copyIndex()], 'authenticationSettingsOAuth2'), variables('apis')[copyIndex()].authenticationSettingsOAuth2, json('null'))]"
				}
			},
			"resources": [
				{
					"type": "Microsoft.ApiManagement/service/apis/policies",
					"apiVersion": "[variables('serviceApiVersion')]",
					"condition": "[and(not(empty(parameters('apis'))), contains(variables('apis')[copyIndex()], 'policy'))]",
					"dependsOn": [
						"[resourceId('Microsoft.ApiManagement/service', parameters('serviceName'))]",
						"[resourceId('Microsoft.ApiManagement/service/apis', parameters('serviceName'), variables('apis')[copyIndex()].apiName)]"
					],
					"name": "[concat(parameters('serviceName'), '/', variables('apis')[copyIndex()].apiName, '/policy')]",
					"properties": {
						"value": "[if(contains(variables('apis')[copyIndex()], 'policy'), variables('apis')[copyIndex()].policy, '')]",
						"format": "[if(contains(variables('apis')[copyIndex()], 'policyFormat'), variables('apis')[copyIndex()].policyFormat, json('null'))]"
					}
				}
			],
			"copy": {
				"name": "apisCopy",
				"count": "[length(variables('apis'))]"
			}
		},
		{
			"type": "Microsoft.ApiManagement/service/subscriptions",
			"apiVersion": "[variables('serviceApiVersion')]",
			"condition": "[not(empty(parameters('subscriptions')))]",
			"dependsOn": [
				"[resourceId('Microsoft.ApiManagement/service', parameters('serviceName'))]"
			],
			"name": "[concat(parameters('serviceName'), '/', variables('subscriptions')[copyIndex()].subscriptionName)]",
			"properties": {
				"displayName": "[variables('subscriptions')[copyIndex()].displayName]",
				"secondaryKey": "[if(contains(variables('subscriptions')[copyIndex()], 'secondaryKey'), variables('subscriptions')[copyIndex()].secondaryKey, json('null'))]",
				"state": "[if(contains(variables('subscriptions')[copyIndex()], 'state'), variables('subscriptions')[copyIndex()].state, json('null'))]",
				"allowTracing": "[if(contains(variables('subscriptions')[copyIndex()], 'allowTracing'), variables('subscriptions')[copyIndex()].allowTracing, json('null'))]",
				"scope": "[concat(resourceId('Microsoft.ApiManagement/service', parameters('serviceName')), variables('subscriptions')[copyIndex()].scope)]",
				"ownerId": "[if(contains(variables('subscriptions')[copyIndex()], 'ownerId'), variables('subscriptions')[copyIndex()].ownerId, json('null'))]",
				"primaryKey": "[if(contains(variables('subscriptions')[copyIndex()], 'primaryKey'), variables('subscriptions')[copyIndex()].primaryKey, json('null'))]"
			},
			"copy": {
				"name": "subscriptionsCopy",
				"count": "[length(variables('subscriptions'))]"
			}
		},
		{
			"type": "Microsoft.ApiManagement/service/namedValues",
			"apiVersion": "[variables('serviceApiVersion')]",
			"condition": "[not(empty(parameters('namedValues')))]",
			"dependsOn": [
				"[resourceId('Microsoft.ApiManagement/service', parameters('serviceName'))]"
			],
			"name": "[concat(parameters('serviceName'), '/', variables('namedValues')[copyIndex()].namedValueName)]",
			"properties": {
				"secret": "[if(contains(variables('namedValues')[copyIndex()], 'secret'), variables('namedValues')[copyIndex()].secret, json('false'))]",
				"displayName": "[variables('namedValues')[copyIndex()].displayName]",
				"value": "[variables('namedValues')[copyIndex()].value]",
				"tags": "[if(contains(variables('namedValues')[copyIndex()], 'tags'), variables('namedValues')[copyIndex()].tags, json('null'))]"
			},
			"copy": {
				"name": "namedValuesCopy",
				"count": "[length(variables('namedValues'))]"
			}
		},
		{
			"type": "Microsoft.ApiManagement/service/users",
			"apiVersion": "[variables('serviceApiVersion')]",
			"condition": "[not(empty(parameters('users')))]",
			"dependsOn": [
				"[resourceId('Microsoft.ApiManagement/service', parameters('serviceName'))]"
			],
			"name": "[concat(parameters('serviceName'), '/', guid(variables('users')[copyIndex()].email))]",
			"properties": {
				"confirmation": "[if(contains(variables('users')[copyIndex()], 'confirmation'), variables('users')[copyIndex()].confirmation, json('null'))]",
				"firstName": "[variables('users')[copyIndex()].firstName]",
				"appType": "[if(contains(variables('users')[copyIndex()], 'appType'), variables('users')[copyIndex()].appType, json('null'))]",
				"lastName": "[variables('users')[copyIndex()].lastName]",
				"note": "[if(contains(variables('users')[copyIndex()], 'note'), variables('users')[copyIndex()].note, json('null'))]",
				"state": "[if(contains(variables('users')[copyIndex()], 'state'), variables('users')[copyIndex()].state, json('null'))]",
				"password": "[if(contains(variables('users')[copyIndex()], 'password'), variables('users')[copyIndex()].password, json('null'))]",
				"identities": [
					{
						"provider": "[if(contains(variables('users')[copyIndex()], 'identitiesProvider'), variables('users')[copyIndex()].identitiesProvider, 'Basic')]",
						"id": "[if(contains(variables('users')[copyIndex()], 'identitiesId'), variables('users')[copyIndex()].identitiesId, variables('users')[copyIndex()].email)]"
					}
				],
				"email": "[variables('users')[copyIndex()].email]"
			},
			"copy": {
				"name": "usersCopy",
				"count": "[length(variables('users'))]"
			}
		},
		{
			"type": "Microsoft.ApiManagement/service/groups",
			"apiVersion": "[variables('serviceApiVersion')]",
			"condition": "[not(empty(parameters('groups')))]",
			"dependsOn": [
				"[resourceId('Microsoft.ApiManagement/service', parameters('serviceName'))]"
			],
			"name": "[concat(parameters('serviceName'), '/', variables('groups')[copyIndex()].groupName)]",
			"properties": {
				"type": "[if(contains(variables('groups')[copyIndex()], 'type'), variables('groups')[copyIndex()].type, 'custom')]",
				"externalId": "[if(contains(variables('groups')[copyIndex()], 'externalId'), variables('groups')[copyIndex()].externalId, json('null'))]",
				"displayName": "[variables('groups')[copyIndex()].displayName]",
				"description": "[if(contains(variables('groups')[copyIndex()], 'description'), variables('groups')[copyIndex()].description, json('null'))]"
			},
			"copy": {
				"name": "groupsCopy",
				"count": "[length(variables('groups'))]"
			}
		},
		{
			"type": "Microsoft.ApiManagement/service/authorizationServers",
			"apiVersion": "[variables('serviceApiVersion')]",
			"condition": "[not(empty(parameters('authorizationServers')))]",
			"dependsOn": [
				"[resourceId('Microsoft.ApiManagement/service', parameters('serviceName'))]"
			],
			"name": "[concat(parameters('serviceName'), '/', variables('authorizationServers')[copyIndex()].authorizationServerName)]",
			"properties": {
				"tokenBodyParameters": "[if(contains(variables('authorizationServers')[copyIndex()], 'tokenBodyParameters'), variables('authorizationServers')[copyIndex()].tokenBodyParameters, json('null'))]",
				"clientSecret": "[if(contains(variables('authorizationServers')[copyIndex()], 'clientSecret'), variables('authorizationServers')[copyIndex()].clientSecret, json('null'))]",
				"displayName": "[variables('authorizationServers')[copyIndex()].displayName]",
				"description": "[if(contains(variables('authorizationServers')[copyIndex()], 'description'), variables('authorizationServers')[copyIndex()].description, json('null'))]",
				"tokenEndpoint": "[if(contains(variables('authorizationServers')[copyIndex()], 'tokenEndpoint'), variables('authorizationServers')[copyIndex()].tokenEndpoint, json('null'))]",
				"clientAuthenticationMethod": "[if(contains(variables('authorizationServers')[copyIndex()], 'clientAuthenticationMethod'), variables('authorizationServers')[copyIndex()].clientAuthenticationMethod, json('null'))]",
				"clientId": "[variables('authorizationServers')[copyIndex()].clientId]",
				"grantTypes": "[variables('authorizationServers')[copyIndex()].grantTypes]",
				"resourceOwnerPassword": "[if(contains(variables('authorizationServers')[copyIndex()], 'resourceOwnerPassword'), variables('authorizationServers')[copyIndex()].resourceOwnerPassword, json('null'))]",
				"supportState": "[if(contains(variables('authorizationServers')[copyIndex()], 'supportState'), variables('authorizationServers')[copyIndex()].supportState, json('null'))]",
				"authorizationEndpoint": "[variables('authorizationServers')[copyIndex()].authorizationEndpoint]",
				"bearerTokenSendingMethods": "[if(contains(variables('authorizationServers')[copyIndex()], 'bearerTokenSendingMethods'), variables('authorizationServers')[copyIndex()].bearerTokenSendingMethods, json('null'))]",
				"resourceOwnerUsername": "[if(contains(variables('authorizationServers')[copyIndex()], 'resourceOwnerUsername'), variables('authorizationServers')[copyIndex()].resourceOwnerUsername, json('null'))]",
				"authorizationMethods": "[if(contains(variables('authorizationServers')[copyIndex()], 'authorizationMethods'), variables('authorizationServers')[copyIndex()].authorizationMethods, json('null'))]",
				"defaultScope": "[if(contains(variables('authorizationServers')[copyIndex()], 'defaultScope'), variables('authorizationServers')[copyIndex()].defaultScope, json('null'))]",
				"clientRegistrationEndpoint": "[variables('authorizationServers')[copyIndex()].clientRegistrationEndpoint]"
			},
			"copy": {
				"name": "authorizationServersCopy",
				"count": "[length(variables('authorizationServers'))]"
			}
		},
		{
			"type": "Microsoft.ApiManagement/service/openidConnectProviders",
			"apiVersion": "[variables('serviceApiVersion')]",
			"condition": "[not(empty(parameters('openidConnectProviders')))]",
			"dependsOn": [
				"[resourceId('Microsoft.ApiManagement/service', parameters('serviceName'))]"
			],
			"name": "[concat(parameters('serviceName'), '/', variables('openidConnectProviders')[copyIndex()].openidConnectProviderName)]",
			"properties": {
				"metadataEndpoint": "[variables('openidConnectProviders')[copyIndex()].metadataEndpoint]",
				"displayName": "[variables('openidConnectProviders')[copyIndex()].displayName]",
				"description": "[if(contains(variables('openidConnectProviders')[copyIndex()], 'description'), variables('openidConnectProviders')[copyIndex()].description, json('null'))]",
				"clientId": "[variables('openidConnectProviders')[copyIndex()].clientId]",
				"clientSecret": "[if(contains(variables('openidConnectProviders')[copyIndex()], 'clientSecret'), variables('openidConnectProviders')[copyIndex()].clientSecret, json('null'))]"
			},
			"copy": {
				"name": "openidConnectProvidersCopy",
				"count": "[length(variables('openidConnectProviders'))]"
			}
		},
		{
			"type": "Microsoft.ApiManagement/service/identityProviders",
			"apiVersion": "[variables('serviceApiVersion')]",
			"condition": "[not(empty(parameters('identityProviders')))]",
			"dependsOn": [
				"[resourceId('Microsoft.ApiManagement/service', parameters('serviceName'))]"
			],
			"name": "[concat(parameters('serviceName'), '/', variables('identityProviders')[copyIndex()].identityProviderName)]",
			"properties": {
				"clientSecret": "[variables('identityProviders')[copyIndex()].clientSecret]",
				"signinTenant": "[if(contains(variables('identityProviders')[copyIndex()], 'signinTenant'), variables('identityProviders')[copyIndex()].signinTenant, json('null'))]",
				"allowedTenants": "[if(contains(variables('identityProviders')[copyIndex()], 'allowedTenants'), variables('identityProviders')[copyIndex()].allowedTenants, json('null'))]",
				"passwordResetPolicyName": "[if(contains(variables('identityProviders')[copyIndex()], 'passwordResetPolicyName'), variables('identityProviders')[copyIndex()].passwordResetPolicyName, json('null'))]",
				"authority": "[if(contains(variables('identityProviders')[copyIndex()], 'authority'), variables('identityProviders')[copyIndex()].authority, json('null'))]",
				"clientId": "[variables('identityProviders')[copyIndex()].clientId]",
				"profileEditingPolicyName": "[if(contains(variables('identityProviders')[copyIndex()], 'profileEditingPolicyName'), variables('identityProviders')[copyIndex()].profileEditingPolicyName, json('null'))]",
				"signupPolicyName": "[if(contains(variables('identityProviders')[copyIndex()], 'signupPolicyName'), variables('identityProviders')[copyIndex()].signupPolicyName, json('null'))]",
				"type": "[if(contains(variables('identityProviders')[copyIndex()], 'type'), variables('identityProviders')[copyIndex()].type, json('null'))]",
				"signinPolicyName": "[if(contains(variables('identityProviders')[copyIndex()], 'signinPolicyName'), variables('identityProviders')[copyIndex()].signinPolicyName, json('null'))]"
			},
			"copy": {
				"name": "identityProvidersCopy",
				"count": "[length(variables('identityProviders'))]"
			}
		},
		{
			"type": "Microsoft.ApiManagement/service/providers/roleAssignments",
			"apiVersion": "[variables('roleAssignmentsApiVersion')]",
			"condition": "[not(empty(parameters('roleAssignments')))]",
			"dependsOn": [
				"[resourceId('Microsoft.ApiManagement/service', parameters('serviceName'))]"
			],
			"name": "[concat(parameters('serviceName'), '/Microsoft.Authorization/', guid(variables('roleAssignments')[copyIndex()].principalId, variables('roleAssignments')[copyIndex()].roleDefinitionName, variables('uniqueName')))]",
			"properties": {
				"roleDefinitionId": "[resourceId('Microsoft.Authorization/roleDefinitions', variables(variables('roleAssignments')[copyIndex()].roleDefinitionName))]",
				"principalId": "[variables('roleAssignments')[copyIndex()].principalId]"
			},
			"copy": {
				"name": "roleAssignmentsCopy",
				"count": "[length(variables('roleAssignments'))]"
			}
		},
		{
			"type": "Microsoft.Resources/deployments",
			"apiVersion": "[variables('deploymentsApiVersion')]",
			"condition": "[not(empty(parameters('hostnameConfigurations')))]",
			"dependsOn": [
				"[parameters('serviceName')]"
			],
			"resourceGroup": "[if(not(empty(parameters('hostnameConfigurations'))), parameters('keyVaultResourceGroup'), resourceGroup().name)]",
			"subscriptionId": "[if(not(empty(parameters('hostnameConfigurations'))), parameters('keyVaultSubscriptionId'), subscription().subscriptionId)]",
			"name": "keyVaultAccess",
			"properties": {
				"mode": "Incremental",
				"template": {
					"$schema": "https://schema.management.azure.com/schemas/2019-04-01/deploymentTemplate.json#",
					"contentVersion": "1.0.0.0",
					"parameters": {},
					"variables": {},
					"resources": [
						{
							"type": "Microsoft.KeyVault/vaults/accessPolicies",
							"name": "[concat(parameters('keyVaultName'), '/add')]",
							"apiVersion": "[variables('keyVaultApiVersion')]",
							"properties": {
								"accessPolicies": [
									{
										"tenantId": "[reference(resourceId('Microsoft.ApiManagement/service', parameters('serviceName')), '2019-01-01', 'Full').Identity.tenantId]",
										"objectId": "[reference(resourceId('Microsoft.ApiManagement/service', parameters('serviceName')), '2019-01-01', 'Full').Identity.principalId]",
										"permissions": {
											"secrets": ["get"],
											"certificates": ["get"]
										}
									}
								]
							}
						}
					]
				}
			}
		},
		{
			"type": "Microsoft.Resources/deployments",
			"apiVersion": "[variables('deploymentsApiVersion')]",
			"condition": "[not(empty(parameters('hostnameConfigurations')))]",
			"dependsOn": [
				"keyVaultAccess",
				"[resourceId('Microsoft.ApiManagement/service', parameters('serviceName'))]"
			],
			"name": "apimHostnameConfiguration",
			"properties": {
				"mode": "Incremental",
				"template": {
					"$schema": "https://schema.management.azure.com/schemas/2019-04-01/deploymentTemplate.json#",
					"contentVersion": "1.0.0.0",
					"parameters": {},
					"variables": {},
					"resources": [
						{
							"type": "Microsoft.ApiManagement/service",
							"apiVersion": "[variables('serviceApiVersion')]",
							"name": "[parameters('serviceName')]",
							"location": "[parameters('location')]",
							"tags": "[parameters('tags')]",
							"sku": {
								"name": "[parameters('skuName')]",
								"capacity": "[parameters('skuCapacity')]"
							},
							"properties": {
								"publisherEmail": "[parameters('publisherEmail')]",
								"publisherName": "[parameters('publisherName')]",
								"notificationSenderEmail": "[parameters('notificationSenderEmail')]",
								"customProperties": "[variables('customProperties')]",
								"virtualNetworkConfiguration": {
									"subnetResourceId": "[parameters('virtualNetworkConfigurationSubnetResourceId')]"
								},
								"virtualNetworkType": "[parameters('virtualNetworkType')]",
								"hostnameConfigurations": "[variables('hostnameConfigurations')]"
							}
						}
					]
				}
			}
		}
	]
}