{
    "$schema": "http://schema.management.azure.com/schemas/2019-04-01/deploymentParameters.json#",
    "contentVersion": "2.0.1.0",
    "parameters": {
        "tags": {
            "value": {
                "CostCenter": "Data and Analytics Enablement",
                "Department": "Data and Analytics Enablement",
                "DeployDate": "2021-01-19",
                "Deployer": "danieltri.nguyen@walgreens.com",
                "DeptName": "Leap",
                "EnvType": "Non-Production",
                "LOB": "Data Analytics",
                "LegalSubEntity": "Walgreen Co",
                "SenType": "Not Applicable",
                "Sensitivity": "Non-Sensitive",
                "SubDivision": "Data Analytics & Corporate Technology Systems"
            },
            "metadata": {
                "description": "[REQUIRED] https://dev.azure.com/WBA/IT%20Services/_git/ccp-ent-infra-build?path=%2Flibrary%2Fprod%2Fapim%2FPARAMETERS.md&_a=preview&version=GBmaster&anchor=%60parameters.tags%60"
            }
        },
        "location": {
            "value": "eastus2",
            "metadata": {
                "description": "[REQUIRED] https://dev.azure.com/WBA/IT%20Services/_git/ccp-ent-infra-build?path=%2Flibrary%2Fprod%2Fapim%2FPARAMETERS.md&_a=preview&version=GBmaster&anchor=%60parameters.location%60"
            }
        },
        "serviceName": {
            "value": "dapdevapim01",
            "metadata": {
                "description": "[REQUIRED] https://dev.azure.com/WBA/IT%20Services/_git/ccp-ent-infra-build?path=%2Flibrary%2Fprod%2Fapim%2FPARAMETERS.md&_a=preview&version=GBmaster&anchor=%60parameters.servicename%60"
            }
        },
        "skuName": {
            "value": "Premium",
            "metadata": {
                "description": "[OPTIONAL] https://dev.azure.com/WBA/IT%20Services/_git/ccp-ent-infra-build?path=%2Flibrary%2Fprod%2Fapim%2FPARAMETERS.md&_a=preview&version=GBmaster&anchor=%60parameters.skuname%60"
            }
        },
        "skuCapacity": {
            "value": 1,
            "metadata": {
                "description": "[OPTIONAL] https://dev.azure.com/WBA/IT%20Services/_git/ccp-ent-infra-build?path=%2Flibrary%2Fprod%2Fapim%2FPARAMETERS.md&_a=preview&version=GBmaster&anchor=%60parameters.skucapacity%60"
            }
        },
        "publisherEmail": {
            "value": "danieltri.nguyen@walgreens.com",
            "metadata": {
                "description": "[REQUIRED] https://dev.azure.com/WBA/IT%20Services/_git/ccp-ent-infra-build?path=%2Flibrary%2Fprod%2Fapim%2FPARAMETERS.md&_a=preview&version=GBmaster&anchor=%60parameters.publisheremail%60"
            }
        },
        "publisherName": {
            "value": "DanielNguyen",
            "metadata": {
                "description": "[REQUIRED] https://dev.azure.com/WBA/IT%20Services/_git/ccp-ent-infra-build?path=%2Flibrary%2Fprod%2Fapim%2FPARAMETERS.md&_a=preview&version=GBmaster&anchor=%60parameters.publishername%60"
            }
        },
        "notificationSenderEmail": {
            "value": "danieltri.nguyen@walgreens.com",
            "metadata": {
                "description": "[REQUIRED] https://dev.azure.com/WBA/IT%20Services/_git/ccp-ent-infra-build?path=%2Flibrary%2Fprod%2Fapim%2FPARAMETERS.md&_a=preview&version=GBmaster&anchor=%60parameters.notificationsenderemail%60"
            }
        },
        "hostnameConfigurations": {
            "value": [],
            "metadata": {
                "description": "[OPTIONAL] https://dev.azure.com/WBA/IT%20Services/_git/ccp-ent-infra-build?path=%2Flibrary%2Fprod%2Fapim%2FPARAMETERS.md&_a=preview&version=GBmaster&anchor=%60parameters.hostnameconfigurations%60"
            }
        },
        "additionalLocations": {
            "value": [],
            "metadata": {
                "description": "[OPTIONAL] https://dev.azure.com/WBA/IT%20Services/_git/ccp-ent-infra-build?path=%2Flibrary%2Fprod%2Fapim%2FPARAMETERS.md&_a=preview&version=GBmaster&anchor=%60parameters.additionallocations%60"
            }
        },
        "certificates": {
            "value": [],
            "metadata": {
                "description": "[OPTIONAL] https://dev.azure.com/WBA/IT%20Services/_git/ccp-ent-infra-build?path=%2Flibrary%2Fprod%2Fapim%2FPARAMETERS.md&_a=preview&version=GBmaster&anchor=%60parameters.certificates%60"
            }
        },
        "enableClientCertificate": {
            "value": false,
            "metadata": {
                "description": "[OPTIONAL] https://dev.azure.com/WBA/IT%20Services/_git/ccp-ent-infra-build?path=%2Flibrary%2Fprod%2Fapim%2FPARAMETERS.md&_a=preview&version=GBmaster&anchor=%60parameters.enableclientcertificate%60"
            }
        },
        "disableGateway": {
            "value": false,
            "metadata": {
                "description": "[OPTIONAL] https://dev.azure.com/WBA/IT%20Services/_git/ccp-ent-infra-build?path=%2Flibrary%2Fprod%2Fapim%2FPARAMETERS.md&_a=preview&version=GBmaster&anchor=%60parameters.disablegateway%60"
            }
        },
        "virtualNetworkConfigurationSubnetResourceId": {
            "value": "",
            "metadata": {
                "description": "[REQUIRED] https://dev.azure.com/WBA/IT%20Services/_git/ccp-ent-infra-build?path=%2Flibrary%2Fprod%2Fapim%2FPARAMETERS.md&_a=preview&version=GBmaster&anchor=%60parameters.virtualnetworkconfigurationsubnetresourceid%60"
            }
        },
        "apiVersionConstraintMinApiVersion": {
            "value": "",
            "metadata": {
                "description": "[OPTIONAL] https://dev.azure.com/WBA/IT%20Services/_git/ccp-ent-infra-build?path=%2Flibrary%2Fprod%2Fapim%2FPARAMETERS.md&_a=preview&version=GBmaster&anchor=%60parameters.apiversionconstraintminapiversion%60"
            }
        },
        "products": {
            "value": [],
            "metadata": {
                "description": "[OPTIONAL] https://dev.azure.com/WBA/IT%20Services/_git/ccp-ent-infra-build?path=%2Flibrary%2Fprod%2Fapim%2FPARAMETERS.md&_a=preview&version=GBmaster&anchor=%60parameters.products%60"
            }
        },
        "apis": {
            "value": [],
            "metadata": {
                "description": "[OPTIONAL] https://dev.azure.com/WBA/IT%20Services/_git/ccp-ent-infra-build?path=%2Flibrary%2Fprod%2Fapim%2FPARAMETERS.md&_a=preview&version=GBmaster&anchor=%60parameters.apis%60"
            }
        },
        "subscriptions": {
            "value": [],
            "metadata": {
                "description": "[OPTIONAL] https://dev.azure.com/WBA/IT%20Services/_git/ccp-ent-infra-build?path=%2Flibrary%2Fprod%2Fapim%2FPARAMETERS.md&_a=preview&version=GBmaster&anchor=%60parameters.subscriptions%60"
            }
        },
        "namedValues": {
            "value": [],
            "metadata": {
                "description": "[OPTIONAL] https://dev.azure.com/WBA/IT%20Services/_git/ccp-ent-infra-build?path=%2Flibrary%2Fprod%2Fapim%2FPARAMETERS.md&_a=preview&version=GBmaster&anchor=%60parameters.namedvalues%60"
            }
        },
        "users": {
            "value": [],
            "metadata": {
                "description": "[OPTIONAL] https://dev.azure.com/WBA/IT%20Services/_git/ccp-ent-infra-build?path=%2Flibrary%2Fprod%2Fapim%2FPARAMETERS.md&_a=preview&version=GBmaster&anchor=%60parameters.users%60"
            }
        },
        "groups": {
            "value": [],
            "metadata": {
                "description": "[OPTIONAL] https://dev.azure.com/WBA/IT%20Services/_git/ccp-ent-infra-build?path=%2Flibrary%2Fprod%2Fapim%2FPARAMETERS.md&_a=preview&version=GBmaster&anchor=%60parameters.groups%60"
            }
        },
        "authorizationServers": {
            "value": [],
            "metadata": {
                "description": "[OPTIONAL] https://dev.azure.com/WBA/IT%20Services/_git/ccp-ent-infra-build?path=%2Flibrary%2Fprod%2Fapim%2FPARAMETERS.md&_a=preview&version=GBmaster&anchor=%60parameters.authorizationservers%60"
            }
        },
        "openidConnectProviders": {
            "value": [],
            "metadata": {
                "description": "[OPTIONAL] https://dev.azure.com/WBA/IT%20Services/_git/ccp-ent-infra-build?path=%2Flibrary%2Fprod%2Fapim%2FPARAMETERS.md&_a=preview&version=GBmaster&anchor=%60parameters.openidconnectproviders%60"
            }
        },
        "identityProviders": {
            "value": [],
            "metadata": {
                "description": "[OPTIONAL] https://dev.azure.com/WBA/IT%20Services/_git/ccp-ent-infra-build?path=%2Flibrary%2Fprod%2Fapim%2FPARAMETERS.md&_a=preview&version=GBmaster&anchor=%60parameters.identityproviders%60"
            }
        },
        "roleAssignments": {
            "value": [],
            "metadata": {
                "description": "[OPTIONAL] https://dev.azure.com/WBA/IT%20Services/_git/ccp-ent-infra-build?path=%2Flibrary%2Fprod%2Fapim%2FPARAMETERS.md&_a=preview&version=GBmaster&anchor=%60parameters.roleassignments%60"
            }
        },
        "keyVaultName": {
            "value": "",
            "metadata": {
                "description": "[OPTIONAL] https://dev.azure.com/WBA/IT%20Services/_git/ccp-ent-infra-build?path=%2Flibrary%2Fprod%2Fapim%2FPARAMETERS.md&_a=preview&version=GBmaster&anchor=%60parameters.keyvaultname%60"
            }
        },
        "keyVaultResourceGroup": {
            "value": "",
            "metadata": {
                "description": "[OPTIONAL] https://dev.azure.com/WBA/IT%20Services/_git/ccp-ent-infra-build?path=%2Flibrary%2Fprod%2Fapim%2FPARAMETERS.md&_a=preview&version=GBmaster&anchor=%60parameters.keyvaultresourcegroup%60"
            }
        },
        "keyVaultSubscriptionId": {
            "value": "",
            "metadata": {
                "description": "[OPTIONAL] https://dev.azure.com/WBA/IT%20Services/_git/ccp-ent-infra-build?path=%2Flibrary%2Fprod%2Fapim%2FPARAMETERS.md&_a=preview&version=GBmaster&anchor=%60parameters.keyvaultsubscriptionid%60"
            }
        }
    },
    "deploymentParameters": {
        "resourceGroup": "rpu-nprod-dna-data-analytics-eastus2-paas-02-rg",
        "subscription": "rpu-nprod-dna-data-analytics-02",
        "templateFile": ".\\library\\prod\\apim\\apim-template.json"
    }
}