{
    "Microsoft.DataFactory/factories": {
        "properties": {
            "globalParameters": {
                "*": {
                    "value": "="
                }
            }
        }
    },
    "Microsoft.DataFactory/factories/pipelines": {
        "properties": {
            "activities": [
            {
                "typeProperties": {
                    "activities": [
                    {
                        "typeProperties": {
                            "url": "-",
                            "connectVia": {
                                "referenceName": "-"
                            }
                        } 
                    }
                    ]               
                }
            }
            ],
            "variables": {
				"*": {
					"defaultValue": "-"
				}
		    }
        }
    },
    "Microsoft.DataFactory/factories/integrationRuntimes": {
        "properties": {
            "typeProperties": {
                "ssisProperties": {
                    "catalogInfo": {
                        "catalogServerEndpoint": "=",
                        "catalogAdminUserName": "=",
                        "catalogAdminPassword": {
                            "value": "-::secureString"
                        }
                    },
                    "customSetupScriptProperties": {
                        "sasToken": {
                            "value": "-::secureString"
                        }
                    }
                },
                "linkedInfo": {
                    "key": {
                        "value": "-::secureString"
                    },
                    "resourceId": "="
                },
                "computeProperties": {
                    "dataFlowProperties": {
                        "externalComputeInfo": [
                            {
                                "accessToken": "-::secureString"
                            }
                        ]
                    }
                }
            }
        }
    },
    "Microsoft.DataFactory/factories/triggers": {
        "properties": {
            "pipelines": [
                {
                    "parameters": {
                        "*": "="
                    }
                },
                "pipelineReference.referenceName"
            ],
            "pipeline": {
                "parameters": {
                    "*": "="
                }
            },
            "typeProperties": {
                "scope": "="
            }
        }
    },
    "Microsoft.DataFactory/factories/linkedServices": {
        "*": {
            "properties": {
                "typeProperties": {
                    "accountName": "=",
                    "username": "=",
                    "userName": "=",
                    "accessKeyId": "=",
                    "servicePrincipalId": "=",
                    "userId": "=",
                    "host": "=",
                    "clientId": "=",
                    "clusterUserName": "=",
                    "clusterSshUserName": "=",
                    "hostSubscriptionId": "=",
                    "clusterResourceGroup": "=",
                    "subscriptionId": "=",
                    "resourceGroupName": "=",
                    "tenant": "=",
                    "dataLakeStoreUri": "=",
                    "baseUrl": "=",
                    "database": "=",
                    "serviceEndpoint": "=",
                    "batchUri": "=",
                    "poolName": "=",
                    "databaseName": "=",
                    "systemNumber": "=",
                    "server": "=",
                    "url": "=",
                    "environmentUrl": "=",
                    "aadResourceId": "=",
                    "sasUri": "|:-sasUri:secureString",
                    "sasToken": "|",
                    "connectionString": "|:-connectionString:secureString",
                    "password": {
				        "secretName": "-"
			        },
                    "functionKey": {
						"secretName": "-"
					},
                    "functionAppUrl": "-",
                    "accountKey": {
                        "secretName": "-"
                    },
                    "accessKey": {
                        "secretName": "-"
                    },
                    "domain": "=",
                    "workspaceResourceId": "=",
                    "existingClusterId": "="
                }
            }
        },
        "Odbc": {
            "properties": {
                "typeProperties": {
                    "userName": "=",
                    "connectionString": {
                        "secretName": "="
                    }
                }
            }
        }
    },
    "Microsoft.DataFactory/factories/datasets": {
        "*": {
            "properties": {
                "typeProperties": {
                    "folderPath": "=",
                    "fileName": "=" ,
                    "columnDelimiter": "-"
                }
            }
        }
    }
}