{
	"name": "AsiaMI_Preprocessor",
	"properties": {
		"description": "This Pipeline reads filename and moves to respective landing folder",
		"activities": [
			{
				"name": "AsiaMi_Fetch_StorageDetails",
				"description": "Lookup Asia MI metadata values from Azure Synapse",
				"type": "Lookup",
				"dependsOn": [
					{
						"activity": "LogSystemLog-Start",
						"dependencyConditions": [
							"Succeeded"
						]
					}
				],
				"policy": {
					"timeout": "7.00:00:00",
					"retry": 0,
					"retryIntervalInSeconds": 30,
					"secureOutput": false,
					"secureInput": false
				},
				"userProperties": [],
				"typeProperties": {
					"source": {
						"type": "SqlDWSource",
						"sqlReaderQuery": {
							"value": "select * from [dc_metadata].[GDHDynamicADFParams] where Project_Name = 'AsiaMI' AND Job_name = 'AsiaMI_preprocessor' and environment = '@{pipeline().parameters.Environment}' AND process_name = 'StorageDetails'",
							"type": "Expression"
						},
						"queryTimeout": "02:00:00",
						"partitionOption": "None"
					},
					"dataset": {
						"referenceName": "azsyndna_ds",
						"type": "DatasetReference",
						"parameters": {
							"pSynTable": "GDHDynamicADFParams",
							"pSynSchema": "dc_metadata"
						}
					},
					"firstRowOnly": false
				}
			},
			{
				"name": "LogSystemLog-Start",
				"description": "Pipeline to log start of the AsiaMI preprocessor",
				"type": "ExecutePipeline",
				"dependsOn": [],
				"userProperties": [],
				"typeProperties": {
					"pipeline": {
						"referenceName": "Log_System_Log",
						"type": "PipelineReference"
					},
					"waitOnCompletion": true,
					"parameters": {
						"log_type": "INFORMATION",
						"log_message": {
							"value": "@concat('Starting Pipeline Name:',pipeline().Pipeline,';Data Factory Name:',pipeline().DataFactory,';Pipeline Run ID:',pipeline().RunId,';Pipeline Trigger ID:',pipeline().TriggerId,';Pipeline Trigger Name:',pipeline().TriggerName,';Pipeline Trigger Time:',pipeline().TriggerTime,';Pipeline Trigger Type:',pipeline().TriggerType)",
							"type": "Expression"
						}
					}
				}
			},
			{
				"name": "CopytoLanding",
				"description": "Copies PGP file to corresponding landing path",
				"type": "Copy",
				"dependsOn": [
					{
						"activity": "Set_FilePath_Details",
						"dependencyConditions": [
							"Succeeded"
						]
					}
				],
				"policy": {
					"timeout": "7.00:00:00",
					"retry": 0,
					"retryIntervalInSeconds": 30,
					"secureOutput": false,
					"secureInput": false
				},
				"userProperties": [],
				"typeProperties": {
					"source": {
						"type": "BlobSource",
						"recursive": true
					},
					"sink": {
						"type": "BlobSink"
					},
					"enableStaging": false
				},
				"inputs": [
					{
						"referenceName": "azsanegdh_generic_blob",
						"type": "DatasetReference",
						"parameters": {
							"path": {
								"value": "@concat('/',variables('GDHContainerName'),'/')",
								"type": "Expression"
							},
							"filename": {
								"value": "@pipeline().parameters.FileName",
								"type": "Expression"
							},
							"StorageAccountServiceEndPoint": {
								"value": "@variables('GDHStorageAccSerEndpoint')",
								"type": "Expression"
							}
						}
					}
				],
				"outputs": [
					{
						"referenceName": "azsanegdh_generic_blob",
						"type": "DatasetReference",
						"parameters": {
							"path": {
								"value": "@concat('/','landing','/',variables('IFLandingFilePath'))",
								"type": "Expression"
							},
							"filename": {
								"value": "@pipeline().parameters.FileName",
								"type": "Expression"
							},
							"StorageAccountServiceEndPoint": {
								"value": "@variables('GDHStorageAccSerEndpoint')",
								"type": "Expression"
							}
						}
					}
				]
			},
			{
				"name": "LogSystemLog-End",
				"description": "Pipeline to log the end of AsiaMI_Preprocessor",
				"type": "ExecutePipeline",
				"dependsOn": [
					{
						"activity": "Delete1",
						"dependencyConditions": [
							"Succeeded"
						]
					}
				],
				"userProperties": [],
				"typeProperties": {
					"pipeline": {
						"referenceName": "Log_System_Log",
						"type": "PipelineReference"
					},
					"waitOnCompletion": true,
					"parameters": {
						"log_type": "INFORMATION",
						"log_message": {
							"value": "@concat('Ending Pipeline Name:',pipeline().Pipeline,';Data Factory Name:',pipeline().DataFactory,';Pipeline Run ID:',pipeline().RunId,';Pipeline Trigger ID:',pipeline().TriggerId,';Pipeline Trigger Name:',pipeline().TriggerName,';Pipeline Trigger Time:',pipeline().TriggerTime,';Pipeline Trigger Type:',pipeline().TriggerType)",
							"type": "Expression"
						}
					}
				}
			},
			{
				"name": "Set_Storage_Details",
				"description": "Populates variables with values in synapse table",
				"type": "ForEach",
				"dependsOn": [
					{
						"activity": "AsiaMi_Fetch_StorageDetails",
						"dependencyConditions": [
							"Succeeded"
						]
					}
				],
				"userProperties": [],
				"typeProperties": {
					"items": {
						"value": "@activity('AsiaMi_Fetch_StorageDetails').output.value",
						"type": "Expression"
					},
					"activities": [
						{
							"name": "Paramaters_copyLoop",
							"type": "Switch",
							"dependsOn": [],
							"userProperties": [],
							"typeProperties": {
								"on": {
									"value": "@item().Param_key",
									"type": "Expression"
								},
								"cases": [
									{
										"value": "GDHStorageAccName",
										"activities": [
											{
												"name": "SetStorageAccountName",
												"type": "SetVariable",
												"dependsOn": [],
												"userProperties": [],
												"typeProperties": {
													"variableName": "GDHStorageAccName",
													"value": {
														"value": "@item().param_value",
														"type": "Expression"
													}
												}
											}
										]
									},
									{
										"value": "GDHStorageAccSerEndpoint",
										"activities": [
											{
												"name": "SetServiceEndPoint_Url",
												"type": "SetVariable",
												"dependsOn": [],
												"userProperties": [],
												"typeProperties": {
													"variableName": "GDHStorageAccSerEndpoint",
													"value": {
														"value": "@item().param_value",
														"type": "Expression"
													}
												}
											}
										]
									},
									{
										"value": "GDHContainerName",
										"activities": [
											{
												"name": "SetStorageContainer",
												"type": "SetVariable",
												"dependsOn": [],
												"userProperties": [],
												"typeProperties": {
													"variableName": "GDHContainerName",
													"value": {
														"value": "@item().param_value",
														"type": "Expression"
													}
												}
											}
										]
									}
								]
							}
						}
					]
				}
			},
			{
				"name": "AsiaMi_Fetch_FilePath",
				"description": "Lookup Asia MI metadata values from Azure Synapse",
				"type": "Lookup",
				"dependsOn": [
					{
						"activity": "Set_Storage_Details",
						"dependencyConditions": [
							"Succeeded"
						]
					}
				],
				"policy": {
					"timeout": "7.00:00:00",
					"retry": 0,
					"retryIntervalInSeconds": 30,
					"secureOutput": false,
					"secureInput": false
				},
				"userProperties": [],
				"typeProperties": {
					"source": {
						"type": "SqlDWSource",
						"sqlReaderQuery": {
							"value": "select * from [dc_metadata].[GDHDynamicADFParams] where Project_Name = 'AsiaMI' AND Job_name = 'AsiaMI_preprocessor' and (process_name =substring( '@{pipeline().parameters.FileName}',0,len('@{pipeline().parameters.FileName}')-18) or process_name =substring( '@{pipeline().parameters.FileName}',0,len('@{pipeline().parameters.FileName}')-19))",
							"type": "Expression"
						},
						"queryTimeout": "02:00:00",
						"partitionOption": "None"
					},
					"dataset": {
						"referenceName": "azsyndna_ds",
						"type": "DatasetReference",
						"parameters": {
							"pSynTable": "GDHDynamicADFParams",
							"pSynSchema": "dc_metadata"
						}
					},
					"firstRowOnly": false
				}
			},
			{
				"name": "Set_FilePath_Details",
				"description": "Populates variables with values in synapse table",
				"type": "ForEach",
				"dependsOn": [
					{
						"activity": "AsiaMi_Fetch_FilePath",
						"dependencyConditions": [
							"Succeeded"
						]
					}
				],
				"userProperties": [],
				"typeProperties": {
					"items": {
						"value": "@activity('AsiaMi_Fetch_FilePath').output.value",
						"type": "Expression"
					},
					"activities": [
						{
							"name": "Paramaters_copyLoop_copy1",
							"type": "Switch",
							"dependsOn": [],
							"userProperties": [],
							"typeProperties": {
								"on": {
									"value": "@item().Param_key",
									"type": "Expression"
								},
								"cases": [
									{
										"value": "IFLandingFilePath",
										"activities": [
											{
												"name": "SetFilePath",
												"type": "SetVariable",
												"dependsOn": [],
												"userProperties": [],
												"typeProperties": {
													"variableName": "IFLandingFilePath",
													"value": {
														"value": "@item().param_value",
														"type": "Expression"
													}
												}
											}
										]
									}
								]
							}
						}
					]
				}
			},
			{
				"name": "Delete1",
				"description": "Delete a file from the source Container after Moving to Landing",
				"type": "Delete",
				"dependsOn": [
					{
						"activity": "CopytoLanding",
						"dependencyConditions": [
							"Succeeded"
						]
					}
				],
				"policy": {
					"timeout": "7.00:00:00",
					"retry": 0,
					"retryIntervalInSeconds": 30,
					"secureOutput": false,
					"secureInput": false
				},
				"userProperties": [],
				"typeProperties": {
					"dataset": {
						"referenceName": "azsanegdh_generic_blob",
						"type": "DatasetReference",
						"parameters": {
							"path": {
								"value": "@concat('/',variables('GDHContainerName'),'/')",
								"type": "Expression"
							},
							"filename": {
								"value": "@pipeline().parameters.FileName",
								"type": "Expression"
							},
							"StorageAccountServiceEndPoint": {
								"value": "@variables('GDHStorageAccSerEndpoint')",
								"type": "Expression"
							}
						}
					},
					"enableLogging": false
				}
			},
			{
				"name": "LogSystemLog-Error-Copy Data",
				"type": "ExecutePipeline",
				"dependsOn": [
					{
						"activity": "CopytoLanding",
						"dependencyConditions": [
							"Failed"
						]
					}
				],
				"userProperties": [],
				"typeProperties": {
					"pipeline": {
						"referenceName": "Log_System_Log",
						"type": "PipelineReference"
					},
					"waitOnCompletion": true,
					"parameters": {
						"log_type": "ERROR",
						"log_message": {
							"value": "@concat('Error in Pipeline Name:',pipeline().Pipeline,';Data Factory Name:',pipeline().DataFactory,';Pipeline Run ID:',pipeline().RunId,';Pipeline Trigger ID:',pipeline().TriggerId,';Pipeline Trigger Name:',pipeline().TriggerName,';Pipeline Trigger Time:',pipeline().TriggerTime,';Pipeline Trigger Type:',pipeline().TriggerType)",
							"type": "Expression"
						}
					}
				}
			}
		],
		"parameters": {
			"FileName": {
				"type": "string"
			},
			"Environment": {
				"type": "string"
			}
		},
		"variables": {
			"TableName": {
				"type": "String"
			},
			"GDHStorageAccSerEndpoint": {
				"type": "String"
			},
			"GDHContainerName": {
				"type": "String"
			},
			"GDHTransferFilePath": {
				"type": "String"
			},
			"GDHServeFilePath": {
				"type": "String"
			},
			"IFLandingStorageAccSerEndpoint": {
				"type": "String"
			},
			"IFLandingContainerName": {
				"type": "String"
			},
			"IFLandingFilePath": {
				"type": "String"
			},
			"FilePrefix": {
				"type": "String"
			},
			"Webhook Python": {
				"type": "String"
			},
			"PythonRequired": {
				"type": "String"
			},
			"GDHStorageAccName": {
				"type": "String"
			},
			"GDHArchiveFilePath": {
				"type": "String"
			},
			"Retailer": {
				"type": "String"
			},
			"DecryptionRequired": {
				"type": "String"
			},
			"DecryptionFolder": {
				"type": "String"
			},
			"DecryptionKeyVault": {
				"type": "String"
			},
			"DecryptionSecretName": {
				"type": "String"
			},
			"DecryptionWebhookURL": {
				"type": "String"
			},
			"GDHRawFilePath": {
				"type": "String"
			},
			"FileNameWithDate": {
				"type": "String"
			}
		},
		"folder": {
			"name": "AsiaMI"
		},
		"annotations": []
	}
}