{
	"name": "AssetsProcessPSA",
	"properties": {
		"activities": [
			{
				"name": "ProcessEachAsset",
				"description": "Iterate over all the Assets, and update their status in the metadata.",
				"type": "ForEach",
				"dependsOn": [],
				"userProperties": [],
				"typeProperties": {
					"items": {
						"value": "@pipeline().parameters.pAssets",
						"type": "Expression"
					},
					"activities": [
						{
							"name": "SetAssetStatusToPrepareServe",
							"type": "Lookup",
							"dependsOn": [],
							"policy": {
								"timeout": "7.00:00:00",
								"retry": 0,
								"retryIntervalInSeconds": 30,
								"secureOutput": false,
								"secureInput": false
							},
							"userProperties": [],
							"typeProperties": {
								"source": {
									"type": "AzureSqlSource",
									"sqlReaderStoredProcedureName": {
										"value": "@concat(pipeline().parameters.pIngestionSchema,'.','AssetStatusChange')",
										"type": "Expression"
									},
									"storedProcedureParameters": {
										"pAssetID": {
											"type": "String",
											"value": {
												"value": "@item().AssetID",
												"type": "Expression"
											}
										},
										"pDTCreated": {
											"type": "Datetime",
											"value": {
												"value": "@utcnow()",
												"type": "Expression"
											}
										},
										"pStatusID": {
											"type": "String",
											"value": "24025"
										},
										"pUserCreated": {
											"type": "String",
											"value": {
												"value": "@pipeline().parameters.pUserCreated",
												"type": "Expression"
											}
										}
									},
									"queryTimeout": "02:00:00",
									"partitionOption": "None"
								},
								"dataset": {
									"referenceName": "azdbdna_ds_metadata",
									"type": "DatasetReference"
								}
							}
						},
						{
							"name": "ValidateAssetStatus",
							"type": "IfCondition",
							"dependsOn": [
								{
									"activity": "SetAssetStatusToPrepareServe",
									"dependencyConditions": [
										"Succeeded"
									]
								}
							],
							"userProperties": [],
							"typeProperties": {
								"expression": {
									"value": "@equals(activity('SetAssetStatusToPrepareServe').output.firstRow.ProcedureStatus,'0')",
									"type": "Expression"
								},
								"ifFalseActivities": [
									{
										"name": "FailedToSetAssetStatus",
										"type": "Wait",
										"dependsOn": [],
										"userProperties": [],
										"typeProperties": {
											"waitTimeInSeconds": 1
										}
									}
								],
								"ifTrueActivities": [
									{
										"name": "TagAssetToETLRunLogId",
										"type": "Lookup",
										"dependsOn": [],
										"policy": {
											"timeout": "7.00:00:00",
											"retry": 0,
											"retryIntervalInSeconds": 30,
											"secureOutput": false,
											"secureInput": false
										},
										"userProperties": [],
										"typeProperties": {
											"source": {
												"type": "AzureSqlSource",
												"sqlReaderStoredProcedureName": {
													"value": "@concat(pipeline().parameters.pIngestionSchema,'.','ETLRunLogAssetAddOrUpdate')",
													"type": "Expression"
												},
												"storedProcedureParameters": {
													"pAssetID": {
														"type": "String",
														"value": {
															"value": "@item().AssetID",
															"type": "Expression"
														}
													},
													"pDTCreated": {
														"type": "Datetime",
														"value": {
															"value": "@utcnow()",
															"type": "Expression"
														}
													},
													"pETLRunLogID": {
														"type": "String",
														"value": {
															"value": "@pipeline().parameters.pETLRunLogIDServe",
															"type": "Expression"
														}
													},
													"pUserCreated": {
														"type": "String",
														"value": {
															"value": "@pipeline().parameters.pUserCreated",
															"type": "Expression"
														}
													}
												},
												"queryTimeout": "02:00:00",
												"partitionOption": "None"
											},
											"dataset": {
												"referenceName": "azdbdna_ds_metadata",
												"type": "DatasetReference"
											}
										}
									}
								]
							}
						}
					]
				}
			},
			{
				"name": "UpdateStatusForAssets",
				"description": "Iterate over all the Assets, and update their status in the metadata.",
				"type": "ForEach",
				"dependsOn": [
					{
						"activity": "ExecuteDQChecks",
						"dependencyConditions": [
							"Completed"
						]
					}
				],
				"userProperties": [],
				"typeProperties": {
					"items": {
						"value": "@pipeline().parameters.pAssets",
						"type": "Expression"
					},
					"isSequential": true,
					"activities": [
						{
							"name": "IncompleteAssetsLookup",
							"type": "Lookup",
							"dependsOn": [
								{
									"activity": "SetIncompleteAssetQuery",
									"dependencyConditions": [
										"Succeeded"
									]
								}
							],
							"policy": {
								"timeout": "7.00:00:00",
								"retry": 0,
								"retryIntervalInSeconds": 30,
								"secureOutput": false,
								"secureInput": false
							},
							"userProperties": [],
							"typeProperties": {
								"source": {
									"type": "SqlDWSource",
									"sqlReaderQuery": {
										"value": "@replace(replace(replace(replace(variables('vIncompleteAssetsQuery'),'$psa_schema',pipeline().parameters.pAssets[0].PSASchema),'$psa_table_name',pipeline().parameters.pAssets[0].PSATargetTable),'$asset_id',variables('vAssetId')),'$row_status',variables('vPSARowStatus'))",
										"type": "Expression"
									},
									"queryTimeout": "02:00:00",
									"partitionOption": "None"
								},
								"dataset": {
									"referenceName": "azsyndna_ds",
									"type": "DatasetReference",
									"parameters": {
										"pSynTable": {
											"value": "@pipeline().parameters.pAssets[0].PSATargetTable",
											"type": "Expression"
										},
										"pSynSchema": {
											"value": "@pipeline().parameters.pAssets[0].PSASchema",
											"type": "Expression"
										}
									}
								}
							}
						},
						{
							"name": "SetIncompleteAssetQuery",
							"description": "Set IncompleteAssetQuery variable.",
							"type": "SetVariable",
							"dependsOn": [
								{
									"activity": "SetAssetId",
									"dependencyConditions": [
										"Succeeded"
									]
								}
							],
							"userProperties": [],
							"typeProperties": {
								"variableName": "vIncompleteAssetsQuery",
								"value": {
									"value": "SELECT COUNT(*) AS AssetCount FROM $psa_schema.$psa_table_name WHERE asset_id = '$asset_id' AND row_status IN ('$row_status')",
									"type": "Expression"
								}
							}
						},
						{
							"name": "ValidateIncompleteAssets",
							"type": "IfCondition",
							"dependsOn": [
								{
									"activity": "IncompleteAssetsLookup",
									"dependencyConditions": [
										"Succeeded"
									]
								}
							],
							"userProperties": [],
							"typeProperties": {
								"expression": {
									"value": "@if(equals(string(activity('IncompleteAssetsLookup').output.firstRow.AssetCount),'0'),true,false)",
									"type": "Expression"
								},
								"ifTrueActivities": [
									{
										"name": "UpdateAssetStatusToServe",
										"type": "Lookup",
										"dependsOn": [],
										"policy": {
											"timeout": "7.00:00:00",
											"retry": 0,
											"retryIntervalInSeconds": 30,
											"secureOutput": false,
											"secureInput": false
										},
										"userProperties": [],
										"typeProperties": {
											"source": {
												"type": "AzureSqlSource",
												"sqlReaderStoredProcedureName": {
													"value": "@concat(pipeline().parameters.pIngestionSchema,'.','AssetStatusChange')",
													"type": "Expression"
												},
												"storedProcedureParameters": {
													"pAssetID": {
														"type": "String",
														"value": {
															"value": "@variables('vAssetId')",
															"type": "Expression"
														}
													},
													"pDTCreated": {
														"type": "Datetime",
														"value": {
															"value": "@utcnow()",
															"type": "Expression"
														}
													},
													"pStatusID": {
														"type": "String",
														"value": "24026"
													},
													"pUserCreated": {
														"type": "String",
														"value": {
															"value": "@pipeline().parameters.pUserCreated",
															"type": "Expression"
														}
													}
												},
												"queryTimeout": "02:00:00",
												"partitionOption": "None"
											},
											"dataset": {
												"referenceName": "azdbdna_ds_metadata",
												"type": "DatasetReference"
											}
										}
									}
								]
							}
						},
						{
							"name": "SetAssetId",
							"description": "Set AssetId variable.",
							"type": "SetVariable",
							"dependsOn": [],
							"userProperties": [],
							"typeProperties": {
								"variableName": "vAssetId",
								"value": {
									"value": "@item().AssetID",
									"type": "Expression"
								}
							}
						},
						{
							"name": "AppendAssetStatus",
							"type": "AppendVariable",
							"dependsOn": [
								{
									"activity": "IncompleteAssetsLookup",
									"dependencyConditions": [
										"Succeeded"
									]
								}
							],
							"userProperties": [],
							"typeProperties": {
								"variableName": "vAssetLoadStatus",
								"value": {
									"value": "@{\n\tif(greater(activity('IncompleteAssetsLookup').output.firstRow.AssetCount,0),\n\t\t-1,\n\t\tif(equals(activity('IncompleteAssetsLookup').output.firstRow.AssetCount,0),\n\t\t\t0,\n\t\t\t1\n\t\t)\n\t)\n}",
									"type": "Expression"
								}
							}
						}
					]
				}
			},
			{
				"name": "ExecuteDQChecks",
				"description": "Execute ValidateRules pipeline.",
				"type": "ExecutePipeline",
				"dependsOn": [
					{
						"activity": "ProcessEachAsset",
						"dependencyConditions": [
							"Succeeded"
						]
					}
				],
				"userProperties": [],
				"typeProperties": {
					"pipeline": {
						"referenceName": "ValidateRules",
						"type": "PipelineReference"
					},
					"waitOnCompletion": true,
					"parameters": {
						"pAssets": {
							"value": "@pipeline().parameters.pAssets",
							"type": "Expression"
						},
						"pServeETLRunLogId": {
							"value": "@pipeline().parameters.pETLRunLogIDServe",
							"type": "Expression"
						}
					}
				}
			},
			{
				"name": "UpdateETLRunLogStatus",
				"description": "Update ETLRunLog Status to Completed/Partially Completed/Total Failure.",
				"type": "Lookup",
				"dependsOn": [
					{
						"activity": "UpdateStatusForAssets",
						"dependencyConditions": [
							"Completed"
						]
					}
				],
				"policy": {
					"timeout": "7.00:00:00",
					"retry": 0,
					"retryIntervalInSeconds": 30,
					"secureOutput": false,
					"secureInput": false
				},
				"userProperties": [],
				"typeProperties": {
					"source": {
						"type": "AzureSqlSource",
						"sqlReaderStoredProcedureName": {
							"value": "@concat(pipeline().parameters.pIngestionSchema,'.','ETLRunLogAddOrUpdate')",
							"type": "Expression"
						},
						"storedProcedureParameters": {
							"pDTCreated": {
								"type": "Datetime",
								"value": {
									"value": "@pipeline().parameters.pCreatedDate",
									"type": "Expression"
								}
							},
							"pDTEnd": {
								"type": "Datetime",
								"value": {
									"value": "@utcnow()",
									"type": "Expression"
								}
							},
							"pDTStart": {
								"type": "Datetime",
								"value": {
									"value": "@pipeline().parameters.pCreatedDate",
									"type": "Expression"
								}
							},
							"pETLProcessName": {
								"type": "String",
								"value": {
									"value": "@pipeline().Pipeline",
									"type": "Expression"
								}
							},
							"pETLProcessRunID": {
								"type": "String",
								"value": {
									"value": "@pipeline().RunId",
									"type": "Expression"
								}
							},
							"pETLRunLogID": {
								"type": "String",
								"value": {
									"value": "@pipeline().parameters.pETLRunLogIDServe",
									"type": "Expression"
								}
							},
							"pETLRunLogStatusID": {
								"type": "String",
								"value": {
									"value": "@{\n\tif(or(equals(length(variables('vAssetLoadStatus')),0),not(contains(variables('vAssetLoadStatus'), '0'))),\n\t\t25003,\n\t\tif(contains(variables('vAssetLoadStatus'), '-1'),\n\t\t\t25004,\n\t\t\t25002\n\t\t)\n\t)\n}",
									"type": "Expression"
								}
							},
							"pKeepValueFlag": {
								"type": "String",
								"value": "0"
							},
							"pUserCreated": {
								"type": "String",
								"value": {
									"value": "@pipeline().parameters.pUserCreated",
									"type": "Expression"
								}
							}
						},
						"queryTimeout": "02:00:00",
						"partitionOption": "None"
					},
					"dataset": {
						"referenceName": "azdbdna_ds_metadata",
						"type": "DatasetReference"
					},
					"firstRowOnly": true
				}
			},
			{
				"name": "UpdateETLRunLogStatusFailed",
				"description": "Update ETLRunLogStatus to Total Failure.",
				"type": "Lookup",
				"dependsOn": [
					{
						"activity": "ProcessEachAsset",
						"dependencyConditions": [
							"Failed"
						]
					}
				],
				"policy": {
					"timeout": "7.00:00:00",
					"retry": 0,
					"retryIntervalInSeconds": 30,
					"secureOutput": false,
					"secureInput": false
				},
				"userProperties": [],
				"typeProperties": {
					"source": {
						"type": "AzureSqlSource",
						"sqlReaderStoredProcedureName": {
							"value": "@concat(pipeline().parameters.pIngestionSchema,'.','ETLRunLogAddOrUpdate')",
							"type": "Expression"
						},
						"storedProcedureParameters": {
							"pDTCreated": {
								"type": "Datetime",
								"value": {
									"value": "@pipeline().parameters.pCreatedDate",
									"type": "Expression"
								}
							},
							"pDTEnd": {
								"type": "Datetime",
								"value": {
									"value": "@utcnow()",
									"type": "Expression"
								}
							},
							"pDTStart": {
								"type": "Datetime",
								"value": {
									"value": "@pipeline().parameters.pCreatedDate",
									"type": "Expression"
								}
							},
							"pETLProcessName": {
								"type": "String",
								"value": {
									"value": "@pipeline().Pipeline",
									"type": "Expression"
								}
							},
							"pETLProcessRunID": {
								"type": "String",
								"value": {
									"value": "@pipeline().RunId",
									"type": "Expression"
								}
							},
							"pETLRunLogID": {
								"type": "String",
								"value": {
									"value": "@pipeline().parameters.pETLRunLogIDServe",
									"type": "Expression"
								}
							},
							"pETLRunLogStatusID": {
								"type": "String",
								"value": "25003"
							},
							"pKeepValueFlag": {
								"type": "String",
								"value": "0"
							},
							"pUserCreated": {
								"type": "String",
								"value": {
									"value": "@pipeline().parameters.pUserCreated",
									"type": "Expression"
								}
							}
						},
						"queryTimeout": "02:00:00",
						"partitionOption": "None"
					},
					"dataset": {
						"referenceName": "azdbdna_ds_metadata",
						"type": "DatasetReference"
					},
					"firstRowOnly": true
				}
			}
		],
		"parameters": {
			"pAssets": {
				"type": "array"
			},
			"pIngestionSchema": {
				"type": "string"
			},
			"pUserCreated": {
				"type": "string"
			},
			"pETLRunLogIDServe": {
				"type": "string"
			},
			"pCreatedDate": {
				"type": "string"
			}
		},
		"variables": {
			"vIncompleteAssetsQuery": {
				"type": "String"
			},
			"vAssetId": {
				"type": "String"
			},
			"vAssetLoadStatus": {
				"type": "Array"
			},
			"vPSARowStatus": {
				"type": "String",
				"defaultValue": "26001"
			}
		},
		"folder": {
			"name": "HistoryCurate/PSAToServe/FeedProcess"
		},
		"annotations": []
	}
}