{
	"name": "AssetProcessCleansed",
	"properties": {
		"activities": [
			{
				"name": "GenerateETLRunLogId",
				"description": "Call Stored Procedure '[apitemp].[ETLRunLogAddOrUpdate]'\nArguments:\npDTCreated(CurrentTime)\npDTEnd(Blank)\npDTStart(Blank)\npETLProcessName('Copy to Load')\npETLProcessRunID(PipelineId)\npETLRunLogID(Blank)\npETLRunLogStatusID(25001-Running)\npKeepValueFlag(0)\npUserCreated('testloadid')\n\n\nTHIS ACTIVITY WILL RETURN BACK A 'ETLRunLogID'",
				"type": "Lookup",
				"dependsOn": [
					{
						"activity": "SetETLRunLogStartDate",
						"dependencyConditions": [
							"Succeeded"
						]
					}
				],
				"policy": {
					"timeout": "7.00:00:00",
					"retry": 0,
					"retryIntervalInSeconds": 30,
					"secureOutput": false,
					"secureInput": false
				},
				"userProperties": [],
				"typeProperties": {
					"source": {
						"type": "AzureSqlSource",
						"sqlReaderStoredProcedureName": {
							"value": "@concat(pipeline().parameters.pIngestionDB,'.','ETLRunLogAddOrUpdate')",
							"type": "Expression"
						},
						"storedProcedureParameters": {
							"pDTCreated": {
								"type": "Datetime",
								"value": {
									"value": "@variables('vETLRunLogStartDate')",
									"type": "Expression"
								}
							},
							"pDTEnd": {
								"type": "String",
								"value": ""
							},
							"pDTStart": {
								"type": "Datetime",
								"value": {
									"value": "@variables('vETLRunLogStartDate')",
									"type": "Expression"
								}
							},
							"pETLProcessName": {
								"type": "String",
								"value": {
									"value": "@pipeline().Pipeline",
									"type": "Expression"
								}
							},
							"pETLProcessRunID": {
								"type": "String",
								"value": {
									"value": "@pipeline().RunId",
									"type": "Expression"
								}
							},
							"pETLRunLogID": {
								"type": "String",
								"value": ""
							},
							"pETLRunLogStatusID": {
								"type": "String",
								"value": "25001"
							},
							"pKeepValueFlag": {
								"type": "String",
								"value": "0"
							},
							"pUserCreated": {
								"type": "String",
								"value": {
									"value": "@pipeline().parameters.pUserCreated",
									"type": "Expression"
								}
							}
						},
						"queryTimeout": "02:00:00",
						"partitionOption": "None"
					},
					"dataset": {
						"referenceName": "azdbdna_ds_metadata",
						"type": "DatasetReference"
					},
					"firstRowOnly": true
				}
			},
			{
				"name": "SetETLRunLogStartDate",
				"description": "Sets the ETL Run  Log Start Date to a variable, so that it could be used while calling the Stored Procedure to update the ETL Run Log Status.",
				"type": "SetVariable",
				"dependsOn": [],
				"userProperties": [],
				"typeProperties": {
					"variableName": "vETLRunLogStartDate",
					"value": {
						"value": "@utcnow()",
						"type": "Expression"
					}
				}
			},
			{
				"name": "ValidateETLRunLogId",
				"type": "IfCondition",
				"dependsOn": [
					{
						"activity": "GenerateETLRunLogId",
						"dependencyConditions": [
							"Succeeded"
						]
					}
				],
				"userProperties": [],
				"typeProperties": {
					"expression": {
						"value": "@if(equals(activity('GenerateETLRunLogId').output.firstRow.ProcedureStatus,'0'),true,false)",
						"type": "Expression"
					},
					"ifFalseActivities": [
						{
							"name": "FailedGeneratingETLRunLogId",
							"type": "Wait",
							"dependsOn": [],
							"userProperties": [],
							"typeProperties": {
								"waitTimeInSeconds": 1
							}
						}
					],
					"ifTrueActivities": [
						{
							"name": "SetETLRunLogId",
							"description": "Set ETLRunLogID to a variable",
							"type": "SetVariable",
							"dependsOn": [],
							"userProperties": [],
							"typeProperties": {
								"variableName": "vETLRunLogId",
								"value": {
									"value": "@activity('GenerateETLRunLogId').output.firstRow.ETLRunLogID",
									"type": "Expression"
								}
							}
						}
					]
				}
			},
			{
				"name": "ForEachAsset",
				"description": "Process each assets from the list of assets for that feed.",
				"type": "ForEach",
				"dependsOn": [
					{
						"activity": "ValidateETLRunLogId",
						"dependencyConditions": [
							"Succeeded"
						]
					}
				],
				"userProperties": [],
				"typeProperties": {
					"items": {
						"value": "@if(not(equals(variables('vETLRunLogId'),'')),pipeline().parameters.pAssetList,take(array(''),0))",
						"type": "Expression"
					},
					"isSequential": false,
					"batchCount": 10,
					"activities": [
						{
							"name": "AssetMoveCleasedToLoad",
							"description": "Execute CopyToLoadTable pipeline with Parameters\nContainer, Filepath, FileName, Encoding, AssetId, ETLRunId and mapping JSON ",
							"type": "ExecutePipeline",
							"dependsOn": [],
							"userProperties": [],
							"typeProperties": {
								"pipeline": {
									"referenceName": "AssetMoveCleansedToLoad",
									"type": "PipelineReference"
								},
								"waitOnCompletion": true,
								"parameters": {
									"pContainer": {
										"value": "@item().Container",
										"type": "Expression"
									},
									"pFolderPath": {
										"value": "@item().AssetLocation",
										"type": "Expression"
									},
									"pFileName": {
										"value": "@item().AssetName",
										"type": "Expression"
									},
									"pEncodingType": {
										"value": "@item().EncodingType",
										"type": "Expression"
									},
									"pLoadTableSchema": {
										"value": "@item().LoadSchema",
										"type": "Expression"
									},
									"pLoadTableName": {
										"value": "@item().LoadTargetTable",
										"type": "Expression"
									},
									"pAssetId": {
										"value": "@string(item().AssetID)",
										"type": "Expression"
									},
									"pMapping": {
										"value": "@pipeline().parameters.pMapping",
										"type": "Expression"
									},
									"pETLRunLogId": {
										"value": "@variables('vETLRunLogId')",
										"type": "Expression"
									},
									"pRecordSourceId": {
										"value": "@item().SystemOfRecordID",
										"type": "Expression"
									},
									"pUserCreated": {
										"value": "@pipeline().parameters.pUserCreated",
										"type": "Expression"
									},
									"pIngestionDB": {
										"value": "@pipeline().parameters.pIngestionDB",
										"type": "Expression"
									}
								}
							}
						},
						{
							"name": "AssetMoveLoadToPSA",
							"description": "Copy data from Load to PSA table",
							"type": "ExecutePipeline",
							"dependsOn": [
								{
									"activity": "AssetMoveCleasedToLoad",
									"dependencyConditions": [
										"Succeeded"
									]
								}
							],
							"userProperties": [],
							"typeProperties": {
								"pipeline": {
									"referenceName": "AssetMoveLoadToPSA",
									"type": "PipelineReference"
								},
								"waitOnCompletion": true,
								"parameters": {
									"pLoadTableSchema": {
										"value": "@item().LoadSchema",
										"type": "Expression"
									},
									"pLoadTableName": {
										"value": "@item().LoadTargetTable",
										"type": "Expression"
									},
									"pAssetId": {
										"value": "@string(item().AssetID)",
										"type": "Expression"
									},
									"pPSATableSchema": {
										"value": "@item().PSASchema",
										"type": "Expression"
									},
									"pPSATableName": {
										"value": "@item().PSATargetTable",
										"type": "Expression"
									},
									"pIngestionDB": {
										"value": "@pipeline().parameters.pIngestionDB",
										"type": "Expression"
									},
									"pETLRunLogId": {
										"value": "@variables('vETLRunLogId')",
										"type": "Expression"
									},
									"pUserCreated": {
										"value": "@pipeline().parameters.pUserCreated",
										"type": "Expression"
									}
								}
							}
						}
					]
				}
			},
			{
				"name": "ValidateAssetProcessed",
				"type": "IfCondition",
				"dependsOn": [
					{
						"activity": "ForEachAsset",
						"dependencyConditions": [
							"Succeeded"
						]
					}
				],
				"userProperties": [],
				"typeProperties": {
					"expression": {
						"value": "@if(not(equals(variables('vETLRunLogId'),'')),true,false)",
						"type": "Expression"
					},
					"ifFalseActivities": [
						{
							"name": "NoAssetProcessed",
							"type": "Wait",
							"dependsOn": [],
							"userProperties": [],
							"typeProperties": {
								"waitTimeInSeconds": 1
							}
						}
					],
					"ifTrueActivities": [
						{
							"name": "UpdateETLRunLogStatus",
							"description": "Update ETLRunLog Status to Finished",
							"type": "Lookup",
							"dependsOn": [
								{
									"activity": "GetAsssetCountInPSA",
									"dependencyConditions": [
										"Succeeded"
									]
								}
							],
							"policy": {
								"timeout": "7.00:00:00",
								"retry": 0,
								"retryIntervalInSeconds": 30,
								"secureOutput": false,
								"secureInput": false
							},
							"userProperties": [],
							"typeProperties": {
								"source": {
									"type": "AzureSqlSource",
									"sqlReaderStoredProcedureName": {
										"value": "@concat(pipeline().parameters.pIngestionDB,'.','ETLRunLogAddOrUpdate')",
										"type": "Expression"
									},
									"storedProcedureParameters": {
										"pDTCreated": {
											"type": "Datetime",
											"value": {
												"value": "@variables('vETLRunLogStartDate')",
												"type": "Expression"
											}
										},
										"pDTEnd": {
											"type": "Datetime",
											"value": {
												"value": "@utcnow()",
												"type": "Expression"
											}
										},
										"pDTStart": {
											"type": "Datetime",
											"value": {
												"value": "@variables('vETLRunLogStartDate')",
												"type": "Expression"
											}
										},
										"pETLProcessName": {
											"type": "String",
											"value": {
												"value": "@pipeline().Pipeline",
												"type": "Expression"
											}
										},
										"pETLProcessRunID": {
											"type": "String",
											"value": {
												"value": "@pipeline().RunId",
												"type": "Expression"
											}
										},
										"pETLRunLogID": {
											"type": "String",
											"value": {
												"value": "@variables('vETLRunLogId')",
												"type": "Expression"
											}
										},
										"pETLRunLogStatusID": {
											"type": "String",
											"value": {
												"value": "@{\n\tif(equals(activity('GetAsssetCountInPSA').output.firstRow.count,0),\n\t\t25003,\n\t\tif(equals(activity('GetAsssetCountInPSA').output.firstRow.count,length(pipeline().parameters.pAssetList)),\n\t\t\t25002,\n\t\t\t25004\n\t\t)\n\t)\n}",
												"type": "Expression"
											}
										},
										"pKeepValueFlag": {
											"type": "String",
											"value": "0"
										},
										"pUserCreated": {
											"type": "String",
											"value": {
												"value": "@pipeline().parameters.pUserCreated",
												"type": "Expression"
											}
										}
									},
									"queryTimeout": "02:00:00",
									"partitionOption": "None"
								},
								"dataset": {
									"referenceName": "azdbdna_ds_metadata",
									"type": "DatasetReference"
								},
								"firstRowOnly": true
							}
						},
						{
							"name": "GetAsssetCountInPSA",
							"type": "Lookup",
							"dependsOn": [],
							"policy": {
								"timeout": "7.00:00:00",
								"retry": 0,
								"retryIntervalInSeconds": 30,
								"secureOutput": false,
								"secureInput": false
							},
							"userProperties": [],
							"typeProperties": {
								"source": {
									"type": "SqlDWSource",
									"sqlReaderQuery": {
										"value": "@{\n\tconcat(\n\t\t'select count (distinct asset_id) as count from ',\n\t\tpipeline().parameters.pAssetList[0].PSASchema,\n\t\t'.',\n\t\tpipeline().parameters.pAssetList[0].PSATargetTable,\n\t\t' where etl_runlog_id=',\n\t\tvariables('vETLRunLogId')\n\t)\n}",
										"type": "Expression"
									},
									"queryTimeout": "02:00:00",
									"partitionOption": "None"
								},
								"dataset": {
									"referenceName": "azsyndna_ds",
									"type": "DatasetReference",
									"parameters": {
										"pSynTable": {
											"value": "@pipeline().parameters.pAssetList[0].PSATargetTable",
											"type": "Expression"
										},
										"pSynSchema": {
											"value": "@pipeline().parameters.pAssetList[0].PSASchema",
											"type": "Expression"
										}
									}
								}
							}
						},
						{
							"name": "ETLRunLogFinishedFlag",
							"type": "SetVariable",
							"dependsOn": [
								{
									"activity": "UpdateETLRunLogStatus",
									"dependencyConditions": [
										"Succeeded"
									]
								}
							],
							"userProperties": [],
							"typeProperties": {
								"variableName": "vETLRunLogFlag",
								"value": {
									"value": "@activity('UpdateETLRunLogStatus').output.firstRow.ProcedureStatus",
									"type": "Expression"
								}
							}
						}
					]
				}
			}
		],
		"parameters": {
			"pAssetList": {
				"type": "array"
			},
			"pMapping": {
				"type": "string"
			},
			"pUserCreated": {
				"type": "string",
				"defaultValue": "CurationUser"
			},
			"pIngestionDB": {
				"type": "string"
			}
		},
		"variables": {
			"vETLRunLogId": {
				"type": "String"
			},
			"vETLRunLogStartDate": {
				"type": "String"
			},
			"vETLRunLogFlag": {
				"type": "String"
			}
		},
		"folder": {
			"name": "HistoryCurate/CleansedToPSA/FeedProcess"
		},
		"annotations": []
	},
	"type": "Microsoft.DataFactory/factories/pipelines"
}