{
	"name": "AssetMoveCleansedToLoad",
	"properties": {
		"activities": [
			{
				"name": "CheckIfSourceFileExists",
				"description": "Check if the files exists in the path",
				"type": "GetMetadata",
				"dependsOn": [],
				"policy": {
					"timeout": "7.00:00:00",
					"retry": 0,
					"retryIntervalInSeconds": 30,
					"secureOutput": false,
					"secureInput": false
				},
				"userProperties": [],
				"typeProperties": {
					"dataset": {
						"referenceName": "azcsvfile_cleansed_adl_delimited",
						"type": "DatasetReference",
						"parameters": {
							"pContainer": {
								"value": "@pipeline().parameters.pContainer",
								"type": "Expression"
							},
							"pFolderPath": {
								"value": "@pipeline().parameters.pFolderPath",
								"type": "Expression"
							},
							"pFileName": {
								"value": "@pipeline().parameters.pFileName",
								"type": "Expression"
							},
							"pEncodingType": "UTF-8"
						}
					},
					"fieldList": [
						"exists"
					],
					"storeSettings": {
						"type": "AzureBlobFSReadSettings",
						"recursive": true
					},
					"formatSettings": {
						"type": "DelimitedTextReadSettings"
					}
				}
			},
			{
				"name": "ValidateAssetStatus",
				"type": "IfCondition",
				"dependsOn": [
					{
						"activity": "CheckIfValidAsset",
						"dependencyConditions": [
							"Succeeded"
						]
					}
				],
				"userProperties": [],
				"typeProperties": {
					"expression": {
						"value": "@equals(variables('vAssetStatusFlag'),true)",
						"type": "Expression"
					},
					"ifFalseActivities": [
						{
							"name": "FailedToSetAssetStatus",
							"type": "Wait",
							"dependsOn": [],
							"userProperties": [],
							"typeProperties": {
								"waitTimeInSeconds": 1
							}
						}
					],
					"ifTrueActivities": [
						{
							"name": "TagAssetToETLRunLogId",
							"type": "Lookup",
							"dependsOn": [],
							"policy": {
								"timeout": "7.00:00:00",
								"retry": 0,
								"retryIntervalInSeconds": 30,
								"secureOutput": false,
								"secureInput": false
							},
							"userProperties": [],
							"typeProperties": {
								"source": {
									"type": "AzureSqlSource",
									"sqlReaderStoredProcedureName": {
										"value": "@concat(pipeline().parameters.pIngestionDB,'.','ETLRunLogAssetAddOrUpdate')",
										"type": "Expression"
									},
									"storedProcedureParameters": {
										"pAssetID": {
											"type": "String",
											"value": {
												"value": "@pipeline().parameters.pAssetId",
												"type": "Expression"
											}
										},
										"pDTCreated": {
											"type": "Datetime",
											"value": {
												"value": "@utcnow()",
												"type": "Expression"
											}
										},
										"pETLRunLogID": {
											"type": "String",
											"value": {
												"value": "@pipeline().parameters.pETLRunLogId",
												"type": "Expression"
											}
										},
										"pUserCreated": {
											"type": "String",
											"value": {
												"value": "@pipeline().parameters.pUserCreated",
												"type": "Expression"
											}
										}
									},
									"queryTimeout": "02:00:00",
									"partitionOption": "None"
								},
								"dataset": {
									"referenceName": "azdbdna_ds_metadata",
									"type": "DatasetReference"
								}
							}
						},
						{
							"name": "SetTagAssetToETLRunLogFlag",
							"type": "SetVariable",
							"dependsOn": [
								{
									"activity": "TagAssetToETLRunLogId",
									"dependencyConditions": [
										"Succeeded"
									]
								}
							],
							"userProperties": [],
							"typeProperties": {
								"variableName": "vTagAssetToETLRunLogFlag",
								"value": {
									"value": "@if(equals(activity('TagAssetToETLRunLogId').output.firstRow.ProcedureStatus,'0'),true,false)",
									"type": "Expression"
								}
							}
						}
					]
				}
			},
			{
				"name": "ValidateTagAssetToETLRunLog",
				"type": "IfCondition",
				"dependsOn": [
					{
						"activity": "ValidateAssetStatus",
						"dependencyConditions": [
							"Succeeded"
						]
					}
				],
				"userProperties": [],
				"typeProperties": {
					"expression": {
						"value": "@equals(variables('vTagAssetToETLRunLogFlag'),true)",
						"type": "Expression"
					},
					"ifFalseActivities": [
						{
							"name": "FailedToTagAsset",
							"type": "Wait",
							"dependsOn": [],
							"userProperties": [],
							"typeProperties": {
								"waitTimeInSeconds": 1
							}
						}
					],
					"ifTrueActivities": [
						{
							"name": "CopyAssetToLoadTable",
							"description": "Copy data to Load tables from the Load tables. Add additional fields RunId and AssetId",
							"type": "Copy",
							"dependsOn": [],
							"policy": {
								"timeout": "7.00:00:00",
								"retry": 0,
								"retryIntervalInSeconds": 30,
								"secureOutput": false,
								"secureInput": false
							},
							"userProperties": [],
							"typeProperties": {
								"source": {
									"type": "DelimitedTextSource",
									"additionalColumns": [
										{
											"name": "etl_runlog_id",
											"value": {
												"value": "@pipeline().parameters.pETLRunLogId",
												"type": "Expression"
											}
										},
										{
											"name": "asset_id",
											"value": {
												"value": "@pipeline().parameters.pAssetId",
												"type": "Expression"
											}
										},
										{
											"name": "record_source_id",
											"value": {
												"value": "@pipeline().parameters.pRecordSourceId",
												"type": "Expression"
											}
										}
									],
									"storeSettings": {
										"type": "AzureBlobFSReadSettings",
										"recursive": true,
										"enablePartitionDiscovery": false
									},
									"formatSettings": {
										"type": "DelimitedTextReadSettings"
									}
								},
								"sink": {
									"type": "SqlDWSink",
									"allowPolyBase": true,
									"polyBaseSettings": {
										"rejectValue": 500000000,
										"rejectType": "value",
										"useTypeDefault": true
									},
									"disableMetricsCollection": false
								},
								"enableStaging": true,
								"stagingSettings": {
									"linkedServiceName": {
										"referenceName": "StagingStorage",
										"type": "LinkedServiceReference"
									},
									"path": {
										"value": "@concat('staging/',pipeline().parameters.pAssetId)",
										"type": "Expression"
									}
								},
								"enableSkipIncompatibleRow": true,
								"redirectIncompatibleRowSettings": {
									"linkedServiceName": {
										"referenceName": "FTLogStorage",
										"type": "LinkedServiceReference"
									},
									"path": {
										"value": "@concat('cf-logs/AssetProcessCleansed/',pipeline().parameters.pETLRunLogId,'/',pipeline().parameters.pAssetId,'-',pipeline().parameters.pFileName)",
										"type": "Expression"
									}
								},
								"translator": {
									"value": "@json(pipeline().parameters.pMapping)",
									"type": "Expression"
								}
							},
							"inputs": [
								{
									"referenceName": "azcsvfile_cleansed_adl_delimited",
									"type": "DatasetReference",
									"parameters": {
										"pContainer": {
											"value": "@pipeline().parameters.pContainer",
											"type": "Expression"
										},
										"pFolderPath": {
											"value": "@pipeline().parameters.pFolderPath",
											"type": "Expression"
										},
										"pFileName": {
											"value": "@pipeline().parameters.pFileName",
											"type": "Expression"
										},
										"pEncodingType": {
											"value": "@pipeline().parameters.pEncodingType",
											"type": "Expression"
										}
									}
								}
							],
							"outputs": [
								{
									"referenceName": "azsyndna_ds",
									"type": "DatasetReference",
									"parameters": {
										"pSynTable": {
											"value": "@pipeline().parameters.pLoadTableName",
											"type": "Expression"
										},
										"pSynSchema": {
											"value": "@pipeline().parameters.pLoadTableSchema",
											"type": "Expression"
										}
									}
								}
							]
						},
						{
							"name": "SetAssetStatusToLoad",
							"type": "Lookup",
							"dependsOn": [
								{
									"activity": "CopyAssetToLoadTable",
									"dependencyConditions": [
										"Succeeded"
									]
								}
							],
							"policy": {
								"timeout": "7.00:00:00",
								"retry": 0,
								"retryIntervalInSeconds": 30,
								"secureOutput": false,
								"secureInput": false
							},
							"userProperties": [],
							"typeProperties": {
								"source": {
									"type": "AzureSqlSource",
									"sqlReaderStoredProcedureName": {
										"value": "@concat(pipeline().parameters.pIngestionDB,'.','AssetStatusChange')",
										"type": "Expression"
									},
									"storedProcedureParameters": {
										"pAssetID": {
											"type": "String",
											"value": {
												"value": "@pipeline().parameters.pAssetId",
												"type": "Expression"
											}
										},
										"pDTCreated": {
											"type": "Datetime",
											"value": {
												"value": "@utcnow()",
												"type": "Expression"
											}
										},
										"pStatusID": {
											"type": "String",
											"value": "24022"
										},
										"pUserCreated": {
											"type": "String",
											"value": {
												"value": "@pipeline().parameters.pUserCreated",
												"type": "Expression"
											}
										}
									},
									"queryTimeout": "02:00:00",
									"partitionOption": "None"
								},
								"dataset": {
									"referenceName": "azdbdna_ds_metadata",
									"type": "DatasetReference"
								}
							}
						},
						{
							"name": "SetETLRunLogStatusFlag",
							"type": "SetVariable",
							"dependsOn": [
								{
									"activity": "SetAssetStatusToLoad",
									"dependencyConditions": [
										"Succeeded"
									]
								}
							],
							"userProperties": [],
							"typeProperties": {
								"variableName": "vETLRunLogStatusFlag",
								"value": {
									"value": "@if(equals(activity('SetAssetStatusToLoad').output.firstRow.ProcedureStatus,'0'),true,false)",
									"type": "Expression"
								}
							}
						}
					]
				}
			},
			{
				"name": "CheckIfValidAsset",
				"type": "IfCondition",
				"dependsOn": [
					{
						"activity": "CheckIfSourceFileExists",
						"dependencyConditions": [
							"Succeeded"
						]
					}
				],
				"userProperties": [],
				"typeProperties": {
					"expression": {
						"value": "@if(equals(activity('CheckIfSourceFileExists').output.exists,true),true, false)",
						"type": "Expression"
					},
					"ifFalseActivities": [
						{
							"name": "FileDoesNotExists",
							"type": "Wait",
							"dependsOn": [],
							"userProperties": [],
							"typeProperties": {
								"waitTimeInSeconds": 1
							}
						}
					],
					"ifTrueActivities": [
						{
							"name": "SetAssetStatusToPrepareLoad",
							"type": "Lookup",
							"dependsOn": [],
							"policy": {
								"timeout": "7.00:00:00",
								"retry": 0,
								"retryIntervalInSeconds": 30,
								"secureOutput": false,
								"secureInput": false
							},
							"userProperties": [],
							"typeProperties": {
								"source": {
									"type": "AzureSqlSource",
									"sqlReaderStoredProcedureName": {
										"value": "@concat(pipeline().parameters.pIngestionDB,'.','AssetStatusChange')",
										"type": "Expression"
									},
									"storedProcedureParameters": {
										"pAssetID": {
											"type": "String",
											"value": {
												"value": "@pipeline().parameters.pAssetId",
												"type": "Expression"
											}
										},
										"pDTCreated": {
											"type": "Datetime",
											"value": {
												"value": "@utcnow()",
												"type": "Expression"
											}
										},
										"pStatusID": {
											"type": "String",
											"value": "24021"
										},
										"pUserCreated": {
											"type": "String",
											"value": {
												"value": "@pipeline().parameters.pUserCreated",
												"type": "Expression"
											}
										}
									},
									"queryTimeout": "02:00:00",
									"partitionOption": "None"
								},
								"dataset": {
									"referenceName": "azdbdna_ds_metadata",
									"type": "DatasetReference"
								}
							}
						},
						{
							"name": "SetAssetStatusFlag",
							"type": "SetVariable",
							"dependsOn": [
								{
									"activity": "SetAssetStatusToPrepareLoad",
									"dependencyConditions": [
										"Succeeded"
									]
								}
							],
							"userProperties": [],
							"typeProperties": {
								"variableName": "vAssetStatusFlag",
								"value": {
									"value": "@if(equals(activity('SetAssetStatusToPrepareLoad').output.firstRow.ProcedureStatus,'0'),true,false)",
									"type": "Expression"
								}
							}
						}
					]
				}
			},
			{
				"name": "ValidateAssetStatusToLoad",
				"type": "IfCondition",
				"dependsOn": [
					{
						"activity": "ValidateTagAssetToETLRunLog",
						"dependencyConditions": [
							"Succeeded"
						]
					}
				],
				"userProperties": [],
				"typeProperties": {
					"expression": {
						"value": "@equals(variables('vETLRunLogStatusFlag'),true)",
						"type": "Expression"
					},
					"ifFalseActivities": [
						{
							"name": "FailedAssetStatus",
							"type": "SetVariable",
							"dependsOn": [],
							"userProperties": [],
							"typeProperties": {
								"variableName": "vFailedAsset",
								"value": {
									"value": "@concat(pipeline().parameters.pAssetId,'-',pipeline().parameters.pFileName)",
									"type": "Expression"
								}
							}
						}
					],
					"ifTrueActivities": [
						{
							"name": "AssetStatusCompleted",
							"type": "Wait",
							"dependsOn": [],
							"userProperties": [],
							"typeProperties": {
								"waitTimeInSeconds": 1
							}
						}
					]
				}
			}
		],
		"parameters": {
			"pContainer": {
				"type": "string"
			},
			"pFolderPath": {
				"type": "string"
			},
			"pFileName": {
				"type": "string"
			},
			"pEncodingType": {
				"type": "string"
			},
			"pLoadTableSchema": {
				"type": "string"
			},
			"pLoadTableName": {
				"type": "string"
			},
			"pAssetId": {
				"type": "string"
			},
			"pMapping": {
				"type": "string"
			},
			"pETLRunLogId": {
				"type": "string"
			},
			"pRecordSourceId": {
				"type": "string"
			},
			"pUserCreated": {
				"type": "string"
			},
			"pIngestionDB": {
				"type": "string"
			}
		},
		"variables": {
			"vTagAssetToETLRunLogFlag": {
				"type": "Boolean"
			},
			"vAssetStatusFlag": {
				"type": "Boolean"
			},
			"vFailedAsset": {
				"type": "String"
			},
			"vETLRunLogStatusFlag": {
				"type": "Boolean"
			}
		},
		"folder": {
			"name": "HistoryCurate/CleansedToPSA/TaskTemplates"
		},
		"annotations": []
	}
}