{
	"name": "AssetRecordsFilter",
	"properties": {
		"activities": [
			{
				"name": "LoadFileToSplit",
				"description": "Load Data to a Staging table to filter records",
				"type": "Copy",
				"dependsOn": [],
				"policy": {
					"timeout": "7.00:00:00",
					"retry": 0,
					"retryIntervalInSeconds": 30,
					"secureOutput": false,
					"secureInput": false
				},
				"userProperties": [],
				"typeProperties": {
					"source": {
						"type": "DelimitedTextSource",
						"storeSettings": {
							"type": "AzureBlobFSReadSettings",
							"recursive": true
						},
						"formatSettings": {
							"type": "DelimitedTextReadSettings"
						}
					},
					"sink": {
						"type": "SqlDWSink",
						"tableOption": "autoCreate"
					},
					"enableStaging": false,
					"translator": {
						"type": "TabularTranslator",
						"typeConversion": true,
						"typeConversionSettings": {
							"allowDataTruncation": true,
							"treatBooleanAsNumber": false
						}
					}
				},
				"inputs": [
					{
						"referenceName": "azcsvfile_cleansed_adl_section",
						"type": "DatasetReference",
						"parameters": {
							"pContainer": {
								"value": "@pipeline().parameters.pContainer",
								"type": "Expression"
							},
							"pFolderPath": {
								"value": "@pipeline().parameters.pFolder",
								"type": "Expression"
							},
							"pFileName": {
								"value": "@pipeline().parameters.pFileName",
								"type": "Expression"
							},
							"pEncodingType": {
								"value": "@pipeline().parameters.pEncoding",
								"type": "Expression"
							}
						}
					}
				],
				"outputs": [
					{
						"referenceName": "azsyndna_ds",
						"type": "DatasetReference",
						"parameters": {
							"pSynTable": {
								"value": "@concat('dna_temp_', pipeline().parameters.pAssetId)",
								"type": "Expression"
							},
							"pSynSchema": {
								"value": "@pipeline().parameters.pSchema",
								"type": "Expression"
							}
						}
					}
				]
			},
			{
				"name": "PrepareFilteredFile",
				"description": "Filter out records based on filter conditions and Load file to PSAHopper",
				"type": "Copy",
				"dependsOn": [
					{
						"activity": "LoadFileToSplit",
						"dependencyConditions": [
							"Succeeded"
						]
					}
				],
				"policy": {
					"timeout": "7.00:00:00",
					"retry": 0,
					"retryIntervalInSeconds": 30,
					"secureOutput": false,
					"secureInput": false
				},
				"userProperties": [],
				"typeProperties": {
					"source": {
						"type": "SqlDWSource",
						"sqlReaderQuery": {
							"value": "@concat('select * from ', pipeline().parameters.pSchema, '.dna_temp_', pipeline().parameters.pAssetId, ' where substring(Prop_0,', pipeline().parameters.pPosition,')', if(equals(pipeline().parameters.pFilterInFlag, 1) , ' = ', ' != '), '''', trim(pipeline().parameters.pValue), '''')",
							"type": "Expression"
						},
						"queryTimeout": "02:00:00",
						"partitionOption": "None"
					},
					"sink": {
						"type": "DelimitedTextSink",
						"storeSettings": {
							"type": "AzureBlobFSWriteSettings"
						},
						"formatSettings": {
							"type": "DelimitedTextWriteSettings",
							"quoteAllText": true,
							"fileExtension": ".txt"
						}
					},
					"enableStaging": false,
					"translator": {
						"type": "TabularTranslator",
						"typeConversion": true,
						"typeConversionSettings": {
							"allowDataTruncation": true,
							"treatBooleanAsNumber": false
						}
					}
				},
				"inputs": [
					{
						"referenceName": "azsyndna_ds",
						"type": "DatasetReference",
						"parameters": {
							"pSynTable": {
								"value": "@concat(pipeline().parameters.pAssetId,'_temp')",
								"type": "Expression"
							},
							"pSynSchema": {
								"value": "@pipeline().parameters.pSchema",
								"type": "Expression"
							}
						}
					}
				],
				"outputs": [
					{
						"referenceName": "azcsvfile_cleansed_adl_delimited",
						"type": "DatasetReference",
						"parameters": {
							"pContainer": "psahopper",
							"pFolderPath": "@concat('FilteredAsset/', pipeline().parameters.pRunLogId, '/', pipeline().parameters.pAssetId)",
							"pFileName": "@concat(pipeline().parameters.pFileName)",
							"pEncodingType": "UTF-8"
						}
					}
				]
			},
			{
				"name": "ClearStagingTable",
				"description": "Clear Intermediate tables generated",
				"type": "Lookup",
				"dependsOn": [
					{
						"activity": "PrepareFilteredFile",
						"dependencyConditions": [
							"Completed"
						]
					}
				],
				"policy": {
					"timeout": "7.00:00:00",
					"retry": 0,
					"retryIntervalInSeconds": 30,
					"secureOutput": false,
					"secureInput": false
				},
				"userProperties": [],
				"typeProperties": {
					"source": {
						"type": "SqlDWSource",
						"sqlReaderQuery": {
							"value": "@concat('IF OBJECT_ID(''', pipeline().parameters.pSchema, '.dna_temp_', pipeline().parameters.pAssetId, ''') IS NOT NULL\nBEGIN\n    DROP TABLE ', pipeline().parameters.pSchema, '.dna_temp_', pipeline().parameters.pAssetId, '\n\tSELECT 0 ProcedureStatus\nEND\nELSE\nBEGIN\n\tSELECT 1 ProcedureStatus\nEND')",
							"type": "Expression"
						},
						"queryTimeout": "02:00:00",
						"partitionOption": "None"
					},
					"dataset": {
						"referenceName": "azsyndna_ds",
						"type": "DatasetReference",
						"parameters": {
							"pSynTable": "N",
							"pSynSchema": "N"
						}
					}
				}
			}
		],
		"parameters": {
			"pContainer": {
				"type": "string"
			},
			"pFolder": {
				"type": "string"
			},
			"pFileName": {
				"type": "string"
			},
			"pSchema": {
				"type": "string"
			},
			"pEncoding": {
				"type": "string"
			},
			"pAssetId": {
				"type": "string"
			},
			"pPosition": {
				"type": "string"
			},
			"pValue": {
				"type": "string"
			},
			"pRunLogId": {
				"type": "string"
			},
			"pFilterInFlag": {
				"type": "string"
			}
		},
		"folder": {
			"name": "IncrementalCurate/CleansedToPSA/TaskTemplates"
		},
		"annotations": []
	}
}