{
	"name": "AssetMovePSAToServe",
	"properties": {
		"activities": [
			{
				"name": "ValidateSPNameFlag",
				"description": "Checks if an SPName is fetched.",
				"type": "IfCondition",
				"dependsOn": [
					{
						"activity": "LookupServeSPName",
						"dependencyConditions": [
							"Succeeded"
						]
					}
				],
				"userProperties": [],
				"typeProperties": {
					"expression": {
						"value": "@if(not(equals(activity('LookupServeSPName').output.count,0)),true,false)",
						"type": "Expression"
					},
					"ifFalseActivities": [
						{
							"name": "FailedToRetrieveSPName",
							"type": "Wait",
							"dependsOn": [],
							"userProperties": [],
							"typeProperties": {
								"waitTimeInSeconds": 1
							}
						}
					],
					"ifTrueActivities": [
						{
							"name": "FetchPSAETLRunLogIds",
							"type": "Lookup",
							"dependsOn": [],
							"policy": {
								"timeout": "7.00:00:00",
								"retry": 0,
								"retryIntervalInSeconds": 30,
								"secureOutput": false,
								"secureInput": false
							},
							"userProperties": [],
							"typeProperties": {
								"source": {
									"type": "SqlDWSource",
									"sqlReaderQuery": {
										"value": "@concat('SELECT DISTINCT etl_runlog_id FROM ',pipeline().parameters.pAssets[0].PSASchema,'.',pipeline().parameters.pAssets[0].PSATargetTable)",
										"type": "Expression"
									},
									"queryTimeout": "02:00:00"
								},
								"dataset": {
									"referenceName": "azsyndna_ds",
									"type": "DatasetReference",
									"parameters": {
										"pSynTable": {
											"value": "@pipeline().parameters.pAssets[0].PSATargetTable",
											"type": "Expression"
										},
										"pSynSchema": {
											"value": "@pipeline().parameters.pAssets[0].PSASchema",
											"type": "Expression"
										}
									}
								},
								"firstRowOnly": false
							}
						},
						{
							"name": "ExecuteLoadToServe",
							"description": "Executes the stored procedure to load the data from the PSA table into the Serve layer table(s).",
							"type": "SqlServerStoredProcedure",
							"dependsOn": [
								{
									"activity": "FetchPSAETLRunLogIds",
									"dependencyConditions": [
										"Succeeded"
									]
								}
							],
							"policy": {
								"timeout": "7.00:00:00",
								"retry": 0,
								"retryIntervalInSeconds": 30,
								"secureOutput": false,
								"secureInput": false
							},
							"userProperties": [],
							"typeProperties": {
								"storedProcedureName": {
									"value": "@concat(pipeline().parameters.pAssets[0].PSASchema,'.',activity('LookupServeSPName').output.value[0].SPName)",
									"type": "Expression"
								},
								"storedProcedureParameters": {
									"psaETLRunLogID": {
										"value": {
											"value": "@replace(replace(replace(join(activity('FetchPSAETLRunLogIds').output.value,','),'\"etl_runlog_id\":',''),'{',''),'}','')",
											"type": "Expression"
										},
										"type": "String"
									},
									"serveETLRunLogID": {
										"value": {
											"value": "@pipeline().parameters.pServeETLRunLogId",
											"type": "Expression"
										},
										"type": "String"
									},
									"tableName": {
										"value": {
											"value": "@pipeline().parameters.pAssets[0].PSATargetTable",
											"type": "Expression"
										},
										"type": "String"
									}
								}
							},
							"linkedServiceName": {
								"referenceName": "azsyndna_curated_dw",
								"type": "LinkedServiceReference"
							}
						},
						{
							"name": "UpdateSPStatus",
							"description": "Updates the SPStatus column in [dbo].[serve_sp_mapping] to 'Y'.",
							"type": "Lookup",
							"dependsOn": [
								{
									"activity": "ExecuteLoadToServe",
									"dependencyConditions": [
										"Succeeded"
									]
								}
							],
							"policy": {
								"timeout": "7.00:00:00",
								"retry": 0,
								"retryIntervalInSeconds": 30,
								"secureOutput": false,
								"secureInput": false
							},
							"userProperties": [],
							"typeProperties": {
								"source": {
									"type": "SqlDWSource",
									"sqlReaderQuery": {
										"value": "@concat('EXEC [dbo].[sp_update_status] ''',pipeline().parameters.pAssets[0].PSATargetTable,'''')",
										"type": "Expression"
									},
									"queryTimeout": "02:00:00"
								},
								"dataset": {
									"referenceName": "azsyndna_ds",
									"type": "DatasetReference",
									"parameters": {
										"pSynTable": {
											"value": "@pipeline().parameters.pAssets[0].PSATargetTable",
											"type": "Expression"
										},
										"pSynSchema": {
											"value": "@pipeline().parameters.pAssets[0].PSASchema",
											"type": "Expression"
										}
									}
								},
								"firstRowOnly": false
							}
						}
					]
				}
			},
			{
				"name": "LookupServeSPName",
				"description": "Fetches the SPName from [dbo].[serve_sp_mapping] for the table in consideration.",
				"type": "Lookup",
				"dependsOn": [
					{
						"activity": "SetSPLookupQuery",
						"dependencyConditions": [
							"Succeeded"
						]
					}
				],
				"policy": {
					"timeout": "7.00:00:00",
					"retry": 0,
					"retryIntervalInSeconds": 30,
					"secureOutput": false,
					"secureInput": false
				},
				"userProperties": [],
				"typeProperties": {
					"source": {
						"type": "SqlDWSource",
						"sqlReaderQuery": {
							"value": "@replace(variables('vSPLookupQuery'),'$TableName',pipeline().parameters.pAssets[0].PSATargetTable)",
							"type": "Expression"
						},
						"queryTimeout": "02:00:00"
					},
					"dataset": {
						"referenceName": "azsyndna_ds",
						"type": "DatasetReference",
						"parameters": {
							"pSynTable": {
								"value": "@pipeline().parameters.pAssets[0].PSATargetTable",
								"type": "Expression"
							},
							"pSynSchema": {
								"value": "@pipeline().parameters.pAssets[0].PSASchema",
								"type": "Expression"
							}
						}
					},
					"firstRowOnly": false
				}
			},
			{
				"name": "SetSPLookupQuery",
				"description": "Set SPLookupQuery variable",
				"type": "SetVariable",
				"dependsOn": [],
				"userProperties": [],
				"typeProperties": {
					"variableName": "vSPLookupQuery",
					"value": {
						"value": "SELECT SPName FROM dbo.serve_sp_mapping WHERE TableName = '$TableName' AND SPStatus='N'",
						"type": "Expression"
					}
				}
			}
		],
		"parameters": {
			"pAssets": {
				"type": "array"
			},
			"pServeETLRunLogId": {
				"type": "string"
			}
		},
		"variables": {
			"vSPLookupFlag": {
				"type": "Boolean"
			},
			"vSPLookupQuery": {
				"type": "String"
			}
		},
		"folder": {
			"name": "HistoryCurate/PSAToServe/TaskTemplates"
		},
		"annotations": []
	}
}