{
	"name": "AssetMoveLoadToPSA",
	"properties": {
		"activities": [
			{
				"name": "ValidatePSATableInfo",
				"type": "IfCondition",
				"dependsOn": [],
				"userProperties": [],
				"typeProperties": {
					"expression": {
						"value": "@and(not(equals(pipeline().parameters.pPSATableSchema,null)),not(equals(pipeline().parameters.pPSATableName,null)))",
						"type": "Expression"
					},
					"ifFalseActivities": [
						{
							"name": "PSASchemaOrTableInfoMissing",
							"type": "SetVariable",
							"dependsOn": [],
							"userProperties": [],
							"typeProperties": {
								"variableName": "vFailedAsset",
								"value": {
									"value": "@concat(pipeline().parameters.pAssetId, '-', pipeline().parameters.pLoadTableName)",
									"type": "Expression"
								}
							}
						}
					],
					"ifTrueActivities": [
						{
							"name": "SetAssetStatusToPreparePSA",
							"type": "Lookup",
							"dependsOn": [],
							"policy": {
								"timeout": "7.00:00:00",
								"retry": 0,
								"retryIntervalInSeconds": 30,
								"secureOutput": false,
								"secureInput": false
							},
							"userProperties": [],
							"typeProperties": {
								"source": {
									"type": "AzureSqlSource",
									"sqlReaderStoredProcedureName": {
										"value": "@concat(pipeline().parameters.pIngestionDB,'.','AssetStatusChange')",
										"type": "Expression"
									},
									"storedProcedureParameters": {
										"pAssetID": {
											"type": "String",
											"value": {
												"value": "@pipeline().parameters.pAssetId",
												"type": "Expression"
											}
										},
										"pDTCreated": {
											"type": "Datetime",
											"value": {
												"value": "@utcnow()",
												"type": "Expression"
											}
										},
										"pStatusID": {
											"type": "String",
											"value": "24023"
										},
										"pUserCreated": {
											"type": "String",
											"value": {
												"value": "@pipeline().parameters.pUserCreated",
												"type": "Expression"
											}
										}
									},
									"queryTimeout": "02:00:00",
									"partitionOption": "None"
								},
								"dataset": {
									"referenceName": "azdbdna_ds_metadata",
									"type": "DatasetReference"
								}
							}
						},
						{
							"name": "SetAssetStatus",
							"type": "SetVariable",
							"dependsOn": [
								{
									"activity": "SetAssetStatusToPreparePSA",
									"dependencyConditions": [
										"Succeeded"
									]
								}
							],
							"userProperties": [],
							"typeProperties": {
								"variableName": "vAssetStatusFlag",
								"value": {
									"value": "@if(equals(activity('SetAssetStatusToPreparePSA').output.firstRow.ProcedureStatus,'0'),true,false)",
									"type": "Expression"
								}
							}
						}
					]
				}
			},
			{
				"name": "ValidateUpdateAssetStatus",
				"type": "IfCondition",
				"dependsOn": [
					{
						"activity": "ValidatePSATableInfo",
						"dependencyConditions": [
							"Succeeded"
						]
					}
				],
				"userProperties": [],
				"typeProperties": {
					"expression": {
						"value": "@equals(variables('vAssetStatusFlag'),true)",
						"type": "Expression"
					},
					"ifFalseActivities": [
						{
							"name": "SetAssetStatusToPreparePSAFailed",
							"type": "SetVariable",
							"dependsOn": [],
							"userProperties": [],
							"typeProperties": {
								"variableName": "vFailedAsset",
								"value": {
									"value": "@concat(pipeline().parameters.pAssetId, '-', pipeline().parameters.pLoadTableName)",
									"type": "Expression"
								}
							}
						}
					],
					"ifTrueActivities": [
						{
							"name": "LoadDatatoPSA",
							"description": "Copy data from Load tables to PSA tables for that AssetId. Add additional columns for recors source id and current_timestamp",
							"type": "Copy",
							"dependsOn": [],
							"policy": {
								"timeout": "7.00:00:00",
								"retry": 0,
								"retryIntervalInSeconds": 30,
								"secureOutput": false,
								"secureInput": false
							},
							"userProperties": [],
							"typeProperties": {
								"source": {
									"type": "SqlDWSource",
									"sqlReaderQuery": {
										"value": "@concat('select L.*, ',variables('vRowStatus'),' row_status, GETUTCDATE() created_timestamp from ',pipeline().parameters.pLoadTableSchema,'.',pipeline().parameters.pLoadTableName,'  L where L.asset_id = ',pipeline().parameters.pAssetId)",
										"type": "Expression"
									},
									"queryTimeout": "02:00:00",
									"partitionOption": "None"
								},
								"sink": {
									"type": "SqlDWSink",
									"allowPolyBase": true,
									"polyBaseSettings": {
										"rejectValue": 500000000,
										"rejectType": "value",
										"useTypeDefault": true
									},
									"disableMetricsCollection": false
								},
								"enableStaging": true,
								"stagingSettings": {
									"linkedServiceName": {
										"referenceName": "StagingStorage",
										"type": "LinkedServiceReference"
									},
									"path": {
										"value": "@concat('staging/',pipeline().parameters.pAssetId)",
										"type": "Expression"
									}
								},
								"enableSkipIncompatibleRow": true,
								"redirectIncompatibleRowSettings": {
									"linkedServiceName": {
										"referenceName": "FTLogStorage",
										"type": "LinkedServiceReference"
									},
									"path": {
										"value": "@concat('cf-logs/AssetProcessLoad/',pipeline().parameters.pETLRunLogId,'/',pipeline().parameters.pAssetId,'-',pipeline().parameters.pLoadTableName)",
										"type": "Expression"
									}
								}
							},
							"inputs": [
								{
									"referenceName": "azsyndna_ds",
									"type": "DatasetReference",
									"parameters": {
										"pSynTable": {
											"value": "@pipeline().parameters.pLoadTableName",
											"type": "Expression"
										},
										"pSynSchema": {
											"value": "@pipeline().parameters.pLoadTableSchema",
											"type": "Expression"
										}
									}
								}
							],
							"outputs": [
								{
									"referenceName": "azsyndna_ds",
									"type": "DatasetReference",
									"parameters": {
										"pSynTable": {
											"value": "@pipeline().parameters.pPSATableName",
											"type": "Expression"
										},
										"pSynSchema": {
											"value": "@pipeline().parameters.pPSATableSchema",
											"type": "Expression"
										}
									}
								}
							]
						},
						{
							"name": "UpdateAssetStatusToPSA",
							"type": "Lookup",
							"dependsOn": [
								{
									"activity": "LoadDatatoPSA",
									"dependencyConditions": [
										"Succeeded"
									]
								}
							],
							"policy": {
								"timeout": "7.00:00:00",
								"retry": 0,
								"retryIntervalInSeconds": 30,
								"secureOutput": false,
								"secureInput": false
							},
							"userProperties": [],
							"typeProperties": {
								"source": {
									"type": "AzureSqlSource",
									"sqlReaderStoredProcedureName": {
										"value": "@concat(pipeline().parameters.pIngestionDB,'.','AssetStatusChange')",
										"type": "Expression"
									},
									"storedProcedureParameters": {
										"pAssetID": {
											"type": "String",
											"value": {
												"value": "@pipeline().parameters.pAssetId",
												"type": "Expression"
											}
										},
										"pDTCreated": {
											"type": "Datetime",
											"value": {
												"value": "@utcnow()",
												"type": "Expression"
											}
										},
										"pStatusID": {
											"type": "String",
											"value": "24024"
										},
										"pUserCreated": {
											"type": "String",
											"value": {
												"value": "@pipeline().parameters.pUserCreated",
												"type": "Expression"
											}
										}
									},
									"queryTimeout": "02:00:00",
									"partitionOption": "None"
								},
								"dataset": {
									"referenceName": "azdbdna_ds_metadata",
									"type": "DatasetReference"
								}
							}
						},
						{
							"name": "SetAssetStatusPSA",
							"type": "SetVariable",
							"dependsOn": [
								{
									"activity": "UpdateAssetStatusToPSA",
									"dependencyConditions": [
										"Succeeded"
									]
								}
							],
							"userProperties": [],
							"typeProperties": {
								"variableName": "vAssetStatusPSAFlag",
								"value": {
									"value": "@if(equals(activity('UpdateAssetStatusToPSA').output.firstRow.ProcedureStatus,'0'),true,false)",
									"type": "Expression"
								}
							}
						}
					]
				}
			},
			{
				"name": "ValidateAssetStatusToPSA",
				"type": "IfCondition",
				"dependsOn": [
					{
						"activity": "ValidateUpdateAssetStatus",
						"dependencyConditions": [
							"Succeeded"
						]
					}
				],
				"userProperties": [],
				"typeProperties": {
					"expression": {
						"value": "@equals(variables('vAssetStatusPSAFlag'),true)",
						"type": "Expression"
					},
					"ifFalseActivities": [
						{
							"name": "FailedPSAAssetStatus",
							"type": "SetVariable",
							"dependsOn": [],
							"userProperties": [],
							"typeProperties": {
								"variableName": "vFailedAsset",
								"value": {
									"value": "@concat(pipeline().parameters.pAssetId, '-', pipeline().parameters.pLoadTableName)",
									"type": "Expression"
								}
							}
						}
					],
					"ifTrueActivities": [
						{
							"name": "AssetStatusCompleted",
							"type": "Wait",
							"dependsOn": [],
							"userProperties": [],
							"typeProperties": {
								"waitTimeInSeconds": 1
							}
						}
					]
				}
			}
		],
		"parameters": {
			"pLoadTableSchema": {
				"type": "string"
			},
			"pLoadTableName": {
				"type": "string"
			},
			"pAssetId": {
				"type": "string"
			},
			"pPSATableSchema": {
				"type": "string"
			},
			"pPSATableName": {
				"type": "string"
			},
			"pIngestionDB": {
				"type": "string"
			},
			"pETLRunLogId": {
				"type": "string"
			},
			"pUserCreated": {
				"type": "string"
			}
		},
		"variables": {
			"vFailedAsset": {
				"type": "String"
			},
			"vAssetStatusFlag": {
				"type": "Boolean"
			},
			"vAssetStatusPSAFlag": {
				"type": "Boolean"
			},
			"vRowStatus": {
				"type": "String",
				"defaultValue": "26001"
			}
		},
		"folder": {
			"name": "HistoryCurate/CleansedToPSA/TaskTemplates"
		},
		"annotations": []
	}
}