{
	"name": "AssetSchemaMapping",
	"properties": {
		"activities": [
			{
				"name": "CheckIfSourceFileExists",
				"description": "Validate the File for it exists in the location",
				"type": "GetMetadata",
				"dependsOn": [],
				"policy": {
					"timeout": "7.00:00:00",
					"retry": 0,
					"retryIntervalInSeconds": 30,
					"secureOutput": false,
					"secureInput": false
				},
				"userProperties": [],
				"typeProperties": {
					"dataset": {
						"referenceName": "azcsvfile_cleansed_adl_delimited",
						"type": "DatasetReference",
						"parameters": {
							"pContainer": {
								"value": "@pipeline().parameters.pAssetList[0].Container",
								"type": "Expression"
							},
							"pFolderPath": {
								"value": "@pipeline().parameters.pAssetList[0].AssetLocation",
								"type": "Expression"
							},
							"pFileName": {
								"value": "@pipeline().parameters.pAssetList[0].AssetName",
								"type": "Expression"
							},
							"pEncodingType": {
								"value": "@pipeline().parameters.pAssetList[0].EncodingType",
								"type": "Expression"
							}
						}
					},
					"fieldList": [
						"exists"
					],
					"storeSettings": {
						"type": "AzureBlobFSReadSettings",
						"recursive": true
					},
					"formatSettings": {
						"type": "DelimitedTextReadSettings"
					}
				}
			},
			{
				"name": "ProcessIfSourceFileExists",
				"description": "Proceed further only if that file exists in the container in given path",
				"type": "IfCondition",
				"dependsOn": [
					{
						"activity": "CheckIfSourceFileExists",
						"dependencyConditions": [
							"Succeeded"
						]
					}
				],
				"userProperties": [],
				"typeProperties": {
					"expression": {
						"value": "@if(equals(activity('CheckIfSourceFileExists').output.exists,true),true, false)",
						"type": "Expression"
					},
					"ifFalseActivities": [
						{
							"name": "SourceFileMissingForSchemaMapping",
							"type": "Wait",
							"dependsOn": [],
							"userProperties": [],
							"typeProperties": {
								"waitTimeInSeconds": 1
							}
						}
					],
					"ifTrueActivities": [
						{
							"name": "GetFileMetaData",
							"description": "Get File meta data from the GetMetaData activity. Will read the column count of that file from the first line and with the delimiter split",
							"type": "GetMetadata",
							"dependsOn": [],
							"policy": {
								"timeout": "7.00:00:00",
								"retry": 0,
								"retryIntervalInSeconds": 30,
								"secureOutput": false,
								"secureInput": false
							},
							"userProperties": [],
							"typeProperties": {
								"dataset": {
									"referenceName": "azcsvfile_cleansed_adl_delimited",
									"type": "DatasetReference",
									"parameters": {
										"pContainer": {
											"value": "@pipeline().parameters.pAssetList[0].Container",
											"type": "Expression"
										},
										"pFolderPath": {
											"value": "@pipeline().parameters.pAssetList[0].AssetLocation",
											"type": "Expression"
										},
										"pFileName": {
											"value": "@pipeline().parameters.pAssetList[0].AssetName",
											"type": "Expression"
										},
										"pEncodingType": {
											"value": "@pipeline().parameters.pAssetList[0].EncodingType",
											"type": "Expression"
										}
									}
								},
								"fieldList": [
									"columnCount"
								],
								"storeSettings": {
									"type": "AzureBlobFSReadSettings",
									"recursive": true
								},
								"formatSettings": {
									"type": "DelimitedTextReadSettings"
								}
							}
						},
						{
							"name": "GetLoadTableMetaData",
							"description": "Get column structure from the LoadTable",
							"type": "GetMetadata",
							"dependsOn": [],
							"policy": {
								"timeout": "7.00:00:00",
								"retry": 0,
								"retryIntervalInSeconds": 30,
								"secureOutput": false,
								"secureInput": false
							},
							"userProperties": [],
							"typeProperties": {
								"dataset": {
									"referenceName": "azsyndna_ds",
									"type": "DatasetReference",
									"parameters": {
										"pSynTable": {
											"value": "@pipeline().parameters.pAssetList[0].LoadTargetTable",
											"type": "Expression"
										},
										"pSynSchema": {
											"value": "@pipeline().parameters.pAssetList[0].LoadSchema",
											"type": "Expression"
										}
									}
								},
								"fieldList": [
									"structure"
								]
							}
						},
						{
							"name": "GenerateSchema",
							"description": "Call the Azure Function 'CurationJsonDataMapping' for getting the dynamic mapping json.\n\nInputs : Column Structure from the Table Metadata, Column count from the file and Column count from file metadata activity",
							"type": "AzureFunctionActivity",
							"dependsOn": [
								{
									"activity": "GetLoadTableMetaData",
									"dependencyConditions": [
										"Succeeded"
									]
								},
								{
									"activity": "FetchColCount",
									"dependencyConditions": [
										"Succeeded"
									]
								},
								{
									"activity": "GetFileMetaData",
									"dependencyConditions": [
										"Succeeded"
									]
								}
							],
							"policy": {
								"timeout": "7.00:00:00",
								"retry": 0,
								"retryIntervalInSeconds": 30,
								"secureOutput": false,
								"secureInput": false
							},
							"userProperties": [],
							"typeProperties": {
								"functionName": "CurationJsonDataMapping",
								"method": "POST",
								"headers": {
									"columnCount": {
										"value": "@string(if(greater(int(string(variables('vColCount'))),int(string(activity('GetFileMetaData').output.columnCount))),variables('vColCount'),activity('GetFileMetaData').output.columnCount))",
										"type": "Expression"
									}
								},
								"body": {
									"value": "@activity('GetLoadTableMetaData').output",
									"type": "Expression"
								}
							},
							"linkedServiceName": {
								"referenceName": "azfnapp_curated_datamapping",
								"type": "LinkedServiceReference"
							}
						},
						{
							"name": "FetchFirstRow",
							"description": "Fetch the first row from the file for getting the column count",
							"type": "Lookup",
							"dependsOn": [],
							"policy": {
								"timeout": "7.00:00:00",
								"retry": 0,
								"retryIntervalInSeconds": 30,
								"secureOutput": false,
								"secureInput": false
							},
							"userProperties": [],
							"typeProperties": {
								"source": {
									"type": "DelimitedTextSource",
									"storeSettings": {
										"type": "AzureBlobFSReadSettings",
										"recursive": true
									},
									"formatSettings": {
										"type": "DelimitedTextReadSettings"
									}
								},
								"dataset": {
									"referenceName": "azcsvfile_cleansed_adl_section",
									"type": "DatasetReference",
									"parameters": {
										"pContainer": {
											"value": "@pipeline().parameters.pAssetList[0].Container",
											"type": "Expression"
										},
										"pFolderPath": {
											"value": "@pipeline().parameters.pAssetList[0].AssetLocation",
											"type": "Expression"
										},
										"pFileName": {
											"value": "@pipeline().parameters.pAssetList[0].AssetName",
											"type": "Expression"
										},
										"pEncodingType": {
											"value": "@pipeline().parameters.pAssetList[0].EncodingType",
											"type": "Expression"
										}
									}
								}
							}
						},
						{
							"name": "FetchColCount",
							"description": "Calculate the column count based on the first row fetched from the file",
							"type": "SetVariable",
							"dependsOn": [
								{
									"activity": "FetchFirstRow",
									"dependencyConditions": [
										"Succeeded"
									]
								}
							],
							"userProperties": [],
							"typeProperties": {
								"variableName": "vColCount",
								"value": {
									"value": "@string(length(split(activity('FetchFirstRow').output.firstRow.Prop_0, '|')))",
									"type": "Expression"
								}
							}
						},
						{
							"name": "SetFunctionStatus",
							"type": "SetVariable",
							"dependsOn": [
								{
									"activity": "GenerateSchema",
									"dependencyConditions": [
										"Succeeded"
									]
								}
							],
							"userProperties": [],
							"typeProperties": {
								"variableName": "vFunctionStatus",
								"value": {
									"value": "@if(equals(activity('GenerateSchema').output.functionStatus,0),\n\t\tbool(1),\n\t\tbool(0)\n)",
									"type": "Expression"
								}
							}
						}
					]
				}
			},
			{
				"name": "ProcessIfMappingExists",
				"type": "IfCondition",
				"dependsOn": [
					{
						"activity": "ProcessIfSourceFileExists",
						"dependencyConditions": [
							"Succeeded"
						]
					}
				],
				"userProperties": [],
				"typeProperties": {
					"expression": {
						"value": "@if(equals(variables('vFunctionStatus'),true),true,false)",
						"type": "Expression"
					},
					"ifFalseActivities": [
						{
							"name": "FailedGeneratingSchemaMapping",
							"type": "Wait",
							"dependsOn": [],
							"userProperties": [],
							"typeProperties": {
								"waitTimeInSeconds": 1
							}
						}
					],
					"ifTrueActivities": [
						{
							"name": "AssetProcessCleased",
							"description": "Invoke the data movement process. ",
							"type": "ExecutePipeline",
							"dependsOn": [],
							"userProperties": [],
							"typeProperties": {
								"pipeline": {
									"referenceName": "AssetProcessCleansed",
									"type": "PipelineReference"
								},
								"waitOnCompletion": true,
								"parameters": {
									"pAssetList": {
										"value": "@pipeline().parameters.pAssetList",
										"type": "Expression"
									},
									"pMapping": {
										"value": "@concat('{\"type\": \"TabularTranslator\",\"mappings\":', replace(string(activity('GenerateSchema').output.mappings),'\\n\\r',''), '}')",
										"type": "Expression"
									},
									"pIngestionDB": {
										"value": "@pipeline().parameters.pIngestionDB",
										"type": "Expression"
									}
								}
							}
						}
					]
				}
			}
		],
		"parameters": {
			"pAssetList": {
				"type": "array"
			},
			"pIngestionDB": {
				"type": "string"
			}
		},
		"variables": {
			"vColCount": {
				"type": "String"
			},
			"vFunctionStatus": {
				"type": "Boolean"
			}
		},
		"folder": {
			"name": "HistoryCurate/CleansedToPSA/FeedProcess"
		},
		"annotations": []
	}
}