{
	"name": "CF_AssetProcessFailure",
	"properties": {
		"activities": [
			{
				"name": "IterateFailedAssets",
				"type": "ForEach",
				"dependsOn": [],
				"userProperties": [],
				"typeProperties": {
					"items": {
						"value": "@json(pipeline().parameters.pAssetList)",
						"type": "Expression"
					},
					"isSequential": true,
					"activities": [
						{
							"name": "SetAssetStatusToPSAFailed",
							"description": "Set Asset status to PSA Failed in IF metadata",
							"type": "Lookup",
							"dependsOn": [],
							"policy": {
								"timeout": "7.00:00:00",
								"retry": 0,
								"retryIntervalInSeconds": 30,
								"secureOutput": false,
								"secureInput": false
							},
							"userProperties": [],
							"typeProperties": {
								"source": {
									"type": "AzureSqlSource",
									"sqlReaderStoredProcedureName": {
										"value": "@concat(pipeline().parameters.pIngestionDB,'.','AssetStatusChange')",
										"type": "Expression"
									},
									"storedProcedureParameters": {
										"pAssetID": {
											"type": "String",
											"value": {
												"value": "@item().AssetID",
												"type": "Expression"
											}
										},
										"pDTCreated": {
											"type": "String",
											"value": {
												"value": "@utcnow()",
												"type": "Expression"
											}
										},
										"pStatusID": {
											"type": "String",
											"value": {
												"value": "@pipeline().parameters.pStatusID",
												"type": "Expression"
											}
										},
										"pUserCreated": {
											"type": "String",
											"value": {
												"value": "@pipeline().parameters.pUser",
												"type": "Expression"
											}
										}
									},
									"queryTimeout": "02:00:00",
									"partitionOption": "None"
								},
								"dataset": {
									"referenceName": "azdbdna_ds_metadata",
									"type": "DatasetReference"
								}
							}
						}
					]
				}
			},
			{
				"name": "ExecuteFeedProcessFailure",
				"type": "ExecutePipeline",
				"dependsOn": [
					{
						"activity": "IterateFailedAssets",
						"dependencyConditions": [
							"Completed"
						]
					}
				],
				"userProperties": [],
				"typeProperties": {
					"pipeline": {
						"referenceName": "CF_FeedProcessFailure",
						"type": "PipelineReference"
					},
					"waitOnCompletion": true,
					"parameters": {
						"pIngestionDB": {
							"value": "@pipeline().parameters.pIngestionDB",
							"type": "Expression"
						},
						"pUser": {
							"value": "@pipeline().parameters.pUser",
							"type": "Expression"
						},
						"pRunLogID": {
							"value": "@pipeline().parameters.pRunLogID",
							"type": "Expression"
						},
						"pRunLogstartDate": {
							"value": "@pipeline().parameters.pRunLogstartDate",
							"type": "Expression"
						},
						"pFeedID": {
							"value": "@pipeline().parameters.pFeedID",
							"type": "Expression"
						}
					}
				}
			}
		],
		"parameters": {
			"pAssetList": {
				"type": "string"
			},
			"pIngestionDB": {
				"type": "string"
			},
			"pUser": {
				"type": "string"
			},
			"pRunLogID": {
				"type": "string"
			},
			"pRunLogstartDate": {
				"type": "string"
			},
			"pFeedID": {
				"type": "string"
			},
			"pStatusID": {
				"type": "string"
			}
		},
		"folder": {
			"name": "CurationFramework/Incremental/UtilPipeline"
		},
		"annotations": []
	}
}