{
	"name": "CF_Entity_Update",
	"properties": {
		"activities": [
			{
				"name": "Copy Entity",
				"type": "Copy",
				"dependsOn": [],
				"policy": {
					"timeout": "7.00:00:00",
					"retry": 0,
					"retryIntervalInSeconds": 30,
					"secureOutput": false,
					"secureInput": false
				},
				"userProperties": [],
				"typeProperties": {
					"source": {
						"type": "AzureSqlSource",
						"sqlReaderQuery": "SELECT [EntityID]\n      ,[EntityCode]\n      ,[EntityName]\n      ,[EntityDescription]\n      ,[LayerID]\n      ,[DomainID]\n      ,[SchemaName]\n      ,[TableName]\n      ,[ActiveFlag]\n      ,[DTCreated]\n      ,[UserCreated]\n  FROM [dbo].[Entity]",
						"queryTimeout": "02:00:00",
						"partitionOption": "None"
					},
					"sink": {
						"type": "SqlDWSink",
						"preCopyScript": "truncate table [psa].[Entity]",
						"disableMetricsCollection": false
					},
					"enableStaging": false,
					"translator": {
						"type": "TabularTranslator",
						"typeConversion": true,
						"typeConversionSettings": {
							"allowDataTruncation": true,
							"treatBooleanAsNumber": false
						}
					}
				},
				"inputs": [
					{
						"referenceName": "azdbdna_ds_metadata",
						"type": "DatasetReference"
					}
				],
				"outputs": [
					{
						"referenceName": "azsyndna_ds",
						"type": "DatasetReference",
						"parameters": {
							"pSynTable": "Entity",
							"pSynSchema": "psa"
						}
					}
				]
			},
			{
				"name": "Copy MappingEntity",
				"type": "Copy",
				"dependsOn": [
					{
						"activity": "Copy Entity",
						"dependencyConditions": [
							"Succeeded"
						]
					}
				],
				"policy": {
					"timeout": "7.00:00:00",
					"retry": 0,
					"retryIntervalInSeconds": 30,
					"secureOutput": false,
					"secureInput": false
				},
				"userProperties": [],
				"typeProperties": {
					"source": {
						"type": "AzureSqlSource",
						"sqlReaderQuery": "SELECT [MappingID]\n      ,[SourceEntityID]\n      ,[TargetEntityID]\n      ,[MappingSequence]\n      ,[MappingEntityJSON]\n      ,[DTCreated]\n      ,[UserCreated]\n  FROM [dbo].[MappingEntity]",
						"queryTimeout": "02:00:00",
						"partitionOption": "None"
					},
					"sink": {
						"type": "SqlDWSink",
						"preCopyScript": "truncate table [psa].[MappingEntity]",
						"disableMetricsCollection": false
					},
					"enableStaging": false,
					"translator": {
						"type": "TabularTranslator",
						"typeConversion": true,
						"typeConversionSettings": {
							"allowDataTruncation": true,
							"treatBooleanAsNumber": false
						}
					}
				},
				"inputs": [
					{
						"referenceName": "azdbdna_ds_metadata",
						"type": "DatasetReference"
					}
				],
				"outputs": [
					{
						"referenceName": "azsyndna_ds",
						"type": "DatasetReference",
						"parameters": {
							"pSynTable": "MappingEntity",
							"pSynSchema": "psa"
						}
					}
				]
			},
			{
				"name": "Copy AttributeTransfer",
				"type": "Copy",
				"dependsOn": [
					{
						"activity": "Copy MappingEntity",
						"dependencyConditions": [
							"Succeeded"
						]
					}
				],
				"policy": {
					"timeout": "7.00:00:00",
					"retry": 0,
					"retryIntervalInSeconds": 30,
					"secureOutput": false,
					"secureInput": false
				},
				"userProperties": [],
				"typeProperties": {
					"source": {
						"type": "AzureSqlSource",
						"sqlReaderQuery": "SELECT [AttributeId]\n      ,[EntityId]\n      ,[AttributeName]\n      ,[AttributeDescription]\n      ,[Position]\n      ,[DataTypeId]\n      ,[DataWidth]\n      ,[DataLength]\n      ,[DataScale]\n      ,[DataPrecision]\n      ,[ActiveFlag]\n      ,[DTCreated]\n      ,[UserCreated]\n  FROM [dbo].[Attribute]",
						"queryTimeout": "02:00:00",
						"partitionOption": "None"
					},
					"sink": {
						"type": "SqlDWSink",
						"preCopyScript": "truncate table [psa].[AttributeTransfer]",
						"disableMetricsCollection": false
					},
					"enableStaging": false,
					"translator": {
						"type": "TabularTranslator",
						"typeConversion": true,
						"typeConversionSettings": {
							"allowDataTruncation": true,
							"treatBooleanAsNumber": false
						}
					}
				},
				"inputs": [
					{
						"referenceName": "azdbdna_ds_metadata",
						"type": "DatasetReference"
					}
				],
				"outputs": [
					{
						"referenceName": "azsyndna_ds",
						"type": "DatasetReference",
						"parameters": {
							"pSynTable": "AttributeTransfer",
							"pSynSchema": "psa"
						}
					}
				]
			},
			{
				"name": "Copy RuleEntityTransfer",
				"type": "Copy",
				"dependsOn": [
					{
						"activity": "Copy AttributeTransfer",
						"dependencyConditions": [
							"Succeeded"
						]
					}
				],
				"policy": {
					"timeout": "7.00:00:00",
					"retry": 0,
					"retryIntervalInSeconds": 30,
					"secureOutput": false,
					"secureInput": false
				},
				"userProperties": [],
				"typeProperties": {
					"source": {
						"type": "AzureSqlSource",
						"sqlReaderQuery": "SELECT [RuleEntityID]\n      ,[RuleID]\n      ,[EntityID]\n      ,[AttributeID]\n      ,[ActiveFlag]\n      ,[DTCreated]\n      ,[UserCreated]\n  FROM [dbo].[RuleEntity]",
						"queryTimeout": "02:00:00",
						"partitionOption": "None"
					},
					"sink": {
						"type": "SqlDWSink",
						"preCopyScript": "truncate table [psa].[RuleEntityTransfer]",
						"disableMetricsCollection": false
					},
					"enableStaging": false,
					"translator": {
						"type": "TabularTranslator",
						"typeConversion": true,
						"typeConversionSettings": {
							"allowDataTruncation": true,
							"treatBooleanAsNumber": false
						}
					}
				},
				"inputs": [
					{
						"referenceName": "azdbdna_ds_metadata",
						"type": "DatasetReference"
					}
				],
				"outputs": [
					{
						"referenceName": "azsyndna_ds",
						"type": "DatasetReference",
						"parameters": {
							"pSynTable": "RuleEntityTransfer",
							"pSynSchema": "psa"
						}
					}
				]
			},
			{
				"name": "Updated Attribute",
				"type": "SqlServerStoredProcedure",
				"dependsOn": [
					{
						"activity": "Copy RuleEntityTransfer",
						"dependencyConditions": [
							"Succeeded"
						]
					}
				],
				"policy": {
					"timeout": "7.00:00:00",
					"retry": 0,
					"retryIntervalInSeconds": 30,
					"secureOutput": false,
					"secureInput": false
				},
				"userProperties": [],
				"typeProperties": {
					"storedProcedureName": "[psa].[sp_cf_refresh_attribute]"
				},
				"linkedServiceName": {
					"referenceName": "azsyndna_curated_dw",
					"type": "LinkedServiceReference"
				}
			}
		],
		"folder": {
			"name": "CurationFramework/Incremental/UtilPipeline"
		},
		"annotations": []
	}
}