{
	"name": "CF_FeedProcessFailure",
	"properties": {
		"activities": [
			{
				"name": "GetLatestETLAuditStatus",
				"description": "Gets the Latest ETL Audit Status  of the Feed in current run.  This is verify that runlog failure was already marked. If already failed, do not proceed. Otherwise update all audit tables with proper failure status",
				"type": "Lookup",
				"dependsOn": [],
				"policy": {
					"timeout": "7.00:00:00",
					"retry": 0,
					"retryIntervalInSeconds": 30,
					"secureOutput": false,
					"secureInput": false
				},
				"userProperties": [],
				"typeProperties": {
					"source": {
						"type": "SqlDWSource",
						"sqlReaderQuery": {
							"value": "@replace(replace('DECLARE @feed_status NVARCHAR(20)\nDECLARE @audit_count NVARCHAR(20)\nDECLARE @feed_id NVARCHAR(20) = ''$FeedId''\nDECLARE @runlog_id NVARCHAR(20) = $ETLRunlogId\n\nSELECT @audit_count = COUNT(*) FROM psa.cf_etl_audit WHERE feed_id = @feed_id and etl_runlog_id=@runlog_id\nIF @audit_count > 0\nBEGIN\n\tSELECT TOP 1 @feed_status = feed_status_id FROM psa.cf_etl_audit WHERE feed_id = @feed_id and etl_runlog_id=@runlog_id ORDER BY dt_created DESC\n\tIF @feed_status <> 2\n\t\tBEGIN\n\t\t\tSELECT ''1'' as Status\n\t\tEND\n\tELSE\n\t\tBEGIN\n\t\t\tSELECT ''0'' as Status\n\t\tEND\nEND\nELSE\n\tBEGIN\n\t\t\tSELECT ''1'' as Status\n\tEND', '$FeedId', string(pipeline().parameters.pFeedID)), '$ETLRunlogId', string(pipeline().parameters.pRunLogID))",
							"type": "Expression"
						},
						"queryTimeout": "02:00:00",
						"partitionOption": "None"
					},
					"dataset": {
						"referenceName": "azsyndna_ds",
						"type": "DatasetReference",
						"parameters": {
							"pSynTable": "N",
							"pSynSchema": "N"
						}
					}
				}
			},
			{
				"name": "CheckETLAuditStatus",
				"description": "Check the latest ETL Audit Status  of the Feed in the current run.",
				"type": "IfCondition",
				"dependsOn": [
					{
						"activity": "GetLatestETLAuditStatus",
						"dependencyConditions": [
							"Succeeded"
						]
					}
				],
				"userProperties": [],
				"typeProperties": {
					"expression": {
						"value": "@if(equals(activity('GetLatestETLAuditStatus').output.firstRow.Status,'1'), True, False)",
						"type": "Expression"
					},
					"ifTrueActivities": [
						{
							"name": "UpdateETLRunLogFailed",
							"description": "Update ETLRunLog Status to Finished",
							"type": "Lookup",
							"dependsOn": [],
							"policy": {
								"timeout": "7.00:00:00",
								"retry": 0,
								"retryIntervalInSeconds": 30,
								"secureOutput": false,
								"secureInput": false
							},
							"userProperties": [],
							"typeProperties": {
								"source": {
									"type": "AzureSqlSource",
									"sqlReaderStoredProcedureName": {
										"value": "@concat(pipeline().parameters.pIngestionDB,'.','ETLRunLogAddOrUpdate')",
										"type": "Expression"
									},
									"storedProcedureParameters": {
										"pDTCreated": {
											"type": "String",
											"value": {
												"value": "@pipeline().parameters.pRunLogStartDate",
												"type": "Expression"
											}
										},
										"pDTEnd": {
											"type": "String",
											"value": {
												"value": "@utcnow()",
												"type": "Expression"
											}
										},
										"pDTStart": {
											"type": "String",
											"value": {
												"value": "@pipeline().parameters.pRunLogStartDate",
												"type": "Expression"
											}
										},
										"pETLProcessName": {
											"type": "String",
											"value": {
												"value": "@pipeline().Pipeline",
												"type": "Expression"
											}
										},
										"pETLProcessRunID": {
											"type": "String",
											"value": {
												"value": "@pipeline().RunId",
												"type": "Expression"
											}
										},
										"pETLRunLogID": {
											"type": "String",
											"value": {
												"value": "@pipeline().parameters.pRunLogID",
												"type": "Expression"
											}
										},
										"pETLRunLogStatusID": {
											"type": "String",
											"value": {
												"value": "25003",
												"type": "Expression"
											}
										},
										"pKeepValueFlag": {
											"type": "String",
											"value": "0"
										},
										"pUserCreated": {
											"type": "String",
											"value": {
												"value": "@pipeline().parameters.pUser",
												"type": "Expression"
											}
										}
									},
									"queryTimeout": "02:00:00",
									"partitionOption": "None"
								},
								"dataset": {
									"referenceName": "azdbdna_ds_metadata",
									"type": "DatasetReference"
								},
								"firstRowOnly": true
							}
						},
						{
							"name": "UpdateCFAuditFailed",
							"type": "SqlServerStoredProcedure",
							"dependsOn": [
								{
									"activity": "UpdateETLRunLogFailed",
									"dependencyConditions": [
										"Succeeded"
									]
								}
							],
							"policy": {
								"timeout": "7.00:00:00",
								"retry": 0,
								"retryIntervalInSeconds": 30,
								"secureOutput": false,
								"secureInput": false
							},
							"userProperties": [],
							"typeProperties": {
								"storedProcedureName": "[psa].[sp_cf_etl_audit]",
								"storedProcedureParameters": {
									"feed_id": {
										"value": {
											"value": "@pipeline().parameters.pFeedID",
											"type": "Expression"
										},
										"type": "Int32"
									},
									"etl_runlog_id": {
										"value": {
											"value": "@pipeline().parameters.pRunLogID",
											"type": "Expression"
										},
										"type": "Int32"
									},
									"feed_status": {
										"value": {
											"value": "FAILED",
											"type": "Expression"
										},
										"type": "String"
									}
								}
							},
							"linkedServiceName": {
								"referenceName": "azsyndna_curated_dw",
								"type": "LinkedServiceReference"
							}
						},
						{
							"name": "UpdateFeedStatus",
							"type": "SqlServerStoredProcedure",
							"dependsOn": [
								{
									"activity": "UpdateCFAuditFailed",
									"dependencyConditions": [
										"Succeeded"
									]
								}
							],
							"policy": {
								"timeout": "7.00:00:00",
								"retry": 0,
								"retryIntervalInSeconds": 30,
								"secureOutput": false,
								"secureInput": false
							},
							"userProperties": [],
							"typeProperties": {
								"storedProcedureName": "[dbo].[FeedStatusChange]",
								"storedProcedureParameters": {
									"pFeedID": {
										"value": {
											"value": "@pipeline().parameters.pFeedID",
											"type": "Expression"
										}
									},
									"pStatusID": {
										"value": "23003"
									},
									"pDTCreated": {
										"value": {
											"value": "@utcnow()",
											"type": "Expression"
										}
									},
									"pUserCreated": {
										"value": {
											"value": "@pipeline().parameters.pUser",
											"type": "Expression"
										}
									}
								}
							},
							"linkedServiceName": {
								"referenceName": "azsqldbdna_curated_audit",
								"type": "LinkedServiceReference"
							}
						}
					]
				}
			}
		],
		"parameters": {
			"pIngestionDB": {
				"type": "string"
			},
			"pUser": {
				"type": "string"
			},
			"pRunLogID": {
				"type": "string"
			},
			"pRunLogstartDate": {
				"type": "string"
			},
			"pFeedID": {
				"type": "string"
			}
		},
		"folder": {
			"name": "CurationFramework/Incremental/UtilPipeline"
		},
		"annotations": []
	}
}