{
	"name": "CF_JSON_ParameterList_Parser",
	"properties": {
		"activities": [
			{
				"name": "Execute CF_ValidFeedsProcess",
				"description": "Execute CF_ValidFeedsProcess",
				"type": "ExecutePipeline",
				"dependsOn": [],
				"userProperties": [],
				"typeProperties": {
					"pipeline": {
						"referenceName": "CF_ValidFeedsProcess",
						"type": "PipelineReference"
					},
					"waitOnCompletion": true,
					"parameters": {
						"pFeedID": {
							"value": "@pipeline().parameters.pParamList.pFeedID",
							"type": "Expression"
						},
						"pIngestionDB": {
							"value": "@pipeline().parameters.pParamList.pIngestionDB",
							"type": "Expression"
						},
						"pCurationUser": {
							"value": "@pipeline().parameters.pParamList.pCurationUser",
							"type": "Expression"
						},
						"pProjectID": {
							"value": "@pipeline().parameters.pParamList.pProjectID",
							"type": "Expression"
						},
						"pAssetID": {
							"value": "@pipeline().parameters.pParamList.pAssetID",
							"type": "Expression"
						}
					}
				}
			}
		],
		"parameters": {
			"pParamList": {
				"type": "object"
			}
		},
		"folder": {
			"name": "CurationFramework/Incremental/CleansedToPSA/FeedProcess"
		},
		"annotations": []
	}
}