{
	"name": "CF_ProcessAssets",
	"properties": {
		"activities": [
			{
				"name": "ProcessEachAsset",
				"description": "Iterate over all the Assets, and update their status in the metadata.",
				"type": "ForEach",
				"dependsOn": [],
				"userProperties": [],
				"typeProperties": {
					"items": {
						"value": "@pipeline().parameters.pAssets",
						"type": "Expression"
					},
					"isSequential": true,
					"activities": [
						{
							"name": "SetAssetStatusToPrepareServe",
							"type": "Lookup",
							"dependsOn": [],
							"policy": {
								"timeout": "7.00:00:00",
								"retry": 0,
								"retryIntervalInSeconds": 30,
								"secureOutput": false,
								"secureInput": false
							},
							"userProperties": [],
							"typeProperties": {
								"source": {
									"type": "AzureSqlSource",
									"sqlReaderStoredProcedureName": {
										"value": "@concat(pipeline().parameters.pMetadataDBSchema,'.','AssetStatusChange')",
										"type": "Expression"
									},
									"storedProcedureParameters": {
										"pAssetID": {
											"type": "String",
											"value": {
												"value": "@item().AssetID",
												"type": "Expression"
											}
										},
										"pDTCreated": {
											"type": "String",
											"value": {
												"value": "@utcnow()",
												"type": "Expression"
											}
										},
										"pStatusID": {
											"type": "String",
											"value": "24025"
										},
										"pUserCreated": {
											"type": "String",
											"value": {
												"value": "@pipeline().parameters.pUserCreated",
												"type": "Expression"
											}
										}
									},
									"queryTimeout": "02:00:00",
									"partitionOption": "None"
								},
								"dataset": {
									"referenceName": "azdbdna_ds_metadata",
									"type": "DatasetReference"
								}
							}
						},
						{
							"name": "ValidateAssetStatus",
							"type": "IfCondition",
							"dependsOn": [
								{
									"activity": "SetAssetStatusToPrepareServe",
									"dependencyConditions": [
										"Succeeded"
									]
								}
							],
							"userProperties": [],
							"typeProperties": {
								"expression": {
									"value": "@equals(activity('SetAssetStatusToPrepareServe').output.firstRow.ProcedureStatus,'0')",
									"type": "Expression"
								},
								"ifFalseActivities": [
									{
										"name": "FailedToSetAssetStatus",
										"type": "Wait",
										"dependsOn": [],
										"userProperties": [],
										"typeProperties": {
											"waitTimeInSeconds": 1
										}
									}
								],
								"ifTrueActivities": [
									{
										"name": "TagAssetToETLRunLogId",
										"type": "Lookup",
										"dependsOn": [],
										"policy": {
											"timeout": "7.00:00:00",
											"retry": 0,
											"retryIntervalInSeconds": 30,
											"secureOutput": false,
											"secureInput": false
										},
										"userProperties": [],
										"typeProperties": {
											"source": {
												"type": "AzureSqlSource",
												"sqlReaderStoredProcedureName": {
													"value": "@concat(pipeline().parameters.pMetadataDBSchema,'.','ETLRunLogAssetAddOrUpdate')",
													"type": "Expression"
												},
												"storedProcedureParameters": {
													"pAssetID": {
														"type": "String",
														"value": {
															"value": "@item().AssetID",
															"type": "Expression"
														}
													},
													"pDTCreated": {
														"type": "String",
														"value": {
															"value": "@utcnow()",
															"type": "Expression"
														}
													},
													"pETLRunLogID": {
														"type": "String",
														"value": {
															"value": "@pipeline().parameters.pETLRunLogId",
															"type": "Expression"
														}
													},
													"pUserCreated": {
														"type": "String",
														"value": {
															"value": "@pipeline().parameters.pUserCreated",
															"type": "Expression"
														}
													}
												},
												"queryTimeout": "02:00:00",
												"partitionOption": "None"
											},
											"dataset": {
												"referenceName": "azdbdna_ds_metadata",
												"type": "DatasetReference"
											}
										}
									}
								]
							}
						}
					]
				}
			},
			{
				"name": "UpdateStatusForAssets",
				"description": "Iterate over all the Assets, and update their status in the metadata.",
				"type": "ForEach",
				"dependsOn": [
					{
						"activity": "ExecuteServeLoad",
						"dependencyConditions": [
							"Succeeded"
						]
					}
				],
				"userProperties": [],
				"typeProperties": {
					"items": {
						"value": "@pipeline().parameters.pAssets",
						"type": "Expression"
					},
					"isSequential": true,
					"activities": [
						{
							"name": "UpdateAssetStatusToServe",
							"type": "Lookup",
							"dependsOn": [],
							"policy": {
								"timeout": "7.00:00:00",
								"retry": 0,
								"retryIntervalInSeconds": 30,
								"secureOutput": false,
								"secureInput": false
							},
							"userProperties": [],
							"typeProperties": {
								"source": {
									"type": "AzureSqlSource",
									"sqlReaderStoredProcedureName": {
										"value": "@concat(pipeline().parameters.pMetadataDBSchema,'.','AssetStatusChange')",
										"type": "Expression"
									},
									"storedProcedureParameters": {
										"pAssetID": {
											"type": "String",
											"value": {
												"value": "@item().AssetID",
												"type": "Expression"
											}
										},
										"pDTCreated": {
											"type": "String",
											"value": {
												"value": "@utcnow()",
												"type": "Expression"
											}
										},
										"pStatusID": {
											"type": "String",
											"value": "24026"
										},
										"pUserCreated": {
											"type": "String",
											"value": {
												"value": "@pipeline().parameters.pUserCreated",
												"type": "Expression"
											}
										}
									},
									"queryTimeout": "02:00:00",
									"partitionOption": "None"
								},
								"dataset": {
									"referenceName": "azdbdna_ds_metadata",
									"type": "DatasetReference"
								}
							}
						}
					]
				}
			},
			{
				"name": "UpdateETLRunLogStatus",
				"description": "Update ETLRunLog Status to Completed.",
				"type": "Lookup",
				"dependsOn": [
					{
						"activity": "UpdateStatusForAssets",
						"dependencyConditions": [
							"Succeeded"
						]
					}
				],
				"policy": {
					"timeout": "7.00:00:00",
					"retry": 0,
					"retryIntervalInSeconds": 30,
					"secureOutput": false,
					"secureInput": false
				},
				"userProperties": [],
				"typeProperties": {
					"source": {
						"type": "AzureSqlSource",
						"sqlReaderStoredProcedureName": {
							"value": "@concat(pipeline().parameters.pMetadataDBSchema,'.','ETLRunLogAddOrUpdate')",
							"type": "Expression"
						},
						"storedProcedureParameters": {
							"pDTCreated": {
								"type": "String",
								"value": {
									"value": "@pipeline().parameters.pETLRunLogStartDate",
									"type": "Expression"
								}
							},
							"pDTEnd": {
								"type": "String",
								"value": {
									"value": "@utcnow()",
									"type": "Expression"
								}
							},
							"pDTStart": {
								"type": "String",
								"value": {
									"value": "@pipeline().parameters.pETLRunLogStartDate",
									"type": "Expression"
								}
							},
							"pETLProcessName": {
								"type": "String",
								"value": {
									"value": "@pipeline().Pipeline",
									"type": "Expression"
								}
							},
							"pETLProcessRunID": {
								"type": "String",
								"value": {
									"value": "@pipeline().RunId",
									"type": "Expression"
								}
							},
							"pETLRunLogID": {
								"type": "String",
								"value": {
									"value": "@pipeline().parameters.pETLRunLogId",
									"type": "Expression"
								}
							},
							"pETLRunLogStatusID": {
								"type": "String",
								"value": {
									"value": "25002",
									"type": "Expression"
								}
							},
							"pKeepValueFlag": {
								"type": "String",
								"value": "0"
							},
							"pUserCreated": {
								"type": "String",
								"value": {
									"value": "@pipeline().parameters.pUserCreated",
									"type": "Expression"
								}
							}
						},
						"queryTimeout": "02:00:00",
						"partitionOption": "None"
					},
					"dataset": {
						"referenceName": "azdbdna_ds_metadata",
						"type": "DatasetReference"
					},
					"firstRowOnly": true
				}
			},
			{
				"name": "ExecuteServeLoad",
				"description": "Executes the ServeLoad pipeline.",
				"type": "ExecutePipeline",
				"dependsOn": [
					{
						"activity": "ProcessEachAsset",
						"dependencyConditions": [
							"Succeeded"
						]
					}
				],
				"userProperties": [],
				"typeProperties": {
					"pipeline": {
						"referenceName": "CF_ServeLoad",
						"type": "PipelineReference"
					},
					"waitOnCompletion": true,
					"parameters": {
						"pFeedId": {
							"value": "@pipeline().parameters.pFeedId",
							"type": "Expression"
						},
						"pETLRunLogID": {
							"value": "@pipeline().parameters.pETLRunLogId",
							"type": "Expression"
						},
						"pPSATableName": {
							"value": "@pipeline().parameters.pPSATableName",
							"type": "Expression"
						}
					}
				}
			},
			{
				"name": "InsertETLAuditCompleted",
				"type": "SqlServerStoredProcedure",
				"dependsOn": [
					{
						"activity": "UpdateETLRunLogStatus",
						"dependencyConditions": [
							"Succeeded"
						]
					}
				],
				"policy": {
					"timeout": "7.00:00:00",
					"retry": 0,
					"retryIntervalInSeconds": 30,
					"secureOutput": false,
					"secureInput": false
				},
				"userProperties": [],
				"typeProperties": {
					"storedProcedureName": "[psa].[sp_cf_etl_audit]",
					"storedProcedureParameters": {
						"etl_runlog_id": {
							"value": {
								"value": "@pipeline().parameters.pETLRunLogId",
								"type": "Expression"
							},
							"type": "Int32"
						},
						"feed_id": {
							"value": {
								"value": "@pipeline().parameters.pFeedId",
								"type": "Expression"
							},
							"type": "Int32"
						},
						"feed_status": {
							"value": "COMPLETED",
							"type": "String"
						}
					}
				},
				"linkedServiceName": {
					"referenceName": "azsyndna_curated_dw",
					"type": "LinkedServiceReference"
				}
			}
		],
		"parameters": {
			"pMetadataDBSchema": {
				"type": "string",
				"defaultValue": "dbo"
			},
			"pFeedId": {
				"type": "string"
			},
			"pAssets": {
				"type": "array"
			},
			"pETLRunLogId": {
				"type": "string"
			},
			"pETLRunLogStartDate": {
				"type": "string"
			},
			"pPSASchema": {
				"type": "string"
			},
			"pPSATableName": {
				"type": "string"
			},
			"pUserCreated": {
				"type": "string"
			}
		},
		"folder": {
			"name": "CurationFramework/Incremental/PSAToServe/TaskTemplates"
		},
		"annotations": []
	}
}