{
	"name": "CF_ProcessProgram",
	"properties": {
		"activities": [
			{
				"name": "Lookup Steps",
				"type": "Lookup",
				"dependsOn": [],
				"policy": {
					"timeout": "7.00:00:00",
					"retry": 0,
					"retryIntervalInSeconds": 30,
					"secureOutput": false,
					"secureInput": false
				},
				"userProperties": [],
				"typeProperties": {
					"source": {
						"type": "SqlDWSource",
						"sqlReaderStoredProcedureName": "[psa].[sp_cf_program_batch]",
						"storedProcedureParameters": {
							"programid": {
								"type": "Int32",
								"value": {
									"value": "@pipeline().parameters.ProgramID",
									"type": "Expression"
								}
							}
						},
						"queryTimeout": "02:00:00",
						"partitionOption": "None"
					},
					"dataset": {
						"referenceName": "azsyndna_dataset",
						"type": "DatasetReference"
					},
					"firstRowOnly": false
				}
			},
			{
				"name": "ForEach Step",
				"type": "ForEach",
				"dependsOn": [
					{
						"activity": "Lookup Steps",
						"dependencyConditions": [
							"Succeeded"
						]
					}
				],
				"userProperties": [],
				"typeProperties": {
					"items": {
						"value": "@activity('Lookup Steps').output.value",
						"type": "Expression"
					},
					"isSequential": true,
					"activities": [
						{
							"name": "Switch1",
							"type": "Switch",
							"dependsOn": [
								{
									"activity": "Set variable step id",
									"dependencyConditions": [
										"Succeeded"
									]
								}
							],
							"userProperties": [],
							"typeProperties": {
								"on": {
									"value": "@item().Seq_or_Parra",
									"type": "Expression"
								},
								"cases": [
									{
										"value": "Seq",
										"activities": [
											{
												"name": "Execute Process Program Seq",
												"type": "ExecutePipeline",
												"dependsOn": [],
												"userProperties": [],
												"typeProperties": {
													"pipeline": {
														"referenceName": "CF_ProcessProgram_Seq",
														"type": "PipelineReference"
													},
													"waitOnCompletion": true,
													"parameters": {
														"program_id": {
															"value": "@pipeline().parameters.ProgramID",
															"type": "Expression"
														},
														"step_id": {
															"value": "@variables('vStepID')",
															"type": "Expression"
														}
													}
												}
											}
										]
									},
									{
										"value": "Parra",
										"activities": [
											{
												"name": "Execute ProcessProgram Par",
												"type": "ExecutePipeline",
												"dependsOn": [],
												"userProperties": [],
												"typeProperties": {
													"pipeline": {
														"referenceName": "CF_ProcessProgram_Par",
														"type": "PipelineReference"
													},
													"waitOnCompletion": true,
													"parameters": {
														"program_id": {
															"value": "@pipeline().parameters.ProgramID",
															"type": "Expression"
														},
														"step_id": {
															"value": "@variables('vStepID')",
															"type": "Expression"
														}
													}
												}
											}
										]
									}
								],
								"defaultActivities": [
									{
										"name": "Wait1",
										"type": "Wait",
										"dependsOn": [],
										"userProperties": [],
										"typeProperties": {
											"waitTimeInSeconds": 1
										}
									}
								]
							}
						},
						{
							"name": "Set variable step id",
							"type": "SetVariable",
							"dependsOn": [],
							"userProperties": [],
							"typeProperties": {
								"variableName": "vStepID",
								"value": {
									"value": "@string(item().step_id)",
									"type": "Expression"
								}
							}
						}
					]
				}
			}
		],
		"parameters": {
			"ProgramID": {
				"type": "string",
				"defaultValue": "0"
			}
		},
		"variables": {
			"vStepID": {
				"type": "String",
				"defaultValue": "0"
			}
		},
		"folder": {
			"name": "CurationFramework/Incremental/PSAToServe/Orchestration"
		},
		"annotations": []
	}
}