{
	"name": "CF_ProcessFeed",
	"properties": {
		"activities": [
			{
				"name": "GetEntityAttributes",
				"description": "Get Attribute Details from IF Metadata",
				"type": "Lookup",
				"dependsOn": [
					{
						"activity": "SetFeedAttributeQry",
						"dependencyConditions": [
							"Succeeded"
						]
					},
					{
						"activity": "GetFeedEntityParams",
						"dependencyConditions": [
							"Succeeded"
						]
					}
				],
				"policy": {
					"timeout": "7.00:00:00",
					"retry": 0,
					"retryIntervalInSeconds": 30,
					"secureOutput": false,
					"secureInput": false
				},
				"userProperties": [],
				"typeProperties": {
					"source": {
						"type": "AzureSqlSource",
						"sqlReaderQuery": {
							"value": "@replace(variables('vFeedAttributeQry'), '$EntityID', activity('GetFeedEntityParams').output.firstRow.EntityID)",
							"type": "Expression"
						},
						"queryTimeout": "02:00:00",
						"partitionOption": "None"
					},
					"dataset": {
						"referenceName": "azdbdna_ds_metadata",
						"type": "DatasetReference"
					},
					"firstRowOnly": false
				}
			},
			{
				"name": "IterateAssets",
				"description": "Iterate through Assets in the given feed",
				"type": "ForEach",
				"dependsOn": [
					{
						"activity": "GenerateSchema",
						"dependencyConditions": [
							"Succeeded"
						]
					},
					{
						"activity": "InitRunLogStatus",
						"dependencyConditions": [
							"Succeeded"
						]
					}
				],
				"userProperties": [],
				"typeProperties": {
					"items": {
						"value": "@json(pipeline().parameters.pAssetList)",
						"type": "Expression"
					},
					"isSequential": true,
					"activities": [
						{
							"name": "CheckToProceed",
							"description": "Check if it is good to process current asset based on previous asset process Status",
							"type": "IfCondition",
							"dependsOn": [],
							"userProperties": [],
							"typeProperties": {
								"expression": {
									"value": "@equals(variables('vProceedInd'), 'NO')",
									"type": "Expression"
								},
								"ifFalseActivities": [
									{
										"name": "ExecuteProcessAssetCleansed",
										"description": "Process Assets against the given feed in Cleansed Area to  load to lod layer",
										"type": "ExecutePipeline",
										"dependsOn": [],
										"userProperties": [],
										"typeProperties": {
											"pipeline": {
												"referenceName": "CF_ProcessAssetsCleansed",
												"type": "PipelineReference"
											},
											"waitOnCompletion": true,
											"parameters": {
												"pAssetID": {
													"value": "@item().AssetID",
													"type": "Expression"
												},
												"pPSATable": {
													"value": "@pipeline().parameters.pPSATable",
													"type": "Expression"
												},
												"pContainer": {
													"value": "@item().Container",
													"type": "Expression"
												},
												"pAssetLocation": {
													"value": "@item().AssetLocation",
													"type": "Expression"
												},
												"pAssetName": {
													"value": "@item().AssetName",
													"type": "Expression"
												},
												"pEncoding": {
													"value": "@item().Encoding",
													"type": "Expression"
												},
												"pFilterFlag": {
													"value": "@activity('GetCFFeedParams').output.firstRow.filter_flag",
													"type": "Expression"
												},
												"pIngestionDB": {
													"value": "@pipeline().parameters.pIngestionDB",
													"type": "Expression"
												},
												"pUser": {
													"value": "@pipeline().parameters.pUser",
													"type": "Expression"
												},
												"pRunLogID": {
													"value": "@pipeline().parameters.pRunLogID",
													"type": "Expression"
												},
												"pLoadTargetSchema": {
													"value": "@pipeline().parameters.pLoadTargetSchema",
													"type": "Expression"
												},
												"pFilterKeyStart": {
													"value": "@activity('GetCFFeedParams').output.firstRow.filter_key_start",
													"type": "Expression"
												},
												"pFilterKeyEnd": {
													"value": "@activity('GetCFFeedParams').output.firstRow.filter_key_end",
													"type": "Expression"
												},
												"pFilterInFlag": {
													"value": "@activity('GetCFFeedParams').output.firstRow.filter_in_flag",
													"type": "Expression"
												},
												"pNumRowsHeader": {
													"value": "@activity('GetFeedEntityParams').output.firstRow.NumRowsHeader",
													"type": "Expression"
												},
												"pNumRowsFooter": {
													"value": "@activity('GetFeedEntityParams').output.firstRow.NumRowsFooter",
													"type": "Expression"
												},
												"pEntityAttributes": {
													"value": "@activity('GetEntityAttributes').output.value",
													"type": "Expression"
												},
												"pFieldDelimiter": {
													"value": "@activity('GetFeedEntityParams').output.firstRow.FieldDelimiter",
													"type": "Expression"
												},
												"pNullConvChar": {
													"value": "@activity('GetCFFeedParams').output.firstRow.null_conv_char",
													"type": "Expression"
												},
												"pSystemOfRecordID": {
													"value": "@pipeline().parameters.pSystemOfRecordID",
													"type": "Expression"
												},
												"pLoadTargetTable": {
													"value": "@pipeline().parameters.pLoadTargetTable",
													"type": "Expression"
												},
												"pDeltaSP": {
													"value": "@activity('GetCFFeedParams').output.firstRow.deltaSP",
													"type": "Expression"
												},
												"pBusinessKey": {
													"value": "@activity('GetFeedEntityParams').output.firstRow.BusinessKey",
													"type": "Expression"
												},
												"pIncrementalType": {
													"value": "@activity('GetFeedEntityParams').output.firstRow.IncrementalType",
													"type": "Expression"
												},
												"pRunLogStartDate": {
													"value": "@pipeline().parameters.pRunLogStartDate",
													"type": "Expression"
												},
												"pFeedID": {
													"value": "@pipeline().parameters.pFeedID",
													"type": "Expression"
												},
												"pMapping": {
													"value": "@activity('GenerateSchema').output.mappings",
													"type": "Expression"
												},
												"pFileProcess": {
													"value": "@variables('vFileProcess')",
													"type": "Expression"
												},
												"pFieldWrapper": {
													"value": "@activity('GetFeedEntityParams').output.firstRow.FieldWrapper",
													"type": "Expression"
												},
												"pEscapeChar": {
													"value": "@activity('GetFeedEntityParams').output.firstRow.EscapeChar",
													"type": "Expression"
												},
												"pFilterValue": {
													"value": "@activity('GetCFFeedParams').output.firstRow.filter_value",
													"type": "Expression"
												}
											}
										}
									},
									{
										"name": "SetAssetStatusToPSAFailed",
										"description": "Set Asset status to PSA Failed in IF metadata",
										"type": "Lookup",
										"dependsOn": [
											{
												"activity": "SetProceedIndicator",
												"dependencyConditions": [
													"Completed"
												]
											}
										],
										"policy": {
											"timeout": "7.00:00:00",
											"retry": 0,
											"retryIntervalInSeconds": 30,
											"secureOutput": false,
											"secureInput": false
										},
										"userProperties": [],
										"typeProperties": {
											"source": {
												"type": "AzureSqlSource",
												"sqlReaderStoredProcedureName": {
													"value": "@concat(pipeline().parameters.pIngestionDB,'.','AssetStatusChange')",
													"type": "Expression"
												},
												"storedProcedureParameters": {
													"pAssetID": {
														"type": "String",
														"value": {
															"value": "@item().AssetID",
															"type": "Expression"
														}
													},
													"pDTCreated": {
														"type": "Datetime",
														"value": {
															"value": "@utcnow()",
															"type": "Expression"
														}
													},
													"pStatusID": {
														"type": "String",
														"value": {
															"value": "24028",
															"type": "Expression"
														}
													},
													"pUserCreated": {
														"type": "String",
														"value": {
															"value": "@pipeline().parameters.pUser",
															"type": "Expression"
														}
													}
												},
												"queryTimeout": "02:00:00",
												"partitionOption": "None"
											},
											"dataset": {
												"referenceName": "azdbdna_ds_metadata",
												"type": "DatasetReference"
											}
										}
									},
									{
										"name": "CleanupLoadTable",
										"description": "Clear  Load table If any failure",
										"type": "Lookup",
										"dependsOn": [
											{
												"activity": "ExecuteProcessAssetCleansed",
												"dependencyConditions": [
													"Completed"
												]
											}
										],
										"policy": {
											"timeout": "7.00:00:00",
											"retry": 3,
											"retryIntervalInSeconds": 30,
											"secureOutput": false,
											"secureInput": false
										},
										"userProperties": [],
										"typeProperties": {
											"source": {
												"type": "SqlDWSource",
												"sqlReaderQuery": {
													"value": "@concat('IF OBJECT_ID(''', pipeline().parameters.pLoadTargetSchema, '.', pipeline().parameters.pLoadTargetTable, ''') IS NOT NULL\nBEGIN\n    TRUNCATE TABLE ', pipeline().parameters.pLoadTargetSchema, '.', pipeline().parameters.pLoadTargetTable, '\n\tSELECT 0 ProcedureStatus\nEND\nELSE\nBEGIN\n\tSELECT 1 ProcedureStatus\nEND')",
													"type": "Expression"
												},
												"queryTimeout": "02:00:00",
												"partitionOption": "None"
											},
											"dataset": {
												"referenceName": "azsyndna_ds",
												"type": "DatasetReference",
												"parameters": {
													"pSynTable": "N",
													"pSynSchema": "N"
												}
											}
										}
									},
									{
										"name": "SetProceedIndicator",
										"description": "Set Proceed Indicator to decide whether to proceed with next asset",
										"type": "SetVariable",
										"dependsOn": [
											{
												"activity": "ExecuteProcessAssetCleansed",
												"dependencyConditions": [
													"Failed"
												]
											}
										],
										"userProperties": [],
										"typeProperties": {
											"variableName": "vProceedInd",
											"value": "NO"
										}
									},
									{
										"name": "SetRunLogStatus",
										"description": "Set Runlog Status to indicate that atleast one asset is succeeded and it is not a total error(can be partial error) anymore",
										"type": "SetVariable",
										"dependsOn": [
											{
												"activity": "ExecuteProcessAssetCleansed",
												"dependencyConditions": [
													"Succeeded"
												]
											}
										],
										"userProperties": [],
										"typeProperties": {
											"variableName": "vRunLogStatus",
											"value": "25004"
										}
									}
								],
								"ifTrueActivities": [
									{
										"name": "SetAsPSAFailedAsset",
										"description": "Set Asset status to PSA Failed in IF metadata",
										"type": "Lookup",
										"dependsOn": [],
										"policy": {
											"timeout": "7.00:00:00",
											"retry": 0,
											"retryIntervalInSeconds": 30,
											"secureOutput": false,
											"secureInput": false
										},
										"userProperties": [],
										"typeProperties": {
											"source": {
												"type": "AzureSqlSource",
												"sqlReaderStoredProcedureName": {
													"value": "@concat(pipeline().parameters.pIngestionDB,'.','AssetStatusChange')",
													"type": "Expression"
												},
												"storedProcedureParameters": {
													"pAssetID": {
														"type": "String",
														"value": {
															"value": "@item().AssetID",
															"type": "Expression"
														}
													},
													"pDTCreated": {
														"type": "Datetime",
														"value": {
															"value": "@utcnow()",
															"type": "Expression"
														}
													},
													"pStatusID": {
														"type": "String",
														"value": {
															"value": "24028",
															"type": "Expression"
														}
													},
													"pUserCreated": {
														"type": "String",
														"value": {
															"value": "@pipeline().parameters.pUser",
															"type": "Expression"
														}
													}
												},
												"queryTimeout": "02:00:00",
												"partitionOption": "None"
											},
											"dataset": {
												"referenceName": "azdbdna_ds_metadata",
												"type": "DatasetReference"
											}
										}
									}
								]
							}
						}
					]
				}
			},
			{
				"name": "GenerateSchema",
				"description": "Call the Azure Function 'CurationJsonDataMapping' for getting the dynamic mapping json.\n\nInputs : Column Structure from the Table Metadata, Column count from the file and Column count from file metadata activity",
				"type": "AzureFunctionActivity",
				"dependsOn": [
					{
						"activity": "SetFinalAttributes",
						"dependencyConditions": [
							"Succeeded"
						]
					},
					{
						"activity": "GetCFFeedParams",
						"dependencyConditions": [
							"Succeeded"
						]
					},
					{
						"activity": "SetFileProcessType",
						"dependencyConditions": [
							"Succeeded"
						]
					}
				],
				"policy": {
					"timeout": "7.00:00:00",
					"retry": 0,
					"retryIntervalInSeconds": 30,
					"secureOutput": false,
					"secureInput": false
				},
				"userProperties": [],
				"typeProperties": {
					"functionName": "CurationJsonDataMapping",
					"method": "POST",
					"headers": {
						"columnCount": {
							"value": "@if(equals(variables('vFileProcess'), 'HEADER'), string(length(variables('vFinalAttributes'))), string(length(activity('GetEntityAttributes').output.value)))",
							"type": "Expression"
						},
						"addParamFlag": {
							"value": "@if(equals(variables('vFileProcess'), 'HEADER'), 'N', 'Y')",
							"type": "Expression"
						}
					},
					"body": {
						"value": "@json(concat('{ \"structure\" : ', variables('vFinalAttributes'), ' }'))",
						"type": "Expression"
					}
				},
				"linkedServiceName": {
					"referenceName": "azfnapp_curated_datamapping",
					"type": "LinkedServiceReference"
				}
			},
			{
				"name": "SetFeedAttributeQry",
				"description": "Set query string to retrieve feed Attributes",
				"type": "SetVariable",
				"dependsOn": [],
				"userProperties": [],
				"typeProperties": {
					"variableName": "vFeedAttributeQry",
					"value": {
						"value": "DECLARE @pEntityID nvarchar(20) = $EntityID\nDECLARE @tablevar table(AttributeList nvarchar(max), ProcedureStatus int, ProcedureMessage nvarchar(max))\nDECLARE @AttributeList nvarchar(max)\nDECLARE @AttributeCount nvarchar(max)\n\nbegin \ninsert into @tablevar(AttributeList, ProcedureStatus, ProcedureMessage) \n    EXECUTE [dbo].[EntityAttributesGet] @pEntityID\nSELECT @AttributeList = AttributeList from @tablevar\nSELECT @AttributeList =JSON_QUERY(@AttributeList, '$.Attribute')\nSELECT @AttributeCount = count(*) FROM OPENJSON(@AttributeList)\nSELECT \n    A.AttributeName physicalName,\n    A.Position,\n    A.DataType logicalType,\n    (A.FixWidthStart - 1) FixWidthStart,\n    (A.FixWidthStart + A.DataWidth - 1) FixWidthEnd\nFROM OPENJSON(@AttributeList)  \n  WITH (\n    AttributeName NVARCHAR(100) '$.AttributeName',\n    Position int '$.Position',\n    DataType NVARCHAR(10) '$.DataType',\n    FixWidthStart int '$.FixWidthStart',\n    DataWidth int '$.DataWidth'\n  ) A order by A.Position\nend",
						"type": "Expression"
					}
				}
			},
			{
				"name": "SetAdditionalAttributes",
				"description": "Set Additional Housekeeping Attributes",
				"type": "SetVariable",
				"dependsOn": [],
				"userProperties": [],
				"typeProperties": {
					"variableName": "vAddAttributes",
					"value": [
						{
							"physicalName": "etl_runlog_id",
							"logicalType": "String"
						},
						{
							"physicalName": "asset_id",
							"logicalType": "String"
						},
						{
							"physicalName": "record_source_id",
							"logicalType": "String"
						}
					]
				}
			},
			{
				"name": "SetFinalAttributes",
				"description": "Union Original and Additional Attributes to generate Final Attribute List",
				"type": "SetVariable",
				"dependsOn": [
					{
						"activity": "SetAdditionalAttributes",
						"dependencyConditions": [
							"Succeeded"
						]
					},
					{
						"activity": "GetEntityAttributes",
						"dependencyConditions": [
							"Succeeded"
						]
					}
				],
				"userProperties": [],
				"typeProperties": {
					"variableName": "vFinalAttributes",
					"value": {
						"value": "@union(activity('GetEntityAttributes').output.value,variables('vAddAttributes'))",
						"type": "Expression"
					}
				}
			},
			{
				"name": "GetFeedEntityParams",
				"description": "Retrieve Feed Params from IF Metadata",
				"type": "Lookup",
				"dependsOn": [
					{
						"activity": "SetFeedEntityParamQry",
						"dependencyConditions": [
							"Succeeded"
						]
					}
				],
				"policy": {
					"timeout": "7.00:00:00",
					"retry": 0,
					"retryIntervalInSeconds": 30,
					"secureOutput": false,
					"secureInput": false
				},
				"userProperties": [],
				"typeProperties": {
					"source": {
						"type": "AzureSqlSource",
						"sqlReaderQuery": {
							"value": "@replace(replace(variables('vFeedEntityQry'),'$FeedID',string(pipeline().parameters.pFeedID)),'$Schema',pipeline().parameters.pIngestionDB)",
							"type": "Expression"
						},
						"queryTimeout": "02:00:00",
						"partitionOption": "None"
					},
					"dataset": {
						"referenceName": "azdbdna_ds_metadata",
						"type": "DatasetReference"
					},
					"firstRowOnly": true
				}
			},
			{
				"name": "SetFeedEntityParamQry",
				"description": "Set query string to retrieve feed entity params",
				"type": "SetVariable",
				"dependsOn": [],
				"userProperties": [],
				"typeProperties": {
					"variableName": "vFeedEntityQry",
					"value": "DECLARE @pFeedID nvarchar(20) = $FeedID\nDECLARE @tablevar table(FeedEntityDetails nvarchar(max), ProcedureStatus int, ProcedureMessage nvarchar(max))\nDECLARE @feedEntity nvarchar(max)\n\nbegin \ninsert into @tablevar(FeedEntityDetails, ProcedureStatus, ProcedureMessage) \n    EXECUTE [$Schema].[FeedEntityParametersGet] @pFeedID\nSELECT @feedEntity = FeedEntityDetails from @tablevar\nSELECT @feedEntity =JSON_QUERY(@feedEntity, '$.FeedEntity[0]')\nSELECT \n    A.EntityID,\n    A.MinNumFiles,\n    A.MaxNumFiles,\n    A.NumRowsHeader,\n    A.NumRowsFooter,\n    A.DelimitedFlag,\n    A.FieldDelimiter,\n    A.FieldWrapper,\n    A.EscapeChar,\n    A.BusinessKey,\n    A.IncrementalType\nFROM OPENJSON(@feedEntity)  \n  WITH (\n    EntityID NVARCHAR(50) '$.EntityID',\n    MinNumFiles NVARCHAR(5) '$.MinNumFiles',\n    MaxNumFiles NVARCHAR(5) '$.MaxNumFiles',\n    NumRowsHeader  NVARCHAR(5) '$.NumRowsHeader',\n    NumRowsFooter NVARCHAR(5) '$.NumRowsFooter',\n    DelimitedFlag  NVARCHAR(5) '$.DelimitedFlag',\n    FieldDelimiter NVARCHAR(5) '$.FieldDelimiter',\n    FieldWrapper  NVARCHAR(5) '$.FieldWrapper',\n    EscapeChar  NVARCHAR(5) '$.EscapeChar',\n    BusinessKey NVARCHAR(150) '$.BusinessKey',\n    IncrementalType NVARCHAR(10) '$.IncrementalType'\n  ) A\nend"
				}
			},
			{
				"name": "GetCFFeedParams",
				"description": "Get Curation Framework Feed Params",
				"type": "Lookup",
				"dependsOn": [
					{
						"activity": "SetCFFeedParamQry",
						"dependencyConditions": [
							"Succeeded"
						]
					}
				],
				"policy": {
					"timeout": "7.00:00:00",
					"retry": 0,
					"retryIntervalInSeconds": 30,
					"secureOutput": false,
					"secureInput": false
				},
				"userProperties": [],
				"typeProperties": {
					"source": {
						"type": "SqlDWSource",
						"sqlReaderQuery": {
							"value": "@replace(variables('vFeedParamQry'), '$PSATable', pipeline().parameters.pPSATable)",
							"type": "Expression"
						},
						"queryTimeout": "02:00:00",
						"partitionOption": "None"
					},
					"dataset": {
						"referenceName": "azsyndna_ds",
						"type": "DatasetReference",
						"parameters": {
							"pSynTable": "N",
							"pSynSchema": "N"
						}
					},
					"firstRowOnly": true
				}
			},
			{
				"name": "SetCFFeedParamQry",
				"description": "Set query string to retrieve curation framework feed params",
				"type": "SetVariable",
				"dependsOn": [],
				"userProperties": [],
				"typeProperties": {
					"variableName": "vFeedParamQry",
					"value": "select dsp.sp_name deltaSP,\n  csp.sp_name cfSP,\n  case when fil.filter_value is not null\n  then 'Y'\n  else 'N'\n  end as filter_flag,\n  fil.filter_value,\n  fil.filter_key_start,\n  fil.filter_key_end, \n  fil.filter_in_flag,\n  depends_on,\n  case when null_conv_char is null\n  then 'NOVAL'\n  else null_conv_char\n  end as null_conv_char\nfrom [psa].[cf_feed_configuration] feed \njoin \n[psa].[cf_stored_proc] dsp\non feed.delta_capture_sp = dsp.sp_id\njoin \n[psa].[cf_stored_proc] csp\non feed.curation_sp = csp.sp_id\nleft join \n[psa].[cf_feed_filter] fil\non\nfeed.record_filter_id = fil.filter_id and fil.active_flag = 1\nwhere feed.psa_table_name = '$PSATable'\nand feed.active_flag = 1\nand dsp.active_flag = 1\nand csp.active_flag = 1"
				}
			},
			{
				"name": "SetFileProcessType",
				"description": "Set File Process Type based on delimiter, header, footer, escape char and field wrapper",
				"type": "SetVariable",
				"dependsOn": [
					{
						"activity": "GetEntityAttributes",
						"dependencyConditions": [
							"Succeeded"
						]
					}
				],
				"userProperties": [],
				"typeProperties": {
					"variableName": "vFileProcess",
					"value": {
						"value": "@if(and(equals(activity('GetFeedEntityParams').output.firstRow.DelimitedFlag, 'Y'), greater(int(activity('GetFeedEntityParams').output.firstRow.NumRowsFooter), 0)), 'FOOTER', if(and(greater(int(activity('GetFeedEntityParams').output.firstRow.NumRowsHeader), 0), equals(int(activity('GetFeedEntityParams').output.firstRow.NumRowsFooter), 0)), 'HEADER', if(equals(activity('GetFeedEntityParams').output.firstRow.DelimitedFlag, 'N'),'FIXEDWIDTH','NOTDEFINED')))",
						"type": "Expression"
					}
				}
			},
			{
				"name": "InitRunLogStatus",
				"description": "Initialize RunLog Failure Status",
				"type": "SetVariable",
				"dependsOn": [
					{
						"activity": "InitProceedIndicator",
						"dependencyConditions": [
							"Succeeded"
						]
					}
				],
				"userProperties": [],
				"typeProperties": {
					"variableName": "vRunLogStatus",
					"value": {
						"value": "25003",
						"type": "Expression"
					}
				}
			},
			{
				"name": "InitProceedIndicator",
				"description": "Initialize Proceed Indicator",
				"type": "SetVariable",
				"dependsOn": [],
				"userProperties": [],
				"typeProperties": {
					"variableName": "vProceedInd",
					"value": {
						"value": "YES",
						"type": "Expression"
					}
				}
			},
			{
				"name": "CheckAssetStatus",
				"description": "Check Asset Status Indicator to set feed status",
				"type": "IfCondition",
				"dependsOn": [
					{
						"activity": "IterateAssets",
						"dependencyConditions": [
							"Succeeded"
						]
					}
				],
				"userProperties": [],
				"typeProperties": {
					"expression": {
						"value": "@equals(variables('vProceedInd'), 'NO')",
						"type": "Expression"
					},
					"ifFalseActivities": [
						{
							"name": "UpdateETLRunLogSuccess",
							"description": "Update ETLRunLog Status to Finished",
							"type": "Lookup",
							"dependsOn": [],
							"policy": {
								"timeout": "7.00:00:00",
								"retry": 0,
								"retryIntervalInSeconds": 30,
								"secureOutput": false,
								"secureInput": false
							},
							"userProperties": [],
							"typeProperties": {
								"source": {
									"type": "AzureSqlSource",
									"sqlReaderStoredProcedureName": {
										"value": "@concat(pipeline().parameters.pIngestionDB,'.','ETLRunLogAddOrUpdate')",
										"type": "Expression"
									},
									"storedProcedureParameters": {
										"pDTCreated": {
											"type": "Datetime",
											"value": {
												"value": "@pipeline().parameters.pRunLogStartDate",
												"type": "Expression"
											}
										},
										"pDTEnd": {
											"type": "Datetime",
											"value": {
												"value": "@utcnow()",
												"type": "Expression"
											}
										},
										"pDTStart": {
											"type": "Datetime",
											"value": {
												"value": "@pipeline().parameters.pRunLogStartDate",
												"type": "Expression"
											}
										},
										"pETLProcessName": {
											"type": "String",
											"value": {
												"value": "@pipeline().Pipeline",
												"type": "Expression"
											}
										},
										"pETLProcessRunID": {
											"type": "String",
											"value": {
												"value": "@pipeline().RunId",
												"type": "Expression"
											}
										},
										"pETLRunLogID": {
											"type": "String",
											"value": {
												"value": "@pipeline().parameters.pRunLogID",
												"type": "Expression"
											}
										},
										"pETLRunLogStatusID": {
											"type": "String",
											"value": {
												"value": "25002",
												"type": "Expression"
											}
										},
										"pKeepValueFlag": {
											"type": "String",
											"value": "0"
										},
										"pUserCreated": {
											"type": "String",
											"value": {
												"value": "@pipeline().parameters.pUser",
												"type": "Expression"
											}
										}
									},
									"queryTimeout": "02:00:00",
									"partitionOption": "None"
								},
								"dataset": {
									"referenceName": "azdbdna_ds_metadata",
									"type": "DatasetReference"
								},
								"firstRowOnly": true
							}
						},
						{
							"name": "UpdateCFAuditSuccess",
							"type": "SqlServerStoredProcedure",
							"dependsOn": [
								{
									"activity": "UpdateETLRunLogSuccess",
									"dependencyConditions": [
										"Completed"
									]
								}
							],
							"policy": {
								"timeout": "7.00:00:00",
								"retry": 0,
								"retryIntervalInSeconds": 30,
								"secureOutput": false,
								"secureInput": false
							},
							"userProperties": [],
							"typeProperties": {
								"storedProcedureName": "[psa].[sp_cf_etl_audit]",
								"storedProcedureParameters": {
									"feed_id": {
										"value": {
											"value": "@pipeline().parameters.pFeedID",
											"type": "Expression"
										},
										"type": "Int32"
									},
									"etl_runlog_id": {
										"value": {
											"value": "@pipeline().parameters.pRunLogID",
											"type": "Expression"
										},
										"type": "Int32"
									},
									"feed_status": {
										"value": {
											"value": "COMPLETED",
											"type": "Expression"
										},
										"type": "String"
									}
								}
							},
							"linkedServiceName": {
								"referenceName": "azsyndna_curated_dw",
								"type": "LinkedServiceReference"
							}
						}
					],
					"ifTrueActivities": [
						{
							"name": "ExecureFeedFailurePSA",
							"type": "ExecutePipeline",
							"dependsOn": [],
							"userProperties": [],
							"typeProperties": {
								"pipeline": {
									"referenceName": "CF_FeedProcessFailure",
									"type": "PipelineReference"
								},
								"waitOnCompletion": true,
								"parameters": {
									"pIngestionDB": {
										"value": "@pipeline().parameters.pIngestionDB",
										"type": "Expression"
									},
									"pUser": {
										"value": "@pipeline().parameters.pUser",
										"type": "Expression"
									},
									"pRunLogID": {
										"value": "@pipeline().parameters.pRunLogID",
										"type": "Expression"
									},
									"pRunLogstartDate": {
										"value": "@pipeline().parameters.pRunLogStartDate",
										"type": "Expression"
									},
									"pFeedID": {
										"value": "@pipeline().parameters.pFeedID",
										"type": "Expression"
									}
								}
							}
						}
					]
				}
			},
			{
				"name": "ExecureFeedFailurePSALoad",
				"type": "ExecutePipeline",
				"dependsOn": [
					{
						"activity": "IterateAssets",
						"dependencyConditions": [
							"Failed"
						]
					}
				],
				"userProperties": [],
				"typeProperties": {
					"pipeline": {
						"referenceName": "CF_FeedProcessFailure",
						"type": "PipelineReference"
					},
					"waitOnCompletion": true,
					"parameters": {
						"pIngestionDB": {
							"value": "@pipeline().parameters.pIngestionDB",
							"type": "Expression"
						},
						"pUser": {
							"value": "@pipeline().parameters.pUser",
							"type": "Expression"
						},
						"pRunLogID": {
							"value": "@pipeline().parameters.pRunLogID",
							"type": "Expression"
						},
						"pRunLogstartDate": {
							"value": "@pipeline().parameters.pRunLogStartDate",
							"type": "Expression"
						},
						"pFeedID": {
							"value": "@pipeline().parameters.pFeedID",
							"type": "Expression"
						}
					}
				}
			}
		],
		"parameters": {
			"pFeedID": {
				"type": "string"
			},
			"pRunLogStartDate": {
				"type": "string"
			},
			"pIngestionDB": {
				"type": "string"
			},
			"pUser": {
				"type": "string"
			},
			"pRunLogID": {
				"type": "string"
			},
			"pLoadTargetSchema": {
				"type": "string"
			},
			"pLoadTargetTable": {
				"type": "string"
			},
			"pSystemOfRecordID": {
				"type": "string"
			},
			"pAssetList": {
				"type": "string"
			},
			"pPSATable": {
				"type": "string"
			}
		},
		"variables": {
			"vFeedEntityQry": {
				"type": "String"
			},
			"vFeedParamQry": {
				"type": "String"
			},
			"vFeedAttributeQry": {
				"type": "String"
			},
			"vAddAttributes": {
				"type": "Array"
			},
			"vFinalAttributes": {
				"type": "Array"
			},
			"vFileProcess": {
				"type": "String"
			},
			"vProceedInd": {
				"type": "String",
				"defaultValue": "YES"
			},
			"vRunLogStatus": {
				"type": "String",
				"defaultValue": "25003"
			}
		},
		"folder": {
			"name": "CurationFramework/Incremental/CleansedToPSA/FeedProcess"
		},
		"annotations": []
	}
}