{
	"name": "CF_ProcessProgram_Seq",
	"properties": {
		"activities": [
			{
				"name": "Lookup_Steps",
				"type": "Lookup",
				"dependsOn": [],
				"policy": {
					"timeout": "7.00:00:00",
					"retry": 0,
					"retryIntervalInSeconds": 30,
					"secureOutput": false,
					"secureInput": false
				},
				"userProperties": [],
				"typeProperties": {
					"source": {
						"type": "SqlDWSource",
						"sqlReaderStoredProcedureName": "[psa].[sp_cf_program_batch_steps]",
						"storedProcedureParameters": {
							"programid": {
								"type": "Int32",
								"value": {
									"value": "@pipeline().parameters.program_id",
									"type": "Expression"
								}
							},
							"stepid": {
								"type": "Int32",
								"value": {
									"value": "@pipeline().parameters.step_id",
									"type": "Expression"
								}
							}
						},
						"queryTimeout": "02:00:00",
						"partitionOption": "None"
					},
					"dataset": {
						"referenceName": "azsyndna_dataset",
						"type": "DatasetReference"
					},
					"firstRowOnly": false
				}
			},
			{
				"name": "ForEach_Step",
				"type": "ForEach",
				"dependsOn": [
					{
						"activity": "Lookup_Steps",
						"dependencyConditions": [
							"Succeeded"
						]
					}
				],
				"userProperties": [],
				"typeProperties": {
					"items": {
						"value": "@activity('Lookup_Steps').output.value",
						"type": "Expression"
					},
					"isSequential": true,
					"activities": [
						{
							"name": "Execute CF_ProcessBatch",
							"type": "ExecutePipeline",
							"dependsOn": [],
							"userProperties": [],
							"typeProperties": {
								"pipeline": {
									"referenceName": "CF_ProcessBatches",
									"type": "PipelineReference"
								},
								"waitOnCompletion": true,
								"parameters": {
									"pBatchList": {
										"value": "@item().Parra_Step_Batch",
										"type": "Expression"
									},
									"pProjectId": {
										"value": "@item().Parra_Step_Project_ID",
										"type": "Expression"
									}
								}
							}
						}
					]
				}
			}
		],
		"parameters": {
			"program_id": {
				"type": "string"
			},
			"step_id": {
				"type": "string"
			}
		},
		"folder": {
			"name": "CurationFramework/Incremental/PSAToServe/Orchestration"
		},
		"annotations": []
	}
}