{
	"name": "CF_ProcessValidFeeds",
	"properties": {
		"activities": [
			{
				"name": "GenerateETLRunLogIdServe",
				"description": "Call Stored Procedure '[dbo].[ETLRunLogAddOrUpdate]'\nArguments:\npDTCreated(CurrentTime)\npDTEnd(Blank)\npDTStart(Blank)\npETLProcessName(PipelineName)\npETLProcessRunID(PipelineId)\npETLRunLogID(Blank)\npETLRunLogStatusID(25001-Running)\npKeepValueFlag(0)\npUserCreated('CuratedUser')\n\n\nTHIS ACTIVITY WILL RETURN BACK A 'ETLRunLogID'",
				"type": "Lookup",
				"dependsOn": [
					{
						"activity": "SetETLRunLogStartDate",
						"dependencyConditions": [
							"Succeeded"
						]
					}
				],
				"policy": {
					"timeout": "7.00:00:00",
					"retry": 0,
					"retryIntervalInSeconds": 30,
					"secureOutput": false,
					"secureInput": false
				},
				"userProperties": [],
				"typeProperties": {
					"source": {
						"type": "AzureSqlSource",
						"sqlReaderStoredProcedureName": {
							"value": "@concat(pipeline().parameters.pMetadataDBSchema,'.','ETLRunLogAddOrUpdate')",
							"type": "Expression"
						},
						"storedProcedureParameters": {
							"pDTCreated": {
								"type": "String",
								"value": {
									"value": "@variables('vETLRunLogServeStartDate')",
									"type": "Expression"
								}
							},
							"pDTEnd": {
								"type": "String",
								"value": ""
							},
							"pDTStart": {
								"type": "String",
								"value": {
									"value": "@variables('vETLRunLogServeStartDate')",
									"type": "Expression"
								}
							},
							"pETLProcessName": {
								"type": "String",
								"value": {
									"value": "@pipeline().Pipeline",
									"type": "Expression"
								}
							},
							"pETLProcessRunID": {
								"type": "String",
								"value": {
									"value": "@pipeline().RunId",
									"type": "Expression"
								}
							},
							"pETLRunLogID": {
								"type": "String",
								"value": ""
							},
							"pETLRunLogStatusID": {
								"type": "String",
								"value": "25001"
							},
							"pKeepValueFlag": {
								"type": "String",
								"value": "0"
							},
							"pUserCreated": {
								"type": "String",
								"value": {
									"value": "@pipeline().parameters.pUserCreated",
									"type": "Expression"
								}
							}
						},
						"queryTimeout": "02:00:00",
						"partitionOption": "None"
					},
					"dataset": {
						"referenceName": "azdbdna_ds_metadata",
						"type": "DatasetReference"
					},
					"firstRowOnly": true
				}
			},
			{
				"name": "SetETLRunLogStartDate",
				"description": "Set ETLRunLogStartDate variable",
				"type": "SetVariable",
				"dependsOn": [],
				"userProperties": [],
				"typeProperties": {
					"variableName": "vETLRunLogServeStartDate",
					"value": {
						"value": "@utcnow('yyyyMMdd HH:mm:ss.fff')",
						"type": "Expression"
					}
				}
			},
			{
				"name": "ValidateETLRunLogId",
				"description": "Validates the ETLRunLogId",
				"type": "IfCondition",
				"dependsOn": [
					{
						"activity": "GenerateETLRunLogIdServe",
						"dependencyConditions": [
							"Succeeded"
						]
					}
				],
				"userProperties": [],
				"typeProperties": {
					"expression": {
						"value": "@if(equals(activity('GenerateETLRunLogIdServe').output.firstRow.ProcedureStatus,'0'),True,False)",
						"type": "Expression"
					},
					"ifFalseActivities": [
						{
							"name": "ETLRunLogIdGenerationFailed",
							"type": "Wait",
							"dependsOn": [],
							"userProperties": [],
							"typeProperties": {
								"waitTimeInSeconds": 1
							}
						}
					],
					"ifTrueActivities": [
						{
							"name": "InsertETLAuditStarted",
							"type": "SqlServerStoredProcedure",
							"dependsOn": [],
							"policy": {
								"timeout": "7.00:00:00",
								"retry": 0,
								"retryIntervalInSeconds": 30,
								"secureOutput": false,
								"secureInput": false
							},
							"userProperties": [],
							"typeProperties": {
								"storedProcedureName": "[psa].[sp_cf_etl_audit]",
								"storedProcedureParameters": {
									"etl_runlog_id": {
										"value": {
											"value": "@activity('GenerateETLRunLogIdServe').output.firstRow.ETLRunLogID",
											"type": "Expression"
										},
										"type": "Int32"
									},
									"feed_id": {
										"value": {
											"value": "@pipeline().parameters.pFeedId",
											"type": "Expression"
										},
										"type": "Int32"
									},
									"feed_status": {
										"value": "STARTED",
										"type": "String"
									}
								}
							},
							"linkedServiceName": {
								"referenceName": "azsyndna_curated_dw",
								"type": "LinkedServiceReference"
							}
						}
					]
				}
			},
			{
				"name": "ValidateFeedStatus",
				"type": "IfCondition",
				"dependsOn": [
					{
						"activity": "ValidateETLRunLogId",
						"dependencyConditions": [
							"Succeeded"
						]
					}
				],
				"userProperties": [],
				"typeProperties": {
					"expression": {
						"value": "@if(equals(pipeline().parameters.pAssets.FeedStatusName, 'Active'),True,False)",
						"type": "Expression"
					},
					"ifFalseActivities": [
						{
							"name": "UpdateETLRunLogFailureStatus",
							"description": "Call Stored Procedure '[dbo].[ETLRunLogAddOrUpdate]'\nArguments:\npDTCreated(CurrentTime)\npDTEnd(Blank)\npDTStart(Blank)\npETLProcessName(PipelineName)\npETLProcessRunID(PipelineId)\npETLRunLogID(Blank)\npETLRunLogStatusID(25001-Running)\npKeepValueFlag(0)\npUserCreated('CuratedUser')\n\n\nTHIS ACTIVITY WILL RETURN BACK A 'ETLRunLogID'",
							"type": "Lookup",
							"dependsOn": [],
							"policy": {
								"timeout": "7.00:00:00",
								"retry": 0,
								"retryIntervalInSeconds": 30,
								"secureOutput": false,
								"secureInput": false
							},
							"userProperties": [],
							"typeProperties": {
								"source": {
									"type": "AzureSqlSource",
									"sqlReaderStoredProcedureName": {
										"value": "@concat(pipeline().parameters.pMetadataDBSchema,'.','ETLRunLogAddOrUpdate')",
										"type": "Expression"
									},
									"storedProcedureParameters": {
										"pDTCreated": {
											"type": "String",
											"value": {
												"value": "@variables('vETLRunLogServeStartDate')",
												"type": "Expression"
											}
										},
										"pDTEnd": {
											"type": "String",
											"value": {
												"value": "@utcnow()",
												"type": "Expression"
											}
										},
										"pDTStart": {
											"type": "String",
											"value": {
												"value": "@variables('vETLRunLogServeStartDate')",
												"type": "Expression"
											}
										},
										"pETLProcessName": {
											"type": "String",
											"value": {
												"value": "@pipeline().Pipeline",
												"type": "Expression"
											}
										},
										"pETLProcessRunID": {
											"type": "String",
											"value": {
												"value": "@pipeline().RunId",
												"type": "Expression"
											}
										},
										"pETLRunLogID": {
											"type": "String",
											"value": {
												"value": "@activity('GenerateETLRunLogIdServe').output.firstRow.ETLRunLogID",
												"type": "Expression"
											}
										},
										"pETLRunLogStatusID": {
											"type": "String",
											"value": "25003"
										},
										"pKeepValueFlag": {
											"type": "String",
											"value": "0"
										},
										"pUserCreated": {
											"type": "String",
											"value": {
												"value": "@pipeline().parameters.pUserCreated",
												"type": "Expression"
											}
										}
									},
									"queryTimeout": "02:00:00",
									"partitionOption": "None"
								},
								"dataset": {
									"referenceName": "azdbdna_ds_metadata",
									"type": "DatasetReference"
								},
								"firstRowOnly": true
							}
						},
						{
							"name": "InsertETLAuditOnHold",
							"type": "SqlServerStoredProcedure",
							"dependsOn": [],
							"policy": {
								"timeout": "7.00:00:00",
								"retry": 0,
								"retryIntervalInSeconds": 30,
								"secureOutput": false,
								"secureInput": false
							},
							"userProperties": [],
							"typeProperties": {
								"storedProcedureName": "[psa].[sp_cf_etl_audit]",
								"storedProcedureParameters": {
									"etl_runlog_id": {
										"value": {
											"value": "@activity('GenerateETLRunLogIdServe').output.firstRow.ETLRunLogID",
											"type": "Expression"
										},
										"type": "Int32"
									},
									"feed_id": {
										"value": {
											"value": "@pipeline().parameters.pFeedId",
											"type": "Expression"
										},
										"type": "Int32"
									},
									"feed_status": {
										"value": "ONHOLD",
										"type": "String"
									}
								}
							},
							"linkedServiceName": {
								"referenceName": "azsyndna_curated_dw",
								"type": "LinkedServiceReference"
							}
						}
					],
					"ifTrueActivities": [
						{
							"name": "ExecuteProcessActiveFeeds",
							"type": "ExecutePipeline",
							"dependsOn": [],
							"userProperties": [],
							"typeProperties": {
								"pipeline": {
									"referenceName": "CF_ProcessActiveFeeds",
									"type": "PipelineReference"
								},
								"waitOnCompletion": true,
								"parameters": {
									"pFeedId": {
										"value": "@pipeline().parameters.pFeedId",
										"type": "Expression"
									},
									"pMetadataDBSchema": {
										"value": "@pipeline().parameters.pMetadataDBSchema",
										"type": "Expression"
									},
									"pAssets": {
										"value": "@pipeline().parameters.pAssets",
										"type": "Expression"
									},
									"pETLRunLogId": {
										"value": "@activity('GenerateETLRunLogIdServe').output.firstRow.ETLRunLogID",
										"type": "Expression"
									},
									"pETLRunLogStartDate": {
										"value": "@variables('vETLRunLogServeStartDate')",
										"type": "Expression"
									},
									"pUserCreated": {
										"value": "@pipeline().parameters.pUserCreated",
										"type": "Expression"
									}
								}
							}
						},
						{
							"name": "ExecuteFeedProcessFailure_ActiveFeedsFailure",
							"type": "ExecutePipeline",
							"dependsOn": [
								{
									"activity": "ExecuteProcessActiveFeeds",
									"dependencyConditions": [
										"Failed"
									]
								}
							],
							"userProperties": [],
							"typeProperties": {
								"pipeline": {
									"referenceName": "CF_FeedProcessFailure",
									"type": "PipelineReference"
								},
								"waitOnCompletion": true,
								"parameters": {
									"pIngestionDB": {
										"value": "@pipeline().parameters.pMetadataDBSchema",
										"type": "Expression"
									},
									"pUser": {
										"value": "@pipeline().parameters.pUserCreated",
										"type": "Expression"
									},
									"pRunLogID": {
										"value": "@activity('GenerateETLRunLogIdServe').output.firstRow.ETLRunLogID",
										"type": "Expression"
									},
									"pRunLogstartDate": {
										"value": "@variables('vETLRunLogServeStartDate')",
										"type": "Expression"
									},
									"pFeedID": {
										"value": "@pipeline().parameters.pFeedId",
										"type": "Expression"
									}
								}
							}
						}
					]
				}
			},
			{
				"name": "ExecuteFeedProcessFailure_AuditFailure",
				"type": "ExecutePipeline",
				"dependsOn": [
					{
						"activity": "ValidateETLRunLogId",
						"dependencyConditions": [
							"Failed"
						]
					}
				],
				"userProperties": [],
				"typeProperties": {
					"pipeline": {
						"referenceName": "CF_FeedProcessFailure",
						"type": "PipelineReference"
					},
					"waitOnCompletion": true,
					"parameters": {
						"pIngestionDB": {
							"value": "@pipeline().parameters.pMetadataDBSchema",
							"type": "Expression"
						},
						"pUser": {
							"value": "@pipeline().parameters.pUserCreated",
							"type": "Expression"
						},
						"pRunLogID": {
							"value": "@activity('GenerateETLRunLogIdServe').output.firstRow.ETLRunLogID",
							"type": "Expression"
						},
						"pRunLogstartDate": {
							"value": "@variables('vETLRunLogServeStartDate')",
							"type": "Expression"
						},
						"pFeedID": {
							"value": "@pipeline().parameters.pFeedId",
							"type": "Expression"
						}
					}
				}
			}
		],
		"parameters": {
			"pMetadataDBSchema": {
				"type": "string"
			},
			"pUserCreated": {
				"type": "string"
			},
			"pFeedId": {
				"type": "string"
			},
			"pAssets": {
				"type": "object"
			}
		},
		"variables": {
			"vETLRunLogServeStartDate": {
				"type": "String"
			}
		},
		"folder": {
			"name": "CurationFramework/Incremental/PSAToServe/FeedProcess"
		},
		"annotations": []
	}
}