{
	"name": "CF_ProcessBatches",
	"properties": {
		"activities": [
			{
				"name": "IterateBatches",
				"description": "Iterates through the different batches configured for the curated incremental PSA to serve.",
				"type": "ForEach",
				"dependsOn": [],
				"userProperties": [],
				"typeProperties": {
					"items": {
						"value": "@split(pipeline().parameters.pBatchList,',')",
						"type": "Expression"
					},
					"isSequential": true,
					"activities": [
						{
							"name": "CheckBatchIdIsValid",
							"description": "Validates the Batch Id",
							"type": "IfCondition",
							"dependsOn": [],
							"userProperties": [],
							"typeProperties": {
								"expression": {
									"value": "@if(not(empty(item())), true, false)",
									"type": "Expression"
								},
								"ifFalseActivities": [
									{
										"name": "InvalidBatchId",
										"type": "Wait",
										"dependsOn": [],
										"userProperties": [],
										"typeProperties": {
											"waitTimeInSeconds": 1
										}
									}
								],
								"ifTrueActivities": [
									{
										"name": "ExecuteProcessFeeds",
										"description": "Executes the PrcoessFeeds pipeline.",
										"type": "ExecutePipeline",
										"dependsOn": [],
										"userProperties": [],
										"typeProperties": {
											"pipeline": {
												"referenceName": "CF_ProcessFeeds",
												"type": "PipelineReference"
											},
											"waitOnCompletion": true,
											"parameters": {
												"pBatchId": {
													"value": "@item()",
													"type": "Expression"
												},
												"pMetadataDBSchema": "dbo",
												"pUserCreated": "etl_user",
												"pProjectId": {
													"value": "@pipeline().parameters.pProjectId",
													"type": "Expression"
												}
											}
										}
									}
								]
							}
						}
					]
				}
			}
		],
		"parameters": {
			"pBatchList": {
				"type": "string",
				"defaultValue": "100"
			},
			"pProjectId": {
				"type": "string",
				"defaultValue": "69"
			}
		},
		"variables": {
			"vBatchId": {
				"type": "String"
			}
		},
		"folder": {
			"name": "CurationFramework/Incremental/PSAToServe/FeedProcess"
		},
		"annotations": []
	}
}