{
	"name": "CF_RefreshDNARDM_INC_Hier",
	"properties": {
		"activities": [
			{
				"name": "Flatten RefData Json",
				"type": "Copy",
				"dependsOn": [
					{
						"activity": "GenerateETLRunLogId",
						"dependencyConditions": [
							"Succeeded"
						]
					}
				],
				"policy": {
					"timeout": "7.00:00:00",
					"retry": 0,
					"retryIntervalInSeconds": 30,
					"secureOutput": false,
					"secureInput": false
				},
				"userProperties": [],
				"typeProperties": {
					"source": {
						"type": "JsonSource",
						"storeSettings": {
							"type": "AzureBlobFSReadSettings",
							"recursive": true
						},
						"formatSettings": {
							"type": "JsonReadSettings"
						}
					},
					"sink": {
						"type": "JsonSink",
						"storeSettings": {
							"type": "AzureBlobFSWriteSettings"
						},
						"formatSettings": {
							"type": "JsonWriteSettings",
							"filePattern": "arrayOfObjects"
						}
					},
					"enableStaging": false,
					"translator": {
						"type": "TabularTranslator",
						"mappings": [
							{
								"source": {
									"path": "$['ExportTimestamp']"
								},
								"sink": {
									"path": "$['ExportTimestamp']"
								}
							},
							{
								"source": {
									"path": "$['ExportBy']"
								},
								"sink": {
									"path": "$['ExportBy']"
								}
							},
							{
								"source": {
									"path": "['LOVSetID']"
								},
								"sink": {
									"path": "LOVSetID"
								}
							},
							{
								"source": {
									"path": "['LOVSetName']"
								},
								"sink": {
									"path": "LOVSetName"
								}
							},
							{
								"source": {
									"path": "['LOVSetDescription']"
								},
								"sink": {
									"path": "LOVSetDescription"
								}
							},
							{
								"source": {
									"path": "['LOVSetSequence']"
								},
								"sink": {
									"path": "LOVSetSequence"
								}
							},
							{
								"source": {
									"path": "['RecordSourceID']"
								},
								"sink": {
									"path": "RecordSourceID"
								}
							},
							{
								"source": {
									"path": "['ActiveFlag']"
								},
								"sink": {
									"path": "ActiveFlag"
								}
							},
							{
								"source": {
									"path": "['RefLOV']"
								},
								"sink": {
									"path": "RefLOV"
								}
							}
						],
						"collectionReference": "$['RefLOVSet']"
					}
				},
				"inputs": [
					{
						"referenceName": "azjsonfile_cleansed_adl",
						"type": "DatasetReference",
						"parameters": {
							"pFolder": {
								"value": "@pipeline().parameters.pAssetLocation",
								"type": "Expression"
							},
							"pFileName": {
								"value": "@pipeline().parameters.pFileName",
								"type": "Expression"
							},
							"pEncoding": "UTF-8"
						}
					}
				],
				"outputs": [
					{
						"referenceName": "azjsonfile_psahopper_adl",
						"type": "DatasetReference",
						"parameters": {
							"pFolder": {
								"value": "@variables('vStagePath')",
								"type": "Expression"
							},
							"pFileName": {
								"value": "@pipeline().parameters.pFileName",
								"type": "Expression"
							}
						}
					}
				]
			},
			{
				"name": "Load RefLOV",
				"type": "Copy",
				"dependsOn": [
					{
						"activity": "Flatten RefData Json",
						"dependencyConditions": [
							"Succeeded"
						]
					}
				],
				"policy": {
					"timeout": "7.00:00:00",
					"retry": 0,
					"retryIntervalInSeconds": 30,
					"secureOutput": false,
					"secureInput": false
				},
				"userProperties": [],
				"typeProperties": {
					"source": {
						"type": "JsonSource",
						"additionalColumns": [
							{
								"name": "etl_runlog_id",
								"value": {
									"value": "@activity('GenerateETLRunLogId').output.firstRow.ETLRunlogID",
									"type": "Expression"
								}
							}
						],
						"storeSettings": {
							"type": "AzureBlobFSReadSettings",
							"recursive": true
						},
						"formatSettings": {
							"type": "JsonReadSettings"
						}
					},
					"sink": {
						"type": "SqlDWSink",
						"preCopyScript": {
							"value": "@{concat('truncate table ', pipeline().parameters.pSchema,'.',pipeline().parameters.pRefLOVTable)}",
							"type": "Expression"
						},
						"allowPolyBase": true,
						"polyBaseSettings": {
							"rejectValue": 0,
							"rejectType": "value",
							"useTypeDefault": true
						},
						"disableMetricsCollection": false
					},
					"enableStaging": true,
					"stagingSettings": {
						"linkedServiceName": {
							"referenceName": "StagingStorage",
							"type": "LinkedServiceReference"
						},
						"path": {
							"value": "@concat('staging/',variables('vStagePath'))",
							"type": "Expression"
						}
					},
					"translator": {
						"type": "TabularTranslator",
						"mappings": [
							{
								"source": {
									"path": "$['ExportTimestamp']"
								},
								"sink": {
									"name": "DTCreated",
									"type": "DateTime"
								}
							},
							{
								"source": {
									"path": "$['ExportBy']"
								},
								"sink": {
									"name": "UserCreated",
									"type": "String"
								}
							},
							{
								"source": {
									"path": "$['LOVSetID']"
								},
								"sink": {
									"name": "LOVSetId",
									"type": "Int32"
								}
							},
							{
								"source": {
									"path": "['LOVID']"
								},
								"sink": {
									"name": "LOVId",
									"type": "Int32"
								}
							},
							{
								"source": {
									"path": "['LOVKey']"
								},
								"sink": {
									"name": "LOVKey",
									"type": "String"
								}
							},
							{
								"source": {
									"path": "['LOVName']"
								},
								"sink": {
									"name": "LOVName",
									"type": "String"
								}
							},
							{
								"source": {
									"path": "['LOVDescription']"
								},
								"sink": {
									"name": "LOVDescription",
									"type": "String"
								}
							},
							{
								"source": {
									"path": "['LOVSequence']"
								},
								"sink": {
									"name": "LOVSequence",
									"type": "Int64"
								}
							},
							{
								"source": {
									"path": "['RecordSourceID']"
								},
								"sink": {
									"name": "RecordSourceId",
									"type": "Int32"
								}
							},
							{
								"source": {
									"path": "['ActiveFlag']"
								},
								"sink": {
									"name": "ActiveFlag",
									"type": "Int16"
								}
							},
							{
								"source": {
									"path": "$['etl_runlog_id']"
								},
								"sink": {
									"name": "ETLRunLogId",
									"type": "Int32"
								}
							}
						],
						"collectionReference": "$['RefLOV']"
					}
				},
				"inputs": [
					{
						"referenceName": "azjsonfile_psahopper_adl",
						"type": "DatasetReference",
						"parameters": {
							"pFolder": {
								"value": "@variables('vStagePath')",
								"type": "Expression"
							},
							"pFileName": {
								"value": "@pipeline().parameters.pFileName",
								"type": "Expression"
							}
						}
					}
				],
				"outputs": [
					{
						"referenceName": "azsyndna_ds",
						"type": "DatasetReference",
						"parameters": {
							"pSynTable": {
								"value": "@pipeline().parameters.pRefLOVTable",
								"type": "Expression"
							},
							"pSynSchema": {
								"value": "@pipeline().parameters.pSchema",
								"type": "Expression"
							}
						}
					}
				]
			},
			{
				"name": "LoadRefLOVSet",
				"type": "Copy",
				"dependsOn": [
					{
						"activity": "Flatten RefData Json",
						"dependencyConditions": [
							"Succeeded"
						]
					}
				],
				"policy": {
					"timeout": "7.00:00:00",
					"retry": 0,
					"retryIntervalInSeconds": 30,
					"secureOutput": false,
					"secureInput": false
				},
				"userProperties": [],
				"typeProperties": {
					"source": {
						"type": "JsonSource",
						"additionalColumns": [
							{
								"name": "et_runlog_id",
								"value": {
									"value": "@activity('GenerateETLRunLogId').output.firstRow.ETLRunlogID",
									"type": "Expression"
								}
							}
						],
						"storeSettings": {
							"type": "AzureBlobFSReadSettings",
							"recursive": true
						},
						"formatSettings": {
							"type": "JsonReadSettings"
						}
					},
					"sink": {
						"type": "SqlDWSink",
						"preCopyScript": {
							"value": "@{concat('truncate table ', pipeline().parameters.pSchema,'.',pipeline().parameters.pRefLOVSetTable)}",
							"type": "Expression"
						},
						"allowPolyBase": true,
						"polyBaseSettings": {
							"rejectValue": 0,
							"rejectType": "value",
							"useTypeDefault": true
						},
						"disableMetricsCollection": false
					},
					"enableStaging": true,
					"stagingSettings": {
						"linkedServiceName": {
							"referenceName": "StagingStorage",
							"type": "LinkedServiceReference"
						},
						"path": {
							"value": "@concat('staging/',variables('vStagePath'))",
							"type": "Expression"
						}
					},
					"translator": {
						"type": "TabularTranslator",
						"mappings": [
							{
								"source": {
									"path": "$['ExportTimestamp']"
								},
								"sink": {
									"name": "DTCreated",
									"type": "DateTime"
								}
							},
							{
								"source": {
									"path": "$['ExportBy']"
								},
								"sink": {
									"name": "UserCreated",
									"type": "String"
								}
							},
							{
								"source": {
									"path": "$['LOVSetID']"
								},
								"sink": {
									"name": "LOVSetId",
									"type": "Int32"
								}
							},
							{
								"source": {
									"path": "$['LOVSetName']"
								},
								"sink": {
									"name": "LOVSetName",
									"type": "String"
								}
							},
							{
								"source": {
									"path": "$['LOVSetDescription']"
								},
								"sink": {
									"name": "LOVSetDescription",
									"type": "String"
								}
							},
							{
								"source": {
									"path": "$['LOVSetSequence']"
								},
								"sink": {
									"name": "LOVSetSequence",
									"type": "Int16"
								}
							},
							{
								"source": {
									"path": "$['RecordSourceID']"
								},
								"sink": {
									"name": "RecordSourceId",
									"type": "Int32"
								}
							},
							{
								"source": {
									"path": "$['ActiveFlag']"
								},
								"sink": {
									"name": "ActiveFlag",
									"type": "Int16"
								}
							},
							{
								"source": {
									"path": "$['et_runlog_id']"
								},
								"sink": {
									"name": "ETLRunLogId",
									"type": "Int32"
								}
							}
						],
						"collectionReference": ""
					}
				},
				"inputs": [
					{
						"referenceName": "azjsonfile_psahopper_adl",
						"type": "DatasetReference",
						"parameters": {
							"pFolder": {
								"value": "@variables('vStagePath')",
								"type": "Expression"
							},
							"pFileName": {
								"value": "@pipeline().parameters.pFileName",
								"type": "Expression"
							}
						}
					}
				],
				"outputs": [
					{
						"referenceName": "azsyndna_ds",
						"type": "DatasetReference",
						"parameters": {
							"pSynTable": {
								"value": "@pipeline().parameters.pRefLOVSetTable",
								"type": "Expression"
							},
							"pSynSchema": {
								"value": "@pipeline().parameters.pSchema",
								"type": "Expression"
							}
						}
					}
				]
			},
			{
				"name": "SetStagingLocation",
				"description": "Set Staging location for flattened json",
				"type": "SetVariable",
				"dependsOn": [],
				"userProperties": [],
				"typeProperties": {
					"variableName": "vStagePath",
					"value": {
						"value": "@concat('RPIDNARDM/',utcnow())",
						"type": "Expression"
					}
				}
			},
			{
				"name": "SetRunLogStartDate",
				"description": "Sets the ETL Run Log Start Date to a variable, so that it could be used while calling the Stored Procedure to update the ETL Run Log Status.",
				"type": "SetVariable",
				"dependsOn": [],
				"userProperties": [],
				"typeProperties": {
					"variableName": "vRunStartTime",
					"value": {
						"value": "@utcnow('yyyyMMdd HH:mm:ss.fff')",
						"type": "Expression"
					}
				}
			},
			{
				"name": "GenerateETLRunLogId",
				"description": "Generate ETLRunlog for the refdata load Process",
				"type": "Lookup",
				"dependsOn": [
					{
						"activity": "SetRunLogStartDate",
						"dependencyConditions": [
							"Succeeded"
						]
					},
					{
						"activity": "SetStagingLocation",
						"dependencyConditions": [
							"Succeeded"
						]
					}
				],
				"policy": {
					"timeout": "7.00:00:00",
					"retry": 0,
					"retryIntervalInSeconds": 30,
					"secureOutput": false,
					"secureInput": false
				},
				"userProperties": [],
				"typeProperties": {
					"source": {
						"type": "AzureSqlSource",
						"sqlReaderStoredProcedureName": {
							"value": "dbo.ETLRunLogAddOrUpdate",
							"type": "Expression"
						},
						"storedProcedureParameters": {
							"pDTCreated": {
								"type": "String",
								"value": {
									"value": "@variables('vRunStartTime')",
									"type": "Expression"
								}
							},
							"pDTEnd": {
								"type": "String",
								"value": ""
							},
							"pDTStart": {
								"type": "String",
								"value": {
									"value": "@variables('vRunStartTime')",
									"type": "Expression"
								}
							},
							"pETLProcessName": {
								"type": "String",
								"value": {
									"value": "@pipeline().Pipeline",
									"type": "Expression"
								}
							},
							"pETLProcessRunID": {
								"type": "String",
								"value": {
									"value": "@pipeline().RunId",
									"type": "Expression"
								}
							},
							"pETLRunLogID": {
								"type": "String",
								"value": ""
							},
							"pETLRunLogStatusID": {
								"type": "String",
								"value": "25001"
							},
							"pKeepValueFlag": {
								"type": "String",
								"value": "0"
							},
							"pUserCreated": {
								"type": "String",
								"value": {
									"value": "CurationUser",
									"type": "Expression"
								}
							}
						},
						"queryTimeout": "02:00:00",
						"partitionOption": "None"
					},
					"dataset": {
						"referenceName": "azdbdna_ds_metadata",
						"type": "DatasetReference"
					},
					"firstRowOnly": true
				}
			},
			{
				"name": "UpdateETLRunLogStatusFailed_FlattenRefDataJson",
				"description": "Update ETLRunLog Status to Failed",
				"type": "Lookup",
				"dependsOn": [
					{
						"activity": "Flatten RefData Json",
						"dependencyConditions": [
							"Failed"
						]
					}
				],
				"policy": {
					"timeout": "7.00:00:00",
					"retry": 0,
					"retryIntervalInSeconds": 30,
					"secureOutput": false,
					"secureInput": false
				},
				"userProperties": [],
				"typeProperties": {
					"source": {
						"type": "AzureSqlSource",
						"sqlReaderStoredProcedureName": {
							"value": "dbo.ETLRunLogAddOrUpdate",
							"type": "Expression"
						},
						"storedProcedureParameters": {
							"pDTCreated": {
								"type": "String",
								"value": {
									"value": "@variables('vRunStartTime')",
									"type": "Expression"
								}
							},
							"pDTEnd": {
								"type": "String",
								"value": {
									"value": "@utcnow()",
									"type": "Expression"
								}
							},
							"pDTStart": {
								"type": "String",
								"value": {
									"value": "@variables('vRunStartTime')",
									"type": "Expression"
								}
							},
							"pETLProcessName": {
								"type": "String",
								"value": {
									"value": "@pipeline().Pipeline",
									"type": "Expression"
								}
							},
							"pETLProcessRunID": {
								"type": "String",
								"value": {
									"value": "@pipeline().RunId",
									"type": "Expression"
								}
							},
							"pETLRunLogID": {
								"type": "String",
								"value": {
									"value": "@activity('GenerateETLRunLogId').output.firstRow.ETLRunLogID",
									"type": "Expression"
								}
							},
							"pETLRunLogStatusID": {
								"type": "String",
								"value": {
									"value": "25003",
									"type": "Expression"
								}
							},
							"pKeepValueFlag": {
								"type": "String",
								"value": "0"
							},
							"pUserCreated": {
								"type": "String",
								"value": {
									"value": "CurationUser",
									"type": "Expression"
								}
							}
						},
						"queryTimeout": "02:00:00",
						"partitionOption": "None"
					},
					"dataset": {
						"referenceName": "azdbdna_ds_metadata",
						"type": "DatasetReference"
					},
					"firstRowOnly": true
				}
			},
			{
				"name": "UpdateETLRunLogStatus",
				"description": "Update ETLRunLog Status to Success",
				"type": "Lookup",
				"dependsOn": [
					{
						"activity": "Load RefLOV",
						"dependencyConditions": [
							"Succeeded"
						]
					},
					{
						"activity": "LoadRefLOVSet",
						"dependencyConditions": [
							"Succeeded"
						]
					}
				],
				"policy": {
					"timeout": "7.00:00:00",
					"retry": 0,
					"retryIntervalInSeconds": 30,
					"secureOutput": false,
					"secureInput": false
				},
				"userProperties": [],
				"typeProperties": {
					"source": {
						"type": "AzureSqlSource",
						"sqlReaderStoredProcedureName": {
							"value": "dbo.ETLRunLogAddOrUpdate",
							"type": "Expression"
						},
						"storedProcedureParameters": {
							"pDTCreated": {
								"type": "String",
								"value": {
									"value": "@variables('vRunStartTime')",
									"type": "Expression"
								}
							},
							"pDTEnd": {
								"type": "String",
								"value": {
									"value": "@utcnow()",
									"type": "Expression"
								}
							},
							"pDTStart": {
								"type": "String",
								"value": {
									"value": "@variables('vRunStartTime')",
									"type": "Expression"
								}
							},
							"pETLProcessName": {
								"type": "String",
								"value": {
									"value": "@pipeline().Pipeline",
									"type": "Expression"
								}
							},
							"pETLProcessRunID": {
								"type": "String",
								"value": {
									"value": "@pipeline().RunId",
									"type": "Expression"
								}
							},
							"pETLRunLogID": {
								"type": "String",
								"value": {
									"value": "@activity('GenerateETLRunLogId').output.firstRow.ETLRunLogID",
									"type": "Expression"
								}
							},
							"pETLRunLogStatusID": {
								"type": "String",
								"value": {
									"value": "25002",
									"type": "Expression"
								}
							},
							"pKeepValueFlag": {
								"type": "String",
								"value": "0"
							},
							"pUserCreated": {
								"type": "String",
								"value": {
									"value": "CurationUser",
									"type": "Expression"
								}
							}
						},
						"queryTimeout": "02:00:00",
						"partitionOption": "None"
					},
					"dataset": {
						"referenceName": "azdbdna_ds_metadata",
						"type": "DatasetReference"
					},
					"firstRowOnly": true
				}
			},
			{
				"name": "UpdateETLRunLogStatusFailed_LoadRefLOVSet",
				"description": "Update ETLRunLog Status to Failed",
				"type": "Lookup",
				"dependsOn": [
					{
						"activity": "LoadRefLOVSet",
						"dependencyConditions": [
							"Failed"
						]
					}
				],
				"policy": {
					"timeout": "7.00:00:00",
					"retry": 0,
					"retryIntervalInSeconds": 30,
					"secureOutput": false,
					"secureInput": false
				},
				"userProperties": [],
				"typeProperties": {
					"source": {
						"type": "AzureSqlSource",
						"sqlReaderStoredProcedureName": {
							"value": "dbo.ETLRunLogAddOrUpdate",
							"type": "Expression"
						},
						"storedProcedureParameters": {
							"pDTCreated": {
								"type": "String",
								"value": {
									"value": "@variables('vRunStartTime')",
									"type": "Expression"
								}
							},
							"pDTEnd": {
								"type": "String",
								"value": {
									"value": "@utcnow()",
									"type": "Expression"
								}
							},
							"pDTStart": {
								"type": "String",
								"value": {
									"value": "@variables('vRunStartTime')",
									"type": "Expression"
								}
							},
							"pETLProcessName": {
								"type": "String",
								"value": {
									"value": "@pipeline().Pipeline",
									"type": "Expression"
								}
							},
							"pETLProcessRunID": {
								"type": "String",
								"value": {
									"value": "@pipeline().RunId",
									"type": "Expression"
								}
							},
							"pETLRunLogID": {
								"type": "String",
								"value": {
									"value": "@activity('GenerateETLRunLogId').output.firstRow.ETLRunLogID",
									"type": "Expression"
								}
							},
							"pETLRunLogStatusID": {
								"type": "String",
								"value": {
									"value": "25003",
									"type": "Expression"
								}
							},
							"pKeepValueFlag": {
								"type": "String",
								"value": "0"
							},
							"pUserCreated": {
								"type": "String",
								"value": {
									"value": "CurationUser",
									"type": "Expression"
								}
							}
						},
						"queryTimeout": "02:00:00",
						"partitionOption": "None"
					},
					"dataset": {
						"referenceName": "azdbdna_ds_metadata",
						"type": "DatasetReference"
					},
					"firstRowOnly": true
				}
			},
			{
				"name": "UpdateETLRunLogStatusFailed_LoadRefLOV",
				"description": "Update ETLRunLog Status to Failed",
				"type": "Lookup",
				"dependsOn": [
					{
						"activity": "Load RefLOV",
						"dependencyConditions": [
							"Failed"
						]
					}
				],
				"policy": {
					"timeout": "7.00:00:00",
					"retry": 0,
					"retryIntervalInSeconds": 30,
					"secureOutput": false,
					"secureInput": false
				},
				"userProperties": [],
				"typeProperties": {
					"source": {
						"type": "AzureSqlSource",
						"sqlReaderStoredProcedureName": {
							"value": "dbo.ETLRunLogAddOrUpdate",
							"type": "Expression"
						},
						"storedProcedureParameters": {
							"pDTCreated": {
								"type": "String",
								"value": {
									"value": "@variables('vRunStartTime')",
									"type": "Expression"
								}
							},
							"pDTEnd": {
								"type": "String",
								"value": {
									"value": "@utcnow()",
									"type": "Expression"
								}
							},
							"pDTStart": {
								"type": "String",
								"value": {
									"value": "@variables('vRunStartTime')",
									"type": "Expression"
								}
							},
							"pETLProcessName": {
								"type": "String",
								"value": {
									"value": "@pipeline().Pipeline",
									"type": "Expression"
								}
							},
							"pETLProcessRunID": {
								"type": "String",
								"value": {
									"value": "@pipeline().RunId",
									"type": "Expression"
								}
							},
							"pETLRunLogID": {
								"type": "String",
								"value": {
									"value": "@activity('GenerateETLRunLogId').output.firstRow.ETLRunLogID",
									"type": "Expression"
								}
							},
							"pETLRunLogStatusID": {
								"type": "String",
								"value": {
									"value": "25003",
									"type": "Expression"
								}
							},
							"pKeepValueFlag": {
								"type": "String",
								"value": "0"
							},
							"pUserCreated": {
								"type": "String",
								"value": {
									"value": "CurationUser",
									"type": "Expression"
								}
							}
						},
						"queryTimeout": "02:00:00",
						"partitionOption": "None"
					},
					"dataset": {
						"referenceName": "azdbdna_ds_metadata",
						"type": "DatasetReference"
					},
					"firstRowOnly": true
				}
			},
			{
				"name": "Flatten RefData Json Mappings",
				"type": "Copy",
				"dependsOn": [
					{
						"activity": "GenerateETLRunLogId",
						"dependencyConditions": [
							"Succeeded"
						]
					}
				],
				"policy": {
					"timeout": "7.00:00:00",
					"retry": 0,
					"retryIntervalInSeconds": 30,
					"secureOutput": false,
					"secureInput": false
				},
				"userProperties": [],
				"typeProperties": {
					"source": {
						"type": "JsonSource",
						"storeSettings": {
							"type": "AzureBlobFSReadSettings",
							"recursive": true
						},
						"formatSettings": {
							"type": "JsonReadSettings"
						}
					},
					"sink": {
						"type": "JsonSink",
						"storeSettings": {
							"type": "AzureBlobFSWriteSettings"
						},
						"formatSettings": {
							"type": "JsonWriteSettings",
							"filePattern": "arrayOfObjects"
						}
					},
					"enableStaging": false,
					"translator": {
						"type": "TabularTranslator",
						"mappings": [
							{
								"source": {
									"path": "['LOVHierarchySetID']"
								},
								"sink": {
									"path": "LOVHierarchySetID"
								}
							},
							{
								"source": {
									"path": "['ParentLOVSetID']"
								},
								"sink": {
									"path": "ParentLOVSetID"
								}
							},
							{
								"source": {
									"path": "['ChildLOVSetID']"
								},
								"sink": {
									"path": "ChildLOVSetID"
								}
							},
							{
								"source": {
									"path": "['LOVHierarchySetDescription']"
								},
								"sink": {
									"path": "LOVHierarchySetDescription"
								}
							},
							{
								"source": {
									"path": "['RecordSourceID']"
								},
								"sink": {
									"path": "RecordSourceID"
								}
							},
							{
								"source": {
									"path": "['ActiveFlag']"
								},
								"sink": {
									"path": "ActiveFlag"
								}
							},
							{
								"source": {
									"path": "['RefLOVHierarchy']"
								},
								"sink": {
									"path": "RefLOVHierarchy"
								}
							},
							{
								"source": {
									"path": "$['ExportTimestamp']"
								},
								"sink": {
									"path": "ExportTimestamp"
								}
							},
							{
								"source": {
									"path": "$['ExportBy']"
								},
								"sink": {
									"path": "ExportBy"
								}
							}
						],
						"collectionReference": "$['RefLOVHierarchySet']"
					}
				},
				"inputs": [
					{
						"referenceName": "azjsonfile_cleansed_adl",
						"type": "DatasetReference",
						"parameters": {
							"pFolder": {
								"value": "@pipeline().parameters.pAssetLocation",
								"type": "Expression"
							},
							"pFileName": {
								"value": "@pipeline().parameters.pFileName",
								"type": "Expression"
							},
							"pEncoding": "UTF-8"
						}
					}
				],
				"outputs": [
					{
						"referenceName": "azjsonfile_psahopper_adl",
						"type": "DatasetReference",
						"parameters": {
							"pFolder": {
								"value": "@variables('vStagePath')",
								"type": "Expression"
							},
							"pFileName": {
								"value": "@pipeline().parameters.pFileName_Hierachy",
								"type": "Expression"
							}
						}
					}
				]
			},
			{
				"name": "LoadRefLOVMappingSet",
				"type": "Copy",
				"dependsOn": [
					{
						"activity": "Flatten RefData Json Mappings",
						"dependencyConditions": [
							"Succeeded"
						]
					}
				],
				"policy": {
					"timeout": "7.00:00:00",
					"retry": 0,
					"retryIntervalInSeconds": 30,
					"secureOutput": false,
					"secureInput": false
				},
				"userProperties": [],
				"typeProperties": {
					"source": {
						"type": "JsonSource",
						"storeSettings": {
							"type": "AzureBlobFSReadSettings",
							"recursive": true,
							"enablePartitionDiscovery": false
						},
						"formatSettings": {
							"type": "JsonReadSettings"
						}
					},
					"sink": {
						"type": "SqlDWSink",
						"preCopyScript": {
							"value": "@{concat('truncate table ', pipeline().parameters.pSchema,'.',pipeline().parameters.pRefLOVSetHierarchyTable)}",
							"type": "Expression"
						},
						"allowPolyBase": true,
						"polyBaseSettings": {
							"rejectValue": 0,
							"rejectType": "value",
							"useTypeDefault": true
						},
						"disableMetricsCollection": false
					},
					"enableStaging": true,
					"stagingSettings": {
						"linkedServiceName": {
							"referenceName": "StagingStorage",
							"type": "LinkedServiceReference"
						},
						"path": {
							"value": "@concat('staging/',variables('vStagePath'))",
							"type": "Expression"
						}
					},
					"translator": {
						"type": "TabularTranslator",
						"mappings": [
							{
								"source": {
									"path": "$['LOVHierarchySetID']"
								},
								"sink": {
									"name": "LOVMappingSetId",
									"type": "Int32"
								}
							},
							{
								"source": {
									"path": "$['ParentLOVSetID']"
								},
								"sink": {
									"name": "LOVFromSetId",
									"type": "Int32"
								}
							},
							{
								"source": {
									"path": "$['ChildLOVSetID']"
								},
								"sink": {
									"name": "LOVToSetId",
									"type": "Int32"
								}
							},
							{
								"source": {
									"path": "$['LOVHierarchySetDescription']"
								},
								"sink": {
									"name": "LOVMappingSetDescription",
									"type": "String"
								}
							},
							{
								"source": {
									"path": "$['ActiveFlag']"
								},
								"sink": {
									"name": "ActiveFlag",
									"type": "Int16"
								}
							},
							{
								"source": {
									"path": "$['RecordSourceIDHier']"
								},
								"sink": {
									"name": "RecordSourceId",
									"type": "Int32"
								}
							},
							{
								"source": {
									"path": "$['ExportBy']"
								},
								"sink": {
									"name": "UserCreated",
									"type": "String"
								}
							},
							{
								"source": {
									"path": "$['ExportTimestamp']"
								},
								"sink": {
									"name": "DTCreated",
									"type": "DateTime"
								}
							}
						]
					}
				},
				"inputs": [
					{
						"referenceName": "azjsonfile_psahopper_adl",
						"type": "DatasetReference",
						"parameters": {
							"pFolder": {
								"value": "@variables('vStagePath')",
								"type": "Expression"
							},
							"pFileName": {
								"value": "@pipeline().parameters.pFileName_Hierachy",
								"type": "Expression"
							}
						}
					}
				],
				"outputs": [
					{
						"referenceName": "azsyndna_ds",
						"type": "DatasetReference",
						"parameters": {
							"pSynTable": {
								"value": "@pipeline().parameters.pRefLOVSetHierarchyTable",
								"type": "Expression"
							},
							"pSynSchema": {
								"value": "@pipeline().parameters.pSchema",
								"type": "Expression"
							}
						}
					}
				]
			},
			{
				"name": "LoadRefLOVMapping",
				"type": "Copy",
				"dependsOn": [
					{
						"activity": "Flatten RefData Json Mappings",
						"dependencyConditions": [
							"Succeeded"
						]
					}
				],
				"policy": {
					"timeout": "7.00:00:00",
					"retry": 0,
					"retryIntervalInSeconds": 30,
					"secureOutput": false,
					"secureInput": false
				},
				"userProperties": [],
				"typeProperties": {
					"source": {
						"type": "JsonSource",
						"storeSettings": {
							"type": "AzureBlobFSReadSettings",
							"recursive": true,
							"enablePartitionDiscovery": false
						},
						"formatSettings": {
							"type": "JsonReadSettings"
						}
					},
					"sink": {
						"type": "SqlDWSink",
						"preCopyScript": {
							"value": "@{concat('truncate table ', pipeline().parameters.pSchema,'.',pipeline().parameters.pRefLOVHierarchyTable)}",
							"type": "Expression"
						},
						"allowPolyBase": true,
						"polyBaseSettings": {
							"rejectValue": 0,
							"rejectType": "value",
							"useTypeDefault": true
						},
						"disableMetricsCollection": false
					},
					"enableStaging": true,
					"stagingSettings": {
						"linkedServiceName": {
							"referenceName": "StagingStorage",
							"type": "LinkedServiceReference"
						},
						"path": {
							"value": "@concat('staging/',variables('vStagePath'))",
							"type": "Expression"
						}
					},
					"translator": {
						"type": "TabularTranslator",
						"mappings": [
							{
								"source": {
									"path": "$['LOVHierarchySetID']"
								},
								"sink": {
									"name": "LOVMappingSetId",
									"type": "Int32"
								}
							},
							{
								"source": {
									"path": "['ParentLOVID']"
								},
								"sink": {
									"name": "LOVFromId",
									"type": "Int32"
								}
							},
							{
								"source": {
									"path": "['ChildLOVID']"
								},
								"sink": {
									"name": "LOVToId",
									"type": "Int32"
								}
							},
							{
								"source": {
									"path": "['RecordSourceID']"
								},
								"sink": {
									"name": "RecordSourceId",
									"type": "Int32"
								}
							},
							{
								"source": {
									"path": "['ActiveFlag']"
								},
								"sink": {
									"name": "ActiveFlag",
									"type": "Int16"
								}
							},
							{
								"source": {
									"path": "$['ExportTimestamp']"
								},
								"sink": {
									"name": "DTCreated",
									"type": "DateTime"
								}
							},
							{
								"source": {
									"path": "$['ExportBy']"
								},
								"sink": {
									"name": "UserCreated",
									"type": "String"
								}
							}
						],
						"collectionReference": "$['RefLOVHierarchy']"
					}
				},
				"inputs": [
					{
						"referenceName": "azjsonfile_psahopper_adl",
						"type": "DatasetReference",
						"parameters": {
							"pFolder": {
								"value": "@variables('vStagePath')",
								"type": "Expression"
							},
							"pFileName": {
								"value": "@pipeline().parameters.pFileName_Hierachy",
								"type": "Expression"
							}
						}
					}
				],
				"outputs": [
					{
						"referenceName": "azsyndna_ds",
						"type": "DatasetReference",
						"parameters": {
							"pSynTable": {
								"value": "@pipeline().parameters.pRefLOVHierarchyTable",
								"type": "Expression"
							},
							"pSynSchema": {
								"value": "@pipeline().parameters.pSchema",
								"type": "Expression"
							}
						}
					}
				]
			}
		],
		"parameters": {
			"pAssetLocation": {
				"type": "string",
				"defaultValue": "RPIDNA/DNARDM/default/Default"
			},
			"pFileName": {
				"type": "string",
				"defaultValue": "refdata.json"
			},
			"pSchema": {
				"type": "string",
				"defaultValue": "ser"
			},
			"pRefLOVTable": {
				"type": "string",
				"defaultValue": "reflov"
			},
			"pRefLOVSetTable": {
				"type": "string",
				"defaultValue": "reflovset"
			},
			"pFileName_Hierachy": {
				"type": "string",
				"defaultValue": "refdata_hier.json"
			},
			"pRefLOVHierarchyTable": {
				"type": "string",
				"defaultValue": "RefLOVMapping"
			},
			"pRefLOVSetHierarchyTable": {
				"type": "string",
				"defaultValue": "RefLOVMappingSet"
			}
		},
		"variables": {
			"vStagePath": {
				"type": "String"
			},
			"vRunStartTime": {
				"type": "String"
			},
			"vSecondJSONFilename": {
				"type": "String"
			}
		},
		"folder": {
			"name": "CurationFramework/Incremental/UtilPipeline"
		},
		"annotations": []
	}
}