{
	"name": "CF_ValidFeedsProcess",
	"properties": {
		"activities": [
			{
				"name": "FeedsToProcess",
				"description": "Set FeedsToProcess Query variable",
				"type": "SetVariable",
				"dependsOn": [],
				"userProperties": [],
				"typeProperties": {
					"variableName": "vFeedFetchQry",
					"value": "DECLARE @RC int\nDECLARE @pAssetID nvarchar(20) = $pAssetID\nDECLARE @pFeedID nvarchar(20) = $pFeedID\nDECLARE @pAssetStatusID nvarchar(20) ='24014'\nDECLARE @pProjectID nvarchar(20) = $pProjectID\nDECLARE @pSourceRangeID nvarchar(20) = ''\nDECLARE @pTargetLayer nvarchar(128) --= 'PSA'\nDECLARE @pLatestAssetFlag nchar(1) = '1'\n\nDECLARE @AssetListJSON table(AssetListJSON nvarchar(max), ProcedureStatus int, ProcedureMessage nvarchar(max))\n \ninsert into @AssetListJSON(AssetListJSON, ProcedureStatus, ProcedureMessage)\nEXECUTE @RC = [$schemaName].[AssetToProcessGet]\n   @pAssetID\n  ,@pFeedID\n  ,@pAssetStatusID\n  ,@pProjectID\n  ,@pSourceRangeID\n  ,@pTargetLayer\n  ,@pLatestAssetFlag;\n\nwith AssetList (AssetList)\nas (\nselect JSON_QUERY(AssetListJSON, '$.AssetList') AssetList\nfrom @AssetListJSON\n),\nAssetListArray(AssetList) \nas (\nselect AssetList\nfrom AssetList\n),\nAssetListTable \nas (\nselect \nAssetID\n, FeedID\n, AssetName\n, AssetLocation\n, SystemOfRecordID\n, LoadTargetSchema\n, LoadTargetTable\n, PSATargetSchema\n, PSATargetTable\n, FeedStatusName\nfrom AssetListArray ala cross apply \nOPENJSON(AssetList) \nWITH (\n  AssetID            int                '$.AssetID'\n, FeedID             int                '$.FeedID'\n, AssetName          nvarchar(100)    '$.AssetName'\n, AssetLocation      nvarchar(500)    '$.AssetLocation'\n, RunLogId           int                '$.RunLogId'\n, StatusID           int                '$.StatusID'\n, StatusName         nvarchar(100)    '$.StatusName'\n, ProjectID          int                '$.ProjectID'\n, ProjectName        nvarchar(500)    '$.ProjectName'\n, SourceRangeID      int                '$.SourceRangeID'\n, SourceRangeName    nvarchar(500)    '$.SourceRangeName'\n, SourceSystemID     int                '$.SourceSystemID'\n, SourceSystemName   nvarchar(500)    '$.SourceSystemName'\n, SystemOfRecordID   int                '$.SystemOfRecordID'\n, SystemOfRecordName nvarchar(500)    '$.SystemOfRecordName'\n, LoadTargetSchema   nvarchar(100)    '$.LoadTargetSchema'\n, LoadTargetTable    nvarchar(100)    '$.LoadTargetTable'\n, PSATargetSchema    nvarchar(100)    '$.PSATargetSchema'\n, PSATargetTable     nvarchar(100)    '$.PSATargetTable'\n, FeedStatusName     nvarchar(50)     '$.FeedStatusName'\n) \n),AssetListFeedID \nas (\nselect FeedID\n    , LoadTargetSchema\n    , LoadTargetTable\n    , PSATargetSchema\n    , PSATargetTable\n    , SystemOfRecordID\n    , FeedStatusName\nfrom AssetListTable\ngroup by FeedID\n    , LoadTargetSchema\n    , LoadTargetTable\n    , PSATargetSchema\n    , PSATargetTable\n    , SystemOfRecordID\n    , FeedStatusName\n)\nselect \n    FeedID = alfi.FeedID \n    , alfi.LoadTargetSchema\n    , alfi.LoadTargetTable\n    , alfi.PSATargetSchema\n    , alfi.PSATargetTable\n    , alfi.SystemOfRecordID\n    , alfi.FeedStatusName\n    , AssetList = (\n    select \n        alt.AssetID\n        , alt.AssetName\n        , SUBSTRING(alt.AssetLocation,CHARINDEX('/', alt.AssetLocation, 1)+1,CHARINDEX('/', alt.AssetLocation, 2)-2) as Container\n        , SUBSTRING(alt.AssetLocation,CHARINDEX('/', alt.AssetLocation, 2)+1,LEN(alt.AssetLocation)-CHARINDEX('/', alt.AssetLocation, 2) - 1) as AssetLocation,\n        'UTF-8' Encoding\n    from \n        AssetListTable alt\n    where\n        alt.FeedID = alfi.FeedID\n    order by alt.AssetName\n    for json path\n    )\nfrom AssetListFeedID alfi"
				}
			},
			{
				"name": "RetrieveFeeds",
				"description": "Gets the list of feeds from the Ingestion metadata, that are to be curated.\n\nCalls the [apitemp].[AssetToProcessGet] Stored Procedure with args\n\npAssetID(blank)\npAssetStatusID(24014 for getting cleansed)\npFeedID(blank - to get all the feeds that are to be processed)\npProjectID(blank)\npSourceRangeID(402)\npTargetLayer(PSA - to get all those to be processed till PSA)",
				"type": "Lookup",
				"dependsOn": [
					{
						"activity": "FeedsToProcess",
						"dependencyConditions": [
							"Succeeded"
						]
					}
				],
				"policy": {
					"timeout": "7.00:00:00",
					"retry": 0,
					"retryIntervalInSeconds": 30,
					"secureOutput": false,
					"secureInput": false
				},
				"userProperties": [],
				"typeProperties": {
					"source": {
						"type": "AzureSqlSource",
						"sqlReaderQuery": {
							"value": "@replace(\nreplace(\nreplace(\nreplace(\nvariables('vFeedFetchQry'),'$schemaName',pipeline().parameters.pIngestionDB), '$pFeedID', pipeline().parameters.pFeedID),'$pProjectID',pipeline().parameters.pProjectID),'$pAssetID',pipeline().parameters.pAssetID)",
							"type": "Expression"
						},
						"queryTimeout": "02:00:00",
						"partitionOption": "None"
					},
					"dataset": {
						"referenceName": "azdbdna_ds_metadata",
						"type": "DatasetReference"
					},
					"firstRowOnly": false
				}
			},
			{
				"name": "IterateFeeds",
				"description": "Iterate through each feed and process the eligible assets",
				"type": "ForEach",
				"dependsOn": [
					{
						"activity": "RetrieveFeeds",
						"dependencyConditions": [
							"Succeeded"
						]
					}
				],
				"userProperties": [],
				"typeProperties": {
					"items": {
						"value": "@activity('RetrieveFeeds').output.value",
						"type": "Expression"
					},
					"isSequential": false,
					"batchCount": 3,
					"activities": [
						{
							"name": "GetPrevETLAuditStatus",
							"description": "Gets the ETL Audit Status  of the Feed from the previous run.",
							"type": "Lookup",
							"dependsOn": [],
							"policy": {
								"timeout": "7.00:00:00",
								"retry": 0,
								"retryIntervalInSeconds": 30,
								"secureOutput": false,
								"secureInput": false
							},
							"userProperties": [],
							"typeProperties": {
								"source": {
									"type": "SqlDWSource",
									"sqlReaderQuery": {
										"value": "@replace('DECLARE @status_id NVARCHAR(20)\nDECLARE @feed_status NVARCHAR(20)\nDECLARE @audit_count NVARCHAR(20)\nDECLARE @feed_id NVARCHAR(20) = ''$FeedId''\n\nSELECT @audit_count = COUNT(*) FROM psa.cf_etl_audit WHERE feed_id = @feed_id\nIF @audit_count > 0\nBEGIN\n\tSELECT @status_id = id FROM psa.cf_feed_load_status WHERE status = ''STARTED'' AND active_flag = ''1''\n\tSELECT TOP 1 @feed_status =  feed_status_id FROM psa.cf_etl_audit WHERE feed_id = @feed_id ORDER BY dt_created DESC\n\tIF @status_id <>  @feed_status\n\t\tBEGIN\n\t\t\tSELECT ''0'' as Status\n\t\tEND\n\tELSE\n\t\tBEGIN\n\t\t\tSELECT ''-1'' as Status\n\t\tEND\nEND\nELSE\n\tBEGIN\n\t\t\tSELECT ''0'' as Status\n\tEND', '$FeedId', string(item().FeedID))",
										"type": "Expression"
									},
									"queryTimeout": "02:00:00",
									"partitionOption": "None"
								},
								"dataset": {
									"referenceName": "azsyndna_ds",
									"type": "DatasetReference",
									"parameters": {
										"pSynTable": "N",
										"pSynSchema": "N"
									}
								}
							}
						},
						{
							"name": "CheckPrevETLAuditStatus",
							"description": "Validates the ETL Audit Status  of the Feed from the previous run.",
							"type": "IfCondition",
							"dependsOn": [
								{
									"activity": "GetPrevETLAuditStatus",
									"dependencyConditions": [
										"Succeeded"
									]
								}
							],
							"userProperties": [],
							"typeProperties": {
								"expression": {
									"value": "@if(equals(activity('GetPrevETLAuditStatus').output.firstRow.Status,'0'), True, False)",
									"type": "Expression"
								},
								"ifFalseActivities": [
									{
										"name": "PrevETLAuditEntryCheckFailedPsaLoad",
										"type": "Wait",
										"dependsOn": [],
										"userProperties": [],
										"typeProperties": {
											"waitTimeInSeconds": 1
										}
									}
								],
								"ifTrueActivities": [
									{
										"name": "FeedFailureUpdate",
										"description": "Execute failure status update pipeline",
										"type": "ExecutePipeline",
										"dependsOn": [
											{
												"activity": "UpdateFeedStatusStarted",
												"dependencyConditions": [
													"Failed"
												]
											}
										],
										"userProperties": [],
										"typeProperties": {
											"pipeline": {
												"referenceName": "CF_FeedProcessFailure",
												"type": "PipelineReference"
											},
											"waitOnCompletion": true,
											"parameters": {
												"pIngestionDB": {
													"value": "@pipeline().parameters.pIngestionDB",
													"type": "Expression"
												},
												"pUser": {
													"value": "@pipeline().parameters.pCurationUser",
													"type": "Expression"
												},
												"pRunLogID": {
													"value": "@activity('GenerateETLRunLogId').output.firstRow.ETLRunLogID",
													"type": "Expression"
												},
												"pRunLogstartDate": {
													"value": "@variables('vRunLogStartDate')",
													"type": "Expression"
												},
												"pFeedID": {
													"value": "@item().FeedID",
													"type": "Expression"
												}
											}
										}
									},
									{
										"name": "SetFeedProceedIndicator",
										"description": "Check the feed is active or onhold and set accordingly. ",
										"type": "SetVariable",
										"dependsOn": [
											{
												"activity": "UpdateFeedStatusStarted",
												"dependencyConditions": [
													"Succeeded"
												]
											}
										],
										"userProperties": [],
										"typeProperties": {
											"variableName": "vProccedFeed",
											"value": {
												"value": "@if(equals(item().FeedStatusName,'Active'),'YES','HOLD')",
												"type": "Expression"
											}
										}
									},
									{
										"name": "SetRunLogStartDate",
										"description": "Sets the ETL Run Log Start Date to a variable, so that it could be used while calling the Stored Procedure to update the ETL Run Log Status.",
										"type": "SetVariable",
										"dependsOn": [],
										"userProperties": [],
										"typeProperties": {
											"variableName": "vRunLogStartDate",
											"value": {
												"value": "@utcnow()",
												"type": "Expression"
											}
										}
									},
									{
										"name": "GenerateETLRunLogId",
										"description": "Generate ETLRunlog for the Curation Process",
										"type": "Lookup",
										"dependsOn": [
											{
												"activity": "SetRunLogStartDate",
												"dependencyConditions": [
													"Succeeded"
												]
											}
										],
										"policy": {
											"timeout": "7.00:00:00",
											"retry": 0,
											"retryIntervalInSeconds": 30,
											"secureOutput": false,
											"secureInput": false
										},
										"userProperties": [],
										"typeProperties": {
											"source": {
												"type": "AzureSqlSource",
												"sqlReaderStoredProcedureName": {
													"value": "@concat(pipeline().parameters.pIngestionDB,'.','ETLRunLogAddOrUpdate')",
													"type": "Expression"
												},
												"storedProcedureParameters": {
													"pDTCreated": {
														"type": "Datetime",
														"value": {
															"value": "@variables('vRunLogStartDate')",
															"type": "Expression"
														}
													},
													"pDTEnd": {
														"type": "String",
														"value": ""
													},
													"pDTStart": {
														"type": "String",
														"value": {
															"value": "@variables('vRunLogStartDate')",
															"type": "Expression"
														}
													},
													"pETLProcessName": {
														"type": "String",
														"value": {
															"value": "@pipeline().Pipeline",
															"type": "Expression"
														}
													},
													"pETLProcessRunID": {
														"type": "String",
														"value": {
															"value": "@pipeline().RunId",
															"type": "Expression"
														}
													},
													"pETLRunLogID": {
														"type": "String",
														"value": ""
													},
													"pETLRunLogStatusID": {
														"type": "String",
														"value": "25001"
													},
													"pKeepValueFlag": {
														"type": "String",
														"value": "0"
													},
													"pUserCreated": {
														"type": "String",
														"value": {
															"value": "@pipeline().parameters.pCurationUser",
															"type": "Expression"
														}
													}
												},
												"queryTimeout": "02:00:00",
												"partitionOption": "None"
											},
											"dataset": {
												"referenceName": "azdbdna_ds_metadata",
												"type": "DatasetReference"
											},
											"firstRowOnly": true
										}
									},
									{
										"name": "UpdateFeedStatusStarted",
										"description": "Update ETL Audit table",
										"type": "SqlServerStoredProcedure",
										"dependsOn": [
											{
												"activity": "GenerateETLRunLogId",
												"dependencyConditions": [
													"Succeeded"
												]
											}
										],
										"policy": {
											"timeout": "7.00:00:00",
											"retry": 0,
											"retryIntervalInSeconds": 30,
											"secureOutput": false,
											"secureInput": false
										},
										"userProperties": [],
										"typeProperties": {
											"storedProcedureName": "[psa].[sp_cf_etl_audit]",
											"storedProcedureParameters": {
												"feed_id": {
													"value": {
														"value": "@item().FeedID",
														"type": "Expression"
													},
													"type": "Int32"
												},
												"etl_runlog_id": {
													"value": {
														"value": "@activity('GenerateETLRunLogId').output.firstRow.ETLRunLogID",
														"type": "Expression"
													},
													"type": "Int32"
												},
												"feed_status": {
													"value": {
														"value": "STARTED",
														"type": "Expression"
													},
													"type": "String"
												}
											}
										},
										"linkedServiceName": {
											"referenceName": "azsyndna_curated_dw",
											"type": "LinkedServiceReference"
										}
									}
								]
							}
						},
						{
							"name": "CheckToProceedFeed",
							"description": "Check whether to proceed with Feed curation",
							"type": "Switch",
							"dependsOn": [
								{
									"activity": "CheckPrevETLAuditStatus",
									"dependencyConditions": [
										"Succeeded"
									]
								}
							],
							"userProperties": [],
							"typeProperties": {
								"on": {
									"value": "@variables('vProccedFeed')",
									"type": "Expression"
								},
								"cases": [
									{
										"value": "NO",
										"activities": [
											{
												"name": "DONOTProceedFeed",
												"type": "Wait",
												"dependsOn": [],
												"userProperties": [],
												"typeProperties": {
													"waitTimeInSeconds": 1
												}
											}
										]
									},
									{
										"value": "HOLD",
										"activities": [
											{
												"name": "UpdateETLRunLogFailed",
												"description": "Update ETLRunLog Status to Failed",
												"type": "Lookup",
												"dependsOn": [],
												"policy": {
													"timeout": "7.00:00:00",
													"retry": 0,
													"retryIntervalInSeconds": 30,
													"secureOutput": false,
													"secureInput": false
												},
												"userProperties": [],
												"typeProperties": {
													"source": {
														"type": "AzureSqlSource",
														"sqlReaderStoredProcedureName": {
															"value": "@concat(pipeline().parameters.pIngestionDB,'.','ETLRunLogAddOrUpdate')",
															"type": "Expression"
														},
														"storedProcedureParameters": {
															"pDTCreated": {
																"type": "Datetime",
																"value": {
																	"value": "@variables('vRunLogStartDate')",
																	"type": "Expression"
																}
															},
															"pDTEnd": {
																"type": "Datetime",
																"value": {
																	"value": "@utcnow()",
																	"type": "Expression"
																}
															},
															"pDTStart": {
																"type": "Datetime",
																"value": {
																	"value": "@variables('vRunLogStartDate')",
																	"type": "Expression"
																}
															},
															"pETLProcessName": {
																"type": "String",
																"value": {
																	"value": "@pipeline().Pipeline",
																	"type": "Expression"
																}
															},
															"pETLProcessRunID": {
																"type": "String",
																"value": {
																	"value": "@pipeline().RunId",
																	"type": "Expression"
																}
															},
															"pETLRunLogID": {
																"type": "String",
																"value": {
																	"value": "@activity('GenerateETLRunLogId').output.firstRow.ETLRunLogID",
																	"type": "Expression"
																}
															},
															"pETLRunLogStatusID": {
																"type": "String",
																"value": {
																	"value": "25003",
																	"type": "Expression"
																}
															},
															"pKeepValueFlag": {
																"type": "String",
																"value": "0"
															},
															"pUserCreated": {
																"type": "String",
																"value": {
																	"value": "@pipeline().parameters.pCurationUser",
																	"type": "Expression"
																}
															}
														},
														"queryTimeout": "02:00:00",
														"partitionOption": "None"
													},
													"dataset": {
														"referenceName": "azdbdna_ds_metadata",
														"type": "DatasetReference"
													},
													"firstRowOnly": true
												}
											},
											{
												"name": "UpdateFeedStatusOnHold",
												"description": "Update ETL Audit table",
												"type": "SqlServerStoredProcedure",
												"dependsOn": [
													{
														"activity": "UpdateETLRunLogFailed",
														"dependencyConditions": [
															"Completed"
														]
													}
												],
												"policy": {
													"timeout": "7.00:00:00",
													"retry": 0,
													"retryIntervalInSeconds": 30,
													"secureOutput": false,
													"secureInput": false
												},
												"userProperties": [],
												"typeProperties": {
													"storedProcedureName": "[psa].[sp_cf_etl_audit]",
													"storedProcedureParameters": {
														"feed_id": {
															"value": {
																"value": "@item().FeedID",
																"type": "Expression"
															},
															"type": "Int32"
														},
														"etl_runlog_id": {
															"value": {
																"value": "@activity('GenerateETLRunLogId').output.firstRow.ETLRunLogID",
																"type": "Expression"
															},
															"type": "Int32"
														},
														"feed_status": {
															"value": {
																"value": "ONHOLD",
																"type": "Expression"
															},
															"type": "String"
														}
													}
												},
												"linkedServiceName": {
													"referenceName": "azsyndna_curated_dw",
													"type": "LinkedServiceReference"
												}
											}
										]
									},
									{
										"value": "YES",
										"activities": [
											{
												"name": "ExecureFeedFailureLOAD",
												"type": "ExecutePipeline",
												"dependsOn": [
													{
														"activity": "ProcessFeed",
														"dependencyConditions": [
															"Failed"
														]
													}
												],
												"userProperties": [],
												"typeProperties": {
													"pipeline": {
														"referenceName": "CF_FeedProcessFailure",
														"type": "PipelineReference"
													},
													"waitOnCompletion": true,
													"parameters": {
														"pIngestionDB": {
															"value": "@pipeline().parameters.pIngestionDB",
															"type": "Expression"
														},
														"pUser": {
															"value": "@pipeline().parameters.pCurationUser",
															"type": "Expression"
														},
														"pRunLogID": {
															"value": "@activity('GenerateETLRunLogId').output.firstRow.ETLRunLogID",
															"type": "Expression"
														},
														"pRunLogstartDate": {
															"value": "@variables('vRunLogStartDate')",
															"type": "Expression"
														},
														"pFeedID": {
															"value": "@item().FeedID",
															"type": "Expression"
														}
													}
												}
											},
											{
												"name": "ProcessFeed",
												"description": "Process Assets against the given feed in Cleansed Area to  load to lod layer",
												"type": "ExecutePipeline",
												"dependsOn": [],
												"userProperties": [],
												"typeProperties": {
													"pipeline": {
														"referenceName": "CF_ProcessFeed",
														"type": "PipelineReference"
													},
													"waitOnCompletion": true,
													"parameters": {
														"pFeedID": {
															"value": "@item().FeedID",
															"type": "Expression"
														},
														"pRunLogStartDate": {
															"value": "@variables('vRunLogStartDate')",
															"type": "Expression"
														},
														"pIngestionDB": {
															"value": "@pipeline().parameters.pIngestionDB",
															"type": "Expression"
														},
														"pUser": {
															"value": "@pipeline().parameters.pCurationUser",
															"type": "Expression"
														},
														"pRunLogID": {
															"value": "@activity('GenerateETLRunLogId').output.firstRow.ETLRunLogID",
															"type": "Expression"
														},
														"pLoadTargetSchema": {
															"value": "@item().LoadTargetSchema",
															"type": "Expression"
														},
														"pLoadTargetTable": {
															"value": "@item().LoadTargetTable",
															"type": "Expression"
														},
														"pSystemOfRecordID": {
															"value": "@item().SystemOfRecordID",
															"type": "Expression"
														},
														"pAssetList": {
															"value": "@item().AssetList",
															"type": "Expression"
														},
														"pPSATable": {
															"value": "@item().PSATargetTable",
															"type": "Expression"
														}
													}
												}
											}
										]
									}
								]
							}
						}
					]
				}
			}
		],
		"parameters": {
			"pFeedID": {
				"type": "string"
			},
			"pIngestionDB": {
				"type": "string",
				"defaultValue": "dbo"
			},
			"pCurationUser": {
				"type": "string",
				"defaultValue": "CurationUser"
			},
			"pProjectID": {
				"type": "string"
			},
			"pAssetID": {
				"type": "string"
			}
		},
		"variables": {
			"vFeedFetchQry": {
				"type": "String"
			},
			"vFeedStausQry": {
				"type": "String"
			},
			"vRunLogStartDate": {
				"type": "String"
			},
			"vProccedFeed": {
				"type": "String",
				"defaultValue": "NO"
			}
		},
		"folder": {
			"name": "CurationFramework/Incremental/CleansedToPSA/FeedProcess"
		},
		"annotations": []
	}
}