{
	"name": "copyFile",
	"properties": {
		"activities": [
			{
				"name": "Copy Files to Landing",
				"type": "Copy",
				"dependsOn": [],
				"policy": {
					"timeout": "0.00:20:00",
					"retry": 0,
					"retryIntervalInSeconds": 30,
					"secureOutput": false,
					"secureInput": false
				},
				"userProperties": [],
				"typeProperties": {
					"source": {
						"type": "BinarySource",
						"storeSettings": {
							"type": "AzureBlobStorageReadSettings",
							"recursive": true,
							"deleteFilesAfterCompletion": true
						},
						"formatSettings": {
							"type": "BinaryReadSettings"
						}
					},
					"sink": {
						"type": "BinarySink",
						"storeSettings": {
							"type": "AzureBlobStorageWriteSettings"
						}
					},
					"enableStaging": false
				},
				"inputs": [
					{
						"referenceName": "azbin_generic_blob",
						"type": "DatasetReference",
						"parameters": {
							"container": "@pipeline().parameters.srcContainer",
							"directory": "@pipeline().parameters.srcFolder",
							"fileName": "@pipeline().parameters.srcFileName",
							"SAEndPoint": "@pipeline().parameters.saEndPoint"
						}
					}
				],
				"outputs": [
					{
						"referenceName": "azbin_generic_blob",
						"type": "DatasetReference",
						"parameters": {
							"container": "@pipeline().parameters.dstContainer",
							"directory": "@pipeline().parameters.dstFolder",
							"fileName": {
								"value": "@pipeline().parameters.srcFileName",
								"type": "Expression"
							},
							"SAEndPoint": "@pipeline().parameters.saEndPoint"
						}
					}
				]
			}
		],
		"parameters": {
			"srcContainer": {
				"type": "string"
			},
			"dstContainer": {
				"type": "string"
			},
			"srcFolder": {
				"type": "string"
			},
			"dstFolder": {
				"type": "string"
			},
			"saEndPoint": {
				"type": "string"
			},
			"srcFileName": {
				"type": "string"
			}
		},
		"folder": {
			"name": "Microbatch"
		},
		"annotations": []
	}
}