{
	"name": "Copy Iterate",
	"properties": {
		"description": "Copies files to dest. ",
		"activities": [
			{
				"name": "ForEachFile",
				"type": "ForEach",
				"dependsOn": [],
				"userProperties": [],
				"typeProperties": {
					"items": {
						"value": "@pipeline().parameters.Output",
						"type": "Expression"
					},
					"isSequential": true,
					"activities": [
						{
							"name": "SetFilename",
							"description": "captures filename from folder path for copy activity",
							"type": "SetVariable",
							"dependsOn": [],
							"userProperties": [],
							"typeProperties": {
								"variableName": "Filename",
								"value": {
									"value": "@item().name",
									"type": "Expression"
								}
							}
						},
						{
							"name": "IfFileExists",
							"type": "IfCondition",
							"dependsOn": [
								{
									"activity": "GetFile",
									"dependencyConditions": [
										"Succeeded"
									]
								}
							],
							"userProperties": [],
							"typeProperties": {
								"expression": {
									"value": "@equals(activity('GetFile').output.exists,true)",
									"type": "Expression"
								},
								"ifTrueActivities": [
									{
										"name": "Copy File",
										"type": "Copy",
										"dependsOn": [],
										"policy": {
											"timeout": "7.00:00:00",
											"retry": 0,
											"retryIntervalInSeconds": 30,
											"secureOutput": false,
											"secureInput": false
										},
										"userProperties": [],
										"typeProperties": {
											"source": {
												"type": "BinarySource",
												"storeSettings": {
													"type": "AzureBlobStorageReadSettings",
													"recursive": true,
													"deleteFilesAfterCompletion": true
												},
												"formatSettings": {
													"type": "BinaryReadSettings"
												}
											},
											"sink": {
												"type": "BinarySink",
												"storeSettings": {
													"type": "AzureBlobStorageWriteSettings"
												}
											},
											"enableStaging": false
										},
										"inputs": [
											{
												"referenceName": "azbinfile_landing_bounce",
												"type": "DatasetReference",
												"parameters": {
													"pContainer": {
														"value": "@pipeline().parameters.precontainer",
														"type": "Expression"
													},
													"pFolderPath": {
														"value": "@pipeline().parameters.Folderpath",
														"type": "Expression"
													},
													"pFileName": {
														"value": "@variables('Filename')",
														"type": "Expression"
													}
												}
											}
										],
										"outputs": [
											{
												"referenceName": "azbinfile_landing_bounce",
												"type": "DatasetReference",
												"parameters": {
													"pContainer": "landing",
													"pFolderPath": {
														"value": "@pipeline().parameters.Folderpath",
														"type": "Expression"
													},
													"pFileName": {
														"value": "@variables('Filename')",
														"type": "Expression"
													}
												}
											}
										]
									}
								]
							}
						},
						{
							"name": "GetFile",
							"type": "GetMetadata",
							"dependsOn": [
								{
									"activity": "SetFilename",
									"dependencyConditions": [
										"Succeeded"
									]
								}
							],
							"policy": {
								"timeout": "7.00:00:00",
								"retry": 0,
								"retryIntervalInSeconds": 30,
								"secureOutput": false,
								"secureInput": false
							},
							"userProperties": [],
							"typeProperties": {
								"dataset": {
									"referenceName": "azbinfile_landing_bounce",
									"type": "DatasetReference",
									"parameters": {
										"pContainer": {
											"value": "@pipeline().parameters.precontainer",
											"type": "Expression"
										},
										"pFolderPath": {
											"value": "@pipeline().parameters.Folderpath",
											"type": "Expression"
										},
										"pFileName": {
											"value": "@variables('Filename')",
											"type": "Expression"
										}
									}
								},
								"fieldList": [
									"exists"
								],
								"storeSettings": {
									"type": "AzureBlobStorageReadSettings",
									"recursive": true,
									"enablePartitionDiscovery": false
								},
								"formatSettings": {
									"type": "BinaryReadSettings"
								}
							}
						}
					]
				}
			}
		],
		"parameters": {
			"Output": {
				"type": "array"
			},
			"Folderpath": {
				"type": "string"
			},
			"precontainer": {
				"type": "string"
			}
		},
		"variables": {
			"Folderpath": {
				"type": "String"
			},
			"Filename": {
				"type": "String"
			},
			"count": {
				"type": "String"
			},
			"limit": {
				"type": "String"
			},
			"temp": {
				"type": "String"
			},
			"t": {
				"type": "String"
			},
			"t2": {
				"type": "String"
			},
			"t3": {
				"type": "String"
			}
		},
		"folder": {
			"name": "Google Analytics/Source File Microbatching"
		},
		"annotations": []
	}
}