{
	"name": "DB_ADLS_mount",
	"properties": {
		"activities": [
			{
				"name": "Databrick_ADLS_mount",
				"type": "DatabricksNotebook",
				"dependsOn": [
					{
						"activity": "Populate_Param",
						"dependencyConditions": [
							"Succeeded"
						]
					}
				],
				"policy": {
					"timeout": "7.00:00:00",
					"retry": 0,
					"retryIntervalInSeconds": 30,
					"secureOutput": false,
					"secureInput": false
				},
				"userProperties": [],
				"typeProperties": {
					"notebookPath": {
						"value": "@variables('MountADLSpath')",
						"type": "Expression"
					},
					"baseParameters": {
						"storage_account_name": {
							"value": "@variables('Storage_account')",
							"type": "Expression"
						},
						"input_container_name": {
							"value": "@variables('Input_container')",
							"type": "Expression"
						},
						"output_container_name": {
							"value": "@variables('Output_container')",
							"type": "Expression"
						},
						"GA_ClientId": {
							"value": "@variables('ClientID')",
							"type": "Expression"
						},
						"GA_ClientSecret": {
							"value": "@variables('ClientSecret')",
							"type": "Expression"
						},
						"GA_TenantId": {
							"value": "@variables('TenantID')",
							"type": "Expression"
						}
					}
				},
				"linkedServiceName": {
					"referenceName": "GA_AzureDatabricks",
					"type": "LinkedServiceReference"
				}
			},
			{
				"name": "Lookup_Parameters",
				"description": "lookup the parameter table to retrieve input parameters",
				"type": "Lookup",
				"dependsOn": [],
				"policy": {
					"timeout": "7.00:00:00",
					"retry": 0,
					"retryIntervalInSeconds": 30,
					"secureOutput": false,
					"secureInput": false
				},
				"userProperties": [],
				"typeProperties": {
					"source": {
						"type": "SqlDWSource",
						"sqlReaderQuery": {
							"value": "SELECT * FROM dc_metadata.GDHDynamicADFParams where Project_name = '@{pipeline().parameters.Project_Name}' and Environment = '@{pipeline().parameters.Environment}' ",
							"type": "Expression"
						},
						"queryTimeout": "02:00:00",
						"partitionOption": "None"
					},
					"dataset": {
						"referenceName": "azsyndna_dataset",
						"type": "DatasetReference"
					},
					"firstRowOnly": false
				}
			},
			{
				"name": "Populate_Param",
				"type": "ForEach",
				"dependsOn": [
					{
						"activity": "Lookup_Parameters",
						"dependencyConditions": [
							"Succeeded"
						]
					}
				],
				"userProperties": [],
				"typeProperties": {
					"items": {
						"value": "@activity('Lookup_Parameters').output.value",
						"type": "Expression"
					},
					"activities": [
						{
							"name": "Paramaters",
							"type": "Switch",
							"dependsOn": [],
							"userProperties": [],
							"typeProperties": {
								"on": {
									"value": "@item().Param_key",
									"type": "Expression"
								},
								"cases": [
									{
										"value": "Storage_account",
										"activities": [
											{
												"name": "SetStorageAccount",
												"type": "SetVariable",
												"dependsOn": [],
												"userProperties": [],
												"typeProperties": {
													"variableName": "Storage_account",
													"value": {
														"value": "@item().param_value",
														"type": "Expression"
													}
												}
											}
										]
									},
									{
										"value": "input_container",
										"activities": [
											{
												"name": "SetInputContainer",
												"description": "",
												"type": "SetVariable",
												"dependsOn": [],
												"userProperties": [],
												"typeProperties": {
													"variableName": "Input_container",
													"value": {
														"value": "@item().param_value",
														"type": "Expression"
													}
												}
											}
										]
									},
									{
										"value": "output_container",
										"activities": [
											{
												"name": "SetStorageContainer",
												"type": "SetVariable",
												"dependsOn": [],
												"userProperties": [],
												"typeProperties": {
													"variableName": "Output_container",
													"value": {
														"value": "@item().param_value",
														"type": "Expression"
													}
												}
											}
										]
									},
									{
										"value": "ClientID",
										"activities": [
											{
												"name": "SetClientID",
												"type": "SetVariable",
												"dependsOn": [],
												"userProperties": [],
												"typeProperties": {
													"variableName": "ClientID",
													"value": {
														"value": "@item().param_value",
														"type": "Expression"
													}
												}
											}
										]
									},
									{
										"value": "TenantID",
										"activities": [
											{
												"name": "SetTenantID",
												"type": "SetVariable",
												"dependsOn": [],
												"userProperties": [],
												"typeProperties": {
													"variableName": "TenantID",
													"value": {
														"value": "@item().param_value",
														"type": "Expression"
													}
												}
											}
										]
									},
									{
										"value": "ClientSecret",
										"activities": [
											{
												"name": "SetClientSecret",
												"type": "SetVariable",
												"dependsOn": [],
												"userProperties": [],
												"typeProperties": {
													"variableName": "ClientSecret",
													"value": {
														"value": "@item().param_value",
														"type": "Expression"
													}
												}
											}
										]
									},
									{
										"value": "mount_adls_storage",
										"activities": [
											{
												"name": "SetMount_adls_storage",
												"type": "SetVariable",
												"dependsOn": [],
												"userProperties": [],
												"typeProperties": {
													"variableName": "MountADLSpath",
													"value": {
														"value": "@item().param_value",
														"type": "Expression"
													}
												}
											}
										]
									}
								]
							}
						}
					]
				}
			}
		],
		"parameters": {
			"Project_name": {
				"type": "string"
			},
			"Environment": {
				"type": "string"
			}
		},
		"variables": {
			"Storage_account": {
				"type": "String"
			},
			"Input_container": {
				"type": "String"
			},
			"Output_container": {
				"type": "String"
			},
			"ClientID": {
				"type": "String"
			},
			"TenantID": {
				"type": "String"
			},
			"ClientSecret": {
				"type": "String"
			},
			"MountADLSpath": {
				"type": "String"
			}
		},
		"folder": {
			"name": "Google Analytics/UtilPipeline"
		},
		"annotations": []
	}
}