{
	"name": "DB_cleanupcode",
	"properties": {
		"activities": [
			{
				"name": "CleanupCode",
				"type": "DatabricksNotebook",
				"dependsOn": [
					{
						"activity": "Populate_Param",
						"dependencyConditions": [
							"Succeeded"
						]
					}
				],
				"policy": {
					"timeout": "7.00:00:00",
					"retry": 0,
					"retryIntervalInSeconds": 30,
					"secureOutput": false,
					"secureInput": false
				},
				"userProperties": [],
				"typeProperties": {
					"notebookPath": {
						"value": "@variables('Notebook path')",
						"type": "Expression"
					},
					"baseParameters": {
						"table_name": {
							"value": "@pipeline().parameters.Filename",
							"type": "Expression"
						},
						"file_path": {
							"value": "@pipeline().parameters.Folderpath",
							"type": "Expression"
						}
					}
				},
				"linkedServiceName": {
					"referenceName": "GA_AzureDatabricks",
					"type": "LinkedServiceReference"
				}
			},
			{
				"name": "Lookup_Parameters",
				"description": "lookup the parameter table to retrieve input parameters",
				"type": "Lookup",
				"dependsOn": [],
				"policy": {
					"timeout": "7.00:00:00",
					"retry": 0,
					"retryIntervalInSeconds": 30,
					"secureOutput": false,
					"secureInput": false
				},
				"userProperties": [],
				"typeProperties": {
					"source": {
						"type": "SqlDWSource",
						"sqlReaderQuery": {
							"value": "SELECT * FROM dc_metadata.GDHDynamicADFParams where Project_name = '@{pipeline().parameters.Project_Name}' and Environment = '@{pipeline().parameters.Environment}' ",
							"type": "Expression"
						},
						"queryTimeout": "02:00:00",
						"partitionOption": "None"
					},
					"dataset": {
						"referenceName": "azsyndna_dataset",
						"type": "DatasetReference"
					},
					"firstRowOnly": false
				}
			},
			{
				"name": "Populate_Param",
				"type": "ForEach",
				"dependsOn": [
					{
						"activity": "Lookup_Parameters",
						"dependencyConditions": [
							"Succeeded"
						]
					}
				],
				"userProperties": [],
				"typeProperties": {
					"items": {
						"value": "@activity('Lookup_Parameters').output.value",
						"type": "Expression"
					},
					"activities": [
						{
							"name": "Paramaters",
							"type": "Switch",
							"dependsOn": [],
							"userProperties": [],
							"typeProperties": {
								"on": {
									"value": "@item().Param_key",
									"type": "Expression"
								},
								"cases": [
									{
										"value": "CleanUp",
										"activities": [
											{
												"name": "Setnotebook",
												"type": "SetVariable",
												"dependsOn": [],
												"userProperties": [],
												"typeProperties": {
													"variableName": "Notebook path",
													"value": {
														"value": "@item().param_value",
														"type": "Expression"
													}
												}
											}
										]
									}
								]
							}
						}
					]
				}
			}
		],
		"parameters": {
			"Folderpath": {
				"type": "string"
			},
			"Filename": {
				"type": "string"
			},
			"Project_name": {
				"type": "string"
			},
			"Environment": {
				"type": "string"
			}
		},
		"variables": {
			"Notebook path": {
				"type": "String"
			}
		},
		"folder": {
			"name": "Google Analytics/UtilPipeline"
		},
		"annotations": []
	}
}