{
	"name": "DB_databrick_exec",
	"properties": {
		"description": "Triggers databrick jobs",
		"activities": [
			{
				"name": "Source_table_creation",
				"description": "Triggers source table creation databrick job",
				"type": "DatabricksNotebook",
				"dependsOn": [
					{
						"activity": "SetAssetStatusToDLStartedLanding",
						"dependencyConditions": [
							"Succeeded"
						]
					}
				],
				"policy": {
					"timeout": "7.00:00:00",
					"retry": 0,
					"retryIntervalInSeconds": 30,
					"secureOutput": false,
					"secureInput": false
				},
				"userProperties": [],
				"typeProperties": {
					"notebookPath": {
						"value": "@pipeline().parameters.pNoteBook_sourceFile",
						"type": "Expression"
					},
					"baseParameters": {
						"storage_account_name": {
							"value": "@pipeline().parameters.pStorageAccount",
							"type": "Expression"
						},
						"file_path": {
							"value": "@pipeline().parameters.pFolderpath",
							"type": "Expression"
						},
						"table_name": {
							"value": "@pipeline().parameters.pTablename",
							"type": "Expression"
						}
					}
				},
				"linkedServiceName": {
					"referenceName": "GA_AzureDatabricks",
					"type": "LinkedServiceReference"
				}
			},
			{
				"name": "DB_parallel_exec",
				"description": "Triggers databrick parallel job",
				"type": "ExecutePipeline",
				"dependsOn": [
					{
						"activity": "SetAssetStatusToDLCompletedLanding",
						"dependencyConditions": [
							"Succeeded"
						]
					}
				],
				"userProperties": [],
				"typeProperties": {
					"pipeline": {
						"referenceName": "DB_parallel_exec",
						"type": "PipelineReference"
					},
					"waitOnCompletion": true,
					"parameters": {
						"Notebook_List": {
							"value": "@pipeline().parameters.pNotebook_list",
							"type": "Expression"
						},
						"table_name": {
							"value": "@pipeline().parameters.pTablename",
							"type": "Expression"
						},
						"file_path": {
							"value": "@pipeline().parameters.pFolderpath",
							"type": "Expression"
						},
						"storage_account": {
							"value": "@pipeline().parameters.pStorageAccount",
							"type": "Expression"
						}
					}
				}
			},
			{
				"name": "SetAssetStatusToDLStartedLanding",
				"description": "Set Asset status to DLStartedLanding in IF metadata",
				"type": "Lookup",
				"dependsOn": [],
				"policy": {
					"timeout": "7.00:00:00",
					"retry": 0,
					"retryIntervalInSeconds": 30,
					"secureOutput": false,
					"secureInput": false
				},
				"userProperties": [],
				"typeProperties": {
					"source": {
						"type": "AzureSqlSource",
						"sqlReaderStoredProcedureName": {
							"value": "@concat(pipeline().parameters.pIngestionDB,'.','AssetStatusChange')",
							"type": "Expression"
						},
						"storedProcedureParameters": {
							"pAssetID": {
								"type": "String",
								"value": {
									"value": "@pipeline().parameters.pAssetID",
									"type": "Expression"
								}
							},
							"pDTCreated": {
								"type": "String",
								"value": {
									"value": "@utcnow()",
									"type": "Expression"
								}
							},
							"pStatusID": {
								"type": "String",
								"value": "24071"
							},
							"pUserCreated": {
								"type": "String",
								"value": {
									"value": "@pipeline().Pipeline",
									"type": "Expression"
								}
							}
						},
						"queryTimeout": "02:00:00",
						"partitionOption": "None"
					},
					"dataset": {
						"referenceName": "azdbdna_ds_metadata",
						"type": "DatasetReference"
					}
				}
			},
			{
				"name": "SetAssetStatusToDLCompletedServe",
				"description": "Set Asset status to DLCompletedServe in IF metadata",
				"type": "Lookup",
				"dependsOn": [
					{
						"activity": "CleanupCode",
						"dependencyConditions": [
							"Succeeded"
						]
					}
				],
				"policy": {
					"timeout": "7.00:00:00",
					"retry": 0,
					"retryIntervalInSeconds": 30,
					"secureOutput": false,
					"secureInput": false
				},
				"userProperties": [],
				"typeProperties": {
					"source": {
						"type": "AzureSqlSource",
						"sqlReaderStoredProcedureName": {
							"value": "@concat(pipeline().parameters.pIngestionDB,'.','AssetStatusChange')",
							"type": "Expression"
						},
						"storedProcedureParameters": {
							"pAssetID": {
								"type": "String",
								"value": {
									"value": "@pipeline().parameters.pAssetID",
									"type": "Expression"
								}
							},
							"pDTCreated": {
								"type": "String",
								"value": {
									"value": "@utcnow()",
									"type": "Expression"
								}
							},
							"pStatusID": {
								"type": "String",
								"value": "24076"
							},
							"pUserCreated": {
								"type": "String",
								"value": {
									"value": "@pipeline().Pipeline",
									"type": "Expression"
								}
							}
						},
						"queryTimeout": "02:00:00",
						"partitionOption": "None"
					},
					"dataset": {
						"referenceName": "azdbdna_ds_metadata",
						"type": "DatasetReference"
					}
				}
			},
			{
				"name": "UpdateETLRunLogSuccess",
				"description": "Update ETLRunLog Status to Success",
				"type": "Lookup",
				"dependsOn": [
					{
						"activity": "SetAssetStatusToDLCompletedServe",
						"dependencyConditions": [
							"Succeeded"
						]
					}
				],
				"policy": {
					"timeout": "7.00:00:00",
					"retry": 0,
					"retryIntervalInSeconds": 30,
					"secureOutput": false,
					"secureInput": false
				},
				"userProperties": [],
				"typeProperties": {
					"source": {
						"type": "AzureSqlSource",
						"sqlReaderStoredProcedureName": {
							"value": "@concat(pipeline().parameters.pIngestionDB,'.','ETLRunLogAddOrUpdate')",
							"type": "Expression"
						},
						"storedProcedureParameters": {
							"pDTCreated": {
								"type": "Datetime",
								"value": {
									"value": "@pipeline().parameters.pRunLogStartDate",
									"type": "Expression"
								}
							},
							"pDTEnd": {
								"type": "Datetime",
								"value": {
									"value": "@utcnow()",
									"type": "Expression"
								}
							},
							"pDTStart": {
								"type": "Datetime",
								"value": {
									"value": "@pipeline().parameters.pRunLogStartDate",
									"type": "Expression"
								}
							},
							"pETLProcessName": {
								"type": "String",
								"value": {
									"value": "@pipeline().Pipeline",
									"type": "Expression"
								}
							},
							"pETLProcessRunID": {
								"type": "String",
								"value": {
									"value": "@pipeline().RunId",
									"type": "Expression"
								}
							},
							"pETLRunLogID": {
								"type": "String",
								"value": {
									"value": "@pipeline().parameters.pETLRunLogID",
									"type": "Expression"
								}
							},
							"pETLRunLogStatusID": {
								"type": "String",
								"value": {
									"value": "25002",
									"type": "Expression"
								}
							},
							"pKeepValueFlag": {
								"type": "String",
								"value": "0"
							},
							"pUserCreated": {
								"type": "String",
								"value": {
									"value": "@pipeline().parameters.pUserCreated",
									"type": "Expression"
								}
							}
						},
						"queryTimeout": "02:00:00",
						"partitionOption": "None"
					},
					"dataset": {
						"referenceName": "azdbdna_ds_metadata",
						"type": "DatasetReference"
					},
					"firstRowOnly": true
				}
			},
			{
				"name": "SetAssetStatusToDLCompletedLanding",
				"description": "Set Asset status to DLCompletedLanding in IF metadata",
				"type": "Lookup",
				"dependsOn": [
					{
						"activity": "Source_table_creation",
						"dependencyConditions": [
							"Succeeded"
						]
					}
				],
				"policy": {
					"timeout": "7.00:00:00",
					"retry": 0,
					"retryIntervalInSeconds": 30,
					"secureOutput": false,
					"secureInput": false
				},
				"userProperties": [],
				"typeProperties": {
					"source": {
						"type": "AzureSqlSource",
						"sqlReaderStoredProcedureName": {
							"value": "@concat(pipeline().parameters.pIngestionDB,'.','AssetStatusChange')",
							"type": "Expression"
						},
						"storedProcedureParameters": {
							"pAssetID": {
								"type": "String",
								"value": {
									"value": "@pipeline().parameters.pAssetID",
									"type": "Expression"
								}
							},
							"pDTCreated": {
								"type": "String",
								"value": {
									"value": "@utcnow()",
									"type": "Expression"
								}
							},
							"pStatusID": {
								"type": "String",
								"value": "24072"
							},
							"pUserCreated": {
								"type": "String",
								"value": {
									"value": "@pipeline().Pipeline",
									"type": "Expression"
								}
							}
						},
						"queryTimeout": "02:00:00",
						"partitionOption": "None"
					},
					"dataset": {
						"referenceName": "azdbdna_ds_metadata",
						"type": "DatasetReference"
					}
				}
			},
			{
				"name": "GA_Zip_tsv",
				"description": "Triggers zipping databrick job",
				"type": "DatabricksNotebook",
				"dependsOn": [
					{
						"activity": "DB_parallel_exec",
						"dependencyConditions": [
							"Succeeded"
						]
					}
				],
				"policy": {
					"timeout": "7.00:00:00",
					"retry": 0,
					"retryIntervalInSeconds": 30,
					"secureOutput": false,
					"secureInput": false
				},
				"userProperties": [],
				"typeProperties": {
					"notebookPath": {
						"value": "@pipeline().parameters.pZiptsv",
						"type": "Expression"
					},
					"baseParameters": {
						"table_name": {
							"value": "@pipeline().parameters.pTablename",
							"type": "Expression"
						},
						"file_path": {
							"value": "@pipeline().parameters.pOutputPath",
							"type": "Expression"
						},
						"storage_account_name": {
							"value": "@pipeline().parameters.pStorageAccount",
							"type": "Expression"
						}
					}
				},
				"linkedServiceName": {
					"referenceName": "GA_AzureDatabricks",
					"type": "LinkedServiceReference"
				}
			},
			{
				"name": "SetAssetStatusToDLFailedLanding",
				"description": "Set Asset status to DLFailedLanding in IF metadata",
				"type": "Lookup",
				"dependsOn": [
					{
						"activity": "Source_table_creation",
						"dependencyConditions": [
							"Failed"
						]
					}
				],
				"policy": {
					"timeout": "7.00:00:00",
					"retry": 0,
					"retryIntervalInSeconds": 30,
					"secureOutput": false,
					"secureInput": false
				},
				"userProperties": [],
				"typeProperties": {
					"source": {
						"type": "AzureSqlSource",
						"sqlReaderStoredProcedureName": {
							"value": "@concat(pipeline().parameters.pIngestionDB,'.','AssetStatusChange')",
							"type": "Expression"
						},
						"storedProcedureParameters": {
							"pAssetID": {
								"type": "String",
								"value": {
									"value": "@pipeline().parameters.pAssetID",
									"type": "Expression"
								}
							},
							"pDTCreated": {
								"type": "String",
								"value": {
									"value": "@utcnow()",
									"type": "Expression"
								}
							},
							"pStatusID": {
								"type": "String",
								"value": "24077"
							},
							"pUserCreated": {
								"type": "String",
								"value": {
									"value": "@pipeline().Pipeline",
									"type": "Expression"
								}
							}
						},
						"queryTimeout": "02:00:00",
						"partitionOption": "None"
					},
					"dataset": {
						"referenceName": "azdbdna_ds_metadata",
						"type": "DatasetReference"
					}
				}
			},
			{
				"name": "UpdateETLRunLogFailed",
				"description": "Update ETLRunLog Status to Failed",
				"type": "Lookup",
				"dependsOn": [
					{
						"activity": "SetAssetStatusToDLFailedLanding",
						"dependencyConditions": [
							"Succeeded"
						]
					}
				],
				"policy": {
					"timeout": "7.00:00:00",
					"retry": 0,
					"retryIntervalInSeconds": 30,
					"secureOutput": false,
					"secureInput": false
				},
				"userProperties": [],
				"typeProperties": {
					"source": {
						"type": "AzureSqlSource",
						"sqlReaderStoredProcedureName": {
							"value": "@concat(pipeline().parameters.pIngestionDB,'.','ETLRunLogAddOrUpdate')",
							"type": "Expression"
						},
						"storedProcedureParameters": {
							"pDTCreated": {
								"type": "Datetime",
								"value": {
									"value": "@pipeline().parameters.pRunLogStartDate",
									"type": "Expression"
								}
							},
							"pDTEnd": {
								"type": "Datetime",
								"value": {
									"value": "@utcnow()",
									"type": "Expression"
								}
							},
							"pDTStart": {
								"type": "Datetime",
								"value": {
									"value": "@pipeline().parameters.pRunLogStartDate",
									"type": "Expression"
								}
							},
							"pETLProcessName": {
								"type": "String",
								"value": {
									"value": "@pipeline().Pipeline",
									"type": "Expression"
								}
							},
							"pETLProcessRunID": {
								"type": "String",
								"value": {
									"value": "@pipeline().RunId",
									"type": "Expression"
								}
							},
							"pETLRunLogID": {
								"type": "String",
								"value": {
									"value": "@pipeline().parameters.pETLRunLogID",
									"type": "Expression"
								}
							},
							"pETLRunLogStatusID": {
								"type": "String",
								"value": {
									"value": "25003",
									"type": "Expression"
								}
							},
							"pKeepValueFlag": {
								"type": "String",
								"value": "0"
							},
							"pUserCreated": {
								"type": "String",
								"value": {
									"value": "@pipeline().parameters.pUserCreated",
									"type": "Expression"
								}
							}
						},
						"queryTimeout": "02:00:00",
						"partitionOption": "None"
					},
					"dataset": {
						"referenceName": "azdbdna_ds_metadata",
						"type": "DatasetReference"
					},
					"firstRowOnly": true
				}
			},
			{
				"name": "SetAssetStatusToDLFailedServe",
				"description": "Set Asset status to DLFailedServe in IF metadata",
				"type": "Lookup",
				"dependsOn": [
					{
						"activity": "DB_parallel_exec",
						"dependencyConditions": [
							"Failed"
						]
					}
				],
				"policy": {
					"timeout": "7.00:00:00",
					"retry": 0,
					"retryIntervalInSeconds": 30,
					"secureOutput": false,
					"secureInput": false
				},
				"userProperties": [],
				"typeProperties": {
					"source": {
						"type": "AzureSqlSource",
						"sqlReaderStoredProcedureName": {
							"value": "@concat(pipeline().parameters.pIngestionDB,'.','AssetStatusChange')",
							"type": "Expression"
						},
						"storedProcedureParameters": {
							"pAssetID": {
								"type": "String",
								"value": {
									"value": "@pipeline().parameters.pAssetID",
									"type": "Expression"
								}
							},
							"pDTCreated": {
								"type": "String",
								"value": {
									"value": "@utcnow()",
									"type": "Expression"
								}
							},
							"pStatusID": {
								"type": "String",
								"value": "24079"
							},
							"pUserCreated": {
								"type": "String",
								"value": {
									"value": "@pipeline().Pipeline",
									"type": "Expression"
								}
							}
						},
						"queryTimeout": "02:00:00",
						"partitionOption": "None"
					},
					"dataset": {
						"referenceName": "azdbdna_ds_metadata",
						"type": "DatasetReference"
					}
				}
			},
			{
				"name": "UpdateETLRunLogDBFailed",
				"description": "Update ETLRunLog Status to Failed",
				"type": "Lookup",
				"dependsOn": [
					{
						"activity": "SetAssetStatusToDLFailedServe",
						"dependencyConditions": [
							"Succeeded"
						]
					}
				],
				"policy": {
					"timeout": "7.00:00:00",
					"retry": 0,
					"retryIntervalInSeconds": 30,
					"secureOutput": false,
					"secureInput": false
				},
				"userProperties": [],
				"typeProperties": {
					"source": {
						"type": "AzureSqlSource",
						"sqlReaderStoredProcedureName": {
							"value": "@concat(pipeline().parameters.pIngestionDB,'.','ETLRunLogAddOrUpdate')",
							"type": "Expression"
						},
						"storedProcedureParameters": {
							"pDTCreated": {
								"type": "Datetime",
								"value": {
									"value": "@pipeline().parameters.pRunLogStartDate",
									"type": "Expression"
								}
							},
							"pDTEnd": {
								"type": "Datetime",
								"value": {
									"value": "@utcnow()",
									"type": "Expression"
								}
							},
							"pDTStart": {
								"type": "Datetime",
								"value": {
									"value": "@pipeline().parameters.pRunLogStartDate",
									"type": "Expression"
								}
							},
							"pETLProcessName": {
								"type": "String",
								"value": {
									"value": "@pipeline().Pipeline",
									"type": "Expression"
								}
							},
							"pETLProcessRunID": {
								"type": "String",
								"value": {
									"value": "@pipeline().RunId",
									"type": "Expression"
								}
							},
							"pETLRunLogID": {
								"type": "String",
								"value": {
									"value": "@pipeline().parameters.pETLRunLogID",
									"type": "Expression"
								}
							},
							"pETLRunLogStatusID": {
								"type": "String",
								"value": {
									"value": "25003",
									"type": "Expression"
								}
							},
							"pKeepValueFlag": {
								"type": "String",
								"value": "0"
							},
							"pUserCreated": {
								"type": "String",
								"value": {
									"value": "@pipeline().parameters.pUserCreated",
									"type": "Expression"
								}
							}
						},
						"queryTimeout": "02:00:00",
						"partitionOption": "None"
					},
					"dataset": {
						"referenceName": "azdbdna_ds_metadata",
						"type": "DatasetReference"
					},
					"firstRowOnly": true
				}
			},
			{
				"name": "LogSystemLog-Failed",
				"description": "Pipeline to log failure of the databrick job",
				"type": "ExecutePipeline",
				"dependsOn": [
					{
						"activity": "UpdateETLRunLogFailed",
						"dependencyConditions": [
							"Succeeded"
						]
					}
				],
				"userProperties": [],
				"typeProperties": {
					"pipeline": {
						"referenceName": "Log_System_Log",
						"type": "PipelineReference"
					},
					"waitOnCompletion": true,
					"parameters": {
						"log_type": "INFORMATION",
						"log_message": {
							"value": "@concat('Project : Google Analytics, FailedAsset : ',pipeline().parameters.pAssetID,'FailureReason : Failed to create source file','sourceFileLocation: ',pipeline().parameters.pFolderpath)",
							"type": "Expression"
						}
					}
				}
			},
			{
				"name": "LogSystemLog-DBFailed",
				"description": "Pipeline to log failure of the databrick job",
				"type": "ExecutePipeline",
				"dependsOn": [
					{
						"activity": "UpdateETLRunLogDBFailed",
						"dependencyConditions": [
							"Succeeded"
						]
					}
				],
				"userProperties": [],
				"typeProperties": {
					"pipeline": {
						"referenceName": "Log_System_Log",
						"type": "PipelineReference"
					},
					"waitOnCompletion": true,
					"parameters": {
						"log_type": "INFORMATION",
						"log_message": {
							"value": "@concat('Project : Google Analytics, FailedAsset : ',pipeline().parameters.pAssetID,'FailureReason : Failed to create transformed file','sourceFileLocation: ',pipeline().parameters.pFolderpath)",
							"type": "Expression"
						}
					}
				}
			},
			{
				"name": "CleanupCode",
				"type": "DatabricksNotebook",
				"dependsOn": [
					{
						"activity": "GA_Zip_tsv",
						"dependencyConditions": [
							"Succeeded"
						]
					}
				],
				"policy": {
					"timeout": "7.00:00:00",
					"retry": 3,
					"retryIntervalInSeconds": 30,
					"secureOutput": false,
					"secureInput": false
				},
				"userProperties": [],
				"typeProperties": {
					"notebookPath": {
						"value": "@pipeline().parameters.pCleanUp",
						"type": "Expression"
					},
					"baseParameters": {
						"table_name": {
							"value": "@pipeline().parameters.pTablename",
							"type": "Expression"
						},
						"file_path": {
							"value": "@pipeline().parameters.pOutputPath",
							"type": "Expression"
						},
						"delete_flag": {
							"value": "@pipeline().parameters.pDeleteFlag",
							"type": "Expression"
						},
						"storage_account_name": {
							"value": "@pipeline().parameters.pStorageAccount",
							"type": "Expression"
						}
					}
				},
				"linkedServiceName": {
					"referenceName": "GA_AzureDatabricks",
					"type": "LinkedServiceReference"
				}
			}
		],
		"parameters": {
			"pNoteBook_sourceFile": {
				"type": "string"
			},
			"pNotebook_list": {
				"type": "array"
			},
			"pTablename": {
				"type": "string"
			},
			"pStorageAccount": {
				"type": "string"
			},
			"pInputContainer": {
				"type": "string"
			},
			"pOutputContainer": {
				"type": "string"
			},
			"pIngestionDB": {
				"type": "string",
				"defaultValue": "dbo"
			},
			"pAssetID": {
				"type": "string"
			},
			"pUserCreated": {
				"type": "string"
			},
			"pRunLogStartDate": {
				"type": "string"
			},
			"pZiptsv": {
				"type": "string"
			},
			"pETLRunLogID": {
				"type": "string"
			},
			"pDeleteFlag": {
				"type": "string"
			},
			"pFolderpath": {
				"type": "string"
			},
			"pOutputPath": {
				"type": "string"
			},
			"pCleanUp": {
				"type": "string"
			}
		},
		"variables": {
			"folder": {
				"type": "String"
			}
		},
		"folder": {
			"name": "Google Analytics/CleansedToDispatch"
		},
		"annotations": []
	}
}