{
	"name": "DB_Failure_Asset_Exec",
	"properties": {
		"description": "converts avro to csv",
		"activities": [
			{
				"name": "IterateFeeds",
				"description": "Iterate through Assets in the given feed",
				"type": "ForEach",
				"dependsOn": [],
				"userProperties": [],
				"typeProperties": {
					"items": {
						"value": "@pipeline().parameters.pAssetList",
						"type": "Expression"
					},
					"isSequential": true,
					"activities": [
						{
							"name": "Set_AssetID",
							"type": "SetVariable",
							"dependsOn": [],
							"userProperties": [],
							"typeProperties": {
								"variableName": "v_AssetID",
								"value": {
									"value": "@String(item().AssetID)",
									"type": "Expression"
								}
							}
						},
						{
							"name": "Set_FileName",
							"type": "SetVariable",
							"dependsOn": [],
							"userProperties": [],
							"typeProperties": {
								"variableName": "v_Filename",
								"value": {
									"value": "@item().AssetName",
									"type": "Expression"
								}
							}
						},
						{
							"name": "Set_Folderpath",
							"type": "SetVariable",
							"dependsOn": [],
							"userProperties": [],
							"typeProperties": {
								"variableName": "v_Folderpath",
								"value": {
									"value": "@item().AssetLocation",
									"type": "Expression"
								}
							}
						},
						{
							"name": "Process Feeds",
							"type": "ExecutePipeline",
							"dependsOn": [
								{
									"activity": "Set_AssetID",
									"dependencyConditions": [
										"Succeeded"
									]
								},
								{
									"activity": "Set_FileName",
									"dependencyConditions": [
										"Succeeded"
									]
								},
								{
									"activity": "Set_Folderpath",
									"dependencyConditions": [
										"Succeeded"
									]
								}
							],
							"userProperties": [],
							"typeProperties": {
								"pipeline": {
									"referenceName": "DB_transfermetafile",
									"type": "PipelineReference"
								},
								"waitOnCompletion": true,
								"parameters": {
									"Filename": {
										"value": "@variables('v_Filename')",
										"type": "Expression"
									},
									"Environment": {
										"value": "@pipeline().parameters.Environment",
										"type": "Expression"
									},
									"Project_Name": {
										"value": "@pipeline().parameters.Project_name",
										"type": "Expression"
									},
									"Folderpath": {
										"value": "@variables('v_Folderpath')",
										"type": "Expression"
									},
									"FeedID": {
										"value": "@pipeline().parameters.pFeedID",
										"type": "Expression"
									},
									"AssetID": {
										"value": "@variables('v_AssetID')",
										"type": "Expression"
									},
									"pRunLogStartDate": {
										"value": "@pipeline().parameters.pRunLogStartDate",
										"type": "Expression"
									},
									"pDeleteFlag": {
										"value": "@pipeline().parameters.pDeleteFlag",
										"type": "Expression"
									},
									"pETLRunLogID": {
										"value": "@pipeline().parameters.pETLRunLogID",
										"type": "Expression"
									},
									"pIngestionDB": {
										"value": "@pipeline().parameters.pIngestionDB",
										"type": "Expression"
									},
									"pUserCreated": {
										"value": "@pipeline().parameters.pCurationUser",
										"type": "Expression"
									}
								}
							}
						}
					]
				}
			}
		],
		"parameters": {
			"pAssetList": {
				"type": "array"
			},
			"pDeleteFlag": {
				"type": "string"
			},
			"pRunLogStartDate": {
				"type": "string"
			},
			"pETLRunLogID": {
				"type": "string"
			},
			"pFeedID": {
				"type": "string"
			},
			"Environment": {
				"type": "string"
			},
			"Project_name": {
				"type": "string"
			},
			"pIngestionDB": {
				"type": "string"
			},
			"pCurationUser": {
				"type": "string"
			}
		},
		"variables": {
			"v_Query": {
				"type": "String"
			},
			"v_AssetID": {
				"type": "String"
			},
			"v_RunLogStartDate": {
				"type": "String"
			},
			"v_AssetList": {
				"type": "String"
			},
			"v_Filename": {
				"type": "String"
			},
			"v_Folderpath": {
				"type": "String"
			}
		},
		"folder": {
			"name": "Google Analytics/Failure_Handling"
		},
		"annotations": []
	}
}