{
	"name": "DB_Failure_Rerun",
	"properties": {
		"description": "Rerun databrick job for failed assets",
		"activities": [
			{
				"name": "IterateFeeds",
				"description": "Iterate through Assets in the given feed",
				"type": "ForEach",
				"dependsOn": [
					{
						"activity": "RetrieveFeeds",
						"dependencyConditions": [
							"Succeeded"
						]
					},
					{
						"activity": "GenerateETLRunLogId",
						"dependencyConditions": [
							"Succeeded"
						]
					}
				],
				"userProperties": [],
				"typeProperties": {
					"items": {
						"value": "@activity('RetrieveFeeds').output.value",
						"type": "Expression"
					},
					"isSequential": true,
					"activities": [
						{
							"name": "Set_FeedID",
							"description": "initialises feed ID",
							"type": "SetVariable",
							"dependsOn": [],
							"userProperties": [],
							"typeProperties": {
								"variableName": "v_FeedID",
								"value": {
									"value": "@string(item().FeedID)",
									"type": "Expression"
								}
							}
						},
						{
							"name": "Databricks_Failure_Asset_Exec",
							"description": "triggers failure assets for the feed",
							"type": "ExecutePipeline",
							"dependsOn": [
								{
									"activity": "Set_FeedID",
									"dependencyConditions": [
										"Succeeded"
									]
								},
								{
									"activity": "Set_AssetList",
									"dependencyConditions": [
										"Succeeded"
									]
								}
							],
							"userProperties": [],
							"typeProperties": {
								"pipeline": {
									"referenceName": "DB_Failure_Asset_Exec",
									"type": "PipelineReference"
								},
								"waitOnCompletion": true,
								"parameters": {
									"pAssetList": {
										"value": "@variables('v_AssetList')",
										"type": "Expression"
									},
									"pDeleteFlag": {
										"value": "@pipeline().parameters.pDeleteFlag",
										"type": "Expression"
									},
									"pRunLogStartDate": {
										"value": "@variables('v_RunLogStartDate')",
										"type": "Expression"
									},
									"pETLRunLogID": {
										"value": "@activity('GenerateETLRunLogId').output.firstRow.ETLRunLogID",
										"type": "Expression"
									},
									"pFeedID": {
										"value": "@variables('v_FeedID')",
										"type": "Expression"
									},
									"Environment": {
										"value": "@pipeline().parameters.Environment",
										"type": "Expression"
									},
									"Project_name": {
										"value": "@pipeline().parameters.Project_name",
										"type": "Expression"
									},
									"pIngestionDB": {
										"value": "@pipeline().parameters.pIngestionDB",
										"type": "Expression"
									},
									"pCurationUser": {
										"value": "@pipeline().parameters.pCurationUser",
										"type": "Expression"
									}
								}
							}
						},
						{
							"name": "Set_AssetList",
							"description": "initialises asset list",
							"type": "SetVariable",
							"dependsOn": [],
							"userProperties": [],
							"typeProperties": {
								"variableName": "v_AssetList",
								"value": {
									"value": "@json(item().AssetList)",
									"type": "Expression"
								}
							}
						}
					]
				}
			},
			{
				"name": "GenerateETLRunLogId",
				"description": "Generate ETLRunlog for the Curation Process",
				"type": "Lookup",
				"dependsOn": [
					{
						"activity": "SetRunLogStartDate",
						"dependencyConditions": [
							"Succeeded"
						]
					}
				],
				"policy": {
					"timeout": "7.00:00:00",
					"retry": 0,
					"retryIntervalInSeconds": 30,
					"secureOutput": false,
					"secureInput": false
				},
				"userProperties": [],
				"typeProperties": {
					"source": {
						"type": "AzureSqlSource",
						"sqlReaderStoredProcedureName": {
							"value": "@concat(pipeline().parameters.pIngestionDB,'.','ETLRunLogAddOrUpdate')",
							"type": "Expression"
						},
						"storedProcedureParameters": {
							"pDTCreated": {
								"type": "String",
								"value": {
									"value": "@variables('v_RunLogStartDate')",
									"type": "Expression"
								}
							},
							"pDTEnd": {
								"type": "String",
								"value": ""
							},
							"pDTStart": {
								"type": "String",
								"value": {
									"value": "@variables('v_RunLogStartDate')",
									"type": "Expression"
								}
							},
							"pETLProcessName": {
								"type": "String",
								"value": {
									"value": "@pipeline().Pipeline",
									"type": "Expression"
								}
							},
							"pETLProcessRunID": {
								"type": "String",
								"value": {
									"value": "@pipeline().RunId",
									"type": "Expression"
								}
							},
							"pETLRunLogID": {
								"type": "String",
								"value": ""
							},
							"pETLRunLogStatusID": {
								"type": "String",
								"value": "25001"
							},
							"pKeepValueFlag": {
								"type": "String",
								"value": "0"
							},
							"pUserCreated": {
								"type": "String",
								"value": {
									"value": "@pipeline().parameters.pCurationUser",
									"type": "Expression"
								}
							}
						},
						"queryTimeout": "02:00:00",
						"partitionOption": "None"
					},
					"dataset": {
						"referenceName": "azdbdna_ds_metadata",
						"type": "DatasetReference"
					},
					"firstRowOnly": true
				}
			},
			{
				"name": "SetRunLogStartDate",
				"description": "initialises run log start time",
				"type": "SetVariable",
				"dependsOn": [],
				"userProperties": [],
				"typeProperties": {
					"variableName": "v_RunLogStartDate",
					"value": {
						"value": "@utcnow()",
						"type": "Expression"
					}
				}
			},
			{
				"name": "FeedsToProcess",
				"description": "Set FeedsToProcess Query variable",
				"type": "SetVariable",
				"dependsOn": [],
				"userProperties": [],
				"typeProperties": {
					"variableName": "v_Query",
					"value": "DECLARE @RC int\nDECLARE @pAssetID nvarchar(20) = $pAssetID\nDECLARE @pFeedID nvarchar(20) = $pFeedID\nDECLARE @pAssetStatusID nvarchar(20) = $pAssetStatusID\nDECLARE @pProjectID nvarchar(20) = $pProjectID\nDECLARE @pSourceRangeID nvarchar(20) = ''\nDECLARE @pTargetLayer nvarchar(128) --= 'PSA'\nDECLARE @pLatestAssetFlag nchar(1) = '1'\n\nDECLARE @AssetListJSON table(AssetListJSON nvarchar(max), ProcedureStatus int, ProcedureMessage nvarchar(max))\n \ninsert into @AssetListJSON(AssetListJSON, ProcedureStatus, ProcedureMessage)\nEXECUTE @RC = [$schemaName].[AssetToProcessGet]\n   @pAssetID\n  ,@pFeedID\n  ,@pAssetStatusID\n  ,@pProjectID\n  ,@pSourceRangeID\n  ,@pTargetLayer\n  ,@pLatestAssetFlag;\n\nwith AssetList (AssetList)\nas (\nselect JSON_QUERY(AssetListJSON, '$.AssetList') AssetList\nfrom @AssetListJSON\n),\nAssetListArray(AssetList) \nas (\nselect AssetList\nfrom AssetList\n),\nAssetListTable \nas (\nselect \nAssetID\n, FeedID\n, AssetName\n, AssetLocation\n, SystemOfRecordID\n, LoadTargetSchema\n, LoadTargetTable\n, PSATargetSchema\n, PSATargetTable\n, FeedStatusName\nfrom AssetListArray ala cross apply \nOPENJSON(AssetList) \nWITH (\n  AssetID            int                '$.AssetID'\n, FeedID             int                '$.FeedID'\n, AssetName          nvarchar(100)    '$.AssetName'\n, AssetLocation      nvarchar(500)    '$.AssetLocation'\n, RunLogId           int                '$.RunLogId'\n, StatusID           int                '$.StatusID'\n, StatusName         nvarchar(100)    '$.StatusName'\n, ProjectID          int                '$.ProjectID'\n, ProjectName        nvarchar(500)    '$.ProjectName'\n, SourceRangeID      int                '$.SourceRangeID'\n, SourceRangeName    nvarchar(500)    '$.SourceRangeName'\n, SourceSystemID     int                '$.SourceSystemID'\n, SourceSystemName   nvarchar(500)    '$.SourceSystemName'\n, SystemOfRecordID   int                '$.SystemOfRecordID'\n, SystemOfRecordName nvarchar(500)    '$.SystemOfRecordName'\n, LoadTargetSchema   nvarchar(100)    '$.LoadTargetSchema'\n, LoadTargetTable    nvarchar(100)    '$.LoadTargetTable'\n, PSATargetSchema    nvarchar(100)    '$.PSATargetSchema'\n, PSATargetTable     nvarchar(100)    '$.PSATargetTable'\n, FeedStatusName     nvarchar(50)     '$.FeedStatusName'\n) \n),AssetListFeedID \nas (\nselect FeedID\n    , LoadTargetSchema\n    , LoadTargetTable\n    , PSATargetSchema\n    , PSATargetTable\n    , SystemOfRecordID\n    , FeedStatusName\nfrom AssetListTable\ngroup by FeedID\n    , LoadTargetSchema\n    , LoadTargetTable\n    , PSATargetSchema\n    , PSATargetTable\n    , SystemOfRecordID\n    , FeedStatusName\n)\nselect \n    FeedID = alfi.FeedID \n    , alfi.LoadTargetSchema\n    , alfi.LoadTargetTable\n    , alfi.PSATargetSchema\n    , alfi.PSATargetTable\n    , alfi.SystemOfRecordID\n    , alfi.FeedStatusName\n    , AssetList = (\n    select \n        alt.AssetID\n        , alt.AssetName\n        , SUBSTRING(alt.AssetLocation,CHARINDEX('/', alt.AssetLocation, 1)+1,CHARINDEX('/', alt.AssetLocation, 2)-2) as Container\n        , SUBSTRING(alt.AssetLocation,CHARINDEX('/', alt.AssetLocation, 2)+1,LEN(alt.AssetLocation)-CHARINDEX('/', alt.AssetLocation, 2) - 1) as AssetLocation,\n        'UTF-8' Encoding\n    from \n        AssetListTable alt\n    where\n        alt.FeedID = alfi.FeedID\n    order by alt.AssetName\n    for json path\n    )\nfrom AssetListFeedID alfi"
				}
			},
			{
				"name": "RetrieveFeeds",
				"description": "Gets the list of feeds from the Ingestion metadata, that are to be curated.\n\nCalls the [apitemp].[AssetToProcessGet] Stored Procedure with args\n\npAssetID(blank)\npAssetStatusID(24014 for getting cleansed)\npFeedID(blank - to get all the feeds that are to be processed)\npProjectID(blank)\npSourceRangeID(402)\npTargetLayer(PSA - to get all those to be processed till PSA)",
				"type": "Lookup",
				"dependsOn": [
					{
						"activity": "FeedsToProcess",
						"dependencyConditions": [
							"Succeeded"
						]
					}
				],
				"policy": {
					"timeout": "7.00:00:00",
					"retry": 0,
					"retryIntervalInSeconds": 30,
					"secureOutput": false,
					"secureInput": false
				},
				"userProperties": [],
				"typeProperties": {
					"source": {
						"type": "AzureSqlSource",
						"sqlReaderQuery": {
							"value": "@replace(\nreplace(\nreplace(\nreplace(\nreplace(variables('v_Query'),'$schemaName',pipeline().parameters.pIngestionDB), '$pAssetStatusID', pipeline().parameters.pAssetStatusID), '$pFeedID', pipeline().parameters.pFeedID), '$pProjectID',pipeline().parameters.pProjectID), '$pAssetID',pipeline().parameters.pAssetID)",
							"type": "Expression"
						},
						"queryTimeout": "02:00:00",
						"partitionOption": "None"
					},
					"dataset": {
						"referenceName": "azdbdna_ds_metadata",
						"type": "DatasetReference"
					},
					"firstRowOnly": false
				}
			}
		],
		"parameters": {
			"pIngestionDB": {
				"type": "string",
				"defaultValue": "dbo"
			},
			"pProjectID": {
				"type": "string",
				"defaultValue": "'69'"
			},
			"pAssetID": {
				"type": "string",
				"defaultValue": "''"
			},
			"pCurationUser": {
				"type": "string",
				"defaultValue": "''"
			},
			"pFeedID": {
				"type": "string",
				"defaultValue": "''"
			},
			"pAssetStatusID": {
				"type": "string",
				"defaultValue": "'24014'"
			},
			"pDeleteFlag": {
				"type": "string",
				"defaultValue": "1"
			},
			"Environment": {
				"type": "string",
				"defaultValue": "pp"
			},
			"Project_name": {
				"type": "string",
				"defaultValue": "GA"
			}
		},
		"variables": {
			"v_Query": {
				"type": "String"
			},
			"v_RunLogStartDate": {
				"type": "String"
			},
			"v_FeedID": {
				"type": "String"
			},
			"v_AssetList": {
				"type": "Array"
			}
		},
		"folder": {
			"name": "Google Analytics/Failure_Handling"
		},
		"annotations": []
	}
}