{
	"name": "DB_feedprocess",
	"properties": {
		"description": "fetches the feed properties",
		"activities": [
			{
				"name": "Lookup_FeedID",
				"description": "Fetches FeedID",
				"type": "Lookup",
				"dependsOn": [
					{
						"activity": "Set_vFolderpath",
						"dependencyConditions": [
							"Succeeded"
						]
					}
				],
				"policy": {
					"timeout": "7.00:00:00",
					"retry": 0,
					"retryIntervalInSeconds": 30,
					"secureOutput": false,
					"secureInput": false
				},
				"userProperties": [],
				"typeProperties": {
					"source": {
						"type": "AzureSqlSource",
						"sqlReaderQuery": {
							"value": "SELECT FeedID from dbo.asset where AssetName LIKE '@{pipeline().parameters.Filename}'",
							"type": "Expression"
						},
						"queryTimeout": "02:00:00",
						"partitionOption": "None"
					},
					"dataset": {
						"referenceName": "azdbdna_ds_metadata",
						"type": "DatasetReference"
					},
					"firstRowOnly": false
				}
			},
			{
				"name": "Set_FeedID",
				"description": "Intializes feed id ",
				"type": "SetVariable",
				"dependsOn": [
					{
						"activity": "Lookup_FeedID",
						"dependencyConditions": [
							"Succeeded"
						]
					}
				],
				"userProperties": [],
				"typeProperties": {
					"variableName": "v_FeedID",
					"value": {
						"value": "@string(activity('Lookup_FeedID').output.value[0].FeedID)",
						"type": "Expression"
					}
				}
			},
			{
				"name": "DB_transfermetafile",
				"description": "",
				"type": "ExecutePipeline",
				"dependsOn": [
					{
						"activity": "GenerateETLRunLogId",
						"dependencyConditions": [
							"Succeeded"
						]
					},
					{
						"activity": "Set_AssetID",
						"dependencyConditions": [
							"Succeeded"
						]
					},
					{
						"activity": "Set_FeedID",
						"dependencyConditions": [
							"Succeeded"
						]
					}
				],
				"userProperties": [],
				"typeProperties": {
					"pipeline": {
						"referenceName": "DB_transfermetafile",
						"type": "PipelineReference"
					},
					"waitOnCompletion": true,
					"parameters": {
						"Filename": {
							"value": "@pipeline().parameters.Filename",
							"type": "Expression"
						},
						"Environment": {
							"value": "@pipeline().parameters.Environment",
							"type": "Expression"
						},
						"Project_Name": {
							"value": "@pipeline().parameters.Project_Name",
							"type": "Expression"
						},
						"Folderpath": {
							"value": "@variables('v_inputFolderPath')",
							"type": "Expression"
						},
						"FeedID": {
							"value": "@variables('v_FeedID')",
							"type": "Expression"
						},
						"AssetID": {
							"value": "@variables('v_AssetID')",
							"type": "Expression"
						},
						"pRunLogStartDate": {
							"value": "@variables('v_RunLogStartDate')",
							"type": "Expression"
						},
						"pDeleteFlag": {
							"value": "@pipeline().parameters.pDeleteFlag",
							"type": "Expression"
						},
						"pETLRunLogID": {
							"value": "@activity('GenerateETLRunLogId').output.firstRow.ETLRunLogID",
							"type": "Expression"
						},
						"pIngestionDB": {
							"value": "@pipeline().parameters.pIngestionDB",
							"type": "Expression"
						},
						"pUserCreated": {
							"value": "@pipeline().parameters.pCurationUser",
							"type": "Expression"
						}
					}
				}
			},
			{
				"name": "GenerateETLRunLogId",
				"description": "Generate ETLRunlog for the Curation Process",
				"type": "Lookup",
				"dependsOn": [
					{
						"activity": "SetRunLogStartDate",
						"dependencyConditions": [
							"Succeeded"
						]
					}
				],
				"policy": {
					"timeout": "7.00:00:00",
					"retry": 0,
					"retryIntervalInSeconds": 30,
					"secureOutput": false,
					"secureInput": false
				},
				"userProperties": [],
				"typeProperties": {
					"source": {
						"type": "AzureSqlSource",
						"sqlReaderStoredProcedureName": {
							"value": "@concat(pipeline().parameters.pIngestionDB,'.','ETLRunLogAddOrUpdate')",
							"type": "Expression"
						},
						"storedProcedureParameters": {
							"pDTCreated": {
								"type": "String",
								"value": {
									"value": "@variables('v_RunLogStartDate')",
									"type": "Expression"
								}
							},
							"pDTEnd": {
								"type": "String",
								"value": ""
							},
							"pDTStart": {
								"type": "String",
								"value": {
									"value": "@variables('v_RunLogStartDate')",
									"type": "Expression"
								}
							},
							"pETLProcessName": {
								"type": "String",
								"value": {
									"value": "@pipeline().Pipeline",
									"type": "Expression"
								}
							},
							"pETLProcessRunID": {
								"type": "String",
								"value": {
									"value": "@pipeline().RunId",
									"type": "Expression"
								}
							},
							"pETLRunLogID": {
								"type": "String",
								"value": ""
							},
							"pETLRunLogStatusID": {
								"type": "String",
								"value": "25001"
							},
							"pKeepValueFlag": {
								"type": "String",
								"value": "0"
							},
							"pUserCreated": {
								"type": "String",
								"value": {
									"value": "@pipeline().parameters.pCurationUser",
									"type": "Expression"
								}
							}
						},
						"queryTimeout": "02:00:00",
						"partitionOption": "None"
					},
					"dataset": {
						"referenceName": "azdbdna_ds_metadata",
						"type": "DatasetReference"
					},
					"firstRowOnly": true
				}
			},
			{
				"name": "SetRunLogStartDate",
				"type": "SetVariable",
				"dependsOn": [],
				"userProperties": [],
				"typeProperties": {
					"variableName": "v_RunLogStartDate",
					"value": {
						"value": "@utcnow()",
						"type": "Expression"
					}
				}
			},
			{
				"name": "Set_vFolderpath",
				"description": "Modifies folderpath for requirment",
				"type": "SetVariable",
				"dependsOn": [
					{
						"activity": "Metadata_updation",
						"dependencyConditions": [
							"Succeeded"
						]
					}
				],
				"userProperties": [],
				"typeProperties": {
					"variableName": "v_inputFolderPath",
					"value": {
						"value": "@substring(pipeline().parameters.Folderpath,add(indexof(pipeline().parameters.Folderpath,'/'),1),sub(sub(length(pipeline().parameters.Folderpath),indexof(pipeline().parameters.Folderpath,'/')),1))",
						"type": "Expression"
					}
				}
			},
			{
				"name": "Metadata_updation",
				"description": "Wait for metadata table updation",
				"type": "Wait",
				"dependsOn": [],
				"userProperties": [],
				"typeProperties": {
					"waitTimeInSeconds": 150
				}
			},
			{
				"name": "Lookup_AssetID",
				"description": "Fetches FeedID",
				"type": "Lookup",
				"dependsOn": [
					{
						"activity": "Set_vFolderpath",
						"dependencyConditions": [
							"Succeeded"
						]
					}
				],
				"policy": {
					"timeout": "7.00:00:00",
					"retry": 0,
					"retryIntervalInSeconds": 30,
					"secureOutput": false,
					"secureInput": false
				},
				"userProperties": [],
				"typeProperties": {
					"source": {
						"type": "AzureSqlSource",
						"sqlReaderQuery": {
							"value": "SELECT AssetID from dbo.asset where AssetName LIKE '@{pipeline().parameters.Filename}'",
							"type": "Expression"
						},
						"queryTimeout": "02:00:00",
						"partitionOption": "None"
					},
					"dataset": {
						"referenceName": "azdbdna_ds_metadata",
						"type": "DatasetReference"
					},
					"firstRowOnly": false
				}
			},
			{
				"name": "Set_AssetID",
				"description": "Intializes feed id ",
				"type": "SetVariable",
				"dependsOn": [
					{
						"activity": "Lookup_AssetID",
						"dependencyConditions": [
							"Succeeded"
						]
					}
				],
				"userProperties": [],
				"typeProperties": {
					"variableName": "v_AssetID",
					"value": {
						"value": "@string(activity('Lookup_AssetID').output.value[0].AssetID)",
						"type": "Expression"
					}
				}
			}
		],
		"parameters": {
			"Filename": {
				"type": "string"
			},
			"Folderpath": {
				"type": "string"
			},
			"Environment": {
				"type": "string"
			},
			"Project_Name": {
				"type": "string"
			},
			"pIngestionDB": {
				"type": "string"
			},
			"pProjectID": {
				"type": "string"
			},
			"pAssetID": {
				"type": "string"
			},
			"pCurationUser": {
				"type": "string"
			},
			"pDeleteFlag": {
				"type": "string"
			}
		},
		"variables": {
			"v_inputFolderPath": {
				"type": "String"
			},
			"v_Query": {
				"type": "String"
			},
			"v_FeedID": {
				"type": "String"
			},
			"v_AssetID": {
				"type": "String"
			},
			"v_RunLogStartDate": {
				"type": "String"
			}
		},
		"folder": {
			"name": "Google Analytics/CleansedToDispatch"
		},
		"annotations": []
	}
}