{
	"name": "DB_parallel_exec",
	"properties": {
		"description": "Triggers parallel databrick jobs",
		"activities": [
			{
				"name": "Execute_Notebook",
				"type": "ForEach",
				"dependsOn": [
					{
						"activity": "Fetch_NotebookList",
						"dependencyConditions": [
							"Succeeded"
						]
					}
				],
				"userProperties": [],
				"typeProperties": {
					"items": {
						"value": "@pipeline().parameters.Notebook_List",
						"type": "Expression"
					},
					"batchCount": 2,
					"activities": [
						{
							"name": "Notebook",
							"type": "DatabricksNotebook",
							"dependsOn": [],
							"policy": {
								"timeout": "7.00:00:00",
								"retry": 0,
								"retryIntervalInSeconds": 30,
								"secureOutput": false,
								"secureInput": false
							},
							"userProperties": [],
							"typeProperties": {
								"notebookPath": {
									"value": "@item().param_value",
									"type": "Expression"
								},
								"baseParameters": {
									"table_name": {
										"value": "@pipeline().parameters.table_name",
										"type": "Expression"
									},
									"file_path": {
										"value": "@pipeline().parameters.file_path",
										"type": "Expression"
									},
									"storage_account_name": {
										"value": "@pipeline().parameters.storage_account",
										"type": "Expression"
									}
								}
							},
							"linkedServiceName": {
								"referenceName": "GA_AzureDatabricks",
								"type": "LinkedServiceReference"
							}
						}
					]
				}
			},
			{
				"name": "Fetch_NotebookList",
				"type": "SetVariable",
				"dependsOn": [
					{
						"activity": "Set_tablename",
						"dependencyConditions": [
							"Succeeded"
						]
					}
				],
				"userProperties": [],
				"typeProperties": {
					"variableName": "v_NotebookList",
					"value": {
						"value": "@pipeline().parameters.Notebook_List",
						"type": "Expression"
					}
				}
			},
			{
				"name": "Set_tablename",
				"type": "SetVariable",
				"dependsOn": [],
				"userProperties": [],
				"typeProperties": {
					"variableName": "tablename",
					"value": {
						"value": "@pipeline().parameters.table_name",
						"type": "Expression"
					}
				}
			}
		],
		"parameters": {
			"Notebook_List": {
				"type": "array"
			},
			"table_name": {
				"type": "string"
			},
			"file_path": {
				"type": "string"
			},
			"storage_account": {
				"type": "string"
			}
		},
		"variables": {
			"v_NotebookList": {
				"type": "Array"
			},
			"tablename": {
				"type": "String"
			}
		},
		"folder": {
			"name": "Google Analytics/CleansedToDispatch"
		},
		"annotations": []
	}
}