{
	"name": "DB_transfermetafile",
	"properties": {
		"description": "Initializes parameters and transfer metadata file to output folder",
		"activities": [
			{
				"name": "If_batchMetadataFile",
				"description": "Checks whether file is metadata",
				"type": "IfCondition",
				"dependsOn": [
					{
						"activity": "Populate_Param",
						"dependencyConditions": [
							"Succeeded"
						]
					},
					{
						"activity": "Set_Notebook_list",
						"dependencyConditions": [
							"Succeeded"
						]
					}
				],
				"userProperties": [],
				"typeProperties": {
					"expression": {
						"value": "@equals(substring(variables('v_Tablename'),0,11), 'ga_metadata')",
						"type": "Expression"
					},
					"ifFalseActivities": [
						{
							"name": "DB_databrick_exec",
							"description": "Triggers databrick job for source file",
							"type": "ExecutePipeline",
							"dependsOn": [],
							"userProperties": [],
							"typeProperties": {
								"pipeline": {
									"referenceName": "DB_databrick_exec",
									"type": "PipelineReference"
								},
								"waitOnCompletion": true,
								"parameters": {
									"pNoteBook_sourceFile": {
										"value": "@variables('v_NoteBook_sourceFile')",
										"type": "Expression"
									},
									"pNotebook_list": {
										"value": "@variables('v_Notebook_list')",
										"type": "Expression"
									},
									"pTablename": {
										"value": "@variables('v_Tablename')",
										"type": "Expression"
									},
									"pStorageAccount": {
										"value": "@variables('v_Storage_account')",
										"type": "Expression"
									},
									"pInputContainer": {
										"value": "@variables('v_input_container')",
										"type": "Expression"
									},
									"pOutputContainer": {
										"value": "@variables('v_output_container')",
										"type": "Expression"
									},
									"pIngestionDB": {
										"value": "@pipeline().parameters.pIngestionDB",
										"type": "Expression"
									},
									"pAssetID": {
										"value": "@pipeline().parameters.AssetID",
										"type": "Expression"
									},
									"pUserCreated": {
										"value": "@pipeline().parameters.pUserCreated",
										"type": "Expression"
									},
									"pRunLogStartDate": {
										"value": "@pipeline().parameters.pRunLogStartDate",
										"type": "Expression"
									},
									"pZiptsv": {
										"value": "@variables('v_NoteBook_ZipCSV')",
										"type": "Expression"
									},
									"pETLRunLogID": {
										"value": "@pipeline().parameters.pETLRunLogID",
										"type": "Expression"
									},
									"pDeleteFlag": {
										"value": "@pipeline().parameters.pDeleteFlag",
										"type": "Expression"
									},
									"pFolderpath": {
										"value": "@pipeline().parameters.Folderpath",
										"type": "Expression"
									},
									"pOutputPath": {
										"value": "@variables('v_output_path')",
										"type": "Expression"
									},
									"pCleanUp": {
										"value": "@variables('v_cleanup_code')",
										"type": "Expression"
									}
								}
							}
						}
					],
					"ifTrueActivities": [
						{
							"name": "Copy Metadata File",
							"description": "copies metadata to output path",
							"type": "Copy",
							"dependsOn": [
								{
									"activity": "Set_out_metadata_name",
									"dependencyConditions": [
										"Succeeded"
									]
								}
							],
							"policy": {
								"timeout": "7.00:00:00",
								"retry": 0,
								"retryIntervalInSeconds": 30,
								"secureOutput": false,
								"secureInput": false
							},
							"userProperties": [],
							"typeProperties": {
								"source": {
									"type": "AvroSource",
									"storeSettings": {
										"type": "AzureBlobFSReadSettings",
										"recursive": true,
										"enablePartitionDiscovery": false
									}
								},
								"sink": {
									"type": "AvroSink",
									"storeSettings": {
										"type": "AzureBlobFSWriteSettings"
									},
									"formatSettings": {
										"type": "AvroWriteSettings"
									}
								},
								"enableStaging": false
							},
							"inputs": [
								{
									"referenceName": "azavrofile_cleansed_adl",
									"type": "DatasetReference",
									"parameters": {
										"container": {
											"value": "@variables('v_input_container')",
											"type": "Expression"
										},
										"directory": {
											"value": "@pipeline().parameters.Folderpath",
											"type": "Expression"
										},
										"filename": {
											"value": "@pipeline().parameters.Filename",
											"type": "Expression"
										}
									}
								}
							],
							"outputs": [
								{
									"referenceName": "azavrofile_cleansed_adl",
									"type": "DatasetReference",
									"parameters": {
										"container": {
											"value": "@variables('v_output_container')",
											"type": "Expression"
										},
										"directory": {
											"value": "@variables('v_output_path')",
											"type": "Expression"
										},
										"filename": {
											"value": "@variables('v_out_metadata')",
											"type": "Expression"
										}
									}
								}
							]
						},
						{
							"name": "SetAssetStatusToDLCompletedServe",
							"description": "Set Asset status to DLCompletedServe in IF metadata",
							"type": "Lookup",
							"dependsOn": [
								{
									"activity": "Copy Metadata File",
									"dependencyConditions": [
										"Succeeded"
									]
								}
							],
							"policy": {
								"timeout": "7.00:00:00",
								"retry": 0,
								"retryIntervalInSeconds": 30,
								"secureOutput": false,
								"secureInput": false
							},
							"userProperties": [],
							"typeProperties": {
								"source": {
									"type": "AzureSqlSource",
									"sqlReaderStoredProcedureName": {
										"value": "@concat(pipeline().parameters.pIngestionDB,'.','AssetStatusChange')",
										"type": "Expression"
									},
									"storedProcedureParameters": {
										"pAssetID": {
											"type": "String",
											"value": {
												"value": "@pipeline().parameters.AssetID",
												"type": "Expression"
											}
										},
										"pDTCreated": {
											"type": "String",
											"value": {
												"value": "@utcnow()",
												"type": "Expression"
											}
										},
										"pStatusID": {
											"type": "String",
											"value": "24076"
										},
										"pUserCreated": {
											"type": "String",
											"value": {
												"value": "@pipeline().Pipeline",
												"type": "Expression"
											}
										}
									},
									"queryTimeout": "02:00:00",
									"partitionOption": "None"
								},
								"dataset": {
									"referenceName": "azdbdna_ds_metadata",
									"type": "DatasetReference"
								}
							}
						},
						{
							"name": "UpdateETLRunLogSuccess",
							"description": "Update ETLRunLog Status to Success",
							"type": "Lookup",
							"dependsOn": [
								{
									"activity": "SetAssetStatusToDLCompletedServe",
									"dependencyConditions": [
										"Succeeded"
									]
								}
							],
							"policy": {
								"timeout": "7.00:00:00",
								"retry": 0,
								"retryIntervalInSeconds": 30,
								"secureOutput": false,
								"secureInput": false
							},
							"userProperties": [],
							"typeProperties": {
								"source": {
									"type": "AzureSqlSource",
									"sqlReaderStoredProcedureName": {
										"value": "@concat(pipeline().parameters.pIngestionDB,'.','ETLRunLogAddOrUpdate')",
										"type": "Expression"
									},
									"storedProcedureParameters": {
										"pDTCreated": {
											"type": "Datetime",
											"value": {
												"value": "@pipeline().parameters.pRunLogStartDate",
												"type": "Expression"
											}
										},
										"pDTEnd": {
											"type": "Datetime",
											"value": {
												"value": "@utcnow()",
												"type": "Expression"
											}
										},
										"pDTStart": {
											"type": "Datetime",
											"value": {
												"value": "@pipeline().parameters.pRunLogStartDate",
												"type": "Expression"
											}
										},
										"pETLProcessName": {
											"type": "String",
											"value": {
												"value": "@pipeline().Pipeline",
												"type": "Expression"
											}
										},
										"pETLProcessRunID": {
											"type": "String",
											"value": {
												"value": "@pipeline().RunId",
												"type": "Expression"
											}
										},
										"pETLRunLogID": {
											"type": "String",
											"value": {
												"value": "@pipeline().parameters.pETLRunLogID",
												"type": "Expression"
											}
										},
										"pETLRunLogStatusID": {
											"type": "String",
											"value": {
												"value": "25002",
												"type": "Expression"
											}
										},
										"pKeepValueFlag": {
											"type": "String",
											"value": "0"
										},
										"pUserCreated": {
											"type": "String",
											"value": {
												"value": "@pipeline().parameters.pUserCreated",
												"type": "Expression"
											}
										}
									},
									"queryTimeout": "02:00:00",
									"partitionOption": "None"
								},
								"dataset": {
									"referenceName": "azdbdna_ds_metadata",
									"type": "DatasetReference"
								},
								"firstRowOnly": true
							}
						},
						{
							"name": "Set_out_metadata_name",
							"type": "SetVariable",
							"dependsOn": [],
							"userProperties": [],
							"typeProperties": {
								"variableName": "v_out_metadata",
								"value": {
									"value": "@substring(pipeline().parameters.Filename,3,sub(length(pipeline().parameters.Filename),3))",
									"type": "Expression"
								}
							}
						}
					]
				}
			},
			{
				"name": "Lookup_Parameters",
				"description": "lookup the parameter table to retrieve input parameters",
				"type": "Lookup",
				"dependsOn": [
					{
						"activity": "Set_Output_Path",
						"dependencyConditions": [
							"Succeeded"
						]
					}
				],
				"policy": {
					"timeout": "7.00:00:00",
					"retry": 0,
					"retryIntervalInSeconds": 30,
					"secureOutput": false,
					"secureInput": false
				},
				"userProperties": [],
				"typeProperties": {
					"source": {
						"type": "SqlDWSource",
						"sqlReaderQuery": {
							"value": "SELECT * FROM dc_metadata.GDHDynamicADFParams where Project_name = '@{pipeline().parameters.Project_Name}' and Environment = '@{pipeline().parameters.Environment}' ",
							"type": "Expression"
						},
						"queryTimeout": "02:00:00",
						"partitionOption": "None"
					},
					"dataset": {
						"referenceName": "azsyndna_dataset",
						"type": "DatasetReference"
					},
					"firstRowOnly": false
				}
			},
			{
				"name": "Populate_Param",
				"description": "Initialises variables",
				"type": "ForEach",
				"dependsOn": [
					{
						"activity": "Lookup_Parameters",
						"dependencyConditions": [
							"Succeeded"
						]
					}
				],
				"userProperties": [],
				"typeProperties": {
					"items": {
						"value": "@activity('Lookup_Parameters').output.value",
						"type": "Expression"
					},
					"activities": [
						{
							"name": "Paramaters",
							"type": "Switch",
							"dependsOn": [],
							"userProperties": [],
							"typeProperties": {
								"on": {
									"value": "@item().Param_key",
									"type": "Expression"
								},
								"cases": [
									{
										"value": "Storage_account",
										"activities": [
											{
												"name": "SetStorageAccount",
												"type": "SetVariable",
												"dependsOn": [],
												"userProperties": [],
												"typeProperties": {
													"variableName": "v_Storage_account",
													"value": {
														"value": "@item().param_value",
														"type": "Expression"
													}
												}
											}
										]
									},
									{
										"value": "input_container",
										"activities": [
											{
												"name": "SetInputContainer",
												"description": "",
												"type": "SetVariable",
												"dependsOn": [],
												"userProperties": [],
												"typeProperties": {
													"variableName": "v_input_container",
													"value": {
														"value": "@item().param_value",
														"type": "Expression"
													}
												}
											}
										]
									},
									{
										"value": "output_container",
										"activities": [
											{
												"name": "SetStorageContainer",
												"type": "SetVariable",
												"dependsOn": [],
												"userProperties": [],
												"typeProperties": {
													"variableName": "v_output_container",
													"value": {
														"value": "@item().param_value",
														"type": "Expression"
													}
												}
											}
										]
									},
									{
										"value": "NoteBook_sourceFile",
										"activities": [
											{
												"name": "SetSourceNotebook",
												"type": "SetVariable",
												"dependsOn": [],
												"userProperties": [],
												"typeProperties": {
													"variableName": "v_NoteBook_sourceFile",
													"value": {
														"value": "@item().param_value",
														"type": "Expression"
													}
												}
											}
										]
									},
									{
										"value": "zipping_transformed_csv",
										"activities": [
											{
												"name": "SetZipNotebook",
												"type": "SetVariable",
												"dependsOn": [],
												"userProperties": [],
												"typeProperties": {
													"variableName": "v_NoteBook_ZipCSV",
													"value": {
														"value": "@item().param_value",
														"type": "Expression"
													}
												}
											}
										]
									},
									{
										"value": "CleanUp",
										"activities": [
											{
												"name": "SetCleanUp",
												"type": "SetVariable",
												"dependsOn": [],
												"userProperties": [],
												"typeProperties": {
													"variableName": "v_cleanup_code",
													"value": {
														"value": "@item().param_value",
														"type": "Expression"
													}
												}
											}
										]
									}
								]
							}
						}
					]
				}
			},
			{
				"name": "Lookup_Notebook_list",
				"description": "Fetches the notebook list",
				"type": "Lookup",
				"dependsOn": [
					{
						"activity": "Set_InputFilename",
						"dependencyConditions": [
							"Succeeded"
						]
					}
				],
				"policy": {
					"timeout": "7.00:00:00",
					"retry": 0,
					"retryIntervalInSeconds": 30,
					"secureOutput": false,
					"secureInput": false
				},
				"userProperties": [],
				"typeProperties": {
					"source": {
						"type": "SqlDWSource",
						"sqlReaderQuery": {
							"value": "SELECT Param_value FROM [dc_metadata].[GDHDynamicADFParams] where Process_Name = 'Notebook_execution'  and Project_name = '@{pipeline().parameters.Project_Name}' and Environment = '@{pipeline().parameters.Environment}' ",
							"type": "Expression"
						},
						"queryTimeout": "02:00:00",
						"partitionOption": "None"
					},
					"dataset": {
						"referenceName": "azsyndna_dataset",
						"type": "DatasetReference"
					},
					"firstRowOnly": false
				}
			},
			{
				"name": "Set_Notebook_list",
				"description": "Initialises notebook list",
				"type": "SetVariable",
				"dependsOn": [
					{
						"activity": "Lookup_Notebook_list",
						"dependencyConditions": [
							"Succeeded"
						]
					}
				],
				"userProperties": [],
				"typeProperties": {
					"variableName": "v_Notebook_list",
					"value": {
						"value": "@activity('Lookup_Notebook_list').output.value",
						"type": "Expression"
					}
				}
			},
			{
				"name": "Set_InputFilename",
				"description": "Modifies file name",
				"type": "SetVariable",
				"dependsOn": [],
				"userProperties": [],
				"typeProperties": {
					"variableName": "v_Tablename",
					"value": {
						"value": "@substring(pipeline().parameters.Filename,0,indexof(pipeline().parameters.Filename,'.'))",
						"type": "Expression"
					}
				}
			},
			{
				"name": "Lookup_output_path",
				"description": "lookup the parameter table to retrieve input parameters",
				"type": "Lookup",
				"dependsOn": [],
				"policy": {
					"timeout": "7.00:00:00",
					"retry": 0,
					"retryIntervalInSeconds": 30,
					"secureOutput": false,
					"secureInput": false
				},
				"userProperties": [],
				"typeProperties": {
					"source": {
						"type": "SqlDWSource",
						"sqlReaderQuery": {
							"value": "SELECT param_value FROM dc_metadata.GDHDynamicADFParams where Project_name = '@{pipeline().parameters.Project_Name}' and Environment = '@{pipeline().parameters.Environment}' and param_key = '@{pipeline().parameters.Folderpath}'",
							"type": "Expression"
						},
						"queryTimeout": "02:00:00",
						"partitionOption": "None"
					},
					"dataset": {
						"referenceName": "azsyndna_dataset",
						"type": "DatasetReference"
					},
					"firstRowOnly": false
				}
			},
			{
				"name": "Set_Output_Path",
				"description": "Initializes output path",
				"type": "SetVariable",
				"dependsOn": [
					{
						"activity": "Lookup_output_path",
						"dependencyConditions": [
							"Succeeded"
						]
					}
				],
				"userProperties": [],
				"typeProperties": {
					"variableName": "v_output_path",
					"value": {
						"value": "@activity('Lookup_output_path').output.value[0].param_value",
						"type": "Expression"
					}
				}
			}
		],
		"parameters": {
			"Filename": {
				"type": "string"
			},
			"Environment": {
				"type": "string"
			},
			"Project_Name": {
				"type": "string"
			},
			"Folderpath": {
				"type": "string"
			},
			"FeedID": {
				"type": "string"
			},
			"AssetID": {
				"type": "string"
			},
			"pRunLogStartDate": {
				"type": "string"
			},
			"pDeleteFlag": {
				"type": "string"
			},
			"pETLRunLogID": {
				"type": "string"
			},
			"pIngestionDB": {
				"type": "string",
				"defaultValue": "dbo"
			},
			"pUserCreated": {
				"type": "string",
				"defaultValue": "''"
			}
		},
		"variables": {
			"v_Storage_account": {
				"type": "String"
			},
			"v_input_container": {
				"type": "String"
			},
			"v_output_container": {
				"type": "String"
			},
			"v_NoteBook_sourceFile": {
				"type": "String"
			},
			"v_NoteBook_ZipCSV": {
				"type": "String"
			},
			"v_Tablename": {
				"type": "String"
			},
			"v_Notebook_list": {
				"type": "Array"
			},
			"v_FeedID": {
				"type": "String"
			},
			"v_AssetID": {
				"type": "String"
			},
			"v_output_path": {
				"type": "String"
			},
			"v_out_metadata": {
				"type": "String"
			},
			"v_cleanup_code": {
				"type": "String"
			}
		},
		"folder": {
			"name": "Google Analytics/CleansedToDispatch"
		},
		"annotations": []
	}
}