{
	"name": "Delete_File_From_ADLS2_Storage",
	"properties": {
		"description": "Deletes a given file from a given container in the given ADLS2 Storage Account.",
		"activities": [
			{
				"name": "Delete File",
				"type": "Delete",
				"dependsOn": [
					{
						"activity": "LogSystemLog-Start",
						"dependencyConditions": [
							"Succeeded"
						]
					}
				],
				"policy": {
					"timeout": "7.00:00:00",
					"retry": 0,
					"retryIntervalInSeconds": 30,
					"secureOutput": false,
					"secureInput": false
				},
				"userProperties": [],
				"typeProperties": {
					"dataset": {
						"referenceName": "azsanegdh_generic_adls2",
						"type": "DatasetReference",
						"parameters": {
							"path": {
								"value": "@concat(pipeline().parameters.StorageContainerName,'/',pipeline().parameters.InputFilePath)\n",
								"type": "Expression"
							},
							"filename": {
								"value": "@pipeline().parameters.InputFilename",
								"type": "Expression"
							},
							"StorageAccountServiceEndPoint": {
								"value": "@pipeline().parameters.StorageAccountServiceEndPoint",
								"type": "Expression"
							}
						}
					},
					"enableLogging": false
				}
			},
			{
				"name": "LogSystemLog-Start",
				"type": "ExecutePipeline",
				"dependsOn": [],
				"userProperties": [],
				"typeProperties": {
					"pipeline": {
						"referenceName": "Log_System_Log",
						"type": "PipelineReference"
					},
					"waitOnCompletion": true,
					"parameters": {
						"log_type": "INFORMATION",
						"log_message": {
							"value": "@concat('Starting Pipeline Name:',pipeline().Pipeline,';Data Factory Name:',pipeline().DataFactory,';Pipeline Run ID:',pipeline().RunId,';Pipeline Trigger ID:',pipeline().TriggerId,';Pipeline Trigger Name:',pipeline().TriggerName,';Pipeline Trigger Time:',pipeline().TriggerTime,';Pipeline Trigger Type:',pipeline().TriggerType)",
							"type": "Expression"
						}
					}
				}
			},
			{
				"name": "LogSystemLog-End",
				"type": "ExecutePipeline",
				"dependsOn": [
					{
						"activity": "Delete File",
						"dependencyConditions": [
							"Succeeded"
						]
					}
				],
				"userProperties": [],
				"typeProperties": {
					"pipeline": {
						"referenceName": "Log_System_Log",
						"type": "PipelineReference"
					},
					"waitOnCompletion": true,
					"parameters": {
						"log_type": "INFORMATION",
						"log_message": {
							"value": "@concat('Ending Pipeline Name:',pipeline().Pipeline,';Data Factory Name:',pipeline().DataFactory,';Pipeline Run ID:',pipeline().RunId,';Pipeline Trigger ID:',pipeline().TriggerId,';Pipeline Trigger Name:',pipeline().TriggerName,';Pipeline Trigger Time:',pipeline().TriggerTime,';Pipeline Trigger Type:',pipeline().TriggerType)",
							"type": "Expression"
						}
					}
				}
			},
			{
				"name": "LogSystemLog-Error-Delete File",
				"type": "ExecutePipeline",
				"dependsOn": [
					{
						"activity": "Delete File",
						"dependencyConditions": [
							"Failed"
						]
					}
				],
				"userProperties": [],
				"typeProperties": {
					"pipeline": {
						"referenceName": "Log_System_Log",
						"type": "PipelineReference"
					},
					"waitOnCompletion": true,
					"parameters": {
						"log_type": "ERROR",
						"log_message": {
							"value": "@concat('Error in Pipeline Name:',pipeline().Pipeline,';Data Factory Name:',pipeline().DataFactory,';Pipeline Run ID:',pipeline().RunId,';Pipeline Trigger ID:',pipeline().TriggerId,';Pipeline Trigger Name:',pipeline().TriggerName,';Pipeline Trigger Time:',pipeline().TriggerTime,';Pipeline Trigger Type:',pipeline().TriggerType)",
							"type": "Expression"
						}
					}
				}
			}
		],
		"parameters": {
			"InputFilename": {
				"type": "string"
			},
			"StorageContainerName": {
				"type": "string"
			},
			"StorageAccountServiceEndPoint": {
				"type": "string"
			},
			"InputFilePath": {
				"type": "string"
			}
		},
		"folder": {
			"name": "GBA Data Acquisition/Common"
		},
		"annotations": []
	},
	"type": "Microsoft.DataFactory/factories/pipelines"
}