{
	"name": "DFM FlagCheck",
	"properties": {
		"activities": [
			{
				"name": "If Condition1",
				"type": "IfCondition",
				"dependsOn": [
					{
						"activity": "Lookup_FLAG",
						"dependencyConditions": [
							"Succeeded"
						]
					}
				],
				"userProperties": [],
				"typeProperties": {
					"expression": {
						"value": "@equals(substring(activity('Lookup_FLAG').output.value[0].proceed_flag,0,1),'1')",
						"type": "Expression"
					},
					"ifTrueActivities": [
						{
							"name": "SetFilenameArray",
							"type": "SetVariable",
							"dependsOn": [],
							"userProperties": [],
							"typeProperties": {
								"variableName": "FilenameList",
								"value": {
									"value": "@take(pipeline().parameters.FilenameList,int(pipeline().parameters.count))",
									"type": "Expression"
								}
							}
						},
						{
							"name": "Copy Iterate",
							"type": "ExecutePipeline",
							"dependsOn": [
								{
									"activity": "SetFilenameArray",
									"dependencyConditions": [
										"Succeeded"
									]
								}
							],
							"userProperties": [],
							"typeProperties": {
								"pipeline": {
									"referenceName": "DFM Copy Iterate",
									"type": "PipelineReference"
								},
								"waitOnCompletion": true,
								"parameters": {
									"Output": {
										"value": "@variables('FilenameList')",
										"type": "Expression"
									},
									"Folderpath": {
										"value": "@pipeline().parameters.Folderpath",
										"type": "Expression"
									},
									"precontainer": {
										"value": "@pipeline().parameters.precontainer",
										"type": "Expression"
									}
								}
							}
						},
						{
							"name": "Lookup_FLAG_end",
							"description": "lookup the parameter table to retrieve input parameters",
							"type": "Lookup",
							"dependsOn": [
								{
									"activity": "Copy Iterate",
									"dependencyConditions": [
										"Succeeded"
									]
								}
							],
							"policy": {
								"timeout": "7.00:00:00",
								"retry": 0,
								"retryIntervalInSeconds": 30,
								"secureOutput": false,
								"secureInput": false
							},
							"userProperties": [],
							"typeProperties": {
								"source": {
									"type": "SqlDWSource",
									"sqlReaderStoredProcedureName": "[dc_metadata].[update_flag]",
									"storedProcedureParameters": {
										"env": {
											"type": "String",
											"value": {
												"value": "@pipeline().parameters.Environment",
												"type": "Expression"
											}
										},
										"flag": {
											"type": "String",
											"value": "OFF"
										},
										"key": {
											"type": "String",
											"value": {
												"value": "@concat(pipeline().parameters.File_type,'_dispatchflag')",
												"type": "Expression"
											}
										},
										"proceed_flag": {
											"type": "String",
											"value": null
										},
										"project": {
											"type": "String",
											"value": {
												"value": "@pipeline().parameters.Project_name",
												"type": "Expression"
											}
										}
									},
									"queryTimeout": "02:00:00",
									"partitionOption": "None"
								},
								"dataset": {
									"referenceName": "azsyndna_dataset",
									"type": "DatasetReference"
								},
								"firstRowOnly": false
							}
						}
					]
				}
			},
			{
				"name": "Lookup_FLAG",
				"description": "lookup the parameter table to retrieve input parameters",
				"type": "Lookup",
				"dependsOn": [],
				"policy": {
					"timeout": "7.00:00:00",
					"retry": 0,
					"retryIntervalInSeconds": 30,
					"secureOutput": false,
					"secureInput": false
				},
				"userProperties": [],
				"typeProperties": {
					"source": {
						"type": "SqlDWSource",
						"sqlReaderStoredProcedureName": "[dc_metadata].[update_flag]",
						"storedProcedureParameters": {
							"env": {
								"type": "String",
								"value": {
									"value": "@pipeline().parameters.Environment",
									"type": "Expression"
								}
							},
							"flag": {
								"type": "String",
								"value": "ON"
							},
							"key": {
								"type": "String",
								"value": {
									"value": "@concat(pipeline().parameters.File_type,'_dispatchflag')",
									"type": "Expression"
								}
							},
							"proceed_flag": {
								"type": "String",
								"value": null
							},
							"project": {
								"type": "String",
								"value": {
									"value": "@pipeline().parameters.Project_name",
									"type": "Expression"
								}
							}
						},
						"queryTimeout": "02:00:00",
						"partitionOption": "None"
					},
					"dataset": {
						"referenceName": "azsyndna_dataset",
						"type": "DatasetReference"
					},
					"firstRowOnly": false
				}
			},
			{
				"name": "Update flag on Failure",
				"description": "lookup the parameter table to retrieve input parameters",
				"type": "Lookup",
				"dependsOn": [
					{
						"activity": "Lookup_FLAG",
						"dependencyConditions": [
							"Failed"
						]
					}
				],
				"policy": {
					"timeout": "7.00:00:00",
					"retry": 0,
					"retryIntervalInSeconds": 30,
					"secureOutput": false,
					"secureInput": false
				},
				"userProperties": [],
				"typeProperties": {
					"source": {
						"type": "SqlDWSource",
						"sqlReaderStoredProcedureName": "[dc_metadata].[update_flag]",
						"storedProcedureParameters": {
							"env": {
								"type": "String",
								"value": {
									"value": "@pipeline().parameters.Environment",
									"type": "Expression"
								}
							},
							"flag": {
								"type": "String",
								"value": "OFF"
							},
							"key": {
								"type": "String",
								"value": {
									"value": "@concat(pipeline().parameters.File_type,'_dispatchflag')",
									"type": "Expression"
								}
							},
							"proceed_flag": {
								"type": "String",
								"value": null
							},
							"project": {
								"type": "String",
								"value": {
									"value": "@pipeline().parameters.Project_name",
									"type": "Expression"
								}
							}
						},
						"queryTimeout": "02:00:00",
						"partitionOption": "None"
					},
					"dataset": {
						"referenceName": "azsyndna_dataset",
						"type": "DatasetReference"
					},
					"firstRowOnly": false
				}
			},
			{
				"name": "Update flag",
				"description": "lookup the parameter table to retrieve input parameters",
				"type": "Lookup",
				"dependsOn": [
					{
						"activity": "If Condition1",
						"dependencyConditions": [
							"Failed"
						]
					}
				],
				"policy": {
					"timeout": "7.00:00:00",
					"retry": 0,
					"retryIntervalInSeconds": 30,
					"secureOutput": false,
					"secureInput": false
				},
				"userProperties": [],
				"typeProperties": {
					"source": {
						"type": "SqlDWSource",
						"sqlReaderStoredProcedureName": "[dc_metadata].[update_flag]",
						"storedProcedureParameters": {
							"env": {
								"type": "String",
								"value": {
									"value": "@pipeline().parameters.Environment",
									"type": "Expression"
								}
							},
							"flag": {
								"type": "String",
								"value": "OFF"
							},
							"key": {
								"type": "String",
								"value": {
									"value": "@concat(pipeline().parameters.File_type,'_dispatchflag')",
									"type": "Expression"
								}
							},
							"proceed_flag": {
								"type": "String",
								"value": null
							},
							"project": {
								"type": "String",
								"value": {
									"value": "@pipeline().parameters.Project_name",
									"type": "Expression"
								}
							}
						},
						"queryTimeout": "02:00:00",
						"partitionOption": "None"
					},
					"dataset": {
						"referenceName": "azsyndna_dataset",
						"type": "DatasetReference"
					},
					"firstRowOnly": false
				}
			}
		],
		"parameters": {
			"Environment": {
				"type": "string"
			},
			"Project_name": {
				"type": "string"
			},
			"FilenameList": {
				"type": "array"
			},
			"precontainer": {
				"type": "string"
			},
			"count": {
				"type": "string"
			},
			"Folderpath": {
				"type": "string"
			},
			"File_type": {
				"type": "string"
			}
		},
		"variables": {
			"FilenameList": {
				"type": "Array"
			}
		},
		"folder": {
			"name": "Google Analytics/Dispatch File Microbatching"
		},
		"annotations": []
	}
}