{
	"name": "DFM Queueing pipeline",
	"properties": {
		"description": "Checks statusof IF, EF",
		"activities": [
			{
				"name": "Lookup_Parameters",
				"description": "lookup the parameter table to retrieve input parameters",
				"type": "Lookup",
				"dependsOn": [],
				"policy": {
					"timeout": "0.00:19:00",
					"retry": 0,
					"retryIntervalInSeconds": 30,
					"secureOutput": false,
					"secureInput": false
				},
				"userProperties": [],
				"typeProperties": {
					"source": {
						"type": "SqlDWSource",
						"sqlReaderQuery": {
							"value": "SELECT * FROM dc_metadata.GDHDynamicADFParams where Project_name = '@{pipeline().parameters.Project_Name}' and Environment = '@{pipeline().parameters.Environment}' ",
							"type": "Expression"
						},
						"queryTimeout": "02:00:00",
						"partitionOption": "None"
					},
					"dataset": {
						"referenceName": "azsyndna_dataset",
						"type": "DatasetReference"
					},
					"firstRowOnly": false
				}
			},
			{
				"name": "Populate_Param",
				"description": "Initialises variables",
				"type": "ForEach",
				"dependsOn": [
					{
						"activity": "Lookup_Parameters",
						"dependencyConditions": [
							"Succeeded"
						]
					}
				],
				"userProperties": [],
				"typeProperties": {
					"items": {
						"value": "@activity('Lookup_Parameters').output.value",
						"type": "Expression"
					},
					"activities": [
						{
							"name": "Paramaters",
							"type": "Switch",
							"dependsOn": [],
							"userProperties": [],
							"typeProperties": {
								"on": {
									"value": "@item().Param_key",
									"type": "Expression"
								},
								"cases": [
									{
										"value": "predisptachcont",
										"activities": [
											{
												"name": "Setpredisptachcont",
												"type": "SetVariable",
												"dependsOn": [],
												"userProperties": [],
												"typeProperties": {
													"variableName": "v_predisptachcont",
													"value": {
														"value": "@item().param_value",
														"type": "Expression"
													}
												}
											}
										]
									},
									{
										"value": "copycount",
										"activities": [
											{
												"name": "Setcopycount",
												"type": "SetVariable",
												"dependsOn": [],
												"userProperties": [],
												"typeProperties": {
													"variableName": "v_count",
													"value": {
														"value": "@item().param_value",
														"type": "Expression"
													}
												}
											}
										]
									},
									{
										"value": "concurrency",
										"activities": [
											{
												"name": "Setconcurrency",
												"type": "SetVariable",
												"dependsOn": [],
												"userProperties": [],
												"typeProperties": {
													"variableName": "v_concurrency",
													"value": {
														"value": "@item().param_value",
														"type": "Expression"
													}
												}
											}
										]
									}
								]
							}
						}
					]
				}
			},
			{
				"name": "Checking GA IFnEF Status",
				"type": "Lookup",
				"dependsOn": [],
				"policy": {
					"timeout": "7.00:00:00",
					"retry": 0,
					"retryIntervalInSeconds": 30,
					"secureOutput": false,
					"secureInput": false
				},
				"userProperties": [],
				"typeProperties": {
					"source": {
						"type": "AzureSqlSource",
						"sqlReaderQuery": {
							"value": "SELECT count(*) as run_count from \n(\nSELECT a.AssetID,a.DTEffectiveFrom from dbo.Assetstatus a join dbo.Asset b on a.AssetID = b.AssetID\nwhere  StatusID IN ('24045') and AssetCurrentLocation IN ('dispatch%') and AssetName LIKE '%ga_sessions%' \nand DTEffectiveFrom <= GETDATE() and DTEffectiveFrom > DATEADD(mi,-10,GETDATE())\nUNION \nSELECT a.AssetID,a.DTEffectiveFrom from dbo.Assetstatus a join dbo.Asset b on a.AssetID = b.AssetID\nwhere  StatusID IN ('24011') and AssetName LIKE '%ga_sessions%' and DTEffectiveFrom <= GETDATE() and DTEffectiveFrom > DATEADD(mi,-10,GETDATE()) \n) sub\n",
							"type": "Expression"
						},
						"queryTimeout": "02:00:00",
						"partitionOption": "None"
					},
					"dataset": {
						"referenceName": "azdbdna_ds_metadata",
						"type": "DatasetReference"
					},
					"firstRowOnly": false
				}
			},
			{
				"name": "If Condition1",
				"type": "IfCondition",
				"dependsOn": [
					{
						"activity": "Checking GA IFnEF Status",
						"dependencyConditions": [
							"Succeeded"
						]
					},
					{
						"activity": "Populate_Param",
						"dependencyConditions": [
							"Succeeded"
						]
					}
				],
				"userProperties": [],
				"typeProperties": {
					"expression": {
						"value": "@less(activity('Checking GA IFnEF Status').output.value[0].run_count,11)",
						"type": "Expression"
					},
					"ifTrueActivities": [
						{
							"name": "FileCheck",
							"type": "ExecutePipeline",
							"dependsOn": [],
							"userProperties": [],
							"typeProperties": {
								"pipeline": {
									"referenceName": "DFM_FileCheck",
									"type": "PipelineReference"
								},
								"waitOnCompletion": true,
								"parameters": {
									"Folderpath": {
										"value": "@pipeline().parameters.Folderpath",
										"type": "Expression"
									},
									"predispatchcont": {
										"value": "@variables('v_predisptachcont')",
										"type": "Expression"
									},
									"count": {
										"value": "@variables('v_count')",
										"type": "Expression"
									},
									"Project_name": {
										"value": "@pipeline().parameters.Project_name",
										"type": "Expression"
									},
									"Environment": {
										"value": "@pipeline().parameters.Environment",
										"type": "Expression"
									},
									"File_type": {
										"value": "@pipeline().parameters.File_type",
										"type": "Expression"
									}
								}
							}
						}
					]
				}
			}
		],
		"parameters": {
			"Project_name": {
				"type": "string"
			},
			"Environment": {
				"type": "string"
			},
			"Folderpath": {
				"type": "string"
			},
			"File_type": {
				"type": "string"
			}
		},
		"variables": {
			"v_count": {
				"type": "String"
			},
			"v_landing_storage_account": {
				"type": "String"
			},
			"v_filename_array": {
				"type": "Array"
			},
			"v_predisptachcont": {
				"type": "String"
			},
			"v_concurrency": {
				"type": "String"
			}
		},
		"folder": {
			"name": "Google Analytics/Dispatch File Microbatching"
		},
		"annotations": []
	}
}