{
	"name": "DFM Copy Iterate",
	"properties": {
		"description": "Copies files to dest. container",
		"activities": [
			{
				"name": "ForEachFile",
				"type": "ForEach",
				"dependsOn": [],
				"userProperties": [],
				"typeProperties": {
					"items": {
						"value": "@pipeline().parameters.Output",
						"type": "Expression"
					},
					"isSequential": true,
					"activities": [
						{
							"name": "SetFilename",
							"description": "captures filename from folder path for copy activity",
							"type": "SetVariable",
							"dependsOn": [],
							"userProperties": [],
							"typeProperties": {
								"variableName": "Filename",
								"value": {
									"value": "@item().name",
									"type": "Expression"
								}
							}
						},
						{
							"name": "IfFileExists",
							"type": "IfCondition",
							"dependsOn": [
								{
									"activity": "GetFile",
									"dependencyConditions": [
										"Succeeded"
									]
								}
							],
							"userProperties": [],
							"typeProperties": {
								"expression": {
									"value": "@equals(activity('GetFile').output.exists,true)",
									"type": "Expression"
								},
								"ifTrueActivities": [
									{
										"name": "Copy File",
										"type": "Copy",
										"dependsOn": [],
										"policy": {
											"timeout": "7.00:00:00",
											"retry": 0,
											"retryIntervalInSeconds": 30,
											"secureOutput": false,
											"secureInput": false
										},
										"userProperties": [],
										"typeProperties": {
											"source": {
												"type": "BinarySource",
												"storeSettings": {
													"type": "AzureBlobFSReadSettings",
													"recursive": true,
													"deleteFilesAfterCompletion": true
												},
												"formatSettings": {
													"type": "BinaryReadSettings"
												}
											},
											"sink": {
												"type": "BinarySink",
												"storeSettings": {
													"type": "AzureBlobFSWriteSettings"
												}
											},
											"enableStaging": false
										},
										"inputs": [
											{
												"referenceName": "azbinfile_cleansed_adl",
												"type": "DatasetReference",
												"parameters": {
													"container": {
														"value": "@pipeline().parameters.precontainer",
														"type": "Expression"
													},
													"Folderpath": {
														"value": "@pipeline().parameters.Folderpath",
														"type": "Expression"
													},
													"Filename": {
														"value": "@variables('Filename')",
														"type": "Expression"
													}
												}
											}
										],
										"outputs": [
											{
												"referenceName": "azbinfile_cleansed_adl",
												"type": "DatasetReference",
												"parameters": {
													"container": "dispatch",
													"Folderpath": {
														"value": "@pipeline().parameters.Folderpath",
														"type": "Expression"
													},
													"Filename": {
														"value": "@variables('Filename')",
														"type": "Expression"
													}
												}
											}
										]
									}
								]
							}
						},
						{
							"name": "GetFile",
							"type": "GetMetadata",
							"dependsOn": [
								{
									"activity": "SetFilename",
									"dependencyConditions": [
										"Succeeded"
									]
								}
							],
							"policy": {
								"timeout": "7.00:00:00",
								"retry": 0,
								"retryIntervalInSeconds": 30,
								"secureOutput": false,
								"secureInput": false
							},
							"userProperties": [],
							"typeProperties": {
								"dataset": {
									"referenceName": "azbinfile_cleansed_adl",
									"type": "DatasetReference",
									"parameters": {
										"container": {
											"value": "@pipeline().parameters.precontainer",
											"type": "Expression"
										},
										"Folderpath": {
											"value": "@pipeline().parameters.Folderpath",
											"type": "Expression"
										},
										"Filename": {
											"value": "@item().name",
											"type": "Expression"
										}
									}
								},
								"fieldList": [
									"exists"
								],
								"storeSettings": {
									"type": "AzureBlobFSReadSettings",
									"recursive": true,
									"enablePartitionDiscovery": false
								},
								"formatSettings": {
									"type": "BinaryReadSettings"
								}
							}
						}
					]
				}
			}
		],
		"parameters": {
			"Output": {
				"type": "array"
			},
			"Folderpath": {
				"type": "string"
			},
			"precontainer": {
				"type": "string"
			}
		},
		"variables": {
			"Filename": {
				"type": "String"
			}
		},
		"folder": {
			"name": "Google Analytics/Dispatch File Microbatching"
		},
		"annotations": []
	}
}