{
	"name": "DFM_FileCheck",
	"properties": {
		"description": "Checks availability of files",
		"activities": [
			{
				"name": "If Condition1",
				"type": "IfCondition",
				"dependsOn": [
					{
						"activity": "GetFilenames",
						"dependencyConditions": [
							"Succeeded"
						]
					}
				],
				"userProperties": [],
				"typeProperties": {
					"expression": {
						"value": "@and(equals(activity('GetFilenames').output.exists,true),and(contains(activity('GetFilenames').output,'childItems'),greater(length(activity('GetFilenames').output.childItems),0)))",
						"type": "Expression"
					},
					"ifTrueActivities": [
						{
							"name": "DFM FlagCheck",
							"type": "ExecutePipeline",
							"dependsOn": [],
							"userProperties": [],
							"typeProperties": {
								"pipeline": {
									"referenceName": "DFM FlagCheck",
									"type": "PipelineReference"
								},
								"waitOnCompletion": true,
								"parameters": {
									"Environment": {
										"value": "@pipeline().parameters.Environment",
										"type": "Expression"
									},
									"Project_name": {
										"value": "@pipeline().parameters.Project_name",
										"type": "Expression"
									},
									"FilenameList": {
										"value": "@activity('GetFilenames').output.childItems",
										"type": "Expression"
									},
									"precontainer": {
										"value": "@pipeline().parameters.predispatchcont",
										"type": "Expression"
									},
									"count": {
										"value": "@pipeline().parameters.count",
										"type": "Expression"
									},
									"Folderpath": {
										"value": "@pipeline().parameters.Folderpath",
										"type": "Expression"
									},
									"File_type": {
										"value": "@pipeline().parameters.File_type",
										"type": "Expression"
									}
								}
							}
						}
					]
				}
			},
			{
				"name": "GetFilenames",
				"type": "GetMetadata",
				"dependsOn": [],
				"policy": {
					"timeout": "7.00:00:00",
					"retry": 0,
					"retryIntervalInSeconds": 30,
					"secureOutput": false,
					"secureInput": false
				},
				"userProperties": [],
				"typeProperties": {
					"dataset": {
						"referenceName": "azbinfile_cleansed_adls",
						"type": "DatasetReference",
						"parameters": {
							"container": {
								"value": "@pipeline().parameters.predispatchcont",
								"type": "Expression"
							},
							"Folderpath": {
								"value": "@pipeline().parameters.Folderpath",
								"type": "Expression"
							}
						}
					},
					"fieldList": [
						"childItems",
						"exists"
					],
					"storeSettings": {
						"type": "AzureBlobFSReadSettings",
						"recursive": true,
						"enablePartitionDiscovery": false
					},
					"formatSettings": {
						"type": "BinaryReadSettings"
					}
				}
			}
		],
		"parameters": {
			"Folderpath": {
				"type": "string"
			},
			"predispatchcont": {
				"type": "string"
			},
			"count": {
				"type": "string"
			},
			"Project_name": {
				"type": "string"
			},
			"Environment": {
				"type": "string"
			},
			"File_type": {
				"type": "string"
			}
		},
		"variables": {
			"FilenameArray": {
				"type": "Array"
			},
			"childcount": {
				"type": "String"
			}
		},
		"folder": {
			"name": "Google Analytics/Dispatch File Microbatching"
		},
		"annotations": []
	}
}