{
	"name": "DPI_avro_CSV_Acc_FetchFileList",
	"properties": {
		"description": "Fetches captured accumulated Avro files from storage account and copies files to known path and executes python Scipt.",
		"activities": [
			{
				"name": "FetchFileList",
				"description": "Fetching list of accumulated files from the storage account with help of Runbook",
				"type": "WebHook",
				"dependsOn": [
					{
						"activity": "Populating_Param",
						"dependencyConditions": [
							"Succeeded"
						]
					}
				],
				"userProperties": [],
				"typeProperties": {
					"url": {
						"value": "@variables('Webhook FetchFilelist')",
						"type": "Expression"
					},
					"method": "POST",
					"headers": {
						"message": "StartedbyWBA"
					},
					"body": {
						"value": "@json(concat('{ \"EventhubStorageAccountName\": \"',variables('EventhubStorageAccountName'),'\"'\n           ,', \"StorageAccountName\": \"',variables('StorageAccountName'),'\"'\n           ,', \"EventhubStorageContainerName\": \"',variables('EventhubStorageContainerName'),'\"'\n           ,', \"StorageContainerName\": \"',variables('StorageContainerName'),'\"'\n           ,', \"FilePath\": \"',variables('FilePath'),'\"'\n           ,'}'))",
						"type": "Expression"
					},
					"timeout": "01:59:00",
					"reportStatusOnCallBack": true
				}
			},
			{
				"name": "Parameter_Lookup",
				"description": "lookup the parameter table to retrieve input parameters",
				"type": "Lookup",
				"dependsOn": [],
				"policy": {
					"timeout": "7.00:00:00",
					"retry": 0,
					"retryIntervalInSeconds": 30,
					"secureOutput": false,
					"secureInput": false
				},
				"userProperties": [],
				"typeProperties": {
					"source": {
						"type": "SqlDWSource",
						"sqlReaderQuery": {
							"value": "SELECT * FROM dc_metadata.GDHDynamicADFParams where Project_name = '@{pipeline().parameters.Project_Name}' and Environment = '@{pipeline().parameters.Environment}' ",
							"type": "Expression"
						},
						"queryTimeout": "02:00:00",
						"partitionOption": "None"
					},
					"dataset": {
						"referenceName": "azsyndna_dataset",
						"type": "DatasetReference"
					},
					"firstRowOnly": false
				}
			},
			{
				"name": "Populating_Param",
				"description": "Populates variables with values in synapse table",
				"type": "ForEach",
				"dependsOn": [
					{
						"activity": "Parameter_Lookup",
						"dependencyConditions": [
							"Succeeded"
						]
					}
				],
				"userProperties": [],
				"typeProperties": {
					"items": {
						"value": "@activity('Parameter_Lookup').output.value",
						"type": "Expression"
					},
					"activities": [
						{
							"name": "Paramaters",
							"type": "Switch",
							"dependsOn": [],
							"userProperties": [],
							"typeProperties": {
								"on": {
									"value": "@item().Param_key",
									"type": "Expression"
								},
								"cases": [
									{
										"value": "OutputFilePath",
										"activities": [
											{
												"name": "SetOutputFilePath",
												"type": "SetVariable",
												"dependsOn": [],
												"userProperties": [],
												"typeProperties": {
													"variableName": "OutputFilePath",
													"value": {
														"value": "@item().param_value",
														"type": "Expression"
													}
												}
											}
										]
									},
									{
										"value": "InputFilePath",
										"activities": [
											{
												"name": "SetInputFilePath",
												"description": "",
												"type": "SetVariable",
												"dependsOn": [],
												"userProperties": [],
												"typeProperties": {
													"variableName": "InputFilePath",
													"value": {
														"value": "@item().param_value",
														"type": "Expression"
													}
												}
											}
										]
									},
									{
										"value": "StorageAccountName",
										"activities": [
											{
												"name": "SetStorageAccountName",
												"type": "SetVariable",
												"dependsOn": [],
												"userProperties": [],
												"typeProperties": {
													"variableName": "StorageAccountName",
													"value": {
														"value": "@item().param_value",
														"type": "Expression"
													}
												}
											}
										]
									},
									{
										"value": "StorageContainerName",
										"activities": [
											{
												"name": "SetStorageContainerName",
												"type": "SetVariable",
												"dependsOn": [],
												"userProperties": [],
												"typeProperties": {
													"variableName": "StorageContainerName",
													"value": {
														"value": "@item().param_value",
														"type": "Expression"
													}
												}
											}
										]
									},
									{
										"value": "RejectPath",
										"activities": [
											{
												"name": "SetRejectPath",
												"type": "SetVariable",
												"dependsOn": [],
												"userProperties": [],
												"typeProperties": {
													"variableName": "RejectPath",
													"value": {
														"value": "@item().param_value",
														"type": "Expression"
													}
												}
											}
										]
									},
									{
										"value": "EventhubStorageContainerName",
										"activities": [
											{
												"name": "SetEventhubStorageContainerName",
												"type": "SetVariable",
												"dependsOn": [],
												"userProperties": [],
												"typeProperties": {
													"variableName": "EventhubStorageContainerName",
													"value": {
														"value": "@item().param_value",
														"type": "Expression"
													}
												}
											}
										]
									},
									{
										"value": "FilePattern",
										"activities": [
											{
												"name": "SetFilepattern",
												"type": "SetVariable",
												"dependsOn": [],
												"userProperties": [],
												"typeProperties": {
													"variableName": "FilePath",
													"value": {
														"value": "@item().param_value",
														"type": "Expression"
													}
												}
											}
										]
									},
									{
										"value": "EventHubStorageAccountName",
										"activities": [
											{
												"name": "SetEventHubStorageAccountName",
												"type": "SetVariable",
												"dependsOn": [],
												"userProperties": [],
												"typeProperties": {
													"variableName": "EventhubStorageAccountName",
													"value": {
														"value": "@item().param_value",
														"type": "Expression"
													}
												}
											}
										]
									},
									{
										"value": "Webhook FetchFilelist",
										"activities": [
											{
												"name": "SetWebhook FetchFilelist",
												"type": "SetVariable",
												"dependsOn": [],
												"userProperties": [],
												"typeProperties": {
													"variableName": "Webhook FetchFilelist",
													"value": {
														"value": "@item().param_value",
														"type": "Expression"
													}
												}
											}
										]
									}
								]
							}
						}
					]
				}
			}
		],
		"parameters": {
			"Project_Name": {
				"type": "string"
			},
			"Environment": {
				"type": "string"
			}
		},
		"variables": {
			"EventhubStorageAccountName": {
				"type": "String"
			},
			"StorageContainerName": {
				"type": "String"
			},
			"FilePath": {
				"type": "String"
			},
			"InputFileName": {
				"type": "String"
			},
			"Folderpath": {
				"type": "String"
			},
			"Filename": {
				"type": "String"
			},
			"InputFilePath": {
				"type": "String"
			},
			"OutputFilePath": {
				"type": "String"
			},
			"RejectPath": {
				"type": "String"
			},
			"EventhubStorageContainerName": {
				"type": "String"
			},
			"StorageAccountName": {
				"type": "String"
			},
			"Webhook FetchFilelist": {
				"type": "String"
			}
		},
		"folder": {
			"name": "DPI"
		},
		"annotations": []
	}
}