{
	"name": "DPI_avro_CSV_Acc",
	"properties": {
		"description": "Fetches captured accumulated Avro files from storage account and copies files to known path and executes python Scipt.",
		"activities": [
			{
				"name": "ForEach1",
				"description": "Traversing through each avro file fetched",
				"type": "ForEach",
				"dependsOn": [
					{
						"activity": "LookupFileList",
						"dependencyConditions": [
							"Succeeded"
						]
					}
				],
				"userProperties": [],
				"typeProperties": {
					"items": {
						"value": "@activity('LookupFileList').output.value",
						"type": "Expression"
					},
					"isSequential": true,
					"activities": [
						{
							"name": "If Condition1",
							"type": "IfCondition",
							"dependsOn": [],
							"userProperties": [],
							"typeProperties": {
								"expression": {
									"value": "@equals(variables('ProceedInd'),'1')",
									"type": "Expression"
								},
								"ifTrueActivities": [
									{
										"name": "SetInputFilename",
										"description": "sets up input file for Runbook execution",
										"type": "SetVariable",
										"dependsOn": [
											{
												"activity": "SetFolderpath",
												"dependencyConditions": [
													"Succeeded"
												]
											}
										],
										"userProperties": [],
										"typeProperties": {
											"variableName": "InputFileName",
											"value": {
												"value": "@concat('DPI_',formatDateTime(utcnow(),'yyyyMMddHHmmss'),'_acc.avro')",
												"type": "Expression"
											}
										}
									},
									{
										"name": "SetFolderpath",
										"description": "sets up folder path of triggered file",
										"type": "SetVariable",
										"dependsOn": [
											{
												"activity": "SetFilename",
												"dependencyConditions": [
													"Succeeded"
												]
											}
										],
										"userProperties": [],
										"typeProperties": {
											"variableName": "Folderpath",
											"value": {
												"value": "@substring(string(item().prop_0),0,lastindexof(string(item().prop_0),'/'))",
												"type": "Expression"
											}
										}
									},
									{
										"name": "SetFilename",
										"description": "captures filename from folder path for copy activity",
										"type": "SetVariable",
										"dependsOn": [
											{
												"activity": "SetProceedInd_begin",
												"dependencyConditions": [
													"Succeeded"
												]
											}
										],
										"userProperties": [],
										"typeProperties": {
											"variableName": "Filename",
											"value": {
												"value": "@substring(string(item().prop_0),add(lastindexof(string(item().prop_0),'/'),1),7)",
												"type": "Expression"
											}
										}
									},
									{
										"name": "CopyAvroFile",
										"description": "Copies avro file to get unique filename",
										"type": "Copy",
										"dependsOn": [
											{
												"activity": "SetInputFilename",
												"dependencyConditions": [
													"Succeeded"
												]
											}
										],
										"policy": {
											"timeout": "7.00:00:00",
											"retry": 0,
											"retryIntervalInSeconds": 30,
											"secureOutput": false,
											"secureInput": false
										},
										"userProperties": [],
										"typeProperties": {
											"source": {
												"type": "BinarySource",
												"storeSettings": {
													"type": "AzureBlobStorageReadSettings",
													"recursive": true
												},
												"formatSettings": {
													"type": "BinaryReadSettings"
												}
											},
											"sink": {
												"type": "BinarySink",
												"storeSettings": {
													"type": "AzureBlobStorageWriteSettings"
												}
											},
											"enableStaging": false
										},
										"inputs": [
											{
												"referenceName": "DPIeventhubds",
												"type": "DatasetReference",
												"parameters": {
													"container": {
														"value": "@variables('EventhubStorageContainerName')",
														"type": "Expression"
													},
													"folderpath": {
														"value": "@variables('Folderpath')",
														"type": "Expression"
													},
													"filename": {
														"value": "@variables('Filename')",
														"type": "Expression"
													}
												}
											}
										],
										"outputs": [
											{
												"referenceName": "dpi_file",
												"type": "DatasetReference",
												"parameters": {
													"Filename": {
														"value": "@variables('InputFilename')",
														"type": "Expression"
													},
													"Container": {
														"value": "@variables('StorageContainerName')",
														"type": "Expression"
													},
													"Folderpath": {
														"value": "@variables('InputFilePath')",
														"type": "Expression"
													}
												}
											}
										]
									},
									{
										"name": "RunPythonScript",
										"description": "executes python script using Azure Runbook",
										"type": "ExecutePipeline",
										"dependsOn": [
											{
												"activity": "CopyAvroFile",
												"dependencyConditions": [
													"Succeeded"
												]
											}
										],
										"userProperties": [],
										"typeProperties": {
											"pipeline": {
												"referenceName": "RunPythonCode",
												"type": "PipelineReference"
											},
											"waitOnCompletion": true,
											"parameters": {
												"Environment": {
													"value": "@pipeline().parameters.Environment",
													"type": "Expression"
												},
												"Project_Name": {
													"value": "@pipeline().parameters.Project_Name",
													"type": "Expression"
												},
												"InputFilename": {
													"value": "@variables('InputFilename')",
													"type": "Expression"
												}
											}
										}
									},
									{
										"name": "DPImovetoLanding",
										"description": "Moves converted CSV files to landing",
										"type": "ExecutePipeline",
										"dependsOn": [
											{
												"activity": "RunPythonScript",
												"dependencyConditions": [
													"Succeeded"
												]
											}
										],
										"userProperties": [],
										"typeProperties": {
											"pipeline": {
												"referenceName": "DPImovetoLanding",
												"type": "PipelineReference"
											},
											"waitOnCompletion": true,
											"parameters": {
												"container": {
													"value": "@variables('StorageContainerName')",
													"type": "Expression"
												},
												"outputpath": {
													"value": "@variables('OutputFilePath')",
													"type": "Expression"
												}
											}
										}
									},
									{
										"name": "DPImovetoReject",
										"description": "Moves rejected files to landing",
										"type": "ExecutePipeline",
										"dependsOn": [
											{
												"activity": "DPImovetoLanding",
												"dependencyConditions": [
													"Succeeded"
												]
											}
										],
										"userProperties": [],
										"typeProperties": {
											"pipeline": {
												"referenceName": "DPImovetoReject",
												"type": "PipelineReference"
											},
											"waitOnCompletion": true,
											"parameters": {
												"container": {
													"value": "@variables('StorageContainerName')",
													"type": "Expression"
												},
												"rejectpath": {
													"value": "@variables('RejectPath')",
													"type": "Expression"
												}
											}
										}
									},
									{
										"name": "SetProceedInd_begin",
										"type": "SetVariable",
										"dependsOn": [],
										"userProperties": [],
										"typeProperties": {
											"variableName": "ProceedInd",
											"value": {
												"value": "0",
												"type": "Expression"
											}
										}
									},
									{
										"name": "SetProceedInd_end",
										"type": "SetVariable",
										"dependsOn": [
											{
												"activity": "DPImovetoReject",
												"dependencyConditions": [
													"Succeeded"
												]
											}
										],
										"userProperties": [],
										"typeProperties": {
											"variableName": "ProceedInd",
											"value": {
												"value": "1",
												"type": "Expression"
											}
										}
									}
								]
							}
						}
					]
				}
			},
			{
				"name": "Parameter_Lookup",
				"description": "lookup the parameter table to retrieve input parameters",
				"type": "Lookup",
				"dependsOn": [],
				"policy": {
					"timeout": "7.00:00:00",
					"retry": 0,
					"retryIntervalInSeconds": 30,
					"secureOutput": false,
					"secureInput": false
				},
				"userProperties": [],
				"typeProperties": {
					"source": {
						"type": "SqlDWSource",
						"sqlReaderQuery": {
							"value": "SELECT * FROM dc_metadata.GDHDynamicADFParams where Project_name = '@{pipeline().parameters.Project_Name}' and Environment = '@{pipeline().parameters.Environment}' ",
							"type": "Expression"
						},
						"queryTimeout": "02:00:00",
						"partitionOption": "None"
					},
					"dataset": {
						"referenceName": "azsyndna_dataset",
						"type": "DatasetReference"
					},
					"firstRowOnly": false
				}
			},
			{
				"name": "Populating_Param",
				"description": "Populates variables with values in synapse table",
				"type": "ForEach",
				"dependsOn": [
					{
						"activity": "Parameter_Lookup",
						"dependencyConditions": [
							"Succeeded"
						]
					}
				],
				"userProperties": [],
				"typeProperties": {
					"items": {
						"value": "@activity('Parameter_Lookup').output.value",
						"type": "Expression"
					},
					"activities": [
						{
							"name": "Paramaters",
							"type": "Switch",
							"dependsOn": [],
							"userProperties": [],
							"typeProperties": {
								"on": {
									"value": "@item().Param_key",
									"type": "Expression"
								},
								"cases": [
									{
										"value": "OutputFilePath",
										"activities": [
											{
												"name": "SetOutputFilePath",
												"type": "SetVariable",
												"dependsOn": [],
												"userProperties": [],
												"typeProperties": {
													"variableName": "OutputFilePath",
													"value": {
														"value": "@item().param_value",
														"type": "Expression"
													}
												}
											}
										]
									},
									{
										"value": "InputFilePath",
										"activities": [
											{
												"name": "SetInputFilePath",
												"description": "",
												"type": "SetVariable",
												"dependsOn": [],
												"userProperties": [],
												"typeProperties": {
													"variableName": "InputFilePath",
													"value": {
														"value": "@item().param_value",
														"type": "Expression"
													}
												}
											}
										]
									},
									{
										"value": "StorageAccountName",
										"activities": [
											{
												"name": "SetStorageAccountName",
												"type": "SetVariable",
												"dependsOn": [],
												"userProperties": [],
												"typeProperties": {
													"variableName": "StorageAccountName",
													"value": {
														"value": "@item().param_value",
														"type": "Expression"
													}
												}
											}
										]
									},
									{
										"value": "StorageContainerName",
										"activities": [
											{
												"name": "SetStorageContainerName",
												"type": "SetVariable",
												"dependsOn": [],
												"userProperties": [],
												"typeProperties": {
													"variableName": "StorageContainerName",
													"value": {
														"value": "@item().param_value",
														"type": "Expression"
													}
												}
											}
										]
									},
									{
										"value": "RejectPath",
										"activities": [
											{
												"name": "SetRejectPath",
												"type": "SetVariable",
												"dependsOn": [],
												"userProperties": [],
												"typeProperties": {
													"variableName": "RejectPath",
													"value": {
														"value": "@item().param_value",
														"type": "Expression"
													}
												}
											}
										]
									},
									{
										"value": "EventhubStorageContainerName",
										"activities": [
											{
												"name": "SetEventhubStorageContainerName",
												"type": "SetVariable",
												"dependsOn": [],
												"userProperties": [],
												"typeProperties": {
													"variableName": "EventhubStorageContainerName",
													"value": {
														"value": "@item().param_value",
														"type": "Expression"
													}
												}
											}
										]
									},
									{
										"value": "FilePattern",
										"activities": [
											{
												"name": "SetFilepattern",
												"type": "SetVariable",
												"dependsOn": [],
												"userProperties": [],
												"typeProperties": {
													"variableName": "FilePath",
													"value": {
														"value": "@item().param_value",
														"type": "Expression"
													}
												}
											}
										]
									},
									{
										"value": "EventHubStorageAccountName",
										"activities": [
											{
												"name": "SetEventHubStorageAccountName",
												"type": "SetVariable",
												"dependsOn": [],
												"userProperties": [],
												"typeProperties": {
													"variableName": "EventhubStorageAccountName",
													"value": {
														"value": "@item().param_value",
														"type": "Expression"
													}
												}
											}
										]
									},
									{
										"value": "Webhook FetchFilelist",
										"activities": [
											{
												"name": "SetWebhook FetchFilelist",
												"type": "SetVariable",
												"dependsOn": [],
												"userProperties": [],
												"typeProperties": {
													"variableName": "Webhook FetchFilelist",
													"value": {
														"value": "@item().param_value",
														"type": "Expression"
													}
												}
											}
										]
									}
								]
							}
						}
					]
				}
			},
			{
				"name": "LookupFileList",
				"description": "Fetching file list ",
				"type": "Lookup",
				"dependsOn": [
					{
						"activity": "SetProceedInd",
						"dependencyConditions": [
							"Succeeded"
						]
					}
				],
				"policy": {
					"timeout": "7.00:00:00",
					"retry": 0,
					"retryIntervalInSeconds": 30,
					"secureOutput": false,
					"secureInput": false
				},
				"userProperties": [],
				"typeProperties": {
					"source": {
						"type": "DelimitedTextSource",
						"storeSettings": {
							"type": "AzureBlobStorageReadSettings",
							"recursive": false,
							"enablePartitionDiscovery": false
						},
						"formatSettings": {
							"type": "DelimitedTextReadSettings"
						}
					},
					"dataset": {
						"referenceName": "DPItxtFile",
						"type": "DatasetReference",
						"parameters": {
							"Container": {
								"value": "@variables('StorageContainerName')",
								"type": "Expression"
							},
							"Filename": "FileList.txt"
						}
					},
					"firstRowOnly": false
				}
			},
			{
				"name": "SetProceedInd",
				"type": "SetVariable",
				"dependsOn": [
					{
						"activity": "Populating_Param",
						"dependencyConditions": [
							"Succeeded"
						]
					}
				],
				"userProperties": [],
				"typeProperties": {
					"variableName": "ProceedInd",
					"value": {
						"value": "1",
						"type": "Expression"
					}
				}
			}
		],
		"parameters": {
			"Project_Name": {
				"type": "string"
			},
			"Environment": {
				"type": "string"
			}
		},
		"variables": {
			"EventhubStorageAccountName": {
				"type": "String"
			},
			"StorageContainerName": {
				"type": "String"
			},
			"FilePath": {
				"type": "String"
			},
			"InputFileName": {
				"type": "String"
			},
			"Folderpath": {
				"type": "String"
			},
			"Filename": {
				"type": "String"
			},
			"InputFilePath": {
				"type": "String"
			},
			"OutputFilePath": {
				"type": "String"
			},
			"RejectPath": {
				"type": "String"
			},
			"EventhubStorageContainerName": {
				"type": "String"
			},
			"StorageAccountName": {
				"type": "String"
			},
			"Webhook FetchFilelist": {
				"type": "String"
			},
			"ProceedInd": {
				"type": "String",
				"defaultValue": "1"
			}
		},
		"folder": {
			"name": "DPI"
		},
		"annotations": []
	}
}