{
	"name": "DPI_avro_csv",
	"properties": {
		"description": "Sets up required parameters for conversion of incremental and history avro files to csv files",
		"activities": [
			{
				"name": "CopyAvroFile",
				"description": "Copies avro file to get unique filename",
				"type": "Copy",
				"dependsOn": [
					{
						"activity": "SetInputFilename",
						"dependencyConditions": [
							"Succeeded"
						]
					}
				],
				"policy": {
					"timeout": "7.00:00:00",
					"retry": 0,
					"retryIntervalInSeconds": 30,
					"secureOutput": false,
					"secureInput": false
				},
				"userProperties": [],
				"typeProperties": {
					"source": {
						"type": "BinarySource",
						"storeSettings": {
							"type": "AzureBlobStorageReadSettings",
							"recursive": true
						},
						"formatSettings": {
							"type": "BinaryReadSettings"
						}
					},
					"sink": {
						"type": "BinarySink",
						"storeSettings": {
							"type": "AzureBlobStorageWriteSettings"
						}
					},
					"enableStaging": false
				},
				"inputs": [
					{
						"referenceName": "DPIeventhubds",
						"type": "DatasetReference",
						"parameters": {
							"container": {
								"value": "@variables('EventhubStorageContainerName')",
								"type": "Expression"
							},
							"folderpath": {
								"value": "@variables('FolderPath')",
								"type": "Expression"
							},
							"filename": {
								"value": "@pipeline().parameters.Filename",
								"type": "Expression"
							}
						}
					}
				],
				"outputs": [
					{
						"referenceName": "dpi_file",
						"type": "DatasetReference",
						"parameters": {
							"Filename": {
								"value": "@variables('InputFilename')",
								"type": "Expression"
							},
							"Container": {
								"value": "@variables('StorageContainerName')",
								"type": "Expression"
							},
							"Folderpath": {
								"value": "@variables('InputFilePath')",
								"type": "Expression"
							}
						}
					}
				]
			},
			{
				"name": "RunPythonScript",
				"description": "executes python script using Azure Runbook",
				"type": "ExecutePipeline",
				"dependsOn": [
					{
						"activity": "CopyAvroFile",
						"dependencyConditions": [
							"Succeeded"
						]
					}
				],
				"userProperties": [],
				"typeProperties": {
					"pipeline": {
						"referenceName": "RunPythonCode",
						"type": "PipelineReference"
					},
					"waitOnCompletion": true,
					"parameters": {
						"Environment": {
							"value": "@pipeline().parameters.Environment",
							"type": "Expression"
						},
						"Project_Name": {
							"value": "@pipeline().parameters.Project_Name",
							"type": "Expression"
						},
						"InputFilename": {
							"value": "@variables('InputFilename')",
							"type": "Expression"
						}
					}
				}
			},
			{
				"name": "SetFolderpath",
				"description": "sets up folder path of triggered file",
				"type": "SetVariable",
				"dependsOn": [
					{
						"activity": "Populating_Param",
						"dependencyConditions": [
							"Succeeded"
						]
					}
				],
				"userProperties": [],
				"typeProperties": {
					"variableName": "FolderPath",
					"value": {
						"value": "@substring(concat(' ',pipeline().parameters.Folderpath), add(indexof(pipeline().parameters.Folderpath,'/'),2),sub(sub(length(pipeline().parameters.Folderpath),indexof(pipeline().parameters.Folderpath,'/')),1))",
						"type": "Expression"
					}
				}
			},
			{
				"name": "SetInputFilename",
				"description": "sets up input file for Runbook execution",
				"type": "SetVariable",
				"dependsOn": [
					{
						"activity": "SetFolderpath",
						"dependencyConditions": [
							"Succeeded"
						]
					}
				],
				"userProperties": [],
				"typeProperties": {
					"variableName": "InputFilename",
					"value": {
						"value": "@concat('DPI_',formatDateTime(utcnow(),'yyyyMMddHHmmss'),'.avro')",
						"type": "Expression"
					}
				}
			},
			{
				"name": "DPImovetoLanding",
				"description": "Moves converted CSV files to landing",
				"type": "ExecutePipeline",
				"dependsOn": [
					{
						"activity": "RunPythonScript",
						"dependencyConditions": [
							"Succeeded"
						]
					}
				],
				"userProperties": [],
				"typeProperties": {
					"pipeline": {
						"referenceName": "DPImovetoLanding",
						"type": "PipelineReference"
					},
					"waitOnCompletion": true,
					"parameters": {
						"container": {
							"value": "@variables('StorageContainerName')",
							"type": "Expression"
						},
						"outputpath": {
							"value": "@variables('OutputFilePath')",
							"type": "Expression"
						}
					}
				}
			},
			{
				"name": "Parameter_Lookup",
				"description": "lookup the parameter table to retrieve input parameters",
				"type": "Lookup",
				"dependsOn": [],
				"policy": {
					"timeout": "7.00:00:00",
					"retry": 0,
					"retryIntervalInSeconds": 30,
					"secureOutput": false,
					"secureInput": false
				},
				"userProperties": [],
				"typeProperties": {
					"source": {
						"type": "SqlDWSource",
						"sqlReaderQuery": {
							"value": "SELECT * FROM dc_metadata.GDHDynamicADFParams where Project_name = '@{pipeline().parameters.Project_Name}' and Environment = '@{pipeline().parameters.Environment}' ",
							"type": "Expression"
						},
						"queryTimeout": "02:00:00",
						"partitionOption": "None"
					},
					"dataset": {
						"referenceName": "azsyndna_dataset",
						"type": "DatasetReference"
					},
					"firstRowOnly": false
				}
			},
			{
				"name": "Populating_Param",
				"description": "Populates variables with values in synapse table",
				"type": "ForEach",
				"dependsOn": [
					{
						"activity": "Parameter_Lookup",
						"dependencyConditions": [
							"Succeeded"
						]
					}
				],
				"userProperties": [],
				"typeProperties": {
					"items": {
						"value": "@activity('Parameter_Lookup').output.value",
						"type": "Expression"
					},
					"activities": [
						{
							"name": "Paramaters",
							"type": "Switch",
							"dependsOn": [],
							"userProperties": [],
							"typeProperties": {
								"on": {
									"value": "@item().Param_key",
									"type": "Expression"
								},
								"cases": [
									{
										"value": "OutputFilePath",
										"activities": [
											{
												"name": "SetOutputFilePath",
												"type": "SetVariable",
												"dependsOn": [],
												"userProperties": [],
												"typeProperties": {
													"variableName": "OutputFilePath",
													"value": {
														"value": "@item().param_value",
														"type": "Expression"
													}
												}
											}
										]
									},
									{
										"value": "InputFilePath",
										"activities": [
											{
												"name": "SetInputFilePath",
												"description": "",
												"type": "SetVariable",
												"dependsOn": [],
												"userProperties": [],
												"typeProperties": {
													"variableName": "InputFilePath",
													"value": {
														"value": "@item().param_value",
														"type": "Expression"
													}
												}
											}
										]
									},
									{
										"value": "StorageAccountName",
										"activities": [
											{
												"name": "SetStorageAccountName",
												"type": "SetVariable",
												"dependsOn": [],
												"userProperties": [],
												"typeProperties": {
													"variableName": "StorageAccountName",
													"value": {
														"value": "@item().param_value",
														"type": "Expression"
													}
												}
											}
										]
									},
									{
										"value": "StorageContainerName",
										"activities": [
											{
												"name": "SetStorageContainerName",
												"type": "SetVariable",
												"dependsOn": [],
												"userProperties": [],
												"typeProperties": {
													"variableName": "StorageContainerName",
													"value": {
														"value": "@item().param_value",
														"type": "Expression"
													}
												}
											}
										]
									},
									{
										"value": "RejectPath",
										"activities": [
											{
												"name": "SetRejectPath",
												"type": "SetVariable",
												"dependsOn": [],
												"userProperties": [],
												"typeProperties": {
													"variableName": "RejectPath",
													"value": {
														"value": "@item().param_value",
														"type": "Expression"
													}
												}
											}
										]
									},
									{
										"value": "EventhubStorageContainerName",
										"activities": [
											{
												"name": "SetEventhubStorageContainerName",
												"type": "SetVariable",
												"dependsOn": [],
												"userProperties": [],
												"typeProperties": {
													"variableName": "EventhubStorageContainerName",
													"value": {
														"value": "@item().param_value",
														"type": "Expression"
													}
												}
											}
										]
									},
									{
										"value": "EventHubStorageAccountName",
										"activities": [
											{
												"name": "SetEventHubStorageAccountName",
												"type": "SetVariable",
												"dependsOn": [],
												"userProperties": [],
												"typeProperties": {
													"variableName": "EventHubStorageAccountName",
													"value": {
														"value": "@item().param_value",
														"type": "Expression"
													}
												}
											}
										]
									}
								]
							}
						}
					]
				}
			},
			{
				"name": "DPImovetoReject",
				"description": "Moves rejected files to landing",
				"type": "ExecutePipeline",
				"dependsOn": [
					{
						"activity": "DPImovetoLanding",
						"dependencyConditions": [
							"Succeeded"
						]
					}
				],
				"userProperties": [],
				"typeProperties": {
					"pipeline": {
						"referenceName": "DPImovetoReject",
						"type": "PipelineReference"
					},
					"waitOnCompletion": true,
					"parameters": {
						"container": {
							"value": "@variables('StorageContainerName')",
							"type": "Expression"
						},
						"rejectpath": {
							"value": "@variables('RejectPath')",
							"type": "Expression"
						}
					}
				}
			}
		],
		"concurrency": 1,
		"parameters": {
			"Filename": {
				"type": "string"
			},
			"Folderpath": {
				"type": "string"
			},
			"Project_Name": {
				"type": "string"
			},
			"Environment": {
				"type": "string"
			}
		},
		"variables": {
			"InputFilename": {
				"type": "String"
			},
			"FolderPath": {
				"type": "String"
			},
			"StorageContainerName": {
				"type": "String"
			},
			"EventhubStorageContainerName": {
				"type": "String"
			},
			"InputFilePath": {
				"type": "String"
			},
			"RejectPath": {
				"type": "String"
			},
			"OutputFilePath": {
				"type": "String"
			},
			"EventHubStorageAccountName": {
				"type": "String"
			},
			"StorageAccountName": {
				"type": "String"
			}
		},
		"folder": {
			"name": "DPI"
		},
		"annotations": []
	}
}