{
	"name": "DPImovetoReject",
	"properties": {
		"description": "Copies rejected file from intermediate reject folder to corresponding landing path",
		"activities": [
			{
				"name": "GetRejectFiles",
				"description": "Retrieves rejected files in intermediate output folder",
				"type": "GetMetadata",
				"dependsOn": [],
				"policy": {
					"timeout": "7.00:00:00",
					"retry": 0,
					"retryIntervalInSeconds": 30,
					"secureOutput": false,
					"secureInput": false
				},
				"userProperties": [],
				"typeProperties": {
					"dataset": {
						"referenceName": "DPI_fileDS",
						"type": "DatasetReference",
						"parameters": {
							"container": {
								"value": "@pipeline().parameters.container",
								"type": "Expression"
							},
							"folderPath": {
								"value": "@pipeline().parameters.rejectpath",
								"type": "Expression"
							}
						}
					},
					"fieldList": [
						"childItems",
						"exists"
					],
					"storeSettings": {
						"type": "AzureBlobStorageReadSettings",
						"recursive": true,
						"enablePartitionDiscovery": false
					},
					"formatSettings": {
						"type": "BinaryReadSettings"
					}
				}
			},
			{
				"name": "IfFileExists",
				"description": "Checks reject files exists",
				"type": "IfCondition",
				"dependsOn": [
					{
						"activity": "GetRejectFiles",
						"dependencyConditions": [
							"Succeeded"
						]
					}
				],
				"userProperties": [],
				"typeProperties": {
					"expression": {
						"value": "@equals(activity('GetRejectfiles').output.exists,true)",
						"type": "Expression"
					},
					"ifTrueActivities": [
						{
							"name": "SetFileList",
							"description": "generates CSV files ",
							"type": "SetVariable",
							"dependsOn": [
								{
									"activity": "FilterRejectfiles",
									"dependencyConditions": [
										"Succeeded"
									]
								}
							],
							"userProperties": [],
							"typeProperties": {
								"variableName": "FileList",
								"value": {
									"value": "@activity('FilterRejectFiles').output.value",
									"type": "Expression"
								}
							}
						},
						{
							"name": "FilterRejectfiles",
							"description": "Filter CSV files",
							"type": "Filter",
							"dependsOn": [],
							"userProperties": [],
							"typeProperties": {
								"items": {
									"value": "@activity('GetRejectfiles').output.childItems",
									"type": "Expression"
								},
								"condition": {
									"value": "@equals(startswith(item().name,'DPIAVROTOCSVREJ'),true)",
									"type": "Expression"
								}
							}
						},
						{
							"name": "DPI_copytoReject",
							"type": "ExecutePipeline",
							"dependsOn": [
								{
									"activity": "SetFileList",
									"dependencyConditions": [
										"Succeeded"
									]
								}
							],
							"userProperties": [],
							"typeProperties": {
								"pipeline": {
									"referenceName": "DPI_copytoReject",
									"type": "PipelineReference"
								},
								"waitOnCompletion": true,
								"parameters": {
									"container": {
										"value": "@pipeline().parameters.container",
										"type": "Expression"
									},
									"rejectpath": {
										"value": "@pipeline().parameters.rejectpath",
										"type": "Expression"
									},
									"filelist": {
										"value": "@variables('FileList')",
										"type": "Expression"
									}
								}
							}
						}
					]
				}
			}
		],
		"parameters": {
			"container": {
				"type": "string"
			},
			"rejectpath": {
				"type": "string"
			}
		},
		"variables": {
			"FileList": {
				"type": "Array"
			}
		},
		"folder": {
			"name": "DPI"
		},
		"annotations": []
	}
}