{
	"name": "GA_dbm_JSON_ParamerList_Parser",
	"properties": {
		"description": "Parses JSON parameter list and fetches individual parameters",
		"activities": [
			{
				"name": "Set_ProjectName",
				"type": "SetVariable",
				"dependsOn": [],
				"userProperties": [],
				"typeProperties": {
					"variableName": "v_ProjectName",
					"value": {
						"value": "@pipeline().parameters.pParamList.project_name",
						"type": "Expression"
					}
				}
			},
			{
				"name": "Set_Environment",
				"type": "SetVariable",
				"dependsOn": [],
				"userProperties": [],
				"typeProperties": {
					"variableName": "v_Environment",
					"value": {
						"value": "@pipeline().parameters.pParamList.Environment",
						"type": "Expression"
					}
				}
			},
			{
				"name": "Set_Folderpath",
				"type": "SetVariable",
				"dependsOn": [],
				"userProperties": [],
				"typeProperties": {
					"variableName": "v_Folderpath",
					"value": {
						"value": "@pipeline().parameters.pParamList.Folderpath",
						"type": "Expression"
					}
				}
			},
			{
				"name": "Set_Type",
				"type": "SetVariable",
				"dependsOn": [],
				"userProperties": [],
				"typeProperties": {
					"variableName": "v_type",
					"value": {
						"value": "@pipeline().parameters.pParamList.type",
						"type": "Expression"
					}
				}
			},
			{
				"name": "DFM Queueing pipeline",
				"type": "ExecutePipeline",
				"dependsOn": [
					{
						"activity": "Set_Folderpath",
						"dependencyConditions": [
							"Succeeded"
						]
					},
					{
						"activity": "Set_ProjectName",
						"dependencyConditions": [
							"Succeeded"
						]
					},
					{
						"activity": "Set_Environment",
						"dependencyConditions": [
							"Succeeded"
						]
					},
					{
						"activity": "Set_Type",
						"dependencyConditions": [
							"Succeeded"
						]
					}
				],
				"userProperties": [],
				"typeProperties": {
					"pipeline": {
						"referenceName": "DFM Queueing pipeline",
						"type": "PipelineReference"
					},
					"waitOnCompletion": true,
					"parameters": {
						"Project_name": {
							"value": "@variables('v_ProjectName')",
							"type": "Expression"
						},
						"Environment": {
							"value": "@variables('v_Environment')",
							"type": "Expression"
						},
						"Folderpath": {
							"value": "@variables('v_Folderpath')",
							"type": "Expression"
						},
						"File_type": {
							"value": "@variables('v_type')",
							"type": "Expression"
						}
					}
				}
			}
		],
		"parameters": {
			"pParamList": {
				"type": "object"
			}
		},
		"variables": {
			"v_Environment": {
				"type": "String"
			},
			"v_ProjectName": {
				"type": "String"
			},
			"v_Folderpath": {
				"type": "String"
			},
			"v_param_list": {
				"type": "String"
			},
			"v_triggerTime": {
				"type": "String"
			},
			"v_type": {
				"type": "String"
			}
		},
		"folder": {
			"name": "Google Analytics/Dispatch File Microbatching"
		},
		"annotations": []
	}
}