{
	"name": "Gamification_avro_copy",
	"properties": {
		"activities": [
			{
				"name": "Parameter_Lookup",
				"description": "lookup the parameter table to retrieve input parameters",
				"type": "Lookup",
				"dependsOn": [],
				"policy": {
					"timeout": "7.00:00:00",
					"retry": 0,
					"retryIntervalInSeconds": 30,
					"secureOutput": false,
					"secureInput": false
				},
				"userProperties": [],
				"typeProperties": {
					"source": {
						"type": "SqlDWSource",
						"sqlReaderQuery": {
							"value": "SELECT * FROM dc_metadata.GDHDynamicADFParams where Project_name = '@{pipeline().parameters.pProjParam.ProjectName}' and Environment = '@{pipeline().parameters.pProjParam.Environment}' ",
							"type": "Expression"
						},
						"queryTimeout": "02:00:00",
						"partitionOption": "None"
					},
					"dataset": {
						"referenceName": "azsyndna_dataset",
						"type": "DatasetReference"
					},
					"firstRowOnly": false
				}
			},
			{
				"name": "Populating_Param",
				"description": "Populates variables with values in synapse table",
				"type": "ForEach",
				"dependsOn": [
					{
						"activity": "Parameter_Lookup",
						"dependencyConditions": [
							"Succeeded"
						]
					}
				],
				"userProperties": [],
				"typeProperties": {
					"items": {
						"value": "@activity('Parameter_Lookup').output.value",
						"type": "Expression"
					},
					"activities": [
						{
							"name": "Paramaters",
							"type": "Switch",
							"dependsOn": [],
							"userProperties": [],
							"typeProperties": {
								"on": {
									"value": "@item().Param_key",
									"type": "Expression"
								},
								"cases": [
									{
										"value": "InputFilePath",
										"activities": [
											{
												"name": "SetInputFilePath",
												"description": "",
												"type": "SetVariable",
												"dependsOn": [],
												"userProperties": [],
												"typeProperties": {
													"variableName": "InputFilePath",
													"value": {
														"value": "@item().param_value",
														"type": "Expression"
													}
												}
											}
										]
									},
									{
										"value": "StorageAccountName",
										"activities": [
											{
												"name": "SetStorageAccountName",
												"type": "SetVariable",
												"dependsOn": [],
												"userProperties": [],
												"typeProperties": {
													"variableName": "StorageAccountName",
													"value": {
														"value": "@item().param_value",
														"type": "Expression"
													}
												}
											}
										]
									},
									{
										"value": "EventhubStorageContainerName",
										"activities": [
											{
												"name": "SetEventhubStorageContainerName",
												"type": "SetVariable",
												"dependsOn": [],
												"userProperties": [],
												"typeProperties": {
													"variableName": "EventhubStorageContainerName",
													"value": {
														"value": "@item().param_value",
														"type": "Expression"
													}
												}
											}
										]
									}
								]
							}
						}
					]
				}
			},
			{
				"name": "SetFolderpath",
				"description": "sets up folder path of triggered file",
				"type": "SetVariable",
				"dependsOn": [
					{
						"activity": "Populating_Param",
						"dependencyConditions": [
							"Succeeded"
						]
					}
				],
				"userProperties": [],
				"typeProperties": {
					"variableName": "FolderPath",
					"value": {
						"value": "@substring(concat(' ',pipeline().parameters.pProjParam.Folderpath), add(indexof(pipeline().parameters.pProjParam.Folderpath,'/'),2),sub(sub(length(pipeline().parameters.pProjParam.Folderpath),indexof(pipeline().parameters.pProjParam.Folderpath,'/')),1))",
						"type": "Expression"
					}
				}
			},
			{
				"name": "SetInputFilename",
				"description": "sets up input file for Runbook execution",
				"type": "SetVariable",
				"dependsOn": [
					{
						"activity": "SetFolderpath",
						"dependencyConditions": [
							"Succeeded"
						]
					}
				],
				"userProperties": [],
				"typeProperties": {
					"variableName": "InputFilename",
					"value": {
						"value": "@concat('Gamification_',formatDateTime(utcnow(),'yyyyMMddHHmmss'),'.avro')",
						"type": "Expression"
					}
				}
			},
			{
				"name": "CopyAvroFile",
				"description": "Copies avro file to get unique filename",
				"type": "Copy",
				"dependsOn": [
					{
						"activity": "SetInputFilename",
						"dependencyConditions": [
							"Succeeded"
						]
					}
				],
				"policy": {
					"timeout": "7.00:00:00",
					"retry": 0,
					"retryIntervalInSeconds": 30,
					"secureOutput": false,
					"secureInput": false
				},
				"userProperties": [],
				"typeProperties": {
					"source": {
						"type": "BinarySource",
						"storeSettings": {
							"type": "AzureBlobStorageReadSettings",
							"recursive": true
						},
						"formatSettings": {
							"type": "BinaryReadSettings"
						}
					},
					"sink": {
						"type": "BinarySink",
						"storeSettings": {
							"type": "AzureBlobStorageWriteSettings"
						}
					},
					"enableStaging": false
				},
				"inputs": [
					{
						"referenceName": "azbinfile_landing_bounce",
						"type": "DatasetReference",
						"parameters": {
							"pContainer": {
								"value": "@variables('EventhubStorageContainerName')",
								"type": "Expression"
							},
							"pFolderPath": {
								"value": "@variables('FolderPath')",
								"type": "Expression"
							},
							"pFileName": {
								"value": "@pipeline().parameters.pProjParam.Filename",
								"type": "Expression"
							}
						}
					}
				],
				"outputs": [
					{
						"referenceName": "azbinfile_landing_bounce",
						"type": "DatasetReference",
						"parameters": {
							"pContainer": {
								"value": "@variables('EventhubStorageContainerName')",
								"type": "Expression"
							},
							"pFolderPath": {
								"value": "@variables('InputFilePath')",
								"type": "Expression"
							},
							"pFileName": {
								"value": "@variables('InputFilename')",
								"type": "Expression"
							}
						}
					}
				]
			}
		],
		"concurrency": 4,
		"parameters": {
			"pProjParam": {
				"type": "object",
				"defaultValue": {
					"ProjectName": "Gamification",
					"Environment": "pp",
					"FolderPath": "@triggerBody().folderPath",
					"FileName": "@triggerBody().fileName"
				}
			}
		},
		"variables": {
			"FolderPath": {
				"type": "String"
			},
			"InputFilename": {
				"type": "String"
			},
			"EventhubStorageContainerName": {
				"type": "String"
			},
			"InputFilePath": {
				"type": "String"
			},
			"StorageAccountName": {
				"type": "String"
			}
		},
		"folder": {
			"name": "Adcard Gamification Lite"
		},
		"annotations": []
	}
}