{
	"name": "Gamification_avro_csv",
	"properties": {
		"activities": [
			{
				"name": "Parameter_Lookup",
				"description": "lookup the parameter table to retrieve input parameters",
				"type": "Lookup",
				"dependsOn": [],
				"policy": {
					"timeout": "7.00:00:00",
					"retry": 0,
					"retryIntervalInSeconds": 30,
					"secureOutput": false,
					"secureInput": false
				},
				"userProperties": [],
				"typeProperties": {
					"source": {
						"type": "SqlDWSource",
						"sqlReaderQuery": {
							"value": "SELECT * FROM dc_metadata.GDHDynamicADFParams where Project_name = '@{pipeline().parameters.pParamList.ProjectName}' and Environment = '@{pipeline().parameters.pParamList.Environment}' ",
							"type": "Expression"
						},
						"queryTimeout": "02:00:00",
						"partitionOption": "None"
					},
					"dataset": {
						"referenceName": "azsyndna_dataset",
						"type": "DatasetReference"
					},
					"firstRowOnly": false
				}
			},
			{
				"name": "Populating_Param",
				"description": "Populates variables with values in synapse table",
				"type": "ForEach",
				"dependsOn": [
					{
						"activity": "Parameter_Lookup",
						"dependencyConditions": [
							"Succeeded"
						]
					}
				],
				"userProperties": [],
				"typeProperties": {
					"items": {
						"value": "@activity('Parameter_Lookup').output.value",
						"type": "Expression"
					},
					"activities": [
						{
							"name": "Paramaters",
							"type": "Switch",
							"dependsOn": [],
							"userProperties": [],
							"typeProperties": {
								"on": {
									"value": "@item().Param_key",
									"type": "Expression"
								},
								"cases": [
									{
										"value": "OutputFilePath",
										"activities": [
											{
												"name": "SetOutputFilePath",
												"type": "SetVariable",
												"dependsOn": [],
												"userProperties": [],
												"typeProperties": {
													"variableName": "OutputFilePath",
													"value": {
														"value": "@item().param_value",
														"type": "Expression"
													}
												}
											}
										]
									},
									{
										"value": "StorageAccountName",
										"activities": [
											{
												"name": "SetStorageAccountName",
												"type": "SetVariable",
												"dependsOn": [],
												"userProperties": [],
												"typeProperties": {
													"variableName": "StorageAccountName",
													"value": {
														"value": "@item().param_value",
														"type": "Expression"
													}
												}
											}
										]
									},
									{
										"value": "StorageContainerName",
										"activities": [
											{
												"name": "SetStorageContainerName",
												"type": "SetVariable",
												"dependsOn": [],
												"userProperties": [],
												"typeProperties": {
													"variableName": "StorageContainerName",
													"value": {
														"value": "@item().param_value",
														"type": "Expression"
													}
												}
											}
										]
									},
									{
										"value": "RejectPath",
										"activities": [
											{
												"name": "SetRejectPath",
												"type": "SetVariable",
												"dependsOn": [],
												"userProperties": [],
												"typeProperties": {
													"variableName": "RejectPath",
													"value": {
														"value": "@item().param_value",
														"type": "Expression"
													}
												}
											}
										]
									},
									{
										"value": "Retailer",
										"activities": [
											{
												"name": "Set Retailer",
												"type": "SetVariable",
												"dependsOn": [],
												"userProperties": [],
												"typeProperties": {
													"variableName": "Retailer",
													"value": {
														"value": "@item().param_value",
														"type": "Expression"
													}
												}
											}
										]
									},
									{
										"value": "StorageAccountServiceEndPoint",
										"activities": [
											{
												"name": "Set StorageAccountServiceEndPoint",
												"type": "SetVariable",
												"dependsOn": [],
												"userProperties": [],
												"typeProperties": {
													"variableName": "StorageAccountServiceEndPoint",
													"value": {
														"value": "@item().param_value",
														"type": "Expression"
													}
												}
											}
										]
									},
									{
										"value": "ArchivePath",
										"activities": [
											{
												"name": "Set ArchivePath",
												"type": "SetVariable",
												"dependsOn": [],
												"userProperties": [],
												"typeProperties": {
													"variableName": "ArchivePath",
													"value": {
														"value": "@item().param_value",
														"type": "Expression"
													}
												}
											}
										]
									},
									{
										"value": "DeleteSourceFile",
										"activities": [
											{
												"name": "Set DeleteSourceFile",
												"type": "SetVariable",
												"dependsOn": [],
												"userProperties": [],
												"typeProperties": {
													"variableName": "DeleteSourceFile",
													"value": {
														"value": "@item().param_value",
														"type": "Expression"
													}
												}
											}
										]
									},
									{
										"value": "TargetFilePattern",
										"activities": [
											{
												"name": "Set TargetFilePattern",
												"type": "SetVariable",
												"dependsOn": [],
												"userProperties": [],
												"typeProperties": {
													"variableName": "TargetFilePattern",
													"value": {
														"value": "@item().param_value",
														"type": "Expression"
													}
												}
											}
										]
									},
									{
										"value": "RejectFilePattern",
										"activities": [
											{
												"name": "Set RejectFilePattern",
												"type": "SetVariable",
												"dependsOn": [],
												"userProperties": [],
												"typeProperties": {
													"variableName": "RejectFilePattern",
													"value": {
														"value": "@item().param_value",
														"type": "Expression"
													}
												}
											}
										]
									},
									{
										"value": "SourceFilePattern",
										"activities": [
											{
												"name": "Set SourceFilePattern",
												"type": "SetVariable",
												"dependsOn": [],
												"userProperties": [],
												"typeProperties": {
													"variableName": "SourceFilePattern",
													"value": {
														"value": "@item().param_value",
														"type": "Expression"
													}
												}
											}
										]
									},
									{
										"value": "TargetRejectPath",
										"activities": [
											{
												"name": "Set TargetRejectPath",
												"type": "SetVariable",
												"dependsOn": [],
												"userProperties": [],
												"typeProperties": {
													"variableName": "TargetRejectPath",
													"value": {
														"value": "@item().param_value",
														"type": "Expression"
													}
												}
											}
										]
									},
									{
										"value": "OutputStorageContainerName",
										"activities": [
											{
												"name": "Set OutputStorageContainerName",
												"type": "SetVariable",
												"dependsOn": [],
												"userProperties": [],
												"typeProperties": {
													"variableName": "OutputStorageContainerName",
													"value": {
														"value": "@item().param_value",
														"type": "Expression"
													}
												}
											}
										]
									},
									{
										"value": "srcPrefix",
										"activities": [
											{
												"name": "Set srcPrefix",
												"type": "SetVariable",
												"dependsOn": [],
												"userProperties": [],
												"typeProperties": {
													"variableName": "srcPrefix",
													"value": {
														"value": "@item().param_value",
														"type": "Expression"
													}
												}
											}
										]
									},
									{
										"value": "Webhook_Python",
										"activities": [
											{
												"name": "Set Webhook_Python",
												"type": "SetVariable",
												"dependsOn": [],
												"userProperties": [],
												"typeProperties": {
													"variableName": "Webhook_Python",
													"value": {
														"value": "@item().param_value",
														"type": "Expression"
													}
												}
											}
										]
									},
									{
										"value": "OutputFilePattern",
										"activities": [
											{
												"name": "SetOutputFilePattern",
												"type": "SetVariable",
												"dependsOn": [],
												"userProperties": [],
												"typeProperties": {
													"variableName": "OutputFilePattern",
													"value": {
														"value": "@item().Param_value",
														"type": "Expression"
													}
												}
											}
										]
									}
								]
							}
						}
					]
				}
			},
			{
				"name": "WebHook_RunPythonScript",
				"description": "Calls RunPythonCode Runbook.",
				"type": "WebHook",
				"dependsOn": [
					{
						"activity": "Populating_Param",
						"dependencyConditions": [
							"Succeeded"
						]
					}
				],
				"userProperties": [],
				"typeProperties": {
					"url": {
						"value": "@variables('Webhook_Python')",
						"type": "Expression"
					},
					"method": "POST",
					"headers": {
						"message": "StartedbyWBA"
					},
					"body": {
						"value": "@json(concat('{ \"StorageAccountName\": \"',variables('StorageAccountName'),'\"'\n           ,', \"StorageContainerName\": \"',variables('StorageContainerName'),'\"'\n           ,', \"srcPrefix\": \"',variables('srcPrefix'),'\"'\n           ,', \"OutputFilePath\": \"',variables('OutputFilePath'),'\"'\n           ,', \"Retailer\": \"',variables('Retailer'),'\"'\n           ,', \"ArchivePath\": \"',variables('ArchivePath'),'\"'\n           ,', \"RejectPath\": \"',variables('RejectPath'),'\"'\n\t\t   ,', \"TargetFilePattern\": \"',variables('TargetFilePattern'),'\"'\n           ,', \"OutputFilePattern\": \"',variables('OutputFilePattern'),'\"'\n\t\t   ,', \"SourceFilePattern\": \"',variables('SourceFilePattern'),'\"'\n\t\t   ,', \"RejectFilePattern\": \"',variables('RejectFilePattern'),'\"'\n           ,'}'))",
						"type": "Expression"
					},
					"timeout": "00:59:00",
					"reportStatusOnCallBack": true
				}
			},
			{
				"name": "GamificationMovetoLanding",
				"description": "Moves converted CSV files to landing",
				"type": "ExecutePipeline",
				"dependsOn": [
					{
						"activity": "WebHook_RunPythonScript",
						"dependencyConditions": [
							"Succeeded"
						]
					}
				],
				"userProperties": [],
				"typeProperties": {
					"pipeline": {
						"referenceName": "GamificationMovetoLanding",
						"type": "PipelineReference"
					},
					"waitOnCompletion": true,
					"parameters": {
						"container": {
							"value": "@variables('StorageContainerName')",
							"type": "Expression"
						},
						"outputpath": {
							"value": "@variables('OutputFilePath')",
							"type": "Expression"
						},
						"targetcontainername": {
							"value": "@variables('OutputStorageContainerName')",
							"type": "Expression"
						}
					}
				}
			},
			{
				"name": "GamificationMovetoReject",
				"type": "ExecutePipeline",
				"dependsOn": [
					{
						"activity": "GamificationMovetoLanding",
						"dependencyConditions": [
							"Succeeded"
						]
					}
				],
				"userProperties": [],
				"typeProperties": {
					"pipeline": {
						"referenceName": "GamificationMovetoReject",
						"type": "PipelineReference"
					},
					"waitOnCompletion": true,
					"parameters": {
						"container": {
							"value": "@variables('StorageContainerName')",
							"type": "Expression"
						},
						"rejectpath": {
							"value": "@variables('RejectPath')",
							"type": "Expression"
						},
						"targetrejectpath": {
							"value": "@variables('TargetRejectPath')",
							"type": "Expression"
						},
						"targetcontainername": {
							"value": "@variables('OutputStorageContainerName')",
							"type": "Expression"
						}
					}
				}
			}
		],
		"concurrency": 1,
		"parameters": {
			"pParamList": {
				"type": "object",
				"defaultValue": {
					"ProjectName": "Gamification",
					"Environment": "pp"
				}
			}
		},
		"variables": {
			"StorageContainerName": {
				"type": "String"
			},
			"Webhook_Python": {
				"type": "String"
			},
			"StorageAccountName": {
				"type": "String"
			},
			"Retailer": {
				"type": "String"
			},
			"StorageAccountServiceEndPoint": {
				"type": "String"
			},
			"ArchivePath": {
				"type": "String"
			},
			"DeleteSourceFile": {
				"type": "String"
			},
			"OutputFilePath": {
				"type": "String"
			},
			"RejectPath": {
				"type": "String"
			},
			"TargetFilePattern": {
				"type": "String"
			},
			"RejectFilePattern": {
				"type": "String"
			},
			"SourceFilePattern": {
				"type": "String"
			},
			"TargetRejectPath": {
				"type": "String"
			},
			"OutputStorageContainerName": {
				"type": "String"
			},
			"srcPrefix": {
				"type": "String"
			},
			"OutputFilePattern": {
				"type": "String"
			}
		},
		"folder": {
			"name": "Adcard Gamification Lite"
		},
		"annotations": []
	}
}