{
	"name": "GB_SAP_TABLE_EXTRACT",
	"properties": {
		"activities": [
			{
				"name": "Lookup1",
				"type": "Lookup",
				"dependsOn": [],
				"policy": {
					"timeout": "7.00:00:00",
					"retry": 0,
					"retryIntervalInSeconds": 30,
					"secureOutput": false,
					"secureInput": false
				},
				"userProperties": [],
				"typeProperties": {
					"source": {
						"type": "SqlDWSource",
						"sqlReaderQuery": "SELECT SAPTableName FROM extract.DynamicSAPExtracts\nwhere isnull(active,0) = 1",
						"queryTimeout": "02:00:00",
						"partitionOption": "None"
					},
					"dataset": {
						"referenceName": "azsyndna_ds",
						"type": "DatasetReference",
						"parameters": {
							"pSynTable": "DynamicSAPExtracts",
							"pSynSchema": "extract"
						}
					},
					"firstRowOnly": false
				}
			},
			{
				"name": "ForEach1",
				"type": "ForEach",
				"dependsOn": [
					{
						"activity": "Lookup1",
						"dependencyConditions": [
							"Succeeded"
						]
					}
				],
				"userProperties": [],
				"typeProperties": {
					"items": {
						"value": "@activity('Lookup1').output.value",
						"type": "Expression"
					},
					"isSequential": true,
					"activities": [
						{
							"name": "Set TableName",
							"type": "SetVariable",
							"dependsOn": [
								{
									"activity": "Lookup2",
									"dependencyConditions": [
										"Succeeded"
									]
								}
							],
							"userProperties": [],
							"typeProperties": {
								"variableName": "l_tablename",
								"value": {
									"value": "@activity('Lookup2').output.FirstRow.TableName",
									"type": "Expression"
								}
							}
						},
						{
							"name": "Set FieldNames",
							"type": "SetVariable",
							"dependsOn": [
								{
									"activity": "Lookup2",
									"dependencyConditions": [
										"Succeeded"
									]
								}
							],
							"userProperties": [],
							"typeProperties": {
								"variableName": "l_fieldnames",
								"value": {
									"value": "@activity('Lookup2').output.FirstRow.FieldNames",
									"type": "Expression"
								}
							}
						},
						{
							"name": "Set FileName",
							"type": "SetVariable",
							"dependsOn": [
								{
									"activity": "Lookup2",
									"dependencyConditions": [
										"Succeeded"
									]
								}
							],
							"userProperties": [],
							"typeProperties": {
								"variableName": "l_filename",
								"value": {
									"value": "@replace(activity('Lookup2').output.FirstRow.FileName,'YYYYMMDD',variables('l_extract_date'))",
									"type": "Expression"
								}
							}
						},
						{
							"name": "Copy data1",
							"type": "Copy",
							"dependsOn": [
								{
									"activity": "Set Directory",
									"dependencyConditions": [
										"Succeeded"
									]
								}
							],
							"policy": {
								"timeout": "7.00:00:00",
								"retry": 0,
								"retryIntervalInSeconds": 30,
								"secureOutput": false,
								"secureInput": false
							},
							"userProperties": [],
							"typeProperties": {
								"source": {
									"type": "SapTableSource",
									"rfcTableOptions": {
										"value": "@{variables('l_where_clause')}",
										"type": "Expression"
									},
									"customRfcReadTableFunctionModule": "",
									"rfcTableFields": {
										"value": "@variables('l_fieldnames')",
										"type": "Expression"
									},
									"partitionOption": "None",
									"sapDataColumnDelimiter": "|"
								},
								"sink": {
									"type": "DelimitedTextSink",
									"storeSettings": {
										"type": "AzureBlobStorageWriteSettings"
									},
									"formatSettings": {
										"type": "DelimitedTextWriteSettings",
										"quoteAllText": true,
										"fileExtension": ".txt"
									}
								},
								"enableStaging": false,
								"translator": {
									"type": "TabularTranslator",
									"typeConversion": true,
									"typeConversionSettings": {
										"allowDataTruncation": true,
										"treatBooleanAsNumber": false
									}
								}
							},
							"inputs": [
								{
									"referenceName": "SapTableResource1",
									"type": "DatasetReference",
									"parameters": {
										"l_tablename": {
											"value": "@variables('l_tablename')",
											"type": "Expression"
										}
									}
								}
							],
							"outputs": [
								{
									"referenceName": "azcsvfile_extract_adl_delimited",
									"type": "DatasetReference",
									"parameters": {
										"pContainer": "landing",
										"pDirectory": {
											"value": "@variables('l_directory')",
											"type": "Expression"
										},
										"pFileName": {
											"value": "@variables('l_filename')",
											"type": "Expression"
										},
										"pEscape": {
											"value": "@activity('Lookup2').output.firstrow.EscapeChar",
											"type": "Expression"
										},
										"pQuote": {
											"value": "@activity('Lookup2').output.firstrow.Quote",
											"type": "Expression"
										},
										"pDelim": {
											"value": "@activity('Lookup2').output.firstrow.Delim",
											"type": "Expression"
										}
									}
								}
							]
						},
						{
							"name": "Lookup2",
							"type": "Lookup",
							"dependsOn": [
								{
									"activity": "Set Date Format",
									"dependencyConditions": [
										"Succeeded"
									]
								},
								{
									"activity": "Set Date Clause",
									"dependencyConditions": [
										"Succeeded"
									]
								}
							],
							"policy": {
								"timeout": "7.00:00:00",
								"retry": 0,
								"retryIntervalInSeconds": 30,
								"secureOutput": false,
								"secureInput": false
							},
							"userProperties": [],
							"typeProperties": {
								"source": {
									"type": "SqlDWSource",
									"sqlReaderStoredProcedureName": "[extract].[uspSAPExtractParams]",
									"storedProcedureParameters": {
										"p_table_name": {
											"type": "String",
											"value": {
												"value": "@item().SAPTableName",
												"type": "Expression"
											}
										}
									},
									"queryTimeout": "02:00:00",
									"partitionOption": "None"
								},
								"dataset": {
									"referenceName": "azsyndna_ds",
									"type": "DatasetReference",
									"parameters": {
										"pSynTable": "DynamicSAPExtracts",
										"pSynSchema": "extract"
									}
								},
								"firstRowOnly": true
							}
						},
						{
							"name": "Set Date Format",
							"type": "SetVariable",
							"dependsOn": [],
							"userProperties": [],
							"typeProperties": {
								"variableName": "l_extract_date",
								"value": {
									"value": "@formatDateTime(utcnow(), 'yyyyMMddHHmmss')\n",
									"type": "Expression"
								}
							}
						},
						{
							"name": "Set Directory",
							"type": "SetVariable",
							"dependsOn": [
								{
									"activity": "Set FieldNames",
									"dependencyConditions": [
										"Succeeded"
									]
								},
								{
									"activity": "Set TableName",
									"dependencyConditions": [
										"Succeeded"
									]
								},
								{
									"activity": "Set FileName",
									"dependencyConditions": [
										"Succeeded"
									]
								},
								{
									"activity": "Set Where",
									"dependencyConditions": [
										"Succeeded"
									]
								}
							],
							"userProperties": [],
							"typeProperties": {
								"variableName": "l_directory",
								"value": {
									"value": "@concat('RPIDNA/GBSAP/','SAP_',\nreplace(variables('l_tablename'),'CEPCT','CEPT'),\n'/Incremental/')",
									"type": "Expression"
								}
							}
						},
						{
							"name": "Set Where",
							"type": "SetVariable",
							"dependsOn": [
								{
									"activity": "Lookup2",
									"dependencyConditions": [
										"Succeeded"
									]
								}
							],
							"userProperties": [],
							"typeProperties": {
								"variableName": "l_where_clause",
								"value": {
									"value": "@replace(activity('Lookup2').output.FirstRow.WhereClause,'YYYYMMDD',variables('l_extract_date_clause'))",
									"type": "Expression"
								}
							}
						},
						{
							"name": "Set Date Clause",
							"type": "SetVariable",
							"dependsOn": [],
							"userProperties": [],
							"typeProperties": {
								"variableName": "l_extract_date_clause",
								"value": {
									"value": "@formatDateTime(subtractFromTime(utcnow(),6,'Month'), 'yyyyMMdd')\n",
									"type": "Expression"
								}
							}
						}
					]
				}
			}
		],
		"variables": {
			"l_tablename": {
				"type": "String"
			},
			"l_fieldnames": {
				"type": "String"
			},
			"l_filename": {
				"type": "String"
			},
			"l_extract_date": {
				"type": "String"
			},
			"l_directory": {
				"type": "String"
			},
			"l_where_clause": {
				"type": "String"
			},
			"l_extract_date_clause": {
				"type": "String"
			}
		},
		"folder": {
			"name": "RPIDNA/Extracts/GB_SAP"
		},
		"annotations": [],
		"lastPublishTime": "2020-07-31T12:26:22Z"
	}
}