{
	"name": "GBA_Transfer_To_Serve_Master",
	"properties": {
		"activities": [
			{
				"name": "If_Python_Required",
				"description": "Check if the file fetched from trigger needs to be cleansed throuh Python",
				"type": "IfCondition",
				"dependsOn": [
					{
						"activity": "File_Name_After_Decryption",
						"dependencyConditions": [
							"Succeeded"
						]
					}
				],
				"userProperties": [],
				"typeProperties": {
					"expression": {
						"value": "@equals(pipeline().parameters.PythonRequired,'1')",
						"type": "Expression"
					},
					"ifFalseActivities": [
						{
							"name": "GBA_Transfer_To_Serve_Without_Python",
							"type": "ExecutePipeline",
							"dependsOn": [],
							"userProperties": [],
							"typeProperties": {
								"pipeline": {
									"referenceName": "GBA_Transfer_To_Serve_Without_Python",
									"type": "PipelineReference"
								},
								"waitOnCompletion": true,
								"parameters": {
									"OutputFilePath": {
										"value": "@pipeline().parameters.OutputFilePath",
										"type": "Expression"
									},
									"inputFilename": {
										"value": "@variables('FileNameAfterDecryption')",
										"type": "Expression"
									},
									"StorageAccountServiceEndPoint": {
										"value": "@pipeline().parameters.StorageAccountServiceEndPoint",
										"type": "Expression"
									},
									"GDHRawFilePath": {
										"value": "@pipeline().parameters.GDHRawFilePath",
										"type": "Expression"
									},
									"StorageContainerName": {
										"value": "@pipeline().parameters.StorageContainerName",
										"type": "Expression"
									},
									"DeleteSourceFile": "true"
								}
							}
						}
					],
					"ifTrueActivities": [
						{
							"name": "GBA_Transfer_To_Serve_After_Python",
							"description": "Run Python code over the file and transfer it to serve",
							"type": "ExecutePipeline",
							"dependsOn": [],
							"userProperties": [],
							"typeProperties": {
								"pipeline": {
									"referenceName": "RunPythonScript",
									"type": "PipelineReference"
								},
								"waitOnCompletion": true,
								"parameters": {
									"InputFilename": {
										"value": "@variables('FileNameAfterDecryption')",
										"type": "Expression"
									},
									"StorageAccountName": {
										"value": "@pipeline().parameters.StorageAccountName",
										"type": "Expression"
									},
									"StorageContainerName": {
										"value": "@pipeline().parameters.StorageContainerName",
										"type": "Expression"
									},
									"DeleteSourceFile": true,
									"StorageAccountServiceEndPoint": {
										"value": "@pipeline().parameters.StorageAccountServiceEndPoint",
										"type": "Expression"
									},
									"OutputFilename": {
										"value": "@replace(variables('FileNameAfterDecryption'),'.xlsx','.csv')",
										"type": "Expression"
									},
									"InputFilePath": {
										"value": "@CONCAT(pipeline().parameters.GDHRawFilePath,'/')",
										"type": "Expression"
									},
									"WebHookPython": {
										"value": "@pipeline().parameters.WebHookPython",
										"type": "Expression"
									},
									"OutputFilePath": {
										"value": "@CONCAT(pipeline().parameters.OutputFilePath,'/')",
										"type": "Expression"
									},
									"Retailer": {
										"value": "@pipeline().parameters.RetailerPythonName",
										"type": "Expression"
									}
								}
							}
						}
					]
				}
			},
			{
				"name": "LogSystemLog-Start",
				"description": "Pipeline to log the start of the GBA_Transfer_To_Serve_Master process",
				"type": "ExecutePipeline",
				"dependsOn": [],
				"userProperties": [],
				"typeProperties": {
					"pipeline": {
						"referenceName": "Log_System_Log",
						"type": "PipelineReference"
					},
					"waitOnCompletion": true,
					"parameters": {
						"log_type": "INFORMATION",
						"log_message": {
							"value": "@concat('Starting Pipeline Name:',pipeline().Pipeline,';Data Factory Name:',pipeline().DataFactory,';Pipeline Run ID:',pipeline().RunId,';Pipeline Trigger ID:',pipeline().TriggerId,';Pipeline Trigger Name:',pipeline().TriggerName,';Pipeline Trigger Time:',pipeline().TriggerTime,';Pipeline Trigger Type:',pipeline().TriggerType)",
							"type": "Expression"
						}
					}
				}
			},
			{
				"name": "LogSystemLog-End",
				"description": "Pipeline to log the end of the GBA_Transfer_To_Serve_Master process",
				"type": "ExecutePipeline",
				"dependsOn": [
					{
						"activity": "If_Python_Required",
						"dependencyConditions": [
							"Succeeded"
						]
					}
				],
				"userProperties": [],
				"typeProperties": {
					"pipeline": {
						"referenceName": "Log_System_Log",
						"type": "PipelineReference"
					},
					"waitOnCompletion": true,
					"parameters": {
						"log_type": "INFORMATION",
						"log_message": {
							"value": "@concat('Ending Pipeline Name:',pipeline().Pipeline,';Data Factory Name:',pipeline().DataFactory,';Pipeline Run ID:',pipeline().RunId,';Pipeline Trigger ID:',pipeline().TriggerId,';Pipeline Trigger Name:',pipeline().TriggerName,';Pipeline Trigger Time:',pipeline().TriggerTime,';Pipeline Trigger Type:',pipeline().TriggerType)",
							"type": "Expression"
						}
					}
				}
			},
			{
				"name": "GBA_Transfer_To_Archive",
				"description": "Archive the original file before processing it through the python code",
				"type": "Copy",
				"dependsOn": [
					{
						"activity": "GBA_Transfer_To_Raw",
						"dependencyConditions": [
							"Succeeded"
						]
					}
				],
				"policy": {
					"timeout": "7.00:00:00",
					"retry": 0,
					"retryIntervalInSeconds": 30,
					"secureOutput": false,
					"secureInput": false
				},
				"userProperties": [],
				"typeProperties": {
					"source": {
						"type": "AzureBlobFSSource",
						"recursive": false
					},
					"sink": {
						"type": "AzureBlobFSSink"
					},
					"enableStaging": false
				},
				"inputs": [
					{
						"referenceName": "azsanegdh_generic_adls2",
						"type": "DatasetReference",
						"parameters": {
							"path": {
								"value": "@concat(pipeline().parameters.StorageContainerName,'/',pipeline().parameters.InputFilePath)",
								"type": "Expression"
							},
							"filename": {
								"value": "@pipeline().parameters.Filename",
								"type": "Expression"
							},
							"StorageAccountServiceEndPoint": {
								"value": "@pipeline().parameters.StorageAccountServiceEndPoint",
								"type": "Expression"
							}
						}
					}
				],
				"outputs": [
					{
						"referenceName": "azsanegdh_generic_adls2",
						"type": "DatasetReference",
						"parameters": {
							"path": {
								"value": "@concat(pipeline().parameters.StorageContainerName,'/',pipeline().parameters.GDHArchiveFilePath)",
								"type": "Expression"
							},
							"filename": {
								"value": "@pipeline().parameters.FileNameWithDate",
								"type": "Expression"
							},
							"StorageAccountServiceEndPoint": {
								"value": "@pipeline().parameters.StorageAccountServiceEndPoint",
								"type": "Expression"
							}
						}
					}
				]
			},
			{
				"name": "If_Decryption_Required",
				"description": "Checks if Decryption is required for ProcessName",
				"type": "IfCondition",
				"dependsOn": [
					{
						"activity": "GBA_Transfer_To_Archive",
						"dependencyConditions": [
							"Succeeded"
						]
					}
				],
				"userProperties": [],
				"typeProperties": {
					"expression": {
						"value": "@equals(pipeline().parameters.DecryptionRequired,'1')",
						"type": "Expression"
					},
					"ifTrueActivities": [
						{
							"name": "GBA_Decryption",
							"type": "ExecutePipeline",
							"dependsOn": [],
							"userProperties": [],
							"typeProperties": {
								"pipeline": {
									"referenceName": "DecryptGPGFile",
									"type": "PipelineReference"
								},
								"waitOnCompletion": true,
								"parameters": {
									"InputFilename": {
										"value": "@pipeline().parameters.FileNameWithDate",
										"type": "Expression"
									},
									"StorageAccountName": {
										"value": "@pipeline().parameters.StorageAccountName",
										"type": "Expression"
									},
									"StorageContainerName": {
										"value": "@pipeline().parameters.StorageContainerName",
										"type": "Expression"
									},
									"DeleteSourceFile": true,
									"StorageAccountServiceEndPoint": {
										"value": "@pipeline().parameters.StorageAccountServiceEndPoint",
										"type": "Expression"
									},
									"OutputFilename": {
										"value": "@substring(pipeline().parameters.FileNameWithDate,0,sub(length(pipeline().parameters.FileNameWithDate),4))",
										"type": "Expression"
									},
									"KeyVaultName": {
										"value": "@pipeline().parameters.DecryptionKeyVault",
										"type": "Expression"
									},
									"SecretName": {
										"value": "@pipeline().parameters.DecryptionSecretName",
										"type": "Expression"
									},
									"InputFilePath": {
										"value": "@concat(pipeline().parameters.GDHRawFilePath,'/')",
										"type": "Expression"
									},
									"WebHookDecryptGPGFile": {
										"value": "@pipeline().parameters.DecryptionWebhookURL",
										"type": "Expression"
									}
								}
							}
						}
					]
				}
			},
			{
				"name": "GBA_Transfer_To_Raw",
				"description": "Copy the file to Raw folder for further processing",
				"type": "Copy",
				"dependsOn": [
					{
						"activity": "LogSystemLog-Start",
						"dependencyConditions": [
							"Succeeded"
						]
					}
				],
				"policy": {
					"timeout": "7.00:00:00",
					"retry": 0,
					"retryIntervalInSeconds": 30,
					"secureOutput": false,
					"secureInput": false
				},
				"userProperties": [],
				"typeProperties": {
					"source": {
						"type": "AzureBlobFSSource",
						"recursive": false
					},
					"sink": {
						"type": "AzureBlobFSSink"
					},
					"enableStaging": false
				},
				"inputs": [
					{
						"referenceName": "azsanegdh_generic_adls2",
						"type": "DatasetReference",
						"parameters": {
							"path": {
								"value": "@concat(pipeline().parameters.StorageContainerName,'/',pipeline().parameters.InputFilePath)",
								"type": "Expression"
							},
							"filename": {
								"value": "@pipeline().parameters.Filename",
								"type": "Expression"
							},
							"StorageAccountServiceEndPoint": {
								"value": "@pipeline().parameters.StorageAccountServiceEndPoint",
								"type": "Expression"
							}
						}
					}
				],
				"outputs": [
					{
						"referenceName": "azsanegdh_generic_adls2",
						"type": "DatasetReference",
						"parameters": {
							"path": {
								"value": "@concat(pipeline().parameters.StorageContainerName,'/',pipeline().parameters.GDHRawFilePath)",
								"type": "Expression"
							},
							"filename": {
								"value": "@pipeline().parameters.FileNameWithDate",
								"type": "Expression"
							},
							"StorageAccountServiceEndPoint": {
								"value": "@pipeline().parameters.StorageAccountServiceEndPoint",
								"type": "Expression"
							}
						}
					}
				]
			},
			{
				"name": "File_Name_After_Decryption",
				"type": "SetVariable",
				"dependsOn": [
					{
						"activity": "If_Decryption_Required",
						"dependencyConditions": [
							"Succeeded"
						]
					}
				],
				"userProperties": [],
				"typeProperties": {
					"variableName": "FileNameAfterDecryption",
					"value": {
						"value": "@if(equals(pipeline().parameters.DecryptionRequired,'1'),substring(pipeline().parameters.FileNameWithDate,0,sub(length(pipeline().parameters.FileNameWithDate),4)),pipeline().parameters.FileNameWithDate)",
						"type": "Expression"
					}
				}
			}
		],
		"parameters": {
			"PythonRequired": {
				"type": "string"
			},
			"WebHookPython": {
				"type": "string"
			},
			"StorageAccountName": {
				"type": "string"
			},
			"StorageContainerName": {
				"type": "string"
			},
			"InputFilePath": {
				"type": "string"
			},
			"OutputFilePath": {
				"type": "string"
			},
			"RetailerPythonName": {
				"type": "string"
			},
			"Filename": {
				"type": "string"
			},
			"StorageAccountServiceEndPoint": {
				"type": "string"
			},
			"GDHArchiveFilePath": {
				"type": "string"
			},
			"DecryptionKeyVault": {
				"type": "string"
			},
			"DecryptionFolder": {
				"type": "string"
			},
			"DecryptionSecretName": {
				"type": "string"
			},
			"DecryptionWebhookURL": {
				"type": "string"
			},
			"DecryptionRequired": {
				"type": "string"
			},
			"GDHRawFilePath": {
				"type": "string"
			},
			"FileNameWithDate": {
				"type": "string"
			}
		},
		"variables": {
			"FileNameAfterDecryption": {
				"type": "String"
			}
		},
		"folder": {
			"name": "GBA Data Acquisition"
		},
		"annotations": []
	}
}