{
	"name": "GBA_Trigger",
	"properties": {
		"activities": [
			{
				"name": "LogSystemLog-Start",
				"description": "Pipeline to log start of the master process",
				"type": "ExecutePipeline",
				"dependsOn": [],
				"userProperties": [],
				"typeProperties": {
					"pipeline": {
						"referenceName": "Log_System_Log",
						"type": "PipelineReference"
					},
					"waitOnCompletion": true,
					"parameters": {
						"log_type": "INFORMATION",
						"log_message": {
							"value": "@concat('Starting Pipeline Name:',pipeline().Pipeline,';Data Factory Name:',pipeline().DataFactory,';Pipeline Run ID:',pipeline().RunId,';Pipeline Trigger ID:',pipeline().TriggerId,';Pipeline Trigger Name:',pipeline().TriggerName,';Pipeline Trigger Time:',pipeline().TriggerTime,';Pipeline Trigger Type:',pipeline().TriggerType)",
							"type": "Expression"
						}
					}
				}
			},
			{
				"name": "Execute GBA_master",
				"type": "ExecutePipeline",
				"dependsOn": [
					{
						"activity": "GBA_Set_ProcessName",
						"dependencyConditions": [
							"Succeeded"
						]
					}
				],
				"userProperties": [],
				"typeProperties": {
					"pipeline": {
						"referenceName": "GBA_Master",
						"type": "PipelineReference"
					},
					"waitOnCompletion": true,
					"parameters": {
						"Environment": {
							"value": "@pipeline().parameters.Environment",
							"type": "Expression"
						},
						"FileName": {
							"value": "@pipeline().parameters.FileName",
							"type": "Expression"
						},
						"ProcessName": {
							"value": "@variables('ProcessName')",
							"type": "Expression"
						}
					}
				}
			},
			{
				"name": "LogSystemLog-End",
				"description": "Pipeline to log the end of Master process",
				"type": "ExecutePipeline",
				"dependsOn": [
					{
						"activity": "Execute GBA_master",
						"dependencyConditions": [
							"Succeeded"
						]
					}
				],
				"userProperties": [],
				"typeProperties": {
					"pipeline": {
						"referenceName": "Log_System_Log",
						"type": "PipelineReference"
					},
					"waitOnCompletion": true,
					"parameters": {
						"log_type": "INFORMATION",
						"log_message": {
							"value": "@concat('Ending Pipeline Name:',pipeline().Pipeline,';Data Factory Name:',pipeline().DataFactory,';Pipeline Run ID:',pipeline().RunId,';Pipeline Trigger ID:',pipeline().TriggerId,';Pipeline Trigger Name:',pipeline().TriggerName,';Pipeline Trigger Time:',pipeline().TriggerTime,';Pipeline Trigger Type:',pipeline().TriggerType)",
							"type": "Expression"
						}
					}
				}
			},
			{
				"name": "GBA_Identify_Process_Name_Of_The_File",
				"description": "Identify process name of the file from the metadata",
				"type": "Lookup",
				"dependsOn": [
					{
						"activity": "LogSystemLog-Start",
						"dependencyConditions": [
							"Succeeded"
						]
					}
				],
				"policy": {
					"timeout": "7.00:00:00",
					"retry": 0,
					"retryIntervalInSeconds": 30,
					"secureOutput": false,
					"secureInput": false
				},
				"userProperties": [],
				"typeProperties": {
					"source": {
						"type": "SqlDWSource",
						"sqlReaderQuery": {
							"value": "select process_name from [dc_metadata].[GDHDynamicADFParams] where '@{pipeline().parameters.FileName}' like concat(param_value,'%') and param_value <> '' and environment = '@{pipeline().parameters.Environment}'",
							"type": "Expression"
						},
						"queryTimeout": "02:00:00",
						"partitionOption": "None"
					},
					"dataset": {
						"referenceName": "azsyndna_ds",
						"type": "DatasetReference",
						"parameters": {
							"pSynTable": "GDHDynamicADFParams",
							"pSynSchema": "dc_metadata"
						}
					}
				}
			},
			{
				"name": "GBA_Set_ProcessName",
				"type": "SetVariable",
				"dependsOn": [
					{
						"activity": "GBA_Identify_Process_Name_Of_The_File",
						"dependencyConditions": [
							"Succeeded"
						]
					}
				],
				"userProperties": [],
				"typeProperties": {
					"variableName": "ProcessName",
					"value": {
						"value": "@activity('GBA_Identify_Process_Name_Of_The_File').output.firstRow.process_name",
						"type": "Expression"
					}
				}
			}
		],
		"parameters": {
			"Environment": {
				"type": "string"
			},
			"FileName": {
				"type": "string"
			}
		},
		"variables": {
			"ProcessName": {
				"type": "String"
			}
		},
		"folder": {
			"name": "GBA Data Acquisition"
		},
		"annotations": []
	}
}