{
	"name": "GBA_Serve_To_Landing",
	"properties": {
		"activities": [
			{
				"name": "LogSystemLog-Start",
				"description": "Pipeline to log start of GBA_Serve_To_Landing process",
				"type": "ExecutePipeline",
				"dependsOn": [],
				"userProperties": [],
				"typeProperties": {
					"pipeline": {
						"referenceName": "Log_System_Log",
						"type": "PipelineReference"
					},
					"waitOnCompletion": true,
					"parameters": {
						"log_type": "INFORMATION",
						"log_message": {
							"value": "@concat('Starting Pipeline Name:',pipeline().Pipeline,';Data Factory Name:',pipeline().DataFactory,';Pipeline Run ID:',pipeline().RunId,';Pipeline Trigger ID:',pipeline().TriggerId,';Pipeline Trigger Name:',pipeline().TriggerName,';Pipeline Trigger Time:',pipeline().TriggerTime,';Pipeline Trigger Type:',pipeline().TriggerType)",
							"type": "Expression"
						}
					}
				}
			},
			{
				"name": "LogSystemLog-End",
				"description": "Pipeline to log the end of GBA_Serve_to_Landing process",
				"type": "ExecutePipeline",
				"dependsOn": [
					{
						"activity": "Copy File from Serve to Landing",
						"dependencyConditions": [
							"Succeeded"
						]
					}
				],
				"userProperties": [],
				"typeProperties": {
					"pipeline": {
						"referenceName": "Log_System_Log",
						"type": "PipelineReference"
					},
					"waitOnCompletion": true,
					"parameters": {
						"log_type": "INFORMATION",
						"log_message": {
							"value": "@concat('Ending Pipeline Name:',pipeline().Pipeline,';Data Factory Name:',pipeline().DataFactory,';Pipeline Run ID:',pipeline().RunId,';Pipeline Trigger ID:',pipeline().TriggerId,';Pipeline Trigger Name:',pipeline().TriggerName,';Pipeline Trigger Time:',pipeline().TriggerTime,';Pipeline Trigger Type:',pipeline().TriggerType)",
							"type": "Expression"
						}
					}
				}
			},
			{
				"name": "Copy File from Serve to Landing",
				"type": "Copy",
				"dependsOn": [
					{
						"activity": "LogSystemLog-Start",
						"dependencyConditions": [
							"Succeeded"
						]
					}
				],
				"policy": {
					"timeout": "7.00:00:00",
					"retry": 0,
					"retryIntervalInSeconds": 30,
					"secureOutput": false,
					"secureInput": false
				},
				"userProperties": [],
				"typeProperties": {
					"source": {
						"type": "AzureBlobFSSource",
						"recursive": true
					},
					"sink": {
						"type": "BlobSink"
					},
					"enableStaging": false
				},
				"inputs": [
					{
						"referenceName": "azsanegdh_generic_adls2",
						"type": "DatasetReference",
						"parameters": {
							"path": {
								"value": "@concat('/',pipeline().parameters.GDHContainerName,'/',pipeline().parameters.GDHServeFilePath)",
								"type": "Expression"
							},
							"filename": {
								"value": "@pipeline().parameters.FilePrefix",
								"type": "Expression"
							},
							"StorageAccountServiceEndPoint": {
								"value": "@pipeline().parameters.GDHStorageAccSerEndpoint",
								"type": "Expression"
							}
						}
					}
				],
				"outputs": [
					{
						"referenceName": "azsanegdh_generic_blob",
						"type": "DatasetReference",
						"parameters": {
							"path": {
								"value": "@concat('/',pipeline().parameters.IFLandingContainerName,'/',pipeline().parameters.IFLandingFilePath)",
								"type": "Expression"
							},
							"filename": {
								"value": "@pipeline().parameters.FilePrefix",
								"type": "Expression"
							},
							"StorageAccountServiceEndPoint": {
								"value": "@pipeline().parameters.IFLandingStorageAccSerEndpoint",
								"type": "Expression"
							}
						}
					}
				]
			}
		],
		"parameters": {
			"GDHStorageAccSerEndpoint": {
				"type": "string"
			},
			"GDHContainerName": {
				"type": "string"
			},
			"GDHServeFilePath": {
				"type": "string"
			},
			"FilePrefix": {
				"type": "string"
			},
			"IFLandingStorageAccSerEndpoint": {
				"type": "string"
			},
			"IFLandingContainerName": {
				"type": "string"
			},
			"IFLandingFilePath": {
				"type": "string"
			}
		},
		"folder": {
			"name": "GBA Data Acquisition"
		},
		"annotations": []
	}
}