{
	"name": "GBA_Master",
	"properties": {
		"activities": [
			{
				"name": "GBA_Transfer_To_Serve_Master",
				"description": "Pipeline to copy the files from Transfer to Serve container after cleaning the files using Python",
				"type": "ExecutePipeline",
				"dependsOn": [
					{
						"activity": "GBA_Set_FilenameWithDate",
						"dependencyConditions": [
							"Succeeded"
						]
					}
				],
				"userProperties": [],
				"typeProperties": {
					"pipeline": {
						"referenceName": "GBA_Transfer_To_Serve_Master",
						"type": "PipelineReference"
					},
					"waitOnCompletion": true,
					"parameters": {
						"PythonRequired": {
							"value": "@variables('PythonRequired')",
							"type": "Expression"
						},
						"WebHookPython": {
							"value": "@variables('Webhook Python')",
							"type": "Expression"
						},
						"StorageAccountName": {
							"value": "@variables('GDHStorageAccName')",
							"type": "Expression"
						},
						"StorageContainerName": {
							"value": "@variables('GDHContainerName')",
							"type": "Expression"
						},
						"InputFilePath": {
							"value": "@variables('GDHTransferFilePath')",
							"type": "Expression"
						},
						"OutputFilePath": {
							"value": "@variables('GDHServeFilePath')",
							"type": "Expression"
						},
						"RetailerPythonName": {
							"value": "@variables('Retailer')",
							"type": "Expression"
						},
						"Filename": {
							"value": "@pipeline().parameters.FileName",
							"type": "Expression"
						},
						"StorageAccountServiceEndPoint": {
							"value": "@variables('GDHStorageAccSerEndpoint')",
							"type": "Expression"
						},
						"GDHArchiveFilePath": {
							"value": "@variables('GDHArchiveFilePath')",
							"type": "Expression"
						},
						"DecryptionKeyVault": {
							"value": "@variables('DecryptionKeyVault')",
							"type": "Expression"
						},
						"DecryptionFolder": {
							"value": "@variables('DecryptionFolder')",
							"type": "Expression"
						},
						"DecryptionSecretName": {
							"value": "@variables('DecryptionSecretName')",
							"type": "Expression"
						},
						"DecryptionWebhookURL": {
							"value": "@variables('DecryptionWebhookURL')",
							"type": "Expression"
						},
						"DecryptionRequired": {
							"value": "@variables('DecryptionRequired')",
							"type": "Expression"
						},
						"GDHRawFilePath": {
							"value": "@variables('GDHRawFilePath')",
							"type": "Expression"
						},
						"FileNameWithDate": {
							"value": "@variables('FileNameWithDate')",
							"type": "Expression"
						}
					}
				}
			},
			{
				"name": "GBA_Serve_To_Landing",
				"description": "Pipeline to copy the files from Serve container to Landing container of Ingestion Framework Storage Account",
				"type": "ExecutePipeline",
				"dependsOn": [
					{
						"activity": "GBA_Transfer_To_Serve_Master",
						"dependencyConditions": [
							"Succeeded"
						]
					}
				],
				"userProperties": [],
				"typeProperties": {
					"pipeline": {
						"referenceName": "GBA_Serve_To_Landing",
						"type": "PipelineReference"
					},
					"waitOnCompletion": true,
					"parameters": {
						"GDHStorageAccSerEndpoint": {
							"value": "@variables('GDHStorageAccSerEndpoint')",
							"type": "Expression"
						},
						"GDHContainerName": {
							"value": "@variables('GDHContainerName')",
							"type": "Expression"
						},
						"GDHServeFilePath": {
							"value": "@variables('GDHServeFilePath')",
							"type": "Expression"
						},
						"FilePrefix": {
							"value": "@if(equals(variables('DecryptionRequired'),'1'),substring(variables('FileNameWithDate'),0,sub(length(variables('FileNameWithDate')),4)),replace(variables('FileNameWithDate'),'.xlsx','.csv'))",
							"type": "Expression"
						},
						"IFLandingStorageAccSerEndpoint": {
							"value": "@variables('IFLandingStorageAccSerEndpoint')",
							"type": "Expression"
						},
						"IFLandingContainerName": {
							"value": "@variables('IFLandingContainerName')",
							"type": "Expression"
						},
						"IFLandingFilePath": {
							"value": "@variables('IFLandingFilePath')",
							"type": "Expression"
						}
					}
				}
			},
			{
				"name": "GBA_Fetch_Metadata_Params_For_The_File",
				"description": "Lookup GBA metadata values from Azure Synapse",
				"type": "Lookup",
				"dependsOn": [
					{
						"activity": "GBA_If_ProcessName_ULTAWEB",
						"dependencyConditions": [
							"Succeeded"
						]
					}
				],
				"policy": {
					"timeout": "7.00:00:00",
					"retry": 0,
					"retryIntervalInSeconds": 30,
					"secureOutput": false,
					"secureInput": false
				},
				"userProperties": [],
				"typeProperties": {
					"source": {
						"type": "SqlDWSource",
						"sqlReaderQuery": {
							"value": "select * from [dc_metadata].[GDHDynamicADFParams] where Process_Name = '@{pipeline().parameters.ProcessName}' AND Project_Name = 'GBA' AND Job_name = 'GBA_incremental_load' AND Environment = '@{pipeline().parameters.Environment}'",
							"type": "Expression"
						},
						"queryTimeout": "02:00:00",
						"partitionOption": "None"
					},
					"dataset": {
						"referenceName": "azsyndna_ds",
						"type": "DatasetReference",
						"parameters": {
							"pSynTable": "GDHDynamicADFParams",
							"pSynSchema": "dc_metadata"
						}
					},
					"firstRowOnly": false
				}
			},
			{
				"name": "GBA_Loop_Each_Param",
				"description": "Loop through each fetched param value and store them in ADF variables",
				"type": "ForEach",
				"dependsOn": [
					{
						"activity": "GBA_Fetch_Metadata_Params_For_The_File",
						"dependencyConditions": [
							"Succeeded"
						]
					}
				],
				"userProperties": [],
				"typeProperties": {
					"items": {
						"value": "@activity('GBA_Fetch_Metadata_Params_For_The_File').output.value",
						"type": "Expression"
					},
					"activities": [
						{
							"name": "Populate_Variables",
							"description": "Populate pipeline variables fetched from metadata table.",
							"type": "Switch",
							"dependsOn": [],
							"userProperties": [],
							"typeProperties": {
								"on": {
									"value": "@item().Param_key",
									"type": "Expression"
								},
								"cases": [
									{
										"value": "GDHStorageAccSerEndpoint",
										"activities": [
											{
												"name": "setGDHStorageAccSerEndpoint",
												"type": "SetVariable",
												"dependsOn": [],
												"userProperties": [],
												"typeProperties": {
													"variableName": "GDHStorageAccSerEndpoint",
													"value": {
														"value": "@item().Param_value",
														"type": "Expression"
													}
												}
											}
										]
									},
									{
										"value": "GDHContainerName",
										"activities": [
											{
												"name": "setGDHContainerName",
												"type": "SetVariable",
												"dependsOn": [],
												"userProperties": [],
												"typeProperties": {
													"variableName": "GDHContainerName",
													"value": {
														"value": "@item().Param_value",
														"type": "Expression"
													}
												}
											}
										]
									},
									{
										"value": "GDHTransferFilePath",
										"activities": [
											{
												"name": "setGDHTransferFilePath",
												"type": "SetVariable",
												"dependsOn": [],
												"userProperties": [],
												"typeProperties": {
													"variableName": "GDHTransferFilePath",
													"value": {
														"value": "@item().Param_value",
														"type": "Expression"
													}
												}
											}
										]
									},
									{
										"value": "GDHServeFilePath",
										"activities": [
											{
												"name": "setGDHServeFilePath",
												"type": "SetVariable",
												"dependsOn": [],
												"userProperties": [],
												"typeProperties": {
													"variableName": "GDHServeFilePath",
													"value": {
														"value": "@item().Param_value",
														"type": "Expression"
													}
												}
											}
										]
									},
									{
										"value": "IFLandingStorageAccSerEndpoint",
										"activities": [
											{
												"name": "SetIFLandingStorageAccSerEndpoint",
												"type": "SetVariable",
												"dependsOn": [],
												"userProperties": [],
												"typeProperties": {
													"variableName": "IFLandingStorageAccSerEndpoint",
													"value": {
														"value": "@item().Param_value",
														"type": "Expression"
													}
												}
											}
										]
									},
									{
										"value": "IFLandingContainerName",
										"activities": [
											{
												"name": "SetIFLandingContainerName",
												"type": "SetVariable",
												"dependsOn": [],
												"userProperties": [],
												"typeProperties": {
													"variableName": "IFLandingContainerName",
													"value": {
														"value": "@item().Param_value",
														"type": "Expression"
													}
												}
											}
										]
									},
									{
										"value": "IFLandingFilePath",
										"activities": [
											{
												"name": "SetIFLandingFilePath",
												"type": "SetVariable",
												"dependsOn": [],
												"userProperties": [],
												"typeProperties": {
													"variableName": "IFLandingFilePath",
													"value": {
														"value": "@item().Param_value",
														"type": "Expression"
													}
												}
											}
										]
									},
									{
										"value": "FilePrefix",
										"activities": [
											{
												"name": "SetFilePrefix",
												"type": "SetVariable",
												"dependsOn": [],
												"userProperties": [],
												"typeProperties": {
													"variableName": "FilePrefix",
													"value": {
														"value": "@item().Param_value",
														"type": "Expression"
													}
												}
											}
										]
									},
									{
										"value": "Webhook Python",
										"activities": [
											{
												"name": "SetWebhook Python",
												"type": "SetVariable",
												"dependsOn": [],
												"userProperties": [],
												"typeProperties": {
													"variableName": "Webhook Python",
													"value": {
														"value": "@item().Param_value",
														"type": "Expression"
													}
												}
											}
										]
									},
									{
										"value": "PythonRequired",
										"activities": [
											{
												"name": "SetPythonRequired",
												"type": "SetVariable",
												"dependsOn": [],
												"userProperties": [],
												"typeProperties": {
													"variableName": "PythonRequired",
													"value": {
														"value": "@item().Param_value",
														"type": "Expression"
													}
												}
											}
										]
									},
									{
										"value": "GDHStorageAccName",
										"activities": [
											{
												"name": "SetGDHStorageAccName",
												"type": "SetVariable",
												"dependsOn": [],
												"userProperties": [],
												"typeProperties": {
													"variableName": "GDHStorageAccName",
													"value": {
														"value": "@item().Param_value",
														"type": "Expression"
													}
												}
											}
										]
									},
									{
										"value": "GDHArchiveFilePath",
										"activities": [
											{
												"name": "SetGDHArchiveFilePath",
												"type": "SetVariable",
												"dependsOn": [],
												"userProperties": [],
												"typeProperties": {
													"variableName": "GDHArchiveFilePath",
													"value": {
														"value": "@item().Param_value",
														"type": "Expression"
													}
												}
											}
										]
									},
									{
										"value": "Retailer",
										"activities": [
											{
												"name": "SetRetailer",
												"type": "SetVariable",
												"dependsOn": [],
												"userProperties": [],
												"typeProperties": {
													"variableName": "Retailer",
													"value": {
														"value": "@item().Param_value",
														"type": "Expression"
													}
												}
											}
										]
									},
									{
										"value": "DecryptionRequired",
										"activities": [
											{
												"name": "SetDecryptionRequired",
												"type": "SetVariable",
												"dependsOn": [],
												"userProperties": [],
												"typeProperties": {
													"variableName": "DecryptionRequired",
													"value": {
														"value": "@item().Param_value",
														"type": "Expression"
													}
												}
											}
										]
									},
									{
										"value": "DecryptionFolder",
										"activities": [
											{
												"name": "SetDecryptionFolder",
												"type": "SetVariable",
												"dependsOn": [],
												"userProperties": [],
												"typeProperties": {
													"variableName": "DecryptionFolder",
													"value": {
														"value": "@item().Param_value",
														"type": "Expression"
													}
												}
											}
										]
									},
									{
										"value": "DecryptionKeyVault",
										"activities": [
											{
												"name": "SetDecryptionKeyVault",
												"type": "SetVariable",
												"dependsOn": [],
												"userProperties": [],
												"typeProperties": {
													"variableName": "DecryptionKeyVault",
													"value": {
														"value": "@item().Param_value",
														"type": "Expression"
													}
												}
											}
										]
									},
									{
										"value": "DecryptionSecretName",
										"activities": [
											{
												"name": "SetDecryptionSecretName",
												"type": "SetVariable",
												"dependsOn": [],
												"userProperties": [],
												"typeProperties": {
													"variableName": "DecryptionSecretName",
													"value": {
														"value": "@item().Param_value",
														"type": "Expression"
													}
												}
											}
										]
									},
									{
										"value": "DecryptionWebhookURL",
										"activities": [
											{
												"name": "SetDecryptionWebhookURL",
												"type": "SetVariable",
												"dependsOn": [],
												"userProperties": [],
												"typeProperties": {
													"variableName": "DecryptionWebhookURL",
													"value": {
														"value": "@item().Param_value",
														"type": "Expression"
													}
												}
											}
										]
									},
									{
										"value": "GDHRawFilePath",
										"activities": [
											{
												"name": "SetGDHRawFilePath",
												"type": "SetVariable",
												"dependsOn": [],
												"userProperties": [],
												"typeProperties": {
													"variableName": "GDHRawFilePath",
													"value": {
														"value": "@item().Param_value",
														"type": "Expression"
													}
												}
											}
										]
									}
								]
							}
						}
					]
				}
			},
			{
				"name": "GBA_If_ProcessName_ULTAWEB",
				"description": "If an ULTAWEB file is received, fetch ULTAEDI data",
				"type": "IfCondition",
				"dependsOn": [
					{
						"activity": "LogSystemLog-Start",
						"dependencyConditions": [
							"Succeeded"
						]
					}
				],
				"userProperties": [],
				"typeProperties": {
					"expression": {
						"value": "@equals(pipeline().parameters.ProcessName,concat('LoadUltaWeb_',pipeline().parameters.Environment))",
						"type": "Expression"
					},
					"ifTrueActivities": [
						{
							"name": "Execute_GBA_MASTER_ULTAEDI",
							"type": "ExecutePipeline",
							"dependsOn": [],
							"userProperties": [],
							"typeProperties": {
								"pipeline": {
									"referenceName": "GBA_Master_ULTAEDI",
									"type": "PipelineReference"
								},
								"waitOnCompletion": true,
								"parameters": {
									"ProcessName": {
										"value": "@concat('LoadUltaEDI_',pipeline().parameters.Environment)",
										"type": "Expression"
									}
								}
							}
						}
					]
				}
			},
			{
				"name": "GBA_Set_FilenameWithDate",
				"type": "Switch",
				"dependsOn": [
					{
						"activity": "GBA_Loop_Each_Param",
						"dependencyConditions": [
							"Succeeded"
						]
					}
				],
				"userProperties": [],
				"typeProperties": {
					"on": {
						"value": "@variables('FilePrefix')",
						"type": "Expression"
					},
					"cases": [
						{
							"value": "SAP Material Sales",
							"activities": [
								{
									"name": "SetFilenameWithDateSAPMaterialFiles",
									"type": "SetVariable",
									"dependsOn": [],
									"userProperties": [],
									"typeProperties": {
										"variableName": "FileNameWithDate",
										"value": {
											"value": "@concat(substring(pipeline().parameters.Filename,0,sub(length(pipeline().parameters.Filename),5)),'_',formatDateTime(utcnow(),'yyyy-MM-dd'),'.xlsx')",
											"type": "Expression"
										}
									}
								}
							]
						},
						{
							"value": "BRUSA Store List",
							"activities": [
								{
									"name": "SetFileNameWithDateBrusaStoreList",
									"type": "SetVariable",
									"dependsOn": [],
									"userProperties": [],
									"typeProperties": {
										"variableName": "FileNameWithDate",
										"value": {
											"value": "@concat(substring(pipeline().parameters.Filename,0,sub(length(pipeline().parameters.Filename),5)),'_',formatDateTime(utcnow(),'yyyy-MM-dd'),'.xlsx')",
											"type": "Expression"
										}
									}
								}
							]
						},
						{
							"value": "BRUSA Qlik CUSTOMER",
							"activities": [
								{
									"name": "SetFileNameWithDateBRUSA Qlik CUSTOMER",
									"type": "SetVariable",
									"dependsOn": [],
									"userProperties": [],
									"typeProperties": {
										"variableName": "FileNameWithDate",
										"value": {
											"value": "@concat(substring(pipeline().parameters.Filename,0,sub(length(pipeline().parameters.Filename),5)),'_',formatDateTime(utcnow(),'yyyy-MM-dd'),'.xlsx')",
											"type": "Expression"
										}
									}
								}
							]
						},
						{
							"value": "No7_505424",
							"activities": [
								{
									"name": "SetFileNameWithDateNo7_505424",
									"type": "SetVariable",
									"dependsOn": [],
									"userProperties": [],
									"typeProperties": {
										"variableName": "FileNameWithDate",
										"value": {
											"value": "@concat(substring(pipeline().parameters.Filename,0,sub(length(pipeline().parameters.Filename),5)),'_',formatDateTime(utcnow(),'yyyy-MM-dd'),'.csv')",
											"type": "Expression"
										}
									}
								}
							]
						},
						{
							"value": "AAFES",
							"activities": [
								{
									"name": "SetFileNameWithDateAAFES",
									"type": "SetVariable",
									"dependsOn": [],
									"userProperties": [],
									"typeProperties": {
										"variableName": "FileNameWithDate",
										"value": {
											"value": "@concat(substring(pipeline().parameters.filename,0,22),formatDateTime(substring(pipeline().parameters.filename,22,sub(length(pipeline().parameters.filename),26)),'yyyy-MM-dd'),'.xlsx')",
											"type": "Expression"
										}
									}
								}
							]
						},
						{
							"value": "MCX",
							"activities": [
								{
									"name": "SetFileNameWithDateMCX",
									"type": "SetVariable",
									"dependsOn": [],
									"userProperties": [],
									"typeProperties": {
										"variableName": "FileNameWithDate",
										"value": {
											"value": "@concat(substring(pipeline().parameters.filename,0,20),formatDateTime(substring(pipeline().parameters.filename,20,sub(length(pipeline().parameters.filename),24)),'yyyy-MM-dd'),'.xlsx')",
											"type": "Expression"
										}
									}
								}
							]
						},
						{
							"value": "Nexcom",
							"activities": [
								{
									"name": "SetFileNameWithDateNexcom",
									"description": "",
									"type": "SetVariable",
									"dependsOn": [],
									"userProperties": [],
									"typeProperties": {
										"variableName": "FileNameWithDate",
										"value": {
											"value": "@concat(substring(pipeline().parameters.filename,0,25),formatDateTime(substring(pipeline().parameters.filename,25,sub(length(pipeline().parameters.filename),29)),'yyyy-MM-dd'),'.xlsx')",
											"type": "Expression"
										}
									}
								}
							]
						},
						{
							"value": "S&G Sales",
							"activities": [
								{
									"name": "SetFileNameWithDateSG Sales",
									"type": "SetVariable",
									"dependsOn": [],
									"userProperties": [],
									"typeProperties": {
										"variableName": "FileNameWithDate",
										"value": {
											"value": "@concat(\nsubstring(pipeline().parameters.filename,0,sub(length(pipeline().parameters.filename),12))\n,substring(pipeline().parameters.filename,sub(length(pipeline().parameters.filename),9),4)\n,'_'\n,substring(pipeline().parameters.filename,sub(length(pipeline().parameters.filename),12),2)\n,'.xlsx'\n)",
											"type": "Expression"
										}
									}
								}
							]
						},
						{
							"value": "No_7 Sales By Store",
							"activities": [
								{
									"name": "SetFileNameWithDateNo_7 Sales By Store",
									"type": "SetVariable",
									"dependsOn": [],
									"userProperties": [],
									"typeProperties": {
										"variableName": "FileNameWithDate",
										"value": {
											"value": "@concat(\nsubstring(pipeline().parameters.filename,0,sub(length(pipeline().parameters.filename),12))\n,substring(pipeline().parameters.filename,sub(length(pipeline().parameters.filename),9),4)\n,'_'\n,substring(pipeline().parameters.filename,sub(length(pipeline().parameters.filename),12),2)\n,'.xlsx'\n)",
											"type": "Expression"
										}
									}
								}
							]
						},
						{
							"value": "No_7 Beauty",
							"activities": [
								{
									"name": "SetFileNameWithDateNo_7 Beauty",
									"type": "SetVariable",
									"dependsOn": [],
									"userProperties": [],
									"typeProperties": {
										"variableName": "FileNameWithDate",
										"value": {
											"value": "@concat(\nsubstring(pipeline().parameters.filename,0,sub(length(pipeline().parameters.filename),12))\n,substring(pipeline().parameters.filename,sub(length(pipeline().parameters.filename),9),4)\n,'_'\n,substring(pipeline().parameters.filename,sub(length(pipeline().parameters.filename),12),2)\n,'.xlsx'\n)",
											"type": "Expression"
										}
									}
								}
							]
						},
						{
							"value": "S&G Beauty",
							"activities": [
								{
									"name": "SetFileNameWithDateSG Beauty",
									"type": "SetVariable",
									"dependsOn": [],
									"userProperties": [],
									"typeProperties": {
										"variableName": "FileNameWithDate",
										"value": {
											"value": "@concat(\nsubstring(pipeline().parameters.filename,0,sub(length(pipeline().parameters.filename),12))\n,substring(pipeline().parameters.filename,sub(length(pipeline().parameters.filename),9),4)\n,'_'\n,substring(pipeline().parameters.filename,sub(length(pipeline().parameters.filename),12),2)\n,'.xlsx'\n)",
											"type": "Expression"
										}
									}
								}
							]
						}
					],
					"defaultActivities": [
						{
							"name": "SetFileNameWithDateOtherFiles",
							"type": "SetVariable",
							"dependsOn": [],
							"userProperties": [],
							"typeProperties": {
								"variableName": "FileNameWithDate",
								"value": {
									"value": "@pipeline().parameters.FileName",
									"type": "Expression"
								}
							}
						}
					]
				}
			},
			{
				"name": "LogSystemLog-Start",
				"description": "Pipeline to log start of the master process",
				"type": "ExecutePipeline",
				"dependsOn": [],
				"userProperties": [],
				"typeProperties": {
					"pipeline": {
						"referenceName": "Log_System_Log",
						"type": "PipelineReference"
					},
					"waitOnCompletion": true,
					"parameters": {
						"log_type": "INFORMATION",
						"log_message": {
							"value": "@concat('Starting Pipeline Name:',pipeline().Pipeline,';Data Factory Name:',pipeline().DataFactory,';Pipeline Run ID:',pipeline().RunId,';Pipeline Trigger ID:',pipeline().TriggerId,';Pipeline Trigger Name:',pipeline().TriggerName,';Pipeline Trigger Time:',pipeline().TriggerTime,';Pipeline Trigger Type:',pipeline().TriggerType)",
							"type": "Expression"
						}
					}
				}
			}
		],
		"parameters": {
			"Environment": {
				"type": "string"
			},
			"FileName": {
				"type": "string"
			},
			"ProcessName": {
				"type": "string"
			}
		},
		"variables": {
			"TableName": {
				"type": "String"
			},
			"GDHStorageAccSerEndpoint": {
				"type": "String"
			},
			"GDHContainerName": {
				"type": "String"
			},
			"GDHTransferFilePath": {
				"type": "String"
			},
			"GDHServeFilePath": {
				"type": "String"
			},
			"IFLandingStorageAccSerEndpoint": {
				"type": "String"
			},
			"IFLandingContainerName": {
				"type": "String"
			},
			"IFLandingFilePath": {
				"type": "String"
			},
			"FilePrefix": {
				"type": "String"
			},
			"Webhook Python": {
				"type": "String"
			},
			"PythonRequired": {
				"type": "String"
			},
			"GDHStorageAccName": {
				"type": "String"
			},
			"GDHArchiveFilePath": {
				"type": "String"
			},
			"Retailer": {
				"type": "String"
			},
			"DecryptionRequired": {
				"type": "String"
			},
			"DecryptionFolder": {
				"type": "String"
			},
			"DecryptionKeyVault": {
				"type": "String"
			},
			"DecryptionSecretName": {
				"type": "String"
			},
			"DecryptionWebhookURL": {
				"type": "String"
			},
			"GDHRawFilePath": {
				"type": "String"
			},
			"FileNameWithDate": {
				"type": "String"
			}
		},
		"folder": {
			"name": "GBA Data Acquisition"
		},
		"annotations": []
	}
}