{
	"name": "GBA_Master_ULTAEDI",
	"properties": {
		"activities": [
			{
				"name": "LogSystemLog-Start",
				"description": "Pipeline to log start of the master process",
				"type": "ExecutePipeline",
				"dependsOn": [],
				"userProperties": [],
				"typeProperties": {
					"pipeline": {
						"referenceName": "Log_System_Log",
						"type": "PipelineReference"
					},
					"waitOnCompletion": true,
					"parameters": {
						"log_type": "INFORMATION",
						"log_message": {
							"value": "@concat('Starting Pipeline Name:',pipeline().Pipeline,';Data Factory Name:',pipeline().DataFactory,';Pipeline Run ID:',pipeline().RunId,';Pipeline Trigger ID:',pipeline().TriggerId,';Pipeline Trigger Name:',pipeline().TriggerName,';Pipeline Trigger Time:',pipeline().TriggerTime,';Pipeline Trigger Type:',pipeline().TriggerType)",
							"type": "Expression"
						}
					}
				}
			},
			{
				"name": "Lookup_GDHDynamicADFParams_table",
				"description": "Lookup GBA metadata values from Azure Synapse",
				"type": "Lookup",
				"dependsOn": [
					{
						"activity": "LogSystemLog-Start",
						"dependencyConditions": [
							"Succeeded"
						]
					}
				],
				"policy": {
					"timeout": "7.00:00:00",
					"retry": 0,
					"retryIntervalInSeconds": 30,
					"secureOutput": false,
					"secureInput": false
				},
				"userProperties": [],
				"typeProperties": {
					"source": {
						"type": "SqlDWSource",
						"sqlReaderQuery": {
							"value": "select * from [dc_metadata].[GDHDynamicADFParams] where Process_Name = '@{pipeline().parameters.ProcessName}'",
							"type": "Expression"
						},
						"queryTimeout": "02:00:00",
						"partitionOption": "None"
					},
					"dataset": {
						"referenceName": "azsyndna_ds",
						"type": "DatasetReference",
						"parameters": {
							"pSynTable": "GDHDynamicADFParams",
							"pSynSchema": "dc_metadata"
						}
					},
					"firstRowOnly": false
				}
			},
			{
				"name": "Loop_Each_Param",
				"description": "Loop through each fetched param value and store them in ADF variables",
				"type": "ForEach",
				"dependsOn": [
					{
						"activity": "Lookup_GDHDynamicADFParams_table",
						"dependencyConditions": [
							"Succeeded"
						]
					}
				],
				"userProperties": [],
				"typeProperties": {
					"items": {
						"value": "@activity('Lookup_GDHDynamicADFParams_table').output.value",
						"type": "Expression"
					},
					"activities": [
						{
							"name": "Populate_Variables",
							"description": "Populate pipeline variables fetched from metadata table.",
							"type": "Switch",
							"dependsOn": [],
							"userProperties": [],
							"typeProperties": {
								"on": {
									"value": "@item().Param_key",
									"type": "Expression"
								},
								"cases": [
									{
										"value": "GDHStorageAccSerEndpoint",
										"activities": [
											{
												"name": "setGDHStorageAccSerEndpoint",
												"type": "SetVariable",
												"dependsOn": [],
												"userProperties": [],
												"typeProperties": {
													"variableName": "GDHStorageAccSerEndpoint",
													"value": {
														"value": "@item().Param_value",
														"type": "Expression"
													}
												}
											}
										]
									},
									{
										"value": "GDHContainerName",
										"activities": [
											{
												"name": "setGDHContainerName",
												"type": "SetVariable",
												"dependsOn": [],
												"userProperties": [],
												"typeProperties": {
													"variableName": "AzureContainerName",
													"value": {
														"value": "@item().Param_value",
														"type": "Expression"
													}
												}
											}
										]
									},
									{
										"value": "GDHServeFilePath",
										"activities": [
											{
												"name": "setGDHServeFilePath",
												"type": "SetVariable",
												"dependsOn": [],
												"userProperties": [],
												"typeProperties": {
													"variableName": "GDHServeFilePath",
													"value": {
														"value": "@item().Param_value",
														"type": "Expression"
													}
												}
											}
										]
									},
									{
										"value": "IFLandingStorageAccSerEndpoint",
										"activities": [
											{
												"name": "SetIFLandingStorageAccSerEndpoint",
												"type": "SetVariable",
												"dependsOn": [],
												"userProperties": [],
												"typeProperties": {
													"variableName": "IFLandingStorageAccSerEndpoint",
													"value": {
														"value": "@item().Param_value",
														"type": "Expression"
													}
												}
											}
										]
									},
									{
										"value": "IFLandingContainerName",
										"activities": [
											{
												"name": "SetIFLandingContainerName",
												"type": "SetVariable",
												"dependsOn": [],
												"userProperties": [],
												"typeProperties": {
													"variableName": "IFLandingContainerName",
													"value": {
														"value": "@item().Param_value",
														"type": "Expression"
													}
												}
											}
										]
									},
									{
										"value": "IFLandingFilePath",
										"activities": [
											{
												"name": "SetIFLandingFilePath",
												"type": "SetVariable",
												"dependsOn": [],
												"userProperties": [],
												"typeProperties": {
													"variableName": "IFLandingFilePath",
													"value": {
														"value": "@item().Param_value",
														"type": "Expression"
													}
												}
											}
										]
									},
									{
										"value": "FilePrefix",
										"activities": [
											{
												"name": "SetFilePrefix",
												"type": "SetVariable",
												"dependsOn": [],
												"userProperties": [],
												"typeProperties": {
													"variableName": "FilePrefix",
													"value": {
														"value": "@item().Param_value",
														"type": "Expression"
													}
												}
											}
										]
									},
									{
										"value": "GDHStorageAccName",
										"activities": [
											{
												"name": "SetGDHStorageAccName",
												"type": "SetVariable",
												"dependsOn": [],
												"userProperties": [],
												"typeProperties": {
													"variableName": "GDHStorageAccName",
													"value": {
														"value": "@item().Param_value",
														"type": "Expression"
													}
												}
											}
										]
									},
									{
										"value": "GDHArchiveFilePath",
										"activities": [
											{
												"name": "SetGDHArchiveFilePath",
												"type": "SetVariable",
												"dependsOn": [],
												"userProperties": [],
												"typeProperties": {
													"variableName": "GDHArchiveFilePath",
													"value": {
														"value": "@item().Param_value",
														"type": "Expression"
													}
												}
											}
										]
									},
									{
										"value": "Delimiter",
										"activities": [
											{
												"name": "SetDelimiter",
												"type": "SetVariable",
												"dependsOn": [],
												"userProperties": [],
												"typeProperties": {
													"variableName": "Delimiter",
													"value": {
														"value": "@item().Param_value",
														"type": "Expression"
													}
												}
											}
										]
									}
								]
							}
						}
					]
				}
			},
			{
				"name": "Copy_EDI_To_Serve",
				"type": "Copy",
				"dependsOn": [
					{
						"activity": "SetFilename",
						"dependencyConditions": [
							"Succeeded"
						]
					}
				],
				"policy": {
					"timeout": "7.00:00:00",
					"retry": 0,
					"retryIntervalInSeconds": 30,
					"secureOutput": false,
					"secureInput": false
				},
				"userProperties": [],
				"typeProperties": {
					"source": {
						"type": "OracleSource",
						"partitionOption": "None"
					},
					"sink": {
						"type": "DelimitedTextSink",
						"storeSettings": {
							"type": "AzureBlobFSWriteSettings"
						},
						"formatSettings": {
							"type": "DelimitedTextWriteSettings",
							"quoteAllText": true,
							"fileExtension": {
								"value": "csv",
								"type": "Expression"
							}
						}
					},
					"enableStaging": false
				},
				"inputs": [
					{
						"referenceName": "GBAEDI",
						"type": "DatasetReference"
					}
				],
				"outputs": [
					{
						"referenceName": "GDH_EDI_DataSet",
						"type": "DatasetReference",
						"parameters": {
							"FileContainerName": {
								"value": "@concat(variables('AzureContainerName'),'/',variables('GDHServeFilePath'))",
								"type": "Expression"
							},
							"FileSourceFileName": {
								"value": "@variables('SourceFileName')",
								"type": "Expression"
							},
							"FileDelimiter": {
								"value": "@variables('Delimiter')",
								"type": "Expression"
							},
							"StorageAccountServiceEndPoint": {
								"value": "@variables('GDHStorageAccSerEndpoint')",
								"type": "Expression"
							},
							"CompressionType": {
								"value": "none",
								"type": "Expression"
							}
						}
					}
				]
			},
			{
				"name": "GBA_Serve_To_Landing",
				"description": "Pipeline to copy the files from Serve container to Landing container of Ingestion Framework Storage Account",
				"type": "ExecutePipeline",
				"dependsOn": [
					{
						"activity": "Copy_EDI_To_Serve",
						"dependencyConditions": [
							"Succeeded"
						]
					}
				],
				"userProperties": [],
				"typeProperties": {
					"pipeline": {
						"referenceName": "GBA_Serve_To_Landing",
						"type": "PipelineReference"
					},
					"waitOnCompletion": true,
					"parameters": {
						"GDHStorageAccSerEndpoint": {
							"value": "@variables('GDHStorageAccSerEndpoint')",
							"type": "Expression"
						},
						"GDHContainerName": {
							"value": "@variables('AzureContainerName')",
							"type": "Expression"
						},
						"GDHServeFilePath": {
							"value": "@variables('GDHServeFilePath')",
							"type": "Expression"
						},
						"FilePrefix": {
							"value": "@variables('SourceFileName')",
							"type": "Expression"
						},
						"IFLandingStorageAccSerEndpoint": {
							"value": "@variables('IFLandingStorageAccSerEndpoint')",
							"type": "Expression"
						},
						"IFLandingContainerName": {
							"value": "@variables('IFLandingContainerName')",
							"type": "Expression"
						},
						"IFLandingFilePath": {
							"value": "@variables('IFLandingFilePath')",
							"type": "Expression"
						}
					}
				}
			},
			{
				"name": "LogSystemLog-End",
				"description": "Pipeline to log the end of Master process",
				"type": "ExecutePipeline",
				"dependsOn": [
					{
						"activity": "GBA_Serve_To_Landing",
						"dependencyConditions": [
							"Succeeded"
						]
					}
				],
				"userProperties": [],
				"typeProperties": {
					"pipeline": {
						"referenceName": "Log_System_Log",
						"type": "PipelineReference"
					},
					"waitOnCompletion": true,
					"parameters": {
						"log_type": "INFORMATION",
						"log_message": {
							"value": "@concat('Ending Pipeline Name:',pipeline().Pipeline,';Data Factory Name:',pipeline().DataFactory,';Pipeline Run ID:',pipeline().RunId,';Pipeline Trigger ID:',pipeline().TriggerId,';Pipeline Trigger Name:',pipeline().TriggerName,';Pipeline Trigger Time:',pipeline().TriggerTime,';Pipeline Trigger Type:',pipeline().TriggerType)",
							"type": "Expression"
						}
					}
				}
			},
			{
				"name": "SetFilename",
				"type": "SetVariable",
				"dependsOn": [
					{
						"activity": "Loop_Each_Param",
						"dependencyConditions": [
							"Succeeded"
						]
					}
				],
				"userProperties": [],
				"typeProperties": {
					"variableName": "SourceFileName",
					"value": {
						"value": "@concat(variables('FilePrefix'),'_',utcnow(),'.csv')",
						"type": "Expression"
					}
				}
			}
		],
		"parameters": {
			"ProcessName": {
				"type": "string"
			}
		},
		"variables": {
			"TableName": {
				"type": "String"
			},
			"GDHStorageAccSerEndpoint": {
				"type": "String"
			},
			"AzureContainerName": {
				"type": "String"
			},
			"GDHTransferFilePath": {
				"type": "String"
			},
			"GDHServeFilePath": {
				"type": "String"
			},
			"IFLandingStorageAccSerEndpoint": {
				"type": "String"
			},
			"IFLandingContainerName": {
				"type": "String"
			},
			"IFLandingFilePath": {
				"type": "String"
			},
			"FilePrefix": {
				"type": "String"
			},
			"Webhook Python": {
				"type": "String"
			},
			"PythonRequired": {
				"type": "String"
			},
			"GDHStorageAccName": {
				"type": "String"
			},
			"GDHArchiveFilePath": {
				"type": "String"
			},
			"Retailer": {
				"type": "String"
			},
			"DecryptionRequired": {
				"type": "String"
			},
			"GDHRawFilePath": {
				"type": "String"
			},
			"Delimiter": {
				"type": "String"
			},
			"SourceFileName": {
				"type": "String"
			}
		},
		"folder": {
			"name": "GBA Data Acquisition"
		},
		"annotations": []
	}
}