{
	"name": "GBA_Transfer_To_Serve_Without_Python",
	"properties": {
		"activities": [
			{
				"name": "GBA_Raw_To_Serve",
				"description": "Copy the file from Raw to Serve",
				"type": "Copy",
				"dependsOn": [
					{
						"activity": "LogSystemLog-Start",
						"dependencyConditions": [
							"Succeeded"
						]
					}
				],
				"policy": {
					"timeout": "7.00:00:00",
					"retry": 0,
					"retryIntervalInSeconds": 30,
					"secureOutput": false,
					"secureInput": false
				},
				"userProperties": [],
				"typeProperties": {
					"source": {
						"type": "AzureBlobFSSource",
						"recursive": false
					},
					"sink": {
						"type": "AzureBlobFSSink"
					},
					"enableStaging": false
				},
				"inputs": [
					{
						"referenceName": "azsanegdh_generic_adls2",
						"type": "DatasetReference",
						"parameters": {
							"path": {
								"value": "@concat(pipeline().parameters.StorageContainerName,'/',pipeline().parameters.GDHRawFilePath)",
								"type": "Expression"
							},
							"filename": {
								"value": "@pipeline().parameters.inputFilename",
								"type": "Expression"
							},
							"StorageAccountServiceEndPoint": {
								"value": "@pipeline().parameters.StorageAccountServiceEndPoint",
								"type": "Expression"
							}
						}
					}
				],
				"outputs": [
					{
						"referenceName": "azsanegdh_generic_adls2",
						"type": "DatasetReference",
						"parameters": {
							"path": {
								"value": "@concat(pipeline().parameters.StorageContainerName,'/',pipeline().parameters.OutputFilePath)",
								"type": "Expression"
							},
							"filename": {
								"value": "@pipeline().parameters.inputFilename",
								"type": "Expression"
							},
							"StorageAccountServiceEndPoint": {
								"value": "@pipeline().parameters.StorageAccountServiceEndPoint",
								"type": "Expression"
							}
						}
					}
				]
			},
			{
				"name": "LogSystemLog-Start",
				"description": "Pipeline to log the start of the GBA_Transfer_To_Serve_Master process",
				"type": "ExecutePipeline",
				"dependsOn": [],
				"userProperties": [],
				"typeProperties": {
					"pipeline": {
						"referenceName": "Log_System_Log",
						"type": "PipelineReference"
					},
					"waitOnCompletion": true,
					"parameters": {
						"log_type": "INFORMATION",
						"log_message": {
							"value": "@concat('Starting Pipeline Name:',pipeline().Pipeline,';Data Factory Name:',pipeline().DataFactory,';Pipeline Run ID:',pipeline().RunId,';Pipeline Trigger ID:',pipeline().TriggerId,';Pipeline Trigger Name:',pipeline().TriggerName,';Pipeline Trigger Time:',pipeline().TriggerTime,';Pipeline Trigger Type:',pipeline().TriggerType)",
							"type": "Expression"
						}
					}
				}
			},
			{
				"name": "LogSystemLog-End",
				"description": "Pipeline to log the end of Master process",
				"type": "ExecutePipeline",
				"dependsOn": [
					{
						"activity": "IF delete check",
						"dependencyConditions": [
							"Succeeded"
						]
					}
				],
				"userProperties": [],
				"typeProperties": {
					"pipeline": {
						"referenceName": "Log_System_Log",
						"type": "PipelineReference"
					},
					"waitOnCompletion": true,
					"parameters": {
						"log_type": "INFORMATION",
						"log_message": {
							"value": "@concat('Ending Pipeline Name:',pipeline().Pipeline,';Data Factory Name:',pipeline().DataFactory,';Pipeline Run ID:',pipeline().RunId,';Pipeline Trigger ID:',pipeline().TriggerId,';Pipeline Trigger Name:',pipeline().TriggerName,';Pipeline Trigger Time:',pipeline().TriggerTime,';Pipeline Trigger Type:',pipeline().TriggerType)",
							"type": "Expression"
						}
					}
				}
			},
			{
				"name": "IF delete check",
				"type": "IfCondition",
				"dependsOn": [
					{
						"activity": "GBA_Raw_To_Serve",
						"dependencyConditions": [
							"Succeeded"
						]
					}
				],
				"userProperties": [],
				"typeProperties": {
					"expression": {
						"value": "@pipeline().parameters.DeleteSourceFile",
						"type": "Expression"
					},
					"ifTrueActivities": [
						{
							"name": "Delete Source File",
							"type": "ExecutePipeline",
							"dependsOn": [],
							"userProperties": [],
							"typeProperties": {
								"pipeline": {
									"referenceName": "Delete_File_From_ADLS2_Storage",
									"type": "PipelineReference"
								},
								"waitOnCompletion": true,
								"parameters": {
									"InputFilename": {
										"value": "@pipeline().parameters.InputFilename",
										"type": "Expression"
									},
									"StorageContainerName": {
										"value": "@pipeline().parameters.StorageContainerName",
										"type": "Expression"
									},
									"StorageAccountServiceEndPoint": {
										"value": "@pipeline().parameters.StorageAccountServiceEndPoint",
										"type": "Expression"
									},
									"InputFilePath": {
										"value": "@pipeline().parameters.GDHRawFilePath",
										"type": "Expression"
									}
								}
							}
						},
						{
							"name": "LogSystemLog-Error-DeleteSourceFile",
							"type": "ExecutePipeline",
							"dependsOn": [
								{
									"activity": "Delete Source File",
									"dependencyConditions": [
										"Failed"
									]
								}
							],
							"userProperties": [],
							"typeProperties": {
								"pipeline": {
									"referenceName": "Log_System_Log",
									"type": "PipelineReference"
								},
								"waitOnCompletion": true,
								"parameters": {
									"log_type": "ERROR",
									"log_message": {
										"value": "@concat('Error in Pipeline Name:',pipeline().Pipeline,';Data Factory Name:',pipeline().DataFactory,';Pipeline Run ID:',pipeline().RunId,';Pipeline Trigger ID:',pipeline().TriggerId,';Pipeline Trigger Name:',pipeline().TriggerName,';Pipeline Trigger Time:',pipeline().TriggerTime,';Pipeline Trigger Type:',pipeline().TriggerType)",
										"type": "Expression"
									}
								}
							}
						}
					]
				}
			}
		],
		"parameters": {
			"OutputFilePath": {
				"type": "string"
			},
			"inputFilename": {
				"type": "string"
			},
			"StorageAccountServiceEndPoint": {
				"type": "string"
			},
			"GDHRawFilePath": {
				"type": "string"
			},
			"StorageContainerName": {
				"type": "string"
			},
			"DeleteSourceFile": {
				"type": "string"
			}
		},
		"folder": {
			"name": "GBA Data Acquisition"
		},
		"annotations": []
	}
}