{
	"name": "genericRunPythonCode",
	"properties": {
		"description": "generic pipeline to run python script",
		"activities": [
			{
				"name": "WebHook_RunPythonScript",
				"description": "Calls RunPythonCode Runbook.",
				"type": "WebHook",
				"dependsOn": [
					{
						"activity": "Populating_Param",
						"dependencyConditions": [
							"Succeeded"
						]
					}
				],
				"userProperties": [],
				"typeProperties": {
					"url": {
						"value": "@variables('Webhook Python')",
						"type": "Expression"
					},
					"method": "POST",
					"headers": {
						"message": "StartedbyWBA"
					},
					"body": {
						"value": "@json(concat('{ \"inputFilename\": \"',pipeline().parameters.InputFilename,'\"'\n           ,', \"StorageAccountName\": \"',variables('StorageAccountName'),'\"'\n           ,', \"StorageContainerName\": \"',variables('StorageContainerName'),'\"'\n           ,', \"InputFilePath\": \"',variables('InputFilePath'),'\"'\n           ,', \"OutputFileName\": \"',variables('OutputFilename'),'\"'\n           ,', \"OutputFilePath\": \"',variables('OutputFilePath'),'\"'\n           ,', \"Retailer\": \"',variables('Retailer'),'\"'\n           ,', \"ArchivePath\": \"',variables('ArchivePath'),'\"'\n           ,', \"RejectPath\": \"',variables('RejectPath'),'\"'\n\t\t   ,', \"TargetFilePattern\": \"',variables('TargetFilePattern'),'\"'\n\t\t   ,', \"SourceFilePattern\": \"',variables('SourceFilePattern'),'\"'\n\t\t   ,', \"RejectFilePattern\": \"',variables('RejectFilePattern'),'\"'\n           ,'}'))",
						"type": "Expression"
					},
					"timeout": "00:59:00",
					"reportStatusOnCallBack": false
				}
			},
			{
				"name": "Parameter_Lookup",
				"description": "lookup the parameter table to retrieve input parameters",
				"type": "Lookup",
				"dependsOn": [],
				"policy": {
					"timeout": "7.00:00:00",
					"retry": 0,
					"retryIntervalInSeconds": 30,
					"secureOutput": false,
					"secureInput": false
				},
				"userProperties": [],
				"typeProperties": {
					"source": {
						"type": "SqlDWSource",
						"sqlReaderQuery": {
							"value": "SELECT * FROM dc_metadata.GDHDynamicADFParams where Project_name = '@{pipeline().parameters.Project_Name}' and Environment = '@{pipeline().parameters.Environment}'",
							"type": "Expression"
						},
						"queryTimeout": "02:00:00",
						"partitionOption": "None"
					},
					"dataset": {
						"referenceName": "azsyndna_dataset",
						"type": "DatasetReference"
					},
					"firstRowOnly": false
				}
			},
			{
				"name": "Populating_Param",
				"description": "Populates variables with values in synapse table",
				"type": "ForEach",
				"dependsOn": [
					{
						"activity": "Parameter_Lookup",
						"dependencyConditions": [
							"Succeeded"
						]
					}
				],
				"userProperties": [],
				"typeProperties": {
					"items": {
						"value": "@activity('Parameter_Lookup').output.value",
						"type": "Expression"
					},
					"activities": [
						{
							"name": "Paramaters",
							"type": "Switch",
							"dependsOn": [],
							"userProperties": [],
							"typeProperties": {
								"on": {
									"value": "@item().Param_key",
									"type": "Expression"
								},
								"cases": [
									{
										"value": "RejectPath",
										"activities": [
											{
												"name": "SetRejectPath",
												"type": "SetVariable",
												"dependsOn": [],
												"userProperties": [],
												"typeProperties": {
													"variableName": "RejectPath",
													"value": {
														"value": "@item().param_value",
														"type": "Expression"
													}
												}
											}
										]
									},
									{
										"value": "OutputFilePath",
										"activities": [
											{
												"name": "SetOutputFilePath",
												"type": "SetVariable",
												"dependsOn": [],
												"userProperties": [],
												"typeProperties": {
													"variableName": "OutputFilePath",
													"value": {
														"value": "@item().param_value",
														"type": "Expression"
													}
												}
											}
										]
									},
									{
										"value": "InputFilePath",
										"activities": [
											{
												"name": "SetInputFilePath",
												"description": "",
												"type": "SetVariable",
												"dependsOn": [],
												"userProperties": [],
												"typeProperties": {
													"variableName": "InputFilePath",
													"value": {
														"value": "@item().param_value",
														"type": "Expression"
													}
												}
											}
										]
									},
									{
										"value": "Webhook Python",
										"activities": [
											{
												"name": "SetWebhook Python",
												"type": "SetVariable",
												"dependsOn": [],
												"userProperties": [],
												"typeProperties": {
													"variableName": "Webhook Python",
													"value": {
														"value": "@item().param_value",
														"type": "Expression"
													}
												}
											}
										]
									},
									{
										"value": "StorageAccountServiceEndPoint",
										"activities": [
											{
												"name": "SetStorageAccountServiceEndPoint",
												"type": "SetVariable",
												"dependsOn": [],
												"userProperties": [],
												"typeProperties": {
													"variableName": "StorageAccountServiceEndPoint",
													"value": {
														"value": "@item().param_value",
														"type": "Expression"
													}
												}
											}
										]
									},
									{
										"value": "StorageAccountName",
										"activities": [
											{
												"name": "SetStorageAccountName",
												"type": "SetVariable",
												"dependsOn": [],
												"userProperties": [],
												"typeProperties": {
													"variableName": "StorageAccountName",
													"value": {
														"value": "@item().param_value",
														"type": "Expression"
													}
												}
											}
										]
									},
									{
										"value": "DeleteSourceFile",
										"activities": [
											{
												"name": "SetDeleteSourceFile",
												"type": "SetVariable",
												"dependsOn": [],
												"userProperties": [],
												"typeProperties": {
													"variableName": "DeleteSourceFile",
													"value": {
														"value": "@item().param_value",
														"type": "Expression"
													}
												}
											}
										]
									},
									{
										"value": "InputFilename",
										"activities": [
											{
												"name": "SetInputFilename",
												"type": "SetVariable",
												"dependsOn": [],
												"userProperties": [],
												"typeProperties": {
													"variableName": "InputFilename",
													"value": {
														"value": "@pipeline().parameters.InputFilename",
														"type": "Expression"
													}
												}
											}
										]
									},
									{
										"value": "Retailer",
										"activities": [
											{
												"name": "SetRetailer",
												"type": "SetVariable",
												"dependsOn": [],
												"userProperties": [],
												"typeProperties": {
													"variableName": "Retailer",
													"value": {
														"value": "@item().param_value",
														"type": "Expression"
													}
												}
											}
										]
									},
									{
										"value": "OutputFilename",
										"activities": [
											{
												"name": "SetOutputFilename",
												"type": "SetVariable",
												"dependsOn": [],
												"userProperties": [],
												"typeProperties": {
													"variableName": "OutputFilename",
													"value": {
														"value": "@item().param_value",
														"type": "Expression"
													}
												}
											}
										]
									},
									{
										"value": "StorageContainerName",
										"activities": [
											{
												"name": "SetStorageContainerName",
												"type": "SetVariable",
												"dependsOn": [],
												"userProperties": [],
												"typeProperties": {
													"variableName": "StorageContainerName",
													"value": {
														"value": "@item().param_value",
														"type": "Expression"
													}
												}
											}
										]
									},
									{
										"value": "ArchivePath",
										"activities": [
											{
												"name": "SetArchivePath",
												"type": "SetVariable",
												"dependsOn": [],
												"userProperties": [],
												"typeProperties": {
													"variableName": "ArchivePath",
													"value": {
														"value": "@item().param_value",
														"type": "Expression"
													}
												}
											}
										]
									},
									{
										"value": "TargetFilePattern",
										"activities": [
											{
												"name": "SetTargetFilePattern",
												"type": "SetVariable",
												"dependsOn": [],
												"userProperties": [],
												"typeProperties": {
													"variableName": "TargetFilePattern",
													"value": {
														"value": "@item().param_value",
														"type": "Expression"
													}
												}
											}
										]
									},
									{
										"value": "RejectFilePattern",
										"activities": [
											{
												"name": "SetRejectFilePattern",
												"type": "SetVariable",
												"dependsOn": [],
												"userProperties": [],
												"typeProperties": {
													"variableName": "RejectFilePattern",
													"value": {
														"value": "@item().param_value",
														"type": "Expression"
													}
												}
											}
										]
									},
									{
										"value": "SourceFilePattern",
										"activities": [
											{
												"name": "SetSourceFilePattern",
												"type": "SetVariable",
												"dependsOn": [],
												"userProperties": [],
												"typeProperties": {
													"variableName": "SourceFilePattern",
													"value": {
														"value": "@item().param_value",
														"type": "Expression"
													}
												}
											}
										]
									}
								]
							}
						}
					]
				}
			},
			{
				"name": "IfDeleteSourceFile",
				"description": "Deletes source file if DeleteSourceFile flag is '1'",
				"type": "IfCondition",
				"dependsOn": [
					{
						"activity": "WebHook_RunPythonScript",
						"dependencyConditions": [
							"Succeeded"
						]
					}
				],
				"userProperties": [],
				"typeProperties": {
					"expression": {
						"value": "@equals(variables('DeleteSourceFile'),'1')",
						"type": "Expression"
					},
					"ifTrueActivities": [
						{
							"name": "DeleteSourceFile",
							"type": "Delete",
							"dependsOn": [],
							"policy": {
								"timeout": "7.00:00:00",
								"retry": 0,
								"retryIntervalInSeconds": 30,
								"secureOutput": false,
								"secureInput": false
							},
							"userProperties": [],
							"typeProperties": {
								"dataset": {
									"referenceName": "azbinfile_landing_bounce",
									"type": "DatasetReference",
									"parameters": {
										"pContainer": {
											"value": "@variables('StorageContainerName')",
											"type": "Expression"
										},
										"pFolderPath": {
											"value": "@variables('InputFilePath')",
											"type": "Expression"
										},
										"pFileName": {
											"value": "@pipeline().parameters.InputFilename",
											"type": "Expression"
										}
									}
								},
								"enableLogging": false,
								"storeSettings": {
									"type": "AzureBlobStorageReadSettings",
									"recursive": true,
									"enablePartitionDiscovery": false
								}
							}
						}
					]
				}
			}
		],
		"parameters": {
			"Environment": {
				"type": "string"
			},
			"Project_Name": {
				"type": "string"
			},
			"InputFilename": {
				"type": "string"
			}
		},
		"variables": {
			"OutputFilePath": {
				"type": "String"
			},
			"InputFilePath": {
				"type": "String"
			},
			"Webhook Python": {
				"type": "String"
			},
			"StorageAccountServiceEndPoint": {
				"type": "String"
			},
			"StorageAccountName": {
				"type": "String"
			},
			"DeleteSourceFile": {
				"type": "String"
			},
			"InputFilename": {
				"type": "String"
			},
			"Retailer": {
				"type": "String"
			},
			"OutputFilename": {
				"type": "String"
			},
			"StorageContainerName": {
				"type": "String"
			},
			"ArchivePath": {
				"type": "String"
			},
			"RejectPath": {
				"type": "String"
			},
			"TargetFilePattern": {
				"type": "String"
			},
			"SourceFilePattern": {
				"type": "String"
			},
			"RejectFilePattern": {
				"type": "String"
			}
		},
		"folder": {
			"name": "HRW_Common"
		},
		"annotations": []
	}
}