{
	"name": "JSON_ParamerList_Parser",
	"properties": {
		"description": "Parses the JSON parameter and fetches variables",
		"activities": [
			{
				"name": "Set_Folderpath",
				"type": "SetVariable",
				"dependsOn": [],
				"userProperties": [],
				"typeProperties": {
					"variableName": "v_Folderpath",
					"value": {
						"value": "@pipeline().parameters.pParamList.Folderpath",
						"type": "Expression"
					}
				}
			},
			{
				"name": "Set_Filename",
				"type": "SetVariable",
				"dependsOn": [],
				"userProperties": [],
				"typeProperties": {
					"variableName": "v_FileName",
					"value": {
						"value": "@pipeline().parameters.pParamList.Filename",
						"type": "Expression"
					}
				}
			},
			{
				"name": "Set_Environment",
				"type": "SetVariable",
				"dependsOn": [],
				"userProperties": [],
				"typeProperties": {
					"variableName": "v_Environment",
					"value": {
						"value": "@pipeline().parameters.pParamList.Environment",
						"type": "Expression"
					}
				}
			},
			{
				"name": "Set_ProjectName",
				"type": "SetVariable",
				"dependsOn": [],
				"userProperties": [],
				"typeProperties": {
					"variableName": "v_ProjectName",
					"value": {
						"value": "@pipeline().parameters.pParamList.project_name",
						"type": "Expression"
					}
				}
			},
			{
				"name": "Set_IngestionDB",
				"type": "SetVariable",
				"dependsOn": [],
				"userProperties": [],
				"typeProperties": {
					"variableName": "v_IngestionDB",
					"value": {
						"value": "@pipeline().parameters.pParamList.Ingestion_DB",
						"type": "Expression"
					}
				}
			},
			{
				"name": "Set_ProjectID",
				"type": "SetVariable",
				"dependsOn": [],
				"userProperties": [],
				"typeProperties": {
					"variableName": "v_ProjectID",
					"value": {
						"value": "@pipeline().parameters.pParamList.ProjectID",
						"type": "Expression"
					}
				}
			},
			{
				"name": "Set_AssetID",
				"type": "SetVariable",
				"dependsOn": [],
				"userProperties": [],
				"typeProperties": {
					"variableName": "v_AssetID",
					"value": {
						"value": "@pipeline().parameters.pParamList.AssetID",
						"type": "Expression"
					}
				}
			},
			{
				"name": "Set_CurationUser",
				"type": "SetVariable",
				"dependsOn": [],
				"userProperties": [],
				"typeProperties": {
					"variableName": "v_CurationUser",
					"value": {
						"value": "@pipeline().parameters.pParamList.CurationUser",
						"type": "Expression"
					}
				}
			},
			{
				"name": "Set_DeleteFlag",
				"type": "SetVariable",
				"dependsOn": [],
				"userProperties": [],
				"typeProperties": {
					"variableName": "v_DeleteFlag",
					"value": {
						"value": "@pipeline().parameters.pParamList.DeleteFlag",
						"type": "Expression"
					}
				}
			},
			{
				"name": "DB_feedprocess",
				"type": "ExecutePipeline",
				"dependsOn": [
					{
						"activity": "Set_DeleteFlag",
						"dependencyConditions": [
							"Succeeded"
						]
					},
					{
						"activity": "Set_CurationUser",
						"dependencyConditions": [
							"Succeeded"
						]
					},
					{
						"activity": "Set_AssetID",
						"dependencyConditions": [
							"Succeeded"
						]
					},
					{
						"activity": "Set_ProjectID",
						"dependencyConditions": [
							"Succeeded"
						]
					},
					{
						"activity": "Set_IngestionDB",
						"dependencyConditions": [
							"Succeeded"
						]
					},
					{
						"activity": "Set_ProjectName",
						"dependencyConditions": [
							"Succeeded"
						]
					},
					{
						"activity": "Set_Environment",
						"dependencyConditions": [
							"Succeeded"
						]
					},
					{
						"activity": "Set_Filename",
						"dependencyConditions": [
							"Succeeded"
						]
					},
					{
						"activity": "Set_Folderpath",
						"dependencyConditions": [
							"Succeeded"
						]
					}
				],
				"userProperties": [],
				"typeProperties": {
					"pipeline": {
						"referenceName": "DB_feedprocess",
						"type": "PipelineReference"
					},
					"waitOnCompletion": true,
					"parameters": {
						"Filename": {
							"value": "@variables('v_FileName')",
							"type": "Expression"
						},
						"Folderpath": {
							"value": "@variables('v_Folderpath')",
							"type": "Expression"
						},
						"Environment": {
							"value": "@variables('v_Environment')",
							"type": "Expression"
						},
						"Project_Name": {
							"value": "@variables('v_ProjectName')",
							"type": "Expression"
						},
						"pIngestionDB": {
							"value": "@variables('v_IngestionDB')",
							"type": "Expression"
						},
						"pProjectID": {
							"value": "@variables('v_ProjectID')",
							"type": "Expression"
						},
						"pAssetID": {
							"value": "@variables('v_AssetID')",
							"type": "Expression"
						},
						"pCurationUser": {
							"value": "@variables('v_CurationUser')",
							"type": "Expression"
						},
						"pDeleteFlag": {
							"value": "@variables('v_DeleteFlag')",
							"type": "Expression"
						}
					}
				}
			}
		],
		"parameters": {
			"pParamList": {
				"type": "object"
			}
		},
		"variables": {
			"v_AssetID": {
				"type": "String"
			},
			"v_RunLogStartDate": {
				"type": "String"
			},
			"v_FileName": {
				"type": "String"
			},
			"v_Environment": {
				"type": "String"
			},
			"v_ProjectName": {
				"type": "String"
			},
			"v_IngestionDB": {
				"type": "String"
			},
			"v_ProjectID": {
				"type": "String"
			},
			"v_CurationUser": {
				"type": "String"
			},
			"v_DeleteFlag": {
				"type": "String"
			},
			"v_param_list": {
				"type": "String"
			},
			"v_Folderpath": {
				"type": "String"
			}
		},
		"folder": {
			"name": "Google Analytics/CleansedToDispatch"
		},
		"annotations": []
	}
}