{
	"name": "LE_Cleansed_to_PSA_Egress_Wrapper",
	"properties": {
		"activities": [
			{
				"name": "DataGenerateFactsWeb",
				"type": "WebActivity",
				"dependsOn": [
					{
						"activity": "LogEgressGenerateFactsStart",
						"dependencyConditions": [
							"Succeeded"
						]
					}
				],
				"policy": {
					"timeout": "05:00:00",
					"retry": 0,
					"retryIntervalInSeconds": 30,
					"secureOutput": false,
					"secureInput": false
				},
				"userProperties": [],
				"typeProperties": {
					"url": {
						"value": "@concat('https://management.azure.com/subscriptions/',variables('EgressPipelineSubscriptions'),'/resourceGroups/' ,variables('EgressResourceGroups'),'/providers/Microsoft.DataFactory/factories/',variables('EgressFactoryName'),'/pipelines/',variables('EgressGenerateFactsPipelineName'),'/createRun?api-version=2018-06-01')",
						"type": "Expression"
					},
					"connectVia": {
						"referenceName": "dna-ir01",
						"type": "IntegrationRuntimeReference"
					},
					"method": "POST",
					"body": {
						"value": "@concat('{\"pDTExtractStart\":\"',variables('EgressBodyPdtExtractStart'),'\"' , ',\"pProjectID\":\"',variables('EgressBodyPprojectId'),'\"',',\"pOverallQueryTimeout\":\"',variables('EgressBodyPoverallQueryTimeout'),'\"}' )",
						"type": "Expression"
					},
					"authentication": {
						"type": "MSI",
						"resource": {
							"value": "@variables('EgressPipelineResourceUrl')",
							"type": "Expression"
						}
					}
				}
			},
			{
				"name": "EgressUntilActivity",
				"type": "Until",
				"dependsOn": [
					{
						"activity": "DataGenerateFactsWeb",
						"dependencyConditions": [
							"Succeeded"
						]
					}
				],
				"userProperties": [],
				"typeProperties": {
					"expression": {
						"value": "@or(equals('Succeeded',activity('EgressStatusChecker').output.status) , equals('Failed',activity('EgressStatusChecker').output.status))",
						"type": "Expression"
					},
					"activities": [
						{
							"name": "EgressStatusChecker",
							"type": "WebActivity",
							"dependsOn": [
								{
									"activity": "EgressFactWaitActivity",
									"dependencyConditions": [
										"Succeeded"
									]
								}
							],
							"policy": {
								"timeout": "7.00:00:00",
								"retry": 0,
								"retryIntervalInSeconds": 30,
								"secureOutput": false,
								"secureInput": false
							},
							"userProperties": [],
							"typeProperties": {
								"url": {
									"value": "@concat('https://management.azure.com/subscriptions/',variables('EgressPipelineSubscriptions'),'/resourceGroups/' ,variables('EgressResourceGroups'),'/providers/Microsoft.DataFactory/factories/',variables('EgressFactoryName'),'/pipelineruns/',activity('DataGenerateFactsWeb').output.runId,'?api-version=2018-06-01')",
									"type": "Expression"
								},
								"connectVia": {
									"referenceName": "dna-ir01",
									"type": "IntegrationRuntimeReference"
								},
								"method": "GET",
								"headers": {
									"Content-Type": "application/json"
								},
								"authentication": {
									"type": "MSI",
									"resource": {
										"value": "@variables('EgressPipelineResourceUrl')",
										"type": "Expression"
									}
								}
							}
						},
						{
							"name": "EgressFactWaitActivity",
							"type": "Wait",
							"dependsOn": [],
							"userProperties": [],
							"typeProperties": {
								"waitTimeInSeconds": 10
							}
						},
						{
							"name": "FactStatusVar",
							"type": "SetVariable",
							"dependsOn": [
								{
									"activity": "EgressStatusChecker",
									"dependencyConditions": [
										"Succeeded"
									]
								}
							],
							"userProperties": [],
							"typeProperties": {
								"variableName": "isFactSuccess",
								"value": {
									"value": "@activity('EgressStatusChecker').output.status",
									"type": "Expression"
								}
							}
						}
					],
					"timeout": "05:00:00"
				}
			},
			{
				"name": "If Condition1",
				"type": "IfCondition",
				"dependsOn": [
					{
						"activity": "EgressUntilActivity",
						"dependencyConditions": [
							"Succeeded"
						]
					}
				],
				"userProperties": [],
				"typeProperties": {
					"expression": {
						"value": "@equals(variables('isFactSuccess'),'Succeeded')",
						"type": "Expression"
					},
					"ifFalseActivities": [
						{
							"name": "EgressFactError",
							"type": "Lookup",
							"dependsOn": [
								{
									"activity": "EgressFactErrorLog",
									"dependencyConditions": [
										"Succeeded"
									]
								}
							],
							"policy": {
								"timeout": "7.00:00:00",
								"retry": 0,
								"retryIntervalInSeconds": 30,
								"secureOutput": false,
								"secureInput": false
							},
							"userProperties": [],
							"typeProperties": {
								"source": {
									"type": "SqlDWSource",
									"sqlReaderQuery": "EXECUTE sp_executesql N'THROW 50005, N''Egress Fact Generate Pipeline failed while invoking from Liz Earle Curation Framework'', 1'",
									"queryTimeout": "02:00:00",
									"partitionOption": "None"
								},
								"dataset": {
									"referenceName": "azsyndna_ds",
									"type": "DatasetReference",
									"parameters": {
										"pSynTable": "d",
										"pSynSchema": "d"
									}
								}
							}
						},
						{
							"name": "EgressFactErrorLog",
							"type": "SqlServerStoredProcedure",
							"dependsOn": [],
							"policy": {
								"timeout": "7.00:00:00",
								"retry": 0,
								"retryIntervalInSeconds": 30,
								"secureOutput": false,
								"secureInput": false
							},
							"userProperties": [],
							"typeProperties": {
								"storedProcedureName": "sp_executesql",
								"storedProcedureParameters": {
									"stmt ": {
										"value": {
											"value": "@concat('INSERT INTO [psa].[LE_ETL_Audit] select ''',pipeline().Pipeline,''',''Egress DataGenerateFacts pipeline failed'',''Failed'',CURRENT_TIMESTAMP')",
											"type": "Expression"
										}
									}
								}
							},
							"linkedServiceName": {
								"referenceName": "azsyndna_curated_dw",
								"type": "LinkedServiceReference"
							}
						}
					],
					"ifTrueActivities": [
						{
							"name": "ExecuteEgressZipPipeline",
							"type": "ExecutePipeline",
							"dependsOn": [
								{
									"activity": "EgressGenerateFactsSuccessLog",
									"dependencyConditions": [
										"Succeeded"
									]
								}
							],
							"userProperties": [],
							"typeProperties": {
								"pipeline": {
									"referenceName": "LE_Egress_Zip_Generation_Wrapper",
									"type": "PipelineReference"
								},
								"waitOnCompletion": true,
								"parameters": {
									"PipelineSubscriptions": {
										"value": "@variables('EgressPipelineSubscriptions')",
										"type": "Expression"
									},
									"ResourceGroups": {
										"value": "@variables('EgressResourceGroups')",
										"type": "Expression"
									},
									"FactoryName": {
										"value": "@variables('EgressFactoryName')",
										"type": "Expression"
									},
									"DataEgressExecutePipelineName": {
										"value": "@variables('EgressDataEgressExecutePipelineName')",
										"type": "Expression"
									},
									"PipelineResourceUrl": {
										"value": "@variables('EgressPipelineResourceUrl')",
										"type": "Expression"
									},
									"BodyPprojectId": {
										"value": "@variables('EgressBodyPprojectId')",
										"type": "Expression"
									},
									"BodyPAssetStatusId": {
										"value": "@variables('EgressBodyPAssetStatusId')",
										"type": "Expression"
									}
								}
							}
						},
						{
							"name": "EgressGenerateFactsSuccessLog",
							"description": "Used to log the end time of the EgressGenerateFacts pipeine",
							"type": "SqlServerStoredProcedure",
							"dependsOn": [],
							"policy": {
								"timeout": "7.00:00:00",
								"retry": 0,
								"retryIntervalInSeconds": 30,
								"secureOutput": false,
								"secureInput": false
							},
							"userProperties": [],
							"typeProperties": {
								"storedProcedureName": "sp_executesql",
								"storedProcedureParameters": {
									"stmt ": {
										"value": {
											"value": "@concat('INSERT INTO [psa].[LE_ETL_Audit] select ''',pipeline().Pipeline,''',''Egress DataGenerateFacts pipeline succeeded'',''Succeeded'',CURRENT_TIMESTAMP')",
											"type": "Expression"
										}
									}
								}
							},
							"linkedServiceName": {
								"referenceName": "azsyndna_curated_dw",
								"type": "LinkedServiceReference"
							}
						}
					]
				}
			},
			{
				"name": "Lookup_ADFParams",
				"description": "Lookup the parameters for the ADF",
				"type": "Lookup",
				"dependsOn": [
					{
						"activity": "ExecuteCleansedToPSAWrapper",
						"dependencyConditions": [
							"Succeeded"
						]
					}
				],
				"policy": {
					"timeout": "7.00:00:00",
					"retry": 0,
					"retryIntervalInSeconds": 30,
					"secureOutput": false,
					"secureInput": false
				},
				"userProperties": [],
				"typeProperties": {
					"source": {
						"type": "SqlDWSource",
						"sqlReaderQuery": "SELECT param_name,param_value FROM psa.LEIT_LEXDH_LE_Config WHERE param_type='EgressADFParams'",
						"queryTimeout": "02:00:00",
						"partitionOption": "None"
					},
					"dataset": {
						"referenceName": "azsyndna_ds",
						"type": "DatasetReference",
						"parameters": {
							"pSynTable": "LEIT_LEXDH_LE_Config",
							"pSynSchema": "psa"
						}
					},
					"firstRowOnly": false
				}
			},
			{
				"name": "IterateParams",
				"description": "Iterates and store the parameters",
				"type": "ForEach",
				"dependsOn": [
					{
						"activity": "Lookup_ADFParams",
						"dependencyConditions": [
							"Succeeded"
						]
					}
				],
				"userProperties": [],
				"typeProperties": {
					"items": {
						"value": "@activity('Lookup_ADFParams').output.value",
						"type": "Expression"
					},
					"isSequential": false,
					"activities": [
						{
							"name": "PopulateParams",
							"type": "Switch",
							"dependsOn": [],
							"userProperties": [],
							"typeProperties": {
								"on": {
									"value": "@item().param_name",
									"type": "Expression"
								},
								"cases": [
									{
										"value": "EgressPipelineSubscriptions",
										"activities": [
											{
												"name": "setEgressPipelineSubscriptions",
												"type": "SetVariable",
												"dependsOn": [],
												"userProperties": [],
												"typeProperties": {
													"variableName": "EgressPipelineSubscriptions",
													"value": {
														"value": "@item().param_value",
														"type": "Expression"
													}
												}
											}
										]
									},
									{
										"value": "EgressResourceGroups",
										"activities": [
											{
												"name": "setEgressResourceGroups",
												"type": "SetVariable",
												"dependsOn": [],
												"userProperties": [],
												"typeProperties": {
													"variableName": "EgressResourceGroups",
													"value": {
														"value": "@item().param_value",
														"type": "Expression"
													}
												}
											}
										]
									},
									{
										"value": "EgressFactoryName",
										"activities": [
											{
												"name": "setEgressFactoryName",
												"type": "SetVariable",
												"dependsOn": [],
												"userProperties": [],
												"typeProperties": {
													"variableName": "EgressFactoryName",
													"value": {
														"value": "@item().param_value",
														"type": "Expression"
													}
												}
											}
										]
									},
									{
										"value": "EgressGenerateFactsPipelineName",
										"activities": [
											{
												"name": "setEgressGenerateFactsPipelineName",
												"type": "SetVariable",
												"dependsOn": [],
												"userProperties": [],
												"typeProperties": {
													"variableName": "EgressGenerateFactsPipelineName",
													"value": {
														"value": "@item().param_value",
														"type": "Expression"
													}
												}
											}
										]
									},
									{
										"value": "EgressDataEgressExecutePipelineName",
										"activities": [
											{
												"name": "setEgressDataEgressExecutePipelineName",
												"type": "SetVariable",
												"dependsOn": [],
												"userProperties": [],
												"typeProperties": {
													"variableName": "EgressDataEgressExecutePipelineName",
													"value": {
														"value": "@item().param_value",
														"type": "Expression"
													}
												}
											}
										]
									},
									{
										"value": "EgressPipelineResourceUrl",
										"activities": [
											{
												"name": "setEgressPipelineResourceUrl",
												"type": "SetVariable",
												"dependsOn": [],
												"userProperties": [],
												"typeProperties": {
													"variableName": "EgressPipelineResourceUrl",
													"value": {
														"value": "@item().param_value",
														"type": "Expression"
													}
												}
											}
										]
									},
									{
										"value": "EgressBodyPdtExtractStart",
										"activities": [
											{
												"name": "setEgressBodyPdtExtractStart",
												"type": "SetVariable",
												"dependsOn": [],
												"userProperties": [],
												"typeProperties": {
													"variableName": "EgressBodyPdtExtractStart",
													"value": {
														"value": "@item().param_value",
														"type": "Expression"
													}
												}
											}
										]
									},
									{
										"value": "EgressBodyPprojectId",
										"activities": [
											{
												"name": "setEgressBodyPprojectId",
												"type": "SetVariable",
												"dependsOn": [],
												"userProperties": [],
												"typeProperties": {
													"variableName": "EgressBodyPprojectId",
													"value": {
														"value": "@item().param_value",
														"type": "Expression"
													}
												}
											}
										]
									},
									{
										"value": "EgressBodyPoverallQueryTimeout",
										"activities": [
											{
												"name": "setEgressBodyPoverallQueryTimeout",
												"type": "SetVariable",
												"dependsOn": [],
												"userProperties": [],
												"typeProperties": {
													"variableName": "EgressBodyPoverallQueryTimeout",
													"value": {
														"value": "@item().param_value",
														"type": "Expression"
													}
												}
											}
										]
									},
									{
										"value": "EgressBodyPAssetStatusId",
										"activities": [
											{
												"name": "setEgressBodyPAssetStatusId",
												"type": "SetVariable",
												"dependsOn": [],
												"userProperties": [],
												"typeProperties": {
													"variableName": "EgressBodyPAssetStatusId",
													"value": {
														"value": "@item().param_value",
														"type": "Expression"
													}
												}
											}
										]
									}
								]
							}
						}
					]
				}
			},
			{
				"name": "ExecuteCleansedToPSAWrapper",
				"description": "Used to execute the Cleansed to PSA Wrapper pipeline",
				"type": "ExecutePipeline",
				"dependsOn": [
					{
						"activity": "LogProcedureStart",
						"dependencyConditions": [
							"Succeeded"
						]
					}
				],
				"userProperties": [],
				"typeProperties": {
					"pipeline": {
						"referenceName": "LE_Cleansed_to_PSA_Wrapper",
						"type": "PipelineReference"
					},
					"waitOnCompletion": true,
					"parameters": {
						"pIngestionDB": {
							"value": "@pipeline().parameters.pIngestionDB",
							"type": "Expression"
						},
						"pCurationUser": {
							"value": "@pipeline().parameters.pCurationUser",
							"type": "Expression"
						},
						"pProjectID": {
							"value": "@pipeline().parameters.pProjectID",
							"type": "Expression"
						},
						"pAssetID": {
							"value": "@pipeline().parameters.pAssetID",
							"type": "Expression"
						}
					}
				}
			},
			{
				"name": "LogProcedureStart",
				"description": "Used to log the start time of the pipeline",
				"type": "SqlServerStoredProcedure",
				"dependsOn": [],
				"policy": {
					"timeout": "7.00:00:00",
					"retry": 0,
					"retryIntervalInSeconds": 30,
					"secureOutput": false,
					"secureInput": false
				},
				"userProperties": [],
				"typeProperties": {
					"storedProcedureName": "sp_executesql",
					"storedProcedureParameters": {
						"stmt ": {
							"value": {
								"value": "@concat('INSERT INTO [psa].[LE_ETL_Audit] select ''',pipeline().Pipeline,''',''Cleansed to PSA  & Egress Invocation execution started at ',formatDateTime(utcnow(),'yyyy-MM-dd HH:mm:ss'),''',''Started'',CURRENT_TIMESTAMP')",
								"type": "Expression"
							}
						}
					}
				},
				"linkedServiceName": {
					"referenceName": "azsyndna_curated_dw",
					"type": "LinkedServiceReference"
				}
			},
			{
				"name": "LogProcedureEnd",
				"type": "SqlServerStoredProcedure",
				"dependsOn": [
					{
						"activity": "If Condition1",
						"dependencyConditions": [
							"Succeeded"
						]
					}
				],
				"policy": {
					"timeout": "7.00:00:00",
					"retry": 0,
					"retryIntervalInSeconds": 30,
					"secureOutput": false,
					"secureInput": false
				},
				"userProperties": [],
				"typeProperties": {
					"storedProcedureName": "sp_executesql",
					"storedProcedureParameters": {
						"stmt ": {
							"value": {
								"value": "@concat('INSERT INTO [psa].[LE_ETL_Audit] select ''',pipeline().Pipeline,''',''Cleansed to PSA & Egress Invocation execution ended at ',formatDateTime(utcnow(),'yyyy-MM-dd HH:mm:ss'),''',''Ended'',CURRENT_TIMESTAMP')",
								"type": "Expression"
							}
						}
					}
				},
				"linkedServiceName": {
					"referenceName": "azsyndna_curated_dw",
					"type": "LinkedServiceReference"
				}
			},
			{
				"name": "LogEgressGenerateFactsStart",
				"description": "Used to log the start time of the EgressGenerateFacts pipeline",
				"type": "SqlServerStoredProcedure",
				"dependsOn": [
					{
						"activity": "IterateParams",
						"dependencyConditions": [
							"Succeeded"
						]
					}
				],
				"policy": {
					"timeout": "7.00:00:00",
					"retry": 0,
					"retryIntervalInSeconds": 30,
					"secureOutput": false,
					"secureInput": false
				},
				"userProperties": [],
				"typeProperties": {
					"storedProcedureName": "sp_executesql",
					"storedProcedureParameters": {
						"stmt ": {
							"value": {
								"value": "@concat('INSERT INTO [psa].[LE_ETL_Audit] select ''',pipeline().Pipeline,''','' EgressGenerateFacts  execution started at ',formatDateTime(utcnow(),'yyyy-MM-dd HH:mm:ss'),''',''Started'',CURRENT_TIMESTAMP')",
								"type": "Expression"
							}
						}
					}
				},
				"linkedServiceName": {
					"referenceName": "azsyndna_curated_dw",
					"type": "LinkedServiceReference"
				}
			}
		],
		"parameters": {
			"pIngestionDB": {
				"type": "string",
				"defaultValue": "dbo"
			},
			"pCurationUser": {
				"type": "string",
				"defaultValue": "CurationUser"
			},
			"pProjectID": {
				"type": "string",
				"defaultValue": "1800046418"
			},
			"pAssetID": {
				"type": "string",
				"defaultValue": "''"
			}
		},
		"variables": {
			"isFactSuccess": {
				"type": "String",
				"defaultValue": "Unknown"
			},
			"EgressPipelineSubscriptions": {
				"type": "String"
			},
			"EgressResourceGroups": {
				"type": "String"
			},
			"EgressFactoryName": {
				"type": "String"
			},
			"EgressGenerateFactsPipelineName": {
				"type": "String",
				"defaultValue": "DataGenerateFacts"
			},
			"EgressDataEgressExecutePipelineName": {
				"type": "String",
				"defaultValue": "DataEgressExecute"
			},
			"EgressPipelineResourceUrl": {
				"type": "String"
			},
			"EgressBodyPdtExtractStart": {
				"type": "String",
				"defaultValue": "liz_earle"
			},
			"EgressBodyPprojectId": {
				"type": "String",
				"defaultValue": "8007"
			},
			"EgressBodyPoverallQueryTimeout": {
				"type": "String",
				"defaultValue": "480"
			},
			"EgressBodyPAssetStatusId": {
				"type": "String",
				"defaultValue": "24032"
			}
		},
		"folder": {
			"name": "LizEarle"
		},
		"annotations": []
	}
}