{
	"name": "LE_Cleansed_to_PSA_Wrapper",
	"properties": {
		"description": "Used to execute the Cleansed to PSA pipelines for the LE Feeds",
		"activities": [
			{
				"name": "Lookup the feeds of LE",
				"description": "Lookup all the 55 feeds of Liz Earle Migration project . ",
				"type": "Lookup",
				"dependsOn": [
					{
						"activity": "PSALogProcedureStart",
						"dependencyConditions": [
							"Succeeded"
						]
					}
				],
				"policy": {
					"timeout": "7.00:00:00",
					"retry": 0,
					"retryIntervalInSeconds": 30,
					"secureOutput": false,
					"secureInput": false
				},
				"userProperties": [],
				"typeProperties": {
					"source": {
						"type": "SqlDWSource",
						"sqlReaderQuery": "SELECT feed_id FROM psa.cf_feed_configuration\nWHERE psa_table_name IN\n(\n'LEIT_LEXDH_LE_Bin_Item_LEXDH_Incr',\n'LEIT_LEXDH_LE_Bom_Item_Type_LEXDH_Incr',\n'LEIT_LEXDH_LE_CB_Account_Contact_LEXDH_Incr',\n'LEIT_LEXDH_LE_CB_Account_LEXDH_Incr',\n'LEIT_LEXDH_LE_Document_Print_Status_LEXDH_Incr',\n'LEIT_LEXDH_LE_Document_Status_LEXDH_Incr',   \n'LEIT_LEXDH_LE_Landed_Costs_Type_LEXDH_Incr', \n'LEIT_LEXDH_LE_NL_Account_Number_Cost_Centre_LEXDH_Incr',                            \n'LEIT_LEXDH_LE_NL_Account_Number_LEXDH_Incr', \n'LEIT_LEXDH_LE_NL_Account_Report_Category_LEXDH_Incr',                               \n'LEIT_LEXDH_LE_NL_Account_Report_Type_LEXDH_Incr',                                   \n'LEIT_LEXDH_LE_NL_Account_Type_LEXDH_Incr',   \n'LEIT_LEXDH_LE_NL_Cost_Centre_LEXDH_Incr',\n'LEIT_LEXDH_LE_NL_Department_LEXDH_Incr',\n'LEIT_LEXDH_LE_NL_Nominal_Account_LEXDH_Incr',\n'LEIT_LEXDH_LE_NL_Nominal_Tran_Type_LEXDH_Incr',\n'LEIT_LEXDH_LE_NL_Posted_Nominal_Transaction_LEXDH_Incr',                            \n'LEIT_LEXDH_LE_Order_Return_Line_Type_LEXDH_Incr',                                   \n'LEIT_LEXDH_LE_PL_Payment_Group_LEXDH_Incr',  \n'LEIT_LEXDH_LE_PL_Posted_Supplier_Transaction_LEXDH_Incr',                           \n'LEIT_LEXDH_LE_PL_Supplier_Account_LEXDH_Incr',  \n'LEIT_LEXDH_LE_PL_Supplier_Contact_LEXDH_Incr',  \n'LEIT_LEXDH_LE_PL_Supplier_Contact_Role_LEXDH_Incr',                                 \n'LEIT_LEXDH_LE_PL_Supplier_Contact_Value_LEXDH_Incr',                                \n'LEIT_LEXDH_LE_PL_Supplier_Location_LEXDH_Incr', \n'LEIT_LEXDH_LE_POP_Invoice_Credit_Line_LEXDH_Incr',                                  \n'LEIT_LEXDH_LE_POP_Invoice_Credit_Type_LEXDH_Incr',                                  \n'LEIT_LEXDH_LE_POP_Order_Return_LEXDH_Incr',  \n'LEIT_LEXDH_LE_POP_Order_Return_Line_LEXDH_Incr',\n'LEIT_LEXDH_LE_POP_Order_Return_Type_LEXDH_Incr',\n'LEIT_LEXDH_LE_POP_Receipt_Return_LEXDH_Incr',\n'LEIT_LEXDH_LE_POP_Receipt_Return_Line_LEXDH_Incr',                                  \n'LEIT_LEXDH_LE_POP_Receipt_Return_Type_LEXDH_Incr',                                  \n'LEIT_LEXDH_LE_Product_Group_LEXDH_Incr',\n'LEIT_LEXDH_LE_Salutation_LEXDH_Incr',\n'LEIT_LEXDH_LE_Source_Area_Type_LEXDH_Incr',  \n'LEIT_LEXDH_LE_Stock_Item_LEXDH_Incr',\n'LEIT_LEXDH_LE_Stock_Item_Status_LEXDH_Incr', \n'LEIT_LEXDH_LE_Stock_Item_Type_LEXDH_Incr',   \n'LEIT_LEXDH_LE_SYS_Account_Type_LEXDH_Incr',  \n'LEIT_LEXDH_LE_Sys_Contact_Type_LEXDH_Incr',  \n'LEIT_LEXDH_LE_SYS_Country_Code_LEXDH_Incr',  \n'LEIT_LEXDH_LE_SYS_Credit_Bureau_LEXDH_Incr', \n'LEIT_LEXDH_LE_SYS_Credit_Position_LEXDH_Incr',  \n'LEIT_LEXDH_LE_SYS_Currency_ISO_Code_LEXDH_Incr',\n'LEIT_LEXDH_LE_SYS_Currency_LEXDH_Incr',\n'LEIT_LEXDH_LE_SYS_Exchange_Rate_Type_LEXDH_Incr',                                   \n'LEIT_LEXDH_LE_SYS_Module_LEXDH_Incr',\n'LEIT_LEXDH_LE_SYS_Payment_Terms_Basis_LEXDH_Incr',                                  \n'LEIT_LEXDH_LE_Sys_Tax_EC_Term_LEXDH_Incr',   \n'LEIT_LEXDH_LE_Sys_Tax_Rate_LEXDH_Incr',\n'LEIT_LEXDH_LE_SYS_Trader_Contact_Role_LEXDH_Incr',                                  \n'LEIT_LEXDH_LE_SYS_Trader_Tran_Type_LEXDH_Incr', \n'LEIT_LEXDH_LE_Traceable_Type_LEXDH_Incr',\n'LEIT_LEXDH_LE_Warehouse_LEXDH_Incr'  \n)\norder by psa_table_name",
						"queryTimeout": "02:00:00",
						"partitionOption": "None"
					},
					"dataset": {
						"referenceName": "azsyndna_ds",
						"type": "DatasetReference",
						"parameters": {
							"pSynTable": "cf_feed_configuration",
							"pSynSchema": "psa"
						}
					},
					"firstRowOnly": false
				}
			},
			{
				"name": "For Each LE Feed",
				"description": "Run Cleanse to PSA for each LE feed fetched in previous step",
				"type": "ForEach",
				"dependsOn": [
					{
						"activity": "Lookup the feeds of LE",
						"dependencyConditions": [
							"Succeeded"
						]
					}
				],
				"userProperties": [],
				"typeProperties": {
					"items": {
						"value": "@activity('Lookup the feeds of LE').output.value",
						"type": "Expression"
					},
					"isSequential": false,
					"batchCount": 10,
					"activities": [
						{
							"name": "Execute Cleansed to PSA",
							"type": "ExecutePipeline",
							"dependsOn": [],
							"userProperties": [],
							"typeProperties": {
								"pipeline": {
									"referenceName": "CF_ValidFeedsProcess",
									"type": "PipelineReference"
								},
								"waitOnCompletion": true,
								"parameters": {
									"pFeedID": {
										"value": "@string(item().feed_id)",
										"type": "Expression"
									},
									"pIngestionDB": {
										"value": "@pipeline().parameters.pIngestionDB",
										"type": "Expression"
									},
									"pCurationUser": {
										"value": "@pipeline().parameters.pCurationUser",
										"type": "Expression"
									},
									"pProjectID": {
										"value": "@pipeline().parameters.pProjectID",
										"type": "Expression"
									},
									"pAssetID": {
										"value": "@pipeline().parameters.pAssetID",
										"type": "Expression"
									}
								}
							}
						}
					]
				}
			},
			{
				"name": "PSALogProcedureStart",
				"description": "Used to log the start of the pipeline",
				"type": "SqlServerStoredProcedure",
				"dependsOn": [],
				"policy": {
					"timeout": "7.00:00:00",
					"retry": 0,
					"retryIntervalInSeconds": 30,
					"secureOutput": false,
					"secureInput": false
				},
				"userProperties": [],
				"typeProperties": {
					"storedProcedureName": "sp_executesql",
					"storedProcedureParameters": {
						"stmt ": {
							"value": {
								"value": "@concat('INSERT INTO [psa].[LE_ETL_Audit] select ''',pipeline().Pipeline,''',''Cleansed to PSA Wrapper execution started at ',formatDateTime(utcnow(),'yyyy-MM-dd HH:mm:ss'),''',''Started'',CURRENT_TIMESTAMP')",
								"type": "Expression"
							}
						}
					}
				},
				"linkedServiceName": {
					"referenceName": "azsyndna_curated_dw",
					"type": "LinkedServiceReference"
				}
			},
			{
				"name": "PSALogProcedureEnd",
				"description": "Used to log the end of the pipeline",
				"type": "SqlServerStoredProcedure",
				"dependsOn": [
					{
						"activity": "For Each LE Feed",
						"dependencyConditions": [
							"Succeeded"
						]
					}
				],
				"policy": {
					"timeout": "7.00:00:00",
					"retry": 0,
					"retryIntervalInSeconds": 30,
					"secureOutput": false,
					"secureInput": false
				},
				"userProperties": [],
				"typeProperties": {
					"storedProcedureName": "sp_executesql",
					"storedProcedureParameters": {
						"stmt ": {
							"value": {
								"value": "@concat('INSERT INTO [psa].[LE_ETL_Audit] select ''',pipeline().Pipeline,''',''Cleansed to PSA Wrapper execution ended at ',formatDateTime(utcnow(),'yyyy-MM-dd HH:mm:ss'),''',''Ended'',CURRENT_TIMESTAMP')",
								"type": "Expression"
							}
						}
					}
				},
				"linkedServiceName": {
					"referenceName": "azsyndna_curated_dw",
					"type": "LinkedServiceReference"
				}
			}
		],
		"parameters": {
			"pIngestionDB": {
				"type": "string",
				"defaultValue": "dbo"
			},
			"pCurationUser": {
				"type": "string",
				"defaultValue": "CurationUser"
			},
			"pProjectID": {
				"type": "string",
				"defaultValue": "1800046418"
			},
			"pAssetID": {
				"type": "string",
				"defaultValue": "''"
			}
		},
		"folder": {
			"name": "LizEarle"
		},
		"annotations": []
	}
}