{
	"name": "LE_Egress_Zip_Generation_Wrapper",
	"properties": {
		"activities": [
			{
				"name": "DataEgressExecuteWeb",
				"description": "Used to execute the DataEgressExecute pipeline",
				"type": "WebActivity",
				"dependsOn": [
					{
						"activity": "ZipLogProcedureStart",
						"dependencyConditions": [
							"Succeeded"
						]
					}
				],
				"policy": {
					"timeout": "05:00:00",
					"retry": 0,
					"retryIntervalInSeconds": 30,
					"secureOutput": false,
					"secureInput": false
				},
				"userProperties": [],
				"typeProperties": {
					"url": {
						"value": "@concat('https://management.azure.com/subscriptions/',pipeline().parameters.PipelineSubscriptions,'/resourceGroups/',pipeline().parameters.ResourceGroups,'/providers/Microsoft.DataFactory/factories/',pipeline().parameters.FactoryName,'/pipelines/',pipeline().parameters.DataEgressExecutePipelineName,'/createRun?api-version=2018-06-01')",
						"type": "Expression"
					},
					"connectVia": {
						"referenceName": "dna-ir01",
						"type": "IntegrationRuntimeReference"
					},
					"method": "POST",
					"body": {
						"value": "@concat('{\"pAssetStatusID\":\"',pipeline().parameters.BodyPAssetStatusId,'\"' , ',\"pProjectID\":\"',pipeline().parameters.BodyPprojectId,'\"}' )",
						"type": "Expression"
					},
					"authentication": {
						"type": "MSI",
						"resource": {
							"value": "@pipeline().parameters.PipelineResourceUrl",
							"type": "Expression"
						}
					}
				}
			},
			{
				"name": "EgressZipUntilActivity",
				"description": "Used to wait for the DataEgressExecute pipeline to complete",
				"type": "Until",
				"dependsOn": [
					{
						"activity": "DataEgressExecuteWeb",
						"dependencyConditions": [
							"Succeeded"
						]
					}
				],
				"userProperties": [],
				"typeProperties": {
					"expression": {
						"value": "@or(equals('Succeeded',activity('EgressZipStatusChecker').output.status) , equals('Failed',activity('EgressZipStatusChecker').output.status))",
						"type": "Expression"
					},
					"activities": [
						{
							"name": "EgressZipStatusChecker",
							"type": "WebActivity",
							"dependsOn": [
								{
									"activity": "ZipWaitActivity",
									"dependencyConditions": [
										"Succeeded"
									]
								}
							],
							"policy": {
								"timeout": "7.00:00:00",
								"retry": 0,
								"retryIntervalInSeconds": 30,
								"secureOutput": false,
								"secureInput": false
							},
							"userProperties": [],
							"typeProperties": {
								"url": {
									"value": "@concat('https://management.azure.com/subscriptions/',pipeline().parameters.PipelineSubscriptions,'/resourceGroups/' ,pipeline().parameters.ResourceGroups,'/providers/Microsoft.DataFactory/factories/',pipeline().parameters.FactoryName,'/pipelineruns/',activity('DataEgressExecuteWeb').output.runId,'?api-version=2018-06-01')",
									"type": "Expression"
								},
								"connectVia": {
									"referenceName": "dna-ir01",
									"type": "IntegrationRuntimeReference"
								},
								"method": "GET",
								"headers": {
									"Content-Type": "application/json"
								},
								"authentication": {
									"type": "MSI",
									"resource": {
										"value": "@pipeline().parameters.PipelineResourceUrl",
										"type": "Expression"
									}
								}
							}
						},
						{
							"name": "ZipWaitActivity",
							"type": "Wait",
							"dependsOn": [],
							"userProperties": [],
							"typeProperties": {
								"waitTimeInSeconds": 10
							}
						},
						{
							"name": "EgressZipSuccessVar",
							"type": "SetVariable",
							"dependsOn": [
								{
									"activity": "EgressZipStatusChecker",
									"dependencyConditions": [
										"Succeeded"
									]
								}
							],
							"userProperties": [],
							"typeProperties": {
								"variableName": "isEgressZipSuccess",
								"value": {
									"value": "@activity('EgressZipStatusChecker').output.status",
									"type": "Expression"
								}
							}
						}
					],
					"timeout": "05:00:00"
				}
			},
			{
				"name": "If Condition1",
				"description": "Used to check the status of the DataEgressExecute pipeline",
				"type": "IfCondition",
				"dependsOn": [
					{
						"activity": "EgressZipUntilActivity",
						"dependencyConditions": [
							"Succeeded"
						]
					}
				],
				"userProperties": [],
				"typeProperties": {
					"expression": {
						"value": "@equals(variables('isEgressZipSuccess'),'Succeeded')",
						"type": "Expression"
					},
					"ifFalseActivities": [
						{
							"name": "ZipError",
							"type": "Lookup",
							"dependsOn": [
								{
									"activity": "EgressExecuteZipErrorLog",
									"dependencyConditions": [
										"Succeeded"
									]
								}
							],
							"policy": {
								"timeout": "7.00:00:00",
								"retry": 0,
								"retryIntervalInSeconds": 30,
								"secureOutput": false,
								"secureInput": false
							},
							"userProperties": [],
							"typeProperties": {
								"source": {
									"type": "SqlDWSource",
									"sqlReaderQuery": "EXECUTE sp_executesql N'THROW 50005, N''Egress DataEgressExecute Pipeline failed while invoking from Liz Earle Curation Framework'', 1'",
									"queryTimeout": "02:00:00",
									"partitionOption": "None"
								},
								"dataset": {
									"referenceName": "azsyndna_ds",
									"type": "DatasetReference",
									"parameters": {
										"pSynTable": "d",
										"pSynSchema": "d"
									}
								}
							}
						},
						{
							"name": "EgressExecuteZipErrorLog",
							"type": "SqlServerStoredProcedure",
							"dependsOn": [],
							"policy": {
								"timeout": "7.00:00:00",
								"retry": 0,
								"retryIntervalInSeconds": 30,
								"secureOutput": false,
								"secureInput": false
							},
							"userProperties": [],
							"typeProperties": {
								"storedProcedureName": "sp_executesql",
								"storedProcedureParameters": {
									"stmt ": {
										"value": {
											"value": "@concat('INSERT INTO [psa].[LE_ETL_Audit] select ''',pipeline().Pipeline,''',''Egress DataEgressExecute Zip generation pipeline failed'',''Failed'',CURRENT_TIMESTAMP')",
											"type": "Expression"
										}
									}
								}
							},
							"linkedServiceName": {
								"referenceName": "azsyndna_curated_dw",
								"type": "LinkedServiceReference"
							}
						}
					],
					"ifTrueActivities": [
						{
							"name": "EgressExecuteSuccessLog",
							"type": "SqlServerStoredProcedure",
							"dependsOn": [],
							"policy": {
								"timeout": "7.00:00:00",
								"retry": 0,
								"retryIntervalInSeconds": 30,
								"secureOutput": false,
								"secureInput": false
							},
							"userProperties": [],
							"typeProperties": {
								"storedProcedureName": "sp_executesql",
								"storedProcedureParameters": {
									"stmt ": {
										"value": {
											"value": "@concat('INSERT INTO [psa].[LE_ETL_Audit] select ''',pipeline().Pipeline,''',''Egress DataEgressExecute Zip generation pipeline succeeded'',''Succeeded'',CURRENT_TIMESTAMP')",
											"type": "Expression"
										}
									}
								}
							},
							"linkedServiceName": {
								"referenceName": "azsyndna_curated_dw",
								"type": "LinkedServiceReference"
							}
						}
					]
				}
			},
			{
				"name": "ZipLogProcedureStart",
				"description": "Used to log the start of the zip pipeline",
				"type": "SqlServerStoredProcedure",
				"dependsOn": [],
				"policy": {
					"timeout": "7.00:00:00",
					"retry": 0,
					"retryIntervalInSeconds": 30,
					"secureOutput": false,
					"secureInput": false
				},
				"userProperties": [],
				"typeProperties": {
					"storedProcedureName": "sp_executesql",
					"storedProcedureParameters": {
						"stmt ": {
							"value": {
								"value": "@concat('INSERT INTO [psa].[LE_ETL_Audit] select ''',pipeline().Pipeline,''',''Egress DataEgressExecute Pipeline Invocation started at ',formatDateTime(utcnow(),'yyyy-MM-dd HH:mm:ss'),''',''Started'',CURRENT_TIMESTAMP')",
								"type": "Expression"
							}
						}
					}
				},
				"linkedServiceName": {
					"referenceName": "azsyndna_curated_dw",
					"type": "LinkedServiceReference"
				}
			},
			{
				"name": "ZipLogProcedureEnd",
				"description": "Used to log the end of the Zip pipeline",
				"type": "SqlServerStoredProcedure",
				"dependsOn": [
					{
						"activity": "If Condition1",
						"dependencyConditions": [
							"Succeeded"
						]
					}
				],
				"policy": {
					"timeout": "7.00:00:00",
					"retry": 0,
					"retryIntervalInSeconds": 30,
					"secureOutput": false,
					"secureInput": false
				},
				"userProperties": [],
				"typeProperties": {
					"storedProcedureName": "sp_executesql",
					"storedProcedureParameters": {
						"stmt ": {
							"value": {
								"value": "@concat('INSERT INTO [psa].[LE_ETL_Audit] select ''',pipeline().Pipeline,''',''Egress DataEgressExecute Pipeline Invocation ended at ',formatDateTime(utcnow(),'yyyy-MM-dd HH:mm:ss'),''',''Ended'',CURRENT_TIMESTAMP')",
								"type": "Expression"
							}
						}
					}
				},
				"linkedServiceName": {
					"referenceName": "azsyndna_curated_dw",
					"type": "LinkedServiceReference"
				}
			}
		],
		"parameters": {
			"PipelineSubscriptions": {
				"type": "string"
			},
			"ResourceGroups": {
				"type": "string"
			},
			"FactoryName": {
				"type": "string"
			},
			"DataEgressExecutePipelineName": {
				"type": "string"
			},
			"PipelineResourceUrl": {
				"type": "string"
			},
			"BodyPprojectId": {
				"type": "string"
			},
			"BodyPAssetStatusId": {
				"type": "string"
			}
		},
		"variables": {
			"isEgressZipSuccess": {
				"type": "String",
				"defaultValue": "UnKnown"
			}
		},
		"folder": {
			"name": "LizEarle"
		},
		"annotations": []
	}
}