{
    "name": "LE_Unzip",
    "properties": {
        "description": "Calls the RunPythonScriptLizEarle Runbook via a WebHook activity.",
        "activities": [
            {
                "name": "Lookup_ADFParams",
                "description": "Used to lookup the ADF Parameters",
                "type": "Lookup",
                "dependsOn": [
                    {
                        "activity": "LogUnZipProcedureStart",
                        "dependencyConditions": [
                            "Succeeded"
                        ]
                    }
                ],
                "policy": {
                    "timeout": "7.00:00:00",
                    "retry": 0,
                    "retryIntervalInSeconds": 30,
                    "secureOutput": false,
                    "secureInput": false
                },
                "userProperties": [],
                "typeProperties": {
                    "source": {
                        "type": "SqlDWSource",
                        "sqlReaderQuery": "SELECT param_name,param_value FROM psa.LEIT_LEXDH_LE_Config WHERE param_type='ADFParams'",
                        "queryTimeout": "02:00:00",
                        "partitionOption": "None"
                    },
                    "dataset": {
                        "referenceName": "azsyndna_ds",
                        "type": "DatasetReference",
                        "parameters": {
                            "pSynTable": "LEIT_LEXDH_LE_Config",
                            "pSynSchema": "psa"
                        }
                    },
                    "firstRowOnly": false
                }
            },
            {
                "name": "IterateParams",
                "description": "Used to iterate through the looked up parameters",
                "type": "ForEach",
                "dependsOn": [
                    {
                        "activity": "Lookup_ADFParams",
                        "dependencyConditions": [
                            "Succeeded"
                        ]
                    }
                ],
                "userProperties": [],
                "typeProperties": {
                    "items": {
                        "value": "@activity('Lookup_ADFParams').output.value",
                        "type": "Expression"
                    },
                    "isSequential": false,
                    "activities": [
                        {
                            "name": "PopulateParams",
                            "type": "Switch",
                            "dependsOn": [],
                            "userProperties": [],
                            "typeProperties": {
                                "on": {
                                    "value": "@item().param_name",
                                    "type": "Expression"
                                },
                                "cases": [
                                    {
                                        "value": "StorageAccountName",
                                        "activities": [
                                            {
                                                "name": "setSourceContainerName",
                                                "type": "SetVariable",
                                                "dependsOn": [],
                                                "userProperties": [],
                                                "typeProperties": {
                                                    "variableName": "StorageAccountName",
                                                    "value": {
                                                        "value": "@item().param_value",
                                                        "type": "Expression"
                                                    }
                                                }
                                            }
                                        ]
                                    },
                                    {
                                        "value": "InputStorageContainerName",
                                        "activities": [
                                            {
                                                "name": "setInputStorageContainerName",
                                                "type": "SetVariable",
                                                "dependsOn": [],
                                                "userProperties": [],
                                                "typeProperties": {
                                                    "variableName": "InputStorageContainerName",
                                                    "value": {
                                                        "value": "@item().param_value",
                                                        "type": "Expression"
                                                    }
                                                }
                                            }
                                        ]
                                    },
                                    {
                                        "value": "OutputStorageContainerName",
                                        "activities": [
                                            {
                                                "name": "setOutputStorageContainerName",
                                                "type": "SetVariable",
                                                "dependsOn": [],
                                                "userProperties": [],
                                                "typeProperties": {
                                                    "variableName": "OutputStorageContainerName",
                                                    "value": {
                                                        "value": "@item().param_value",
                                                        "type": "Expression"
                                                    }
                                                }
                                            }
                                        ]
                                    },
                                    {
                                        "value": "FeedPropertyFileName",
                                        "activities": [
                                            {
                                                "name": "setFeedPropertyFileName",
                                                "type": "SetVariable",
                                                "dependsOn": [],
                                                "userProperties": [],
                                                "typeProperties": {
                                                    "variableName": "FeedPropertyFileName",
                                                    "value": {
                                                        "value": "@item().param_value",
                                                        "type": "Expression"
                                                    }
                                                }
                                            }
                                        ]
                                    },
                                    {
                                        "value": "InputFilePath",
                                        "activities": [
                                            {
                                                "name": "setInputFilePath",
                                                "type": "SetVariable",
                                                "dependsOn": [],
                                                "userProperties": [],
                                                "typeProperties": {
                                                    "variableName": "InputFilePath",
                                                    "value": {
                                                        "value": "@item().param_value",
                                                        "type": "Expression"
                                                    }
                                                }
                                            }
                                        ]
                                    },
                                    {
                                        "value": "Retailer",
                                        "activities": [
                                            {
                                                "name": "setRetailer",
                                                "type": "SetVariable",
                                                "dependsOn": [],
                                                "userProperties": [],
                                                "typeProperties": {
                                                    "variableName": "Retailer",
                                                    "value": {
                                                        "value": "@item().param_value",
                                                        "type": "Expression"
                                                    }
                                                }
                                            }
                                        ]
                                    },
                                    {
                                        "value": "IsUTF8ConversionRequired",
                                        "activities": [
                                            {
                                                "name": "setIsUTF8ConversionRequired",
                                                "type": "SetVariable",
                                                "dependsOn": [],
                                                "userProperties": [],
                                                "typeProperties": {
                                                    "variableName": "IsUTF8ConversionRequired",
                                                    "value": {
                                                        "value": "@item().param_value",
                                                        "type": "Expression"
                                                    }
                                                }
                                            }
                                        ]
                                    },
                                    {
                                        "value": "WebHookPython",
                                        "activities": [
                                            {
                                                "name": "setWebHookPython",
                                                "type": "SetVariable",
                                                "dependsOn": [],
                                                "userProperties": [],
                                                "typeProperties": {
                                                    "variableName": "WebHookPython",
                                                    "value": {
                                                        "value": "@item().param_value",
                                                        "type": "Expression"
                                                    }
                                                }
                                            }
                                        ]
                                    },
                                    {
                                        "value": "ArchiveFilePath",
                                        "activities": [
                                            {
                                                "name": "setArchiveFilePath",
                                                "type": "SetVariable",
                                                "dependsOn": [],
                                                "userProperties": [],
                                                "typeProperties": {
                                                    "variableName": "ArchiveFilePath",
                                                    "value": {
                                                        "value": "@item().param_value",
                                                        "type": "Expression"
                                                    }
                                                }
                                            }
                                        ]
                                    },
                                    {
                                        "value": "CollectionFilePath",
                                        "activities": [
                                            {
                                                "name": "setCollectionFilePath",
                                                "type": "SetVariable",
                                                "dependsOn": [],
                                                "userProperties": [],
                                                "typeProperties": {
                                                    "variableName": "CollectionFilePath",
                                                    "value": {
                                                        "value": "@item().param_value",
                                                        "type": "Expression"
                                                    }
                                                }
                                            }
                                        ]
                                    },
                                    {
                                        "value": "CollectionArchiveFilePath",
                                        "activities": [
                                            {
                                                "name": "setCollectionArchiveFilePath",
                                                "type": "SetVariable",
                                                "dependsOn": [],
                                                "userProperties": [],
                                                "typeProperties": {
                                                    "variableName": "CollectionArchiveFilePath",
                                                    "value": {
                                                        "value": "@item().param_value",
                                                        "type": "Expression"
                                                    }
                                                }
                                            }
                                        ]
                                    },
                                    {
                                        "value": "CollectionContainerName",
                                        "activities": [
                                            {
                                                "name": "setCollectionContainerName",
                                                "type": "SetVariable",
                                                "dependsOn": [],
                                                "userProperties": [],
                                                "typeProperties": {
                                                    "variableName": "CollectionContainerName",
                                                    "value": {
                                                        "value": "@item().param_value",
                                                        "type": "Expression"
                                                    }
                                                }
                                            }
                                        ]
                                    },
                                    {
                                        "value": "CollectionStorageAccountName",
                                        "activities": [
                                            {
                                                "name": "setCollectionStorageAccountName",
                                                "type": "SetVariable",
                                                "dependsOn": [],
                                                "userProperties": [],
                                                "typeProperties": {
                                                    "variableName": "CollectionStorageAccountName",
                                                    "value": {
                                                        "value": "@item().param_value",
                                                        "type": "Expression"
                                                    }
                                                }
                                            }
                                        ]
                                    }
                                ]
                            }
                        }
                    ]
                }
            },
            {
                "name": "GetInputContents",
                "description": "Get the input contents from the input path",
                "type": "GetMetadata",
                "dependsOn": [
                    {
                        "activity": "LogCollectionArchivalProcedureEnd",
                        "dependencyConditions": [
                            "Succeeded"
                        ]
                    }
                ],
                "policy": {
                    "timeout": "7.00:00:00",
                    "retry": 0,
                    "retryIntervalInSeconds": 30,
                    "secureOutput": false,
                    "secureInput": false
                },
                "userProperties": [],
                "typeProperties": {
                    "dataset": {
                        "referenceName": "le_zipfile",
                        "type": "DatasetReference",
                        "parameters": {
                            "pContainer": {
                                "value": "@variables('InputStorageContainerName')",
                                "type": "Expression"
                            },
                            "pBlobPath": {
                                "value": "@variables('InputFilePath')",
                                "type": "Expression"
                            }
                        }
                    },
                    "fieldList": [
                        "exists",
                        "childItems"
                    ],
                    "storeSettings": {
                        "type": "AzureBlobStorageReadSettings",
                        "recursive": true,
                        "enablePartitionDiscovery": false
                    },
                    "formatSettings": {
                        "type": "BinaryReadSettings"
                    }
                }
            },
            {
                "name": "Filter_ZipFile",
                "description": "Filter the contents to pick the zip file",
                "type": "Filter",
                "dependsOn": [
                    {
                        "activity": "GetInputContents",
                        "dependencyConditions": [
                            "Succeeded"
                        ]
                    }
                ],
                "userProperties": [],
                "typeProperties": {
                    "items": {
                        "value": "@activity('GetInputContents').output.childItems",
                        "type": "Expression"
                    },
                    "condition": {
                        "value": "@equals(startswith(item().name,'LEIT_LEX_CDH_SAGE'),true)",
                        "type": "Expression"
                    }
                }
            },
            {
                "name": "If_File_Exists",
                "description": "Used to check if the file exists",
                "type": "IfCondition",
                "dependsOn": [
                    {
                        "activity": "Filter_ZipFile",
                        "dependencyConditions": [
                            "Succeeded"
                        ]
                    }
                ],
                "userProperties": [],
                "typeProperties": {
                    "expression": {
                        "value": "@equals(activity('Filter_ZipFile').output.FilteredItemsCount,1)",
                        "type": "Expression"
                    },
                    "ifTrueActivities": [
                        {
                            "name": "WebHook_RunPythonScript",
                            "description": "Calls RunPythonScript Runbook.",
                            "type": "WebHook",
                            "dependsOn": [
                                {
                                    "activity": "Copy_FeedName_FeedPath",
                                    "dependencyConditions": [
                                        "Succeeded"
                                    ]
                                }
                            ],
                            "userProperties": [],
                            "typeProperties": {
                                "url": {
                                    "value": "@variables('WebHookPython')",
                                    "type": "Expression"
                                },
                                "method": "POST",
                                "headers": {
                                    "message": "StartedbyWBA"
                                },
                                "body": {
                                    "value": "@json(concat('{ \"inputFilename\": \"',variables('InputFileName'),'\"'\n           ,', \"StorageAccountName\": \"',variables('StorageAccountName'),'\"'\n           ,', \"InputStorageContainerName\": \"',variables('InputStorageContainerName'),'\"'\n           ,', \"OutputStorageContainerName\": \"',variables('OutputStorageContainerName'),'\"'\n           ,', \"InputFilePath\": \"',variables('InputFilePath'),'\"'\n           ,', \"FeedPropertyFileName\": \"',variables('FeedPropertyFileName'),'\"'\n           ,', \"IsUTF8ConversionRequired\": \"',variables('IsUTF8ConversionRequired'),'\"'\n             ,', \"Retailer\": \"',variables('Retailer'),'\"'\n           ,'}'))",
                                    "type": "Expression"
                                },
                                "timeout": "00:59:00",
                                "reportStatusOnCallBack": true
                            }
                        },
                        {
                            "name": "Copy_FeedName_FeedPath",
                            "description": "Copy the feed names and paths to the properties file",
                            "type": "Copy",
                            "dependsOn": [
                                {
                                    "activity": "setInputFileName",
                                    "dependencyConditions": [
                                        "Succeeded"
                                    ]
                                }
                            ],
                            "policy": {
                                "timeout": "7.00:00:00",
                                "retry": 0,
                                "retryIntervalInSeconds": 30,
                                "secureOutput": false,
                                "secureInput": false
                            },
                            "userProperties": [],
                            "typeProperties": {
                                "source": {
                                    "type": "SqlDWSource",
                                    "sqlReaderQuery": "SELECT param_name,param_value FROM [psa].[LEIT_LEXDH_LE_Config] WHERE param_type='Feed'",
                                    "queryTimeout": "02:00:00",
                                    "partitionOption": "None"
                                },
                                "sink": {
                                    "type": "DelimitedTextSink",
                                    "storeSettings": {
                                        "type": "AzureBlobStorageWriteSettings"
                                    },
                                    "formatSettings": {
                                        "type": "DelimitedTextWriteSettings",
                                        "quoteAllText": true,
                                        "fileExtension": ".txt"
                                    }
                                },
                                "enableStaging": false,
                                "translator": {
                                    "type": "TabularTranslator",
                                    "typeConversion": true,
                                    "typeConversionSettings": {
                                        "allowDataTruncation": true,
                                        "treatBooleanAsNumber": false
                                    }
                                }
                            },
                            "inputs": [
                                {
                                    "referenceName": "LizEarleDBAccount",
                                    "type": "DatasetReference",
                                    "parameters": {
                                        "schemaName": "psa",
                                        "tableName": "LEIT_LEXDH_LE_Config"
                                    }
                                }
                            ],
                            "outputs": [
                                {
                                    "referenceName": "lizearle_feed_property",
                                    "type": "DatasetReference",
                                    "parameters": {
                                        "fileName": {
                                            "value": "@variables('FeedPropertyFileName')",
                                            "type": "Expression"
                                        },
                                        "blobName": {
                                            "value": "@variables('InputStorageContainerName')",
                                            "type": "Expression"
                                        },
                                        "blobPath": {
                                            "value": "@variables('InputFilePath')",
                                            "type": "Expression"
                                        }
                                    }
                                }
                            ]
                        },
                        {
                            "name": "setInputFileName",
                            "description": "Used to get the input file name",
                            "type": "SetVariable",
                            "dependsOn": [],
                            "userProperties": [],
                            "typeProperties": {
                                "variableName": "InputFileName",
                                "value": {
                                    "value": "@activity('Filter_ZipFile').output.Value[0].name",
                                    "type": "Expression"
                                }
                            }
                        },
                        {
                            "name": "Delete_FeedPropertyFile",
                            "description": "Delete the zip file from the input path",
                            "type": "Delete",
                            "dependsOn": [
                                {
                                    "activity": "WebHook_RunPythonScript",
                                    "dependencyConditions": [
                                        "Completed"
                                    ]
                                }
                            ],
                            "policy": {
                                "timeout": "7.00:00:00",
                                "retry": 0,
                                "retryIntervalInSeconds": 30,
                                "secureOutput": false,
                                "secureInput": false
                            },
                            "userProperties": [],
                            "typeProperties": {
                                "dataset": {
                                    "referenceName": "lizearle_feed_property",
                                    "type": "DatasetReference",
                                    "parameters": {
                                        "fileName": {
                                            "value": "@variables('FeedPropertyFileName')",
                                            "type": "Expression"
                                        },
                                        "blobName": {
                                            "value": "@variables('InputStorageContainerName')",
                                            "type": "Expression"
                                        },
                                        "blobPath": {
                                            "value": "@variables('InputFilePath')",
                                            "type": "Expression"
                                        }
                                    }
                                },
                                "enableLogging": false,
                                "storeSettings": {
                                    "type": "AzureBlobStorageReadSettings",
                                    "recursive": true,
                                    "enablePartitionDiscovery": false
                                }
                            }
                        },
                        {
                            "name": "Copy_InputFile_ToArchive",
                            "description": "Copy the input zip file to Archive folder",
                            "type": "Copy",
                            "dependsOn": [
                                {
                                    "activity": "WebHook_RunPythonScript",
                                    "dependencyConditions": [
                                        "Succeeded"
                                    ]
                                }
                            ],
                            "policy": {
                                "timeout": "7.00:00:00",
                                "retry": 0,
                                "retryIntervalInSeconds": 30,
                                "secureOutput": false,
                                "secureInput": false
                            },
                            "userProperties": [],
                            "typeProperties": {
                                "source": {
                                    "type": "BinarySource",
                                    "storeSettings": {
                                        "type": "AzureBlobStorageReadSettings",
                                        "recursive": true,
                                        "deleteFilesAfterCompletion": true
                                    },
                                    "formatSettings": {
                                        "type": "BinaryReadSettings"
                                    }
                                },
                                "sink": {
                                    "type": "BinarySink",
                                    "storeSettings": {
                                        "type": "AzureBlobStorageWriteSettings"
                                    }
                                },
                                "enableStaging": false
                            },
                            "inputs": [
                                {
                                    "referenceName": "azbinfile_landing_bounce",
                                    "type": "DatasetReference",
                                    "parameters": {
                                        "pContainer": {
                                            "value": "@variables('InputStorageContainerName')",
                                            "type": "Expression"
                                        },
                                        "pFolderPath": {
                                            "value": "@variables('InputFilePath')",
                                            "type": "Expression"
                                        },
                                        "pFileName": {
                                            "value": "@variables('InputFileName')",
                                            "type": "Expression"
                                        }
                                    }
                                }
                            ],
                            "outputs": [
                                {
                                    "referenceName": "azbinfile_landing_bounce",
                                    "type": "DatasetReference",
                                    "parameters": {
                                        "pContainer": {
                                            "value": "@variables('InputStorageContainerName')",
                                            "type": "Expression"
                                        },
                                        "pFolderPath": {
                                            "value": "@variables('ArchiveFilePath')",
                                            "type": "Expression"
                                        },
                                        "pFileName": {
                                            "value": "@variables('InputFileName')",
                                            "type": "Expression"
                                        }
                                    }
                                }
                            ]
                        },
                        {
                            "name": "WebhookError",
                            "description": "Used to update the failure status of the webhook",
                            "type": "SqlServerStoredProcedure",
                            "dependsOn": [
                                {
                                    "activity": "WebHook_RunPythonScript",
                                    "dependencyConditions": [
                                        "Failed"
                                    ]
                                }
                            ],
                            "policy": {
                                "timeout": "7.00:00:00",
                                "retry": 0,
                                "retryIntervalInSeconds": 30,
                                "secureOutput": false,
                                "secureInput": false
                            },
                            "userProperties": [],
                            "typeProperties": {
                                "storedProcedureName": "sp_executesql",
                                "storedProcedureParameters": {
                                    "stmt ": {
                                        "value": {
                                            "value": "@concat('INSERT INTO [psa].[LE_ETL_Audit] select ''',pipeline().Pipeline,''',''Webhook execution is failed '',''Failed'',CURRENT_TIMESTAMP')",
                                            "type": "Expression"
                                        }
                                    }
                                }
                            },
                            "linkedServiceName": {
                                "referenceName": "azsyndna_curated_dw",
                                "type": "LinkedServiceReference"
                            }
                        },
                        {
                            "name": "LogUnZipProcedureEnd",
                            "description": "Used to log the Unzip Pipeline End time details",
                            "type": "SqlServerStoredProcedure",
                            "dependsOn": [
                                {
                                    "activity": "Copy_InputFile_ToArchive",
                                    "dependencyConditions": [
                                        "Succeeded"
                                    ]
                                }
                            ],
                            "policy": {
                                "timeout": "7.00:00:00",
                                "retry": 0,
                                "retryIntervalInSeconds": 30,
                                "secureOutput": false,
                                "secureInput": false
                            },
                            "userProperties": [],
                            "typeProperties": {
                                "storedProcedureName": "sp_executesql",
                                "storedProcedureParameters": {
                                    "stmt ": {
                                        "value": {
                                            "value": "@concat('INSERT INTO [psa].[LE_ETL_Audit] select ''',pipeline().Pipeline,''',''UnZip Process ended for the file ',variables('InputFileName'),''',''Ended'',CURRENT_TIMESTAMP')",
                                            "type": "Expression"
                                        }
                                    }
                                }
                            },
                            "linkedServiceName": {
                                "referenceName": "azsyndna_curated_dw",
                                "type": "LinkedServiceReference"
                            }
                        }
                    ]
                }
            },
            {
                "name": "LogUnZipProcedureStart",
                "description": "Used to log the Start time of the pipeline",
                "type": "SqlServerStoredProcedure",
                "dependsOn": [],
                "policy": {
                    "timeout": "7.00:00:00",
                    "retry": 0,
                    "retryIntervalInSeconds": 30,
                    "secureOutput": false,
                    "secureInput": false
                },
                "userProperties": [],
                "typeProperties": {
                    "storedProcedureName": "sp_executesql",
                    "storedProcedureParameters": {
                        "stmt ": {
                            "value": {
                                "value": "@concat('INSERT INTO [psa].[LE_ETL_Audit] select ''',pipeline().Pipeline,''',''Liz Earle UnZip started for file name ',variables('InputFileName'),''',''Started'',CURRENT_TIMESTAMP')",
                                "type": "Expression"
                            }
                        }
                    }
                },
                "linkedServiceName": {
                    "referenceName": "azsyndna_curated_dw",
                    "type": "LinkedServiceReference"
                }
            },
            {
                "name": "Copy Previous Output File to Archive",
                "type": "Copy",
                "dependsOn": [
                    {
                        "activity": "LogCollectionArchivalProcedureStart",
                        "dependencyConditions": [
                            "Succeeded"
                        ]
                    }
                ],
                "policy": {
                    "timeout": "7.00:00:00",
                    "retry": 0,
                    "retryIntervalInSeconds": 30,
                    "secureOutput": false,
                    "secureInput": false
                },
                "userProperties": [],
                "typeProperties": {
                    "source": {
                        "type": "BinarySource",
                        "storeSettings": {
                            "type": "AzureBlobStorageReadSettings",
                            "recursive": true,
                            "wildcardFileName": "*.zip",
                            "deleteFilesAfterCompletion": true
                        },
                        "formatSettings": {
                            "type": "BinaryReadSettings"
                        }
                    },
                    "sink": {
                        "type": "BinarySink",
                        "storeSettings": {
                            "type": "AzureBlobStorageWriteSettings"
                        }
                    },
                    "enableStaging": false
                },
                "inputs": [
                    {
                        "referenceName": "azbinfile_generic_blob",
                        "type": "DatasetReference",
                        "parameters": {
                            "pFilePath": {
                                "value": "@variables('CollectionFilePath')",
                                "type": "Expression"
                            },
                            "pContainer": {
                                "value": "@variables('CollectionContainerName')",
                                "type": "Expression"
                            },
                            "pStorageAccountServiceEndPoint": {
                                "value": "@concat('https://',variables('CollectionStorageAccountName'),'.blob.core.windows.net')",
                                "type": "Expression"
                            }
                        }
                    }
                ],
                "outputs": [
                    {
                        "referenceName": "azbinfile_generic_blob",
                        "type": "DatasetReference",
                        "parameters": {
                            "pFilePath": {
                                "value": "@variables('CollectionArchiveFilePath')",
                                "type": "Expression"
                            },
                            "pContainer": {
                                "value": "@variables('CollectionContainerName')",
                                "type": "Expression"
                            },
                            "pStorageAccountServiceEndPoint": {
                                "value": "@concat('https://',variables('CollectionStorageAccountName'),'.blob.core.windows.net')",
                                "type": "Expression"
                            }
                        }
                    }
                ]
            },
            {
                "name": "LogCollectionArchivalProcedureStart",
                "description": "Used to log the Collection Archival Start time ",
                "type": "SqlServerStoredProcedure",
                "dependsOn": [
                    {
                        "activity": "IterateParams",
                        "dependencyConditions": [
                            "Succeeded"
                        ]
                    }
                ],
                "policy": {
                    "timeout": "7.00:00:00",
                    "retry": 0,
                    "retryIntervalInSeconds": 30,
                    "secureOutput": false,
                    "secureInput": false
                },
                "userProperties": [],
                "typeProperties": {
                    "storedProcedureName": "sp_executesql",
                    "storedProcedureParameters": {
                        "stmt ": {
                            "value": {
                                "value": "@concat('INSERT INTO [psa].[LE_ETL_Audit] select ''',pipeline().Pipeline,''',''Liz Earle Collection Archival started'',''Started'',CURRENT_TIMESTAMP')",
                                "type": "Expression"
                            }
                        }
                    }
                },
                "linkedServiceName": {
                    "referenceName": "azsyndna_curated_dw",
                    "type": "LinkedServiceReference"
                }
            },
            {
                "name": "LogCollectionArchivalProcedureEnd",
                "description": "Used to log the Collection Archival End time ",
                "type": "SqlServerStoredProcedure",
                "dependsOn": [
                    {
                        "activity": "Copy Previous Output File to Archive",
                        "dependencyConditions": [
                            "Succeeded"
                        ]
                    }
                ],
                "policy": {
                    "timeout": "7.00:00:00",
                    "retry": 0,
                    "retryIntervalInSeconds": 30,
                    "secureOutput": false,
                    "secureInput": false
                },
                "userProperties": [],
                "typeProperties": {
                    "storedProcedureName": "sp_executesql",
                    "storedProcedureParameters": {
                        "stmt ": {
                            "value": {
                                "value": "@concat('INSERT INTO [psa].[LE_ETL_Audit] select ''',pipeline().Pipeline,''',''Liz Earle Collection Archival Ended'',''Ended'',CURRENT_TIMESTAMP')",
                                "type": "Expression"
                            }
                        }
                    }
                },
                "linkedServiceName": {
                    "referenceName": "azsyndna_curated_dw",
                    "type": "LinkedServiceReference"
                }
            }
        ],
        "variables": {
            "StorageAccountName": {
                "type": "String"
            },
            "InputStorageContainerName": {
                "type": "String"
            },
            "OutputStorageContainerName": {
                "type": "String"
            },
            "FeedPropertyFileName": {
                "type": "String"
            },
            "InputFilePath": {
                "type": "String"
            },
            "Retailer": {
                "type": "String"
            },
            "IsUTF8ConversionRequired": {
                "type": "String"
            },
            "WebHookPython": {
                "type": "String"
            },
            "InputFileName": {
                "type": "String"
            },
            "ArchiveFilePath": {
                "type": "String"
            },
            "CollectionFilePath": {
                "type": "String"
            },
            "CollectionArchiveFilePath": {
                "type": "String"
            },
            "CollectionContainerName": {
                "type": "String"
            },
            "CollectionStorageAccountName": {
                "type": "String"
            }
        },
        "folder": {
            "name": "LizEarle"
        },
        "annotations": []
    },
    "type": "Microsoft.DataFactory/factories/pipelines"
}