{
	"name": "Log_System_Log",
	"properties": {
		"description": "Calls LogSystemLog to log an event in the System Log. This pipeline will then get called from everywhere that wants to log messages.",
		"activities": [
			{
				"name": "dc_metadata-LogSystemLog",
				"type": "SqlServerStoredProcedure",
				"dependsOn": [],
				"policy": {
					"timeout": "7.00:00:00",
					"retry": 0,
					"retryIntervalInSeconds": 30,
					"secureOutput": false,
					"secureInput": false
				},
				"userProperties": [],
				"typeProperties": {
					"storedProcedureName": "[dc_metadata].[LogSystemLog]",
					"storedProcedureParameters": {
						"log_message": {
							"value": {
								"value": "@pipeline().parameters.log_message",
								"type": "Expression"
							},
							"type": "String"
						},
						"log_type": {
							"value": {
								"value": "@pipeline().parameters.log_type",
								"type": "Expression"
							},
							"type": "String"
						}
					}
				},
				"linkedServiceName": {
					"referenceName": "azsyndna_curated_dw",
					"type": "LinkedServiceReference"
				}
			}
		],
		"parameters": {
			"log_type": {
				"type": "string"
			},
			"log_message": {
				"type": "string"
			}
		},
		"folder": {
			"name": "GBA Data Acquisition/Common"
		},
		"annotations": []
	},
	"type": "Microsoft.DataFactory/factories/pipelines"
}