{
	"name": "microbatchMaster",
	"properties": {
		"activities": [
			{
				"name": "ProjectParams",
				"type": "Lookup",
				"dependsOn": [],
				"policy": {
					"timeout": "0.00:05:00",
					"retry": 0,
					"retryIntervalInSeconds": 30,
					"secureOutput": false,
					"secureInput": false
				},
				"userProperties": [],
				"typeProperties": {
					"source": {
						"type": "AzureSqlSource",
						"sqlReaderQuery": {
							"value": "select * from pr_ref.GDHDynamicADFParams where project_name='@{pipeline().parameters.project}' and process_name='microbatch' and environment ='@{pipeline().parameters.env}'",
							"type": "Expression"
						},
						"queryTimeout": "00:20:00",
						"partitionOption": "None"
					},
					"dataset": {
						"referenceName": "azsqldna_projectref",
						"type": "DatasetReference",
						"parameters": {
							"schema": "pr_ref",
							"table": "GDHDynamicADFParams"
						}
					},
					"firstRowOnly": false
				}
			},
			{
				"name": "Checking current total jobs in platform",
				"type": "Lookup",
				"dependsOn": [
					{
						"activity": "Job Count status in Platform",
						"dependencyConditions": [
							"Succeeded"
						]
					}
				],
				"policy": {
					"timeout": "7.00:00:00",
					"retry": 0,
					"retryIntervalInSeconds": 30,
					"secureOutput": false,
					"secureInput": false
				},
				"userProperties": [],
				"typeProperties": {
					"source": {
						"type": "AzureSqlSource",
						"sqlReaderQuery": {
							"value": "SELECT count(*) as run_count from \n(\nSELECT a.AssetID,a.DTEffectiveFrom from dbo.Assetstatus a join dbo.Asset b on a.AssetID = b.AssetID\nwhere  StatusID IN ('24045') and AssetCurrentLocation IN ('dispatch%') and DTEffectiveFrom <= GETDATE() and DTEffectiveFrom > DATEADD(mi,-2,GETDATE())\nUNION \nSELECT a.AssetID,a.DTEffectiveFrom from dbo.Assetstatus a join dbo.Asset b on a.AssetID = b.AssetID\nwhere  StatusID IN ('24011') and DTEffectiveFrom <= GETDATE() and DTEffectiveFrom > DATEADD(mi,-2,GETDATE()) \n) sub ",
							"type": "Expression"
						},
						"queryTimeout": "00:05:00",
						"partitionOption": "None"
					},
					"dataset": {
						"referenceName": "azdbdna_ds_metadata",
						"type": "DatasetReference"
					},
					"firstRowOnly": false
				}
			},
			{
				"name": "Job Count status in Platform",
				"type": "Lookup",
				"dependsOn": [],
				"policy": {
					"timeout": "7.00:00:00",
					"retry": 0,
					"retryIntervalInSeconds": 30,
					"secureOutput": false,
					"secureInput": false
				},
				"userProperties": [],
				"typeProperties": {
					"source": {
						"type": "AzureSqlSource",
						"sqlReaderQuery": {
							"value": "SELECT count(*) as run_count from \n(\nSELECT a.AssetID,a.DTEffectiveFrom from dbo.Assetstatus a join dbo.Asset b on a.AssetID = b.AssetID\nwhere  StatusID IN ('24013') and AssetName LIKE '%@{pipeline().parameters.pattern}%' and DTEffectiveFrom <= GETDATE() and DTEffectiveFrom > DATEADD(mi,-1,GETDATE())\nUNION \nSELECT a.AssetID,a.DTEffectiveFrom from dbo.Assetstatus a join dbo.Asset b on a.AssetID = b.AssetID\nwhere  StatusID IN ('24011') and AssetName LIKE '%@{pipeline().parameters.pattern}%' and DTEffectiveFrom <= GETDATE() and DTEffectiveFrom > DATEADD(mi,-1,GETDATE()) \n) sub",
							"type": "Expression"
						},
						"queryTimeout": "00:05:00",
						"partitionOption": "None"
					},
					"dataset": {
						"referenceName": "azdbdna_ds_metadata",
						"type": "DatasetReference"
					},
					"firstRowOnly": false
				}
			},
			{
				"name": "IterarteProjectParams",
				"type": "ForEach",
				"dependsOn": [
					{
						"activity": "ProjectParams",
						"dependencyConditions": [
							"Succeeded"
						]
					}
				],
				"userProperties": [],
				"typeProperties": {
					"items": {
						"value": "@activity('ProjectParams').output.value",
						"type": "Expression"
					},
					"isSequential": false,
					"activities": [
						{
							"name": "Switch1",
							"type": "Switch",
							"dependsOn": [],
							"userProperties": [],
							"typeProperties": {
								"on": {
									"value": "@item().param_key",
									"type": "Expression"
								},
								"cases": [
									{
										"value": "mb_flag",
										"activities": [
											{
												"name": "Set microbatch flag",
												"type": "SetVariable",
												"dependsOn": [],
												"userProperties": [],
												"typeProperties": {
													"variableName": "mbFlag",
													"value": {
														"value": "@item().param_value",
														"type": "Expression"
													}
												}
											}
										]
									},
									{
										"value": "count",
										"activities": [
											{
												"name": "Set count",
												"type": "SetVariable",
												"dependsOn": [],
												"userProperties": [],
												"typeProperties": {
													"variableName": "count",
													"value": {
														"value": "@item().param_value",
														"type": "Expression"
													}
												}
											}
										]
									},
									{
										"value": "concurrency",
										"activities": [
											{
												"name": "Set limit",
												"type": "SetVariable",
												"dependsOn": [],
												"userProperties": [],
												"typeProperties": {
													"variableName": "limit",
													"value": {
														"value": "@item().param_value",
														"type": "Expression"
													}
												}
											}
										]
									}
								]
							}
						}
					]
				}
			},
			{
				"name": "CheckToProceed",
				"type": "IfCondition",
				"dependsOn": [
					{
						"activity": "IterarteProjectParams",
						"dependencyConditions": [
							"Succeeded"
						]
					},
					{
						"activity": "Job Count status in Platform",
						"dependencyConditions": [
							"Succeeded"
						]
					}
				],
				"userProperties": [],
				"typeProperties": {
					"expression": {
						"value": "@and(and(equals(variables('mbFlag'),'OFF'), less(int(activity('Job Count status in Platform').output.value[0].run_count),int(variables('limit')))),pipeline().parameters.extraCheckForMBStartIfAny)",
						"type": "Expression"
					},
					"ifFalseActivities": [
						{
							"name": "Mb Proceed Condition Failed",
							"type": "Wait",
							"dependsOn": [],
							"userProperties": [],
							"typeProperties": {
								"waitTimeInSeconds": 1
							}
						}
					],
					"ifTrueActivities": [
						{
							"name": "Proceed FileMovement",
							"type": "ExecutePipeline",
							"dependsOn": [],
							"userProperties": [],
							"typeProperties": {
								"pipeline": {
									"referenceName": "Proceed FileMovement",
									"type": "PipelineReference"
								},
								"waitOnCompletion": true,
								"parameters": {
									"env": {
										"value": "@pipeline().parameters.env",
										"type": "Expression"
									},
									"project": {
										"value": "@pipeline().parameters.project",
										"type": "Expression"
									},
									"flagName": {
										"value": "@pipeline().parameters.flagName",
										"type": "Expression"
									},
									"flagValue": {
										"value": "@variables('mbFlag')",
										"type": "Expression"
									},
									"srcPath": {
										"value": "@pipeline().parameters.srcPath",
										"type": "Expression"
									},
									"dstPath": {
										"value": "@pipeline().parameters.dstPath",
										"type": "Expression"
									},
									"srcContainer": {
										"value": "@pipeline().parameters.srcContainer",
										"type": "Expression"
									},
									"dstContainer": {
										"value": "@pipeline().parameters.dstContainer",
										"type": "Expression"
									},
									"SAEndPoint": {
										"value": "@pipeline().parameters.storageAccntEndPoint",
										"type": "Expression"
									},
									"feedMapFlag": {
										"value": "@pipeline().parameters.feedMapFlag",
										"type": "Expression"
									},
									"count": {
										"value": "@variables('count')",
										"type": "Expression"
									},
									"incOrHistorical": {
										"value": "@pipeline().parameters.incOrHistorical",
										"type": "Expression"
									}
								}
							}
						}
					]
				}
			}
		],
		"parameters": {
			"project": {
				"type": "string"
			},
			"env": {
				"type": "string"
			},
			"pattern": {
				"type": "string"
			},
			"srcContainer": {
				"type": "string"
			},
			"srcPath": {
				"type": "string"
			},
			"dstContainer": {
				"type": "string"
			},
			"dstPath": {
				"type": "string"
			},
			"storageAccntEndPoint": {
				"type": "string"
			},
			"extraCheckForMBStartIfAny": {
				"type": "bool",
				"defaultValue": true
			},
			"flagName": {
				"type": "string"
			},
			"feedMapFlag": {
				"type": "string"
			},
			"incOrHistorical": {
				"type": "string"
			}
		},
		"variables": {
			"mbFlag": {
				"type": "String"
			},
			"count": {
				"type": "String"
			},
			"limit": {
				"type": "String"
			}
		},
		"folder": {
			"name": "Microbatch"
		},
		"annotations": []
	}
}