{
	"name": "monitor_process_synapse",
	"properties": {
		"activities": [
			{
				"name": "Stored Proc sp_process_messages",
				"type": "SqlServerStoredProcedure",
				"dependsOn": [],
				"policy": {
					"timeout": "7.00:00:00",
					"retry": 0,
					"retryIntervalInSeconds": 30,
					"secureOutput": false,
					"secureInput": false
				},
				"userProperties": [],
				"typeProperties": {
					"storedProcedureName": "[con_mon].[sp_process_etl_messages]",
					"storedProcedureParameters": {
						"MonitorID": {
							"value": {
								"value": "@pipeline().parameters.pMonitorID",
								"type": "Expression"
							},
							"type": "Int64"
						}
					}
				},
				"linkedServiceName": {
					"referenceName": "azsyndna_curated_dw",
					"type": "LinkedServiceReference"
				}
			},
			{
				"name": "Lookup Recon Procs",
				"type": "Lookup",
				"dependsOn": [
					{
						"activity": "Stored Proc sp_process_messages",
						"dependencyConditions": [
							"Succeeded"
						]
					}
				],
				"policy": {
					"timeout": "7.00:00:00",
					"retry": 0,
					"retryIntervalInSeconds": 30,
					"secureOutput": false,
					"secureInput": false
				},
				"userProperties": [],
				"typeProperties": {
					"source": {
						"type": "SqlDWSource",
						"sqlReaderQuery": {
							"value": "@replace('select DISTINCT\n\tfa.Monitor_ID,\n\tfa.Project_ID,\n\tfa.Feed_ID,\n\tfa.AssetID,\n\tmrm.[ProcSchema],\n\tmrm.[ProcName],\n        mrm.[Reconcile_Type]\nfrom [con_mon].[Feed_Assets] fa\ninner join [con_mon].[monitor_reconcile_metadata] mrm ON (fa.Feed_ID = mrm.Feed_ID AND fa.Project_ID = mrm.Project_ID)\nwhere monitor_id = $pMonitorID\norder by Project_ID, Feed_ID, AssetID','$pMonitorID',pipeline().parameters.pMonitorID)",
							"type": "Expression"
						},
						"queryTimeout": "02:00:00",
						"partitionOption": "None"
					},
					"dataset": {
						"referenceName": "azsyndna_dataset",
						"type": "DatasetReference"
					},
					"firstRowOnly": false
				}
			},
			{
				"name": "ForEachStoredProc",
				"type": "ForEach",
				"dependsOn": [
					{
						"activity": "Lookup Recon Procs",
						"dependencyConditions": [
							"Succeeded"
						]
					}
				],
				"userProperties": [],
				"typeProperties": {
					"items": {
						"value": "@activity('Lookup Recon Procs').output.value",
						"type": "Expression"
					},
					"batchCount": 3,
					"activities": [
						{
							"name": "Call Recon Procedure",
							"type": "SqlServerStoredProcedure",
							"dependsOn": [
								{
									"activity": "Set Procedure Name",
									"dependencyConditions": [
										"Succeeded"
									]
								}
							],
							"policy": {
								"timeout": "7.00:00:00",
								"retry": 0,
								"retryIntervalInSeconds": 30,
								"secureOutput": false,
								"secureInput": false
							},
							"userProperties": [],
							"typeProperties": {
								"storedProcedureName": {
									"value": "@variables('vProcedureName')",
									"type": "Expression"
								},
								"storedProcedureParameters": {
									"assetid": {
										"value": {
											"value": "@item().AssetID",
											"type": "Expression"
										},
										"type": "Int64"
									},
									"reconcile_type": {
										"value": {
											"value": "@item().Reconcile_Type",
											"type": "Expression"
										},
										"type": "String"
									}
								}
							},
							"linkedServiceName": {
								"referenceName": "azsyndna_curated_dw",
								"type": "LinkedServiceReference"
							}
						},
						{
							"name": "Set Procedure Name",
							"type": "SetVariable",
							"dependsOn": [],
							"userProperties": [],
							"typeProperties": {
								"variableName": "vProcedureName",
								"value": {
									"value": "@concat(item().ProcSchema,'.',item().ProcName)",
									"type": "Expression"
								}
							}
						}
					]
				}
			}
		],
		"parameters": {
			"pMonitorID": {
				"type": "string"
			}
		},
		"variables": {
			"vProcedureName": {
				"type": "String"
			}
		},
		"folder": {
			"name": "RPIDNA/Monitor"
		},
		"annotations": []
	}
}