{
	"name": "monitor_refresh_synapse",
	"properties": {
		"activities": [
			{
				"name": "Copy Feed_Detail",
				"type": "Copy",
				"dependsOn": [],
				"policy": {
					"timeout": "7.00:00:00",
					"retry": 0,
					"retryIntervalInSeconds": 30,
					"secureOutput": false,
					"secureInput": false
				},
				"userProperties": [],
				"typeProperties": {
					"source": {
						"type": "AzureSqlSource",
						"sqlReaderQuery": {
							"value": "@replace('select * from monitor.Feed_Detail where Monitor_ID = $pMonitorID','$pMonitorID',pipeline().parameters.pMonitorID)\n",
							"type": "Expression"
						},
						"queryTimeout": "02:00:00",
						"partitionOption": "None"
					},
					"sink": {
						"type": "SqlDWSink"
					},
					"enableStaging": false,
					"translator": {
						"type": "TabularTranslator",
						"typeConversion": true,
						"typeConversionSettings": {
							"allowDataTruncation": true,
							"treatBooleanAsNumber": false
						}
					}
				},
				"inputs": [
					{
						"referenceName": "azdbdna_ds_metadata",
						"type": "DatasetReference"
					}
				],
				"outputs": [
					{
						"referenceName": "azsyndna_ds",
						"type": "DatasetReference",
						"parameters": {
							"pSynTable": "Feed_Detail",
							"pSynSchema": "con_mon"
						}
					}
				]
			},
			{
				"name": "Copy Feed_Status",
				"type": "Copy",
				"dependsOn": [
					{
						"activity": "Copy Feed_Detail",
						"dependencyConditions": [
							"Succeeded"
						]
					}
				],
				"policy": {
					"timeout": "7.00:00:00",
					"retry": 0,
					"retryIntervalInSeconds": 30,
					"secureOutput": false,
					"secureInput": false
				},
				"userProperties": [],
				"typeProperties": {
					"source": {
						"type": "AzureSqlSource",
						"sqlReaderQuery": {
							"value": "@replace('select * from monitor.Feed_Status where Monitor_ID = $pMonitorID','$pMonitorID',pipeline().parameters.pMonitorID)\n",
							"type": "Expression"
						},
						"queryTimeout": "02:00:00",
						"partitionOption": "None"
					},
					"sink": {
						"type": "SqlDWSink"
					},
					"enableStaging": false,
					"translator": {
						"type": "TabularTranslator",
						"typeConversion": true,
						"typeConversionSettings": {
							"allowDataTruncation": true,
							"treatBooleanAsNumber": false
						}
					}
				},
				"inputs": [
					{
						"referenceName": "azdbdna_ds_metadata",
						"type": "DatasetReference"
					}
				],
				"outputs": [
					{
						"referenceName": "azsyndna_ds",
						"type": "DatasetReference",
						"parameters": {
							"pSynTable": "Feed_Status",
							"pSynSchema": "con_mon"
						}
					}
				]
			},
			{
				"name": "Copy Monitor_Master",
				"type": "Copy",
				"dependsOn": [
					{
						"activity": "Copy Feed_Status",
						"dependencyConditions": [
							"Succeeded"
						]
					}
				],
				"policy": {
					"timeout": "7.00:00:00",
					"retry": 0,
					"retryIntervalInSeconds": 30,
					"secureOutput": false,
					"secureInput": false
				},
				"userProperties": [],
				"typeProperties": {
					"source": {
						"type": "AzureSqlSource",
						"sqlReaderQuery": {
							"value": "@replace('select * from monitor.monitor_master where Monitor_ID = $pMonitorID','$pMonitorID',pipeline().parameters.pMonitorID)\n",
							"type": "Expression"
						},
						"queryTimeout": "02:00:00",
						"partitionOption": "None"
					},
					"sink": {
						"type": "SqlDWSink"
					},
					"enableStaging": false,
					"translator": {
						"type": "TabularTranslator",
						"typeConversion": true,
						"typeConversionSettings": {
							"allowDataTruncation": true,
							"treatBooleanAsNumber": false
						}
					}
				},
				"inputs": [
					{
						"referenceName": "azdbdna_ds_metadata",
						"type": "DatasetReference"
					}
				],
				"outputs": [
					{
						"referenceName": "azsyndna_ds",
						"type": "DatasetReference",
						"parameters": {
							"pSynTable": "monitor_master",
							"pSynSchema": "con_mon"
						}
					}
				]
			},
			{
				"name": "Copy Project_Detail",
				"type": "Copy",
				"dependsOn": [
					{
						"activity": "Copy Monitor_Master",
						"dependencyConditions": [
							"Succeeded"
						]
					}
				],
				"policy": {
					"timeout": "7.00:00:00",
					"retry": 0,
					"retryIntervalInSeconds": 30,
					"secureOutput": false,
					"secureInput": false
				},
				"userProperties": [],
				"typeProperties": {
					"source": {
						"type": "AzureSqlSource",
						"sqlReaderQuery": {
							"value": "@replace('select * from monitor.Project_Detail where Monitor_ID = $pMonitorID','$pMonitorID',pipeline().parameters.pMonitorID)\n",
							"type": "Expression"
						},
						"queryTimeout": "02:00:00",
						"partitionOption": "None"
					},
					"sink": {
						"type": "SqlDWSink"
					},
					"enableStaging": false,
					"translator": {
						"type": "TabularTranslator",
						"typeConversion": true,
						"typeConversionSettings": {
							"allowDataTruncation": true,
							"treatBooleanAsNumber": false
						}
					}
				},
				"inputs": [
					{
						"referenceName": "azdbdna_ds_metadata",
						"type": "DatasetReference"
					}
				],
				"outputs": [
					{
						"referenceName": "azsyndna_ds",
						"type": "DatasetReference",
						"parameters": {
							"pSynTable": "Project_Detail",
							"pSynSchema": "con_mon"
						}
					}
				]
			},
			{
				"name": "Copy Project_Status",
				"type": "Copy",
				"dependsOn": [
					{
						"activity": "Copy Project_Detail",
						"dependencyConditions": [
							"Succeeded"
						]
					}
				],
				"policy": {
					"timeout": "7.00:00:00",
					"retry": 0,
					"retryIntervalInSeconds": 30,
					"secureOutput": false,
					"secureInput": false
				},
				"userProperties": [],
				"typeProperties": {
					"source": {
						"type": "AzureSqlSource",
						"sqlReaderQuery": {
							"value": "@replace('select * from monitor.Project_Status where Monitor_ID = $pMonitorID','$pMonitorID',pipeline().parameters.pMonitorID)\n",
							"type": "Expression"
						},
						"queryTimeout": "02:00:00",
						"partitionOption": "None"
					},
					"sink": {
						"type": "SqlDWSink"
					},
					"enableStaging": false,
					"translator": {
						"type": "TabularTranslator",
						"typeConversion": true,
						"typeConversionSettings": {
							"allowDataTruncation": true,
							"treatBooleanAsNumber": false
						}
					}
				},
				"inputs": [
					{
						"referenceName": "azdbdna_ds_metadata",
						"type": "DatasetReference"
					}
				],
				"outputs": [
					{
						"referenceName": "azsyndna_ds",
						"type": "DatasetReference",
						"parameters": {
							"pSynTable": "Project_Status",
							"pSynSchema": "con_mon"
						}
					}
				]
			},
			{
				"name": "Copy Source_Feed_Info",
				"type": "Copy",
				"dependsOn": [
					{
						"activity": "Copy Project_Status",
						"dependencyConditions": [
							"Succeeded"
						]
					}
				],
				"policy": {
					"timeout": "7.00:00:00",
					"retry": 0,
					"retryIntervalInSeconds": 30,
					"secureOutput": false,
					"secureInput": false
				},
				"userProperties": [],
				"typeProperties": {
					"source": {
						"type": "AzureSqlSource",
						"sqlReaderQuery": "select * from monitor.[source_feed_info]",
						"queryTimeout": "02:00:00",
						"partitionOption": "None"
					},
					"sink": {
						"type": "SqlDWSink",
						"preCopyScript": "truncate table con_mon.source_feed_info",
						"disableMetricsCollection": false
					},
					"enableStaging": false,
					"translator": {
						"type": "TabularTranslator",
						"typeConversion": true,
						"typeConversionSettings": {
							"allowDataTruncation": true,
							"treatBooleanAsNumber": false
						}
					}
				},
				"inputs": [
					{
						"referenceName": "azdbdna_ds_metadata",
						"type": "DatasetReference"
					}
				],
				"outputs": [
					{
						"referenceName": "azsyndna_ds",
						"type": "DatasetReference",
						"parameters": {
							"pSynTable": "source_feed_info",
							"pSynSchema": "con_mon"
						}
					}
				]
			},
			{
				"name": "Copy Feed_Asset",
				"type": "Copy",
				"dependsOn": [
					{
						"activity": "Copy Source_Feed_Info",
						"dependencyConditions": [
							"Succeeded"
						]
					}
				],
				"policy": {
					"timeout": "7.00:00:00",
					"retry": 0,
					"retryIntervalInSeconds": 30,
					"secureOutput": false,
					"secureInput": false
				},
				"userProperties": [],
				"typeProperties": {
					"source": {
						"type": "AzureSqlSource",
						"sqlReaderQuery": {
							"value": "@replace('select * from monitor.[Feed_Assets] where Monitor_ID = $pMonitorID','$pMonitorID',pipeline().parameters.pMonitorID)\n",
							"type": "Expression"
						},
						"queryTimeout": "02:00:00",
						"partitionOption": "None"
					},
					"sink": {
						"type": "SqlDWSink"
					},
					"enableStaging": false,
					"translator": {
						"type": "TabularTranslator",
						"typeConversion": true,
						"typeConversionSettings": {
							"allowDataTruncation": true,
							"treatBooleanAsNumber": false
						}
					}
				},
				"inputs": [
					{
						"referenceName": "azdbdna_ds_metadata",
						"type": "DatasetReference"
					}
				],
				"outputs": [
					{
						"referenceName": "azsyndna_ds",
						"type": "DatasetReference",
						"parameters": {
							"pSynTable": "Feed_Assets",
							"pSynSchema": "con_mon"
						}
					}
				]
			},
			{
				"name": "Copy Asset History",
				"type": "Copy",
				"dependsOn": [
					{
						"activity": "Copy Feed_Asset",
						"dependencyConditions": [
							"Succeeded"
						]
					}
				],
				"policy": {
					"timeout": "7.00:00:00",
					"retry": 0,
					"retryIntervalInSeconds": 30,
					"secureOutput": false,
					"secureInput": false
				},
				"userProperties": [],
				"typeProperties": {
					"source": {
						"type": "AzureSqlSource",
						"sqlReaderQuery": {
							"value": "select * from [monitor].[Asset_History]\n",
							"type": "Expression"
						},
						"queryTimeout": "02:00:00",
						"partitionOption": "None"
					},
					"sink": {
						"type": "SqlDWSink",
						"preCopyScript": "truncate table con_mon.Asset_History",
						"disableMetricsCollection": false
					},
					"enableStaging": false,
					"translator": {
						"type": "TabularTranslator",
						"typeConversion": true,
						"typeConversionSettings": {
							"allowDataTruncation": true,
							"treatBooleanAsNumber": false
						}
					}
				},
				"inputs": [
					{
						"referenceName": "azdbdna_ds_metadata",
						"type": "DatasetReference"
					}
				],
				"outputs": [
					{
						"referenceName": "azsyndna_ds",
						"type": "DatasetReference",
						"parameters": {
							"pSynTable": "Asset_History",
							"pSynSchema": "con_mon"
						}
					}
				]
			}
		],
		"parameters": {
			"pMonitorID": {
				"type": "string"
			}
		},
		"folder": {
			"name": "RPIDNA/Monitor"
		},
		"annotations": []
	}
}