{
	"name": "monitor_run_master",
	"properties": {
		"activities": [
			{
				"name": "Stored Proc sp_agg_monitor_feed_entities",
				"type": "SqlServerStoredProcedure",
				"dependsOn": [
					{
						"activity": "Set MonitorID",
						"dependencyConditions": [
							"Succeeded"
						]
					}
				],
				"policy": {
					"timeout": "7.00:00:00",
					"retry": 0,
					"retryIntervalInSeconds": 30,
					"secureOutput": false,
					"secureInput": false
				},
				"userProperties": [],
				"typeProperties": {
					"storedProcedureName": "[monitor].[sp_agg_monitor_feed_entities]"
				},
				"linkedServiceName": {
					"referenceName": "azsqldbdna_curated_audit",
					"type": "LinkedServiceReference"
				}
			},
			{
				"name": "Set MonitorID",
				"type": "SetVariable",
				"dependsOn": [
					{
						"activity": "Lookup sp_agg_monitor_stats",
						"dependencyConditions": [
							"Succeeded"
						]
					}
				],
				"userProperties": [],
				"typeProperties": {
					"variableName": "MonitorID",
					"value": {
						"value": "@activity('Lookup sp_agg_monitor_stats').output.firstRow.MonitorID\n",
						"type": "Expression"
					}
				}
			},
			{
				"name": "Lookup sp_agg_monitor_stats",
				"type": "Lookup",
				"dependsOn": [],
				"policy": {
					"timeout": "7.00:00:00",
					"retry": 0,
					"retryIntervalInSeconds": 30,
					"secureOutput": false,
					"secureInput": false
				},
				"userProperties": [],
				"typeProperties": {
					"source": {
						"type": "AzureSqlSource",
						"sqlReaderStoredProcedureName": "[monitor].[sp_agg_monitor_stats]",
						"storedProcedureParameters": {
							"MonitorID": {
								"type": "String",
								"value": "0"
							}
						},
						"queryTimeout": "02:00:00",
						"partitionOption": "None"
					},
					"dataset": {
						"referenceName": "azdbdna_ds_metadata",
						"type": "DatasetReference"
					}
				}
			},
			{
				"name": "Execute monitor_refresh_synap",
				"type": "ExecutePipeline",
				"dependsOn": [
					{
						"activity": "Stored Proc sp_agg_monitor_feed_entities",
						"dependencyConditions": [
							"Succeeded"
						]
					}
				],
				"userProperties": [],
				"typeProperties": {
					"pipeline": {
						"referenceName": "monitor_refresh_synapse",
						"type": "PipelineReference"
					},
					"waitOnCompletion": true,
					"parameters": {
						"pMonitorID": {
							"value": "@variables('MonitorID')",
							"type": "Expression"
						}
					}
				}
			},
			{
				"name": "Execute monitor_process_synapse",
				"type": "ExecutePipeline",
				"dependsOn": [
					{
						"activity": "Execute monitor_refresh_synap",
						"dependencyConditions": [
							"Succeeded"
						]
					}
				],
				"userProperties": [],
				"typeProperties": {
					"pipeline": {
						"referenceName": "monitor_process_synapse",
						"type": "PipelineReference"
					},
					"waitOnCompletion": true,
					"parameters": {
						"pMonitorID": {
							"value": "@variables('MonitorID')",
							"type": "Expression"
						}
					}
				}
			}
		],
		"variables": {
			"MonitorID": {
				"type": "String"
			}
		},
		"folder": {
			"name": "RPIDNA/Monitor"
		},
		"annotations": []
	}
}