{
	"name": "moveFilesIterate",
	"properties": {
		"activities": [
			{
				"name": "GetFileNames",
				"type": "GetMetadata",
				"dependsOn": [
					{
						"activity": "Set pipelineRunID",
						"dependencyConditions": [
							"Succeeded"
						]
					}
				],
				"policy": {
					"timeout": "7.00:00:00",
					"retry": 0,
					"retryIntervalInSeconds": 30,
					"secureOutput": false,
					"secureInput": false
				},
				"userProperties": [],
				"typeProperties": {
					"dataset": {
						"referenceName": "azbinfile_landing_blob",
						"type": "DatasetReference",
						"parameters": {
							"container": {
								"value": "@pipeline().parameters.srcContainer",
								"type": "Expression"
							},
							"Folderpath": {
								"value": "@pipeline().parameters.src",
								"type": "Expression"
							}
						}
					},
					"fieldList": [
						"exists",
						"childItems"
					],
					"storeSettings": {
						"type": "AzureBlobStorageReadSettings",
						"recursive": true,
						"enablePartitionDiscovery": false
					},
					"formatSettings": {
						"type": "BinaryReadSettings"
					}
				}
			},
			{
				"name": "IterateOverFiles",
				"type": "ForEach",
				"dependsOn": [
					{
						"activity": "Set fileArray",
						"dependencyConditions": [
							"Succeeded"
						]
					}
				],
				"userProperties": [],
				"typeProperties": {
					"items": {
						"value": "@variables('fileArray')",
						"type": "Expression"
					},
					"isSequential": true,
					"activities": [
						{
							"name": "GetFileMetadata",
							"type": "GetMetadata",
							"dependsOn": [
								{
									"activity": "Set Destination Folder",
									"dependencyConditions": [
										"Succeeded"
									]
								}
							],
							"policy": {
								"timeout": "7.00:00:00",
								"retry": 0,
								"retryIntervalInSeconds": 30,
								"secureOutput": false,
								"secureInput": false
							},
							"userProperties": [],
							"typeProperties": {
								"dataset": {
									"referenceName": "azbin_generic_blob",
									"type": "DatasetReference",
									"parameters": {
										"container": "@pipeline().parameters.srcContainer",
										"directory": "@pipeline().parameters.src",
										"fileName": "@item().name",
										"SAEndPoint": "@pipeline().parameters.stAccntEndPoint"
									}
								},
								"fieldList": [
									"exists"
								],
								"storeSettings": {
									"type": "AzureBlobStorageReadSettings",
									"recursive": true,
									"enablePartitionDiscovery": false
								},
								"formatSettings": {
									"type": "BinaryReadSettings"
								}
							}
						},
						{
							"name": "Copy File",
							"type": "ExecutePipeline",
							"dependsOn": [
								{
									"activity": "GetFileMetadata",
									"dependencyConditions": [
										"Succeeded"
									]
								}
							],
							"userProperties": [],
							"typeProperties": {
								"pipeline": {
									"referenceName": "copyFile",
									"type": "PipelineReference"
								},
								"waitOnCompletion": true,
								"parameters": {
									"srcContainer": {
										"value": "@pipeline().parameters.srcContainer",
										"type": "Expression"
									},
									"dstContainer": {
										"value": "@pipeline().parameters.dstContainer",
										"type": "Expression"
									},
									"srcFolder": {
										"value": "@pipeline().parameters.src",
										"type": "Expression"
									},
									"dstFolder": {
										"value": "@variables('destFolder')",
										"type": "Expression"
									},
									"saEndPoint": {
										"value": "@pipeline().parameters.stAccntEndPoint",
										"type": "Expression"
									},
									"srcFileName": {
										"value": "@item().name",
										"type": "Expression"
									}
								}
							}
						},
						{
							"name": "Set Destination Folder",
							"description": "In some Cases, files are to move into the folder ( feedname). Then mapping between the filename and folder is present in metadata and folder name taken from Json field .",
							"type": "IfCondition",
							"dependsOn": [],
							"userProperties": [],
							"typeProperties": {
								"expression": {
									"value": "@equals(pipeline().parameters.feedMapFlag,'true')",
									"type": "Expression"
								},
								"ifFalseActivities": [
									{
										"name": "Set destination Folder on False",
										"type": "SetVariable",
										"dependsOn": [],
										"userProperties": [],
										"typeProperties": {
											"variableName": "destFolder",
											"value": {
												"value": "@pipeline().parameters.dst",
												"type": "Expression"
											}
										}
									}
								],
								"ifTrueActivities": [
									{
										"name": "Set fileName",
										"description": "Filter ODH and Retail Pharmacy(SMG) files ",
										"type": "SetVariable",
										"dependsOn": [],
										"userProperties": [],
										"typeProperties": {
											"variableName": "fileName",
											"value": {
												"value": "@if(startswith(item().name,'ODH'),\nsubstring(substring(item().name,0,lastIndexOf(item().name, '_')),0,\nlastIndexOf(substring(item().name,0,lastIndexOf(item().name, '_')), '_')),\nif(startswith(item().name,'RetailPharmacy'),\nsubstring(item().name,23,sub(lastIndexOf(item().name, '_'),23)),\nsubstring(item().name,0,lastIndexOf(item().name, '_'))))",
												"type": "Expression"
											}
										}
									},
									{
										"name": "Lookup Feed for File",
										"type": "Lookup",
										"dependsOn": [
											{
												"activity": "Set fileName",
												"dependencyConditions": [
													"Succeeded"
												]
											}
										],
										"policy": {
											"timeout": "0.00:20:00",
											"retry": 0,
											"retryIntervalInSeconds": 30,
											"secureOutput": false,
											"secureInput": false
										},
										"userProperties": [],
										"typeProperties": {
											"source": {
												"type": "AzureSqlSource",
												"sqlReaderQuery": {
													"value": "select JSON_VALUE(json_info,'$.@{variables('fileName')}') as folder from ( select param_value as json_info from [pr_ref].[GDHDynamicADFParams] where param_key='folderMap' and Project_Name='@{pipeline().parameters.project}' and Environment ='@{pipeline().parameters.env}')Q",
													"type": "Expression"
												},
												"queryTimeout": "02:00:00",
												"partitionOption": "None"
											},
											"dataset": {
												"referenceName": "azsqldna_projectref",
												"type": "DatasetReference",
												"parameters": {
													"schema": "pr_ref",
													"table": "GDHDynamicADFParams"
												}
											},
											"firstRowOnly": false
										}
									},
									{
										"name": "Set destination Folder on True",
										"type": "SetVariable",
										"dependsOn": [
											{
												"activity": "Lookup Feed for File",
												"dependencyConditions": [
													"Succeeded"
												]
											},
											{
												"activity": "Set Incremental or Historical subfolder",
												"dependencyConditions": [
													"Succeeded"
												]
											}
										],
										"userProperties": [],
										"typeProperties": {
											"variableName": "destFolder",
											"value": {
												"value": "@concat(pipeline().parameters.dst,'/',activity('Lookup Feed for File').output.value[0].folder,'/',pipeline().parameters.incOrHistorical)",
												"type": "Expression"
											}
										}
									},
									{
										"name": "Set Incremental or Historical subfolder",
										"type": "SetVariable",
										"dependsOn": [],
										"userProperties": [],
										"typeProperties": {
											"variableName": "subFolder",
											"value": {
												"value": "@pipeline().parameters.incOrHistorical",
												"type": "Expression"
											}
										}
									}
								]
							}
						},
						{
							"name": "Cancel Pipeline",
							"type": "WebActivity",
							"dependsOn": [
								{
									"activity": "Flag Reset on Failure",
									"dependencyConditions": [
										"Completed"
									]
								}
							],
							"policy": {
								"timeout": "0.00:20:00",
								"retry": 0,
								"retryIntervalInSeconds": 30,
								"secureOutput": false,
								"secureInput": false
							},
							"userProperties": [],
							"typeProperties": {
								"url": {
									"value": "@concat('https://management.azure.com/subscriptions/ef96be94-eb8b-4cb0-950d-151cda7e92ed/resourceGroups/npro-data-ppma-northeurope-01/providers/Microsoft.DataFactory/factories/',pipeline().DataFactory,'/pipelineruns/',variables('pipelineRunID'),'/cancel?api-version=2018-06-01')",
									"type": "Expression"
								},
								"method": "POST",
								"body": {
									"message": "Cancelling the Pipeline"
								},
								"authentication": {
									"type": "MSI",
									"resource": "https://management.azure.com"
								}
							}
						},
						{
							"name": "Flag Reset on Failure",
							"type": "Lookup",
							"dependsOn": [
								{
									"activity": "Set Destination Folder",
									"dependencyConditions": [
										"Failed"
									]
								},
								{
									"activity": "GetFileMetadata",
									"dependencyConditions": [
										"Failed"
									]
								},
								{
									"activity": "Copy File",
									"dependencyConditions": [
										"Failed"
									]
								}
							],
							"policy": {
								"timeout": "0.00:20:00",
								"retry": 0,
								"retryIntervalInSeconds": 30,
								"secureOutput": false,
								"secureInput": false
							},
							"userProperties": [],
							"typeProperties": {
								"source": {
									"type": "AzureSqlSource",
									"sqlReaderStoredProcedureName": "[pr_ref].[update_mb_flag]",
									"storedProcedureParameters": {
										"env": {
											"type": "String",
											"value": {
												"value": "@pipeline().parameters.env",
												"type": "Expression"
											}
										},
										"flag": {
											"type": "String",
											"value": "OFF"
										},
										"key": {
											"type": "String",
											"value": {
												"value": "@pipeline().parameters.flagName",
												"type": "Expression"
											}
										},
										"proceed_flag": {
											"type": "String",
											"value": null
										},
										"project": {
											"type": "String",
											"value": {
												"value": "@pipeline().parameters.project",
												"type": "Expression"
											}
										}
									},
									"queryTimeout": "02:00:00",
									"partitionOption": "None"
								},
								"dataset": {
									"referenceName": "azsqldna_projectref",
									"type": "DatasetReference",
									"parameters": {
										"schema": "pr_ref",
										"table": "GDHDynamicADFParams"
									}
								},
								"firstRowOnly": true
							}
						}
					]
				}
			},
			{
				"name": "Set pipelineRunID",
				"type": "SetVariable",
				"dependsOn": [],
				"userProperties": [],
				"typeProperties": {
					"variableName": "pipelineRunID",
					"value": {
						"value": "@pipeline().RunId",
						"type": "Expression"
					}
				}
			},
			{
				"name": "Set fileArray",
				"type": "SetVariable",
				"dependsOn": [
					{
						"activity": "GetFileNames",
						"dependencyConditions": [
							"Succeeded"
						]
					}
				],
				"userProperties": [],
				"typeProperties": {
					"variableName": "fileArray",
					"value": {
						"value": "@if(activity('GetFileNames').output.exists,take(activity('GetFileNames').output.childItems, int(pipeline().parameters.count)),null)",
						"type": "Expression"
					}
				}
			}
		],
		"concurrency": 2,
		"parameters": {
			"src": {
				"type": "string"
			},
			"dst": {
				"type": "string"
			},
			"stAccntEndPoint": {
				"type": "string"
			},
			"srcContainer": {
				"type": "string"
			},
			"dstContainer": {
				"type": "string"
			},
			"feedMapFlag": {
				"type": "string"
			},
			"project": {
				"type": "string"
			},
			"env": {
				"type": "string"
			},
			"flagName": {
				"type": "string"
			},
			"count": {
				"type": "string"
			},
			"incOrHistorical": {
				"type": "string"
			}
		},
		"variables": {
			"fileName": {
				"type": "String"
			},
			"destFolder": {
				"type": "String"
			},
			"pipelineRunID": {
				"type": "String"
			},
			"fileArray": {
				"type": "Array"
			},
			"subFolder": {
				"type": "String"
			}
		},
		"folder": {
			"name": "Microbatch"
		},
		"annotations": []
	}
}