{
	"name": "Move_File_From_Blob_To_ADLS2",
	"properties": {
		"description": "Move given file from given container on given source Blob Storage account to given container on given target ADLS2 storage account.",
		"activities": [
			{
				"name": "LogSystemLog-Start",
				"type": "ExecutePipeline",
				"dependsOn": [],
				"userProperties": [],
				"typeProperties": {
					"pipeline": {
						"referenceName": "Log_System_Log",
						"type": "PipelineReference"
					},
					"waitOnCompletion": true,
					"parameters": {
						"log_type": "INFORMATION",
						"log_message": {
							"value": "@concat('Starting Pipeline Name:',pipeline().Pipeline,';Data Factory Name:',pipeline().DataFactory,';Pipeline Run ID:',pipeline().RunId,';Pipeline Trigger ID:',pipeline().TriggerId,';Pipeline Trigger Name:',pipeline().TriggerName,';Pipeline Trigger Time:',pipeline().TriggerTime,';Pipeline Trigger Type:',pipeline().TriggerType)",
							"type": "Expression"
						}
					}
				}
			},
			{
				"name": "LogSystemLog-End",
				"type": "ExecutePipeline",
				"dependsOn": [
					{
						"activity": "Delete1",
						"dependencyConditions": [
							"Succeeded"
						]
					}
				],
				"userProperties": [],
				"typeProperties": {
					"pipeline": {
						"referenceName": "Log_System_Log",
						"type": "PipelineReference"
					},
					"waitOnCompletion": true,
					"parameters": {
						"log_type": "INFORMATION",
						"log_message": {
							"value": "@concat('Ending Pipeline Name:',pipeline().Pipeline,';Data Factory Name:',pipeline().DataFactory,';Pipeline Run ID:',pipeline().RunId,';Pipeline Trigger ID:',pipeline().TriggerId,';Pipeline Trigger Name:',pipeline().TriggerName,';Pipeline Trigger Time:',pipeline().TriggerTime,';Pipeline Trigger Type:',pipeline().TriggerType)",
							"type": "Expression"
						}
					}
				}
			},
			{
				"name": "Copy1",
				"description": "Copy a file from the source store to the destination store.",
				"type": "Copy",
				"dependsOn": [
					{
						"activity": "LogSystemLog-Start",
						"dependencyConditions": [
							"Succeeded"
						]
					}
				],
				"policy": {
					"timeout": "7.00:00:00",
					"retry": 0,
					"retryIntervalInSeconds": 30,
					"secureOutput": false,
					"secureInput": false
				},
				"userProperties": [],
				"typeProperties": {
					"source": {
						"type": "BlobSource",
						"recursive": false
					},
					"sink": {
						"type": "AzureBlobFSSink"
					},
					"enableStaging": false
				},
				"inputs": [
					{
						"referenceName": "azsanegdh_generic_blob",
						"type": "DatasetReference",
						"parameters": {
							"path": "@pipeline().parameters.FolderPath_SourceStore",
							"filename": "@pipeline().parameters.inputFilename",
							"StorageAccountServiceEndPoint": {
								"value": "@pipeline().parameters.SourceStorageAccountServiceEndPoint",
								"type": "Expression"
							}
						}
					}
				],
				"outputs": [
					{
						"referenceName": "azsanegdh_generic_adls2",
						"type": "DatasetReference",
						"parameters": {
							"path": {
								"value": "@pipeline().parameters.FolderPath_DestinationStore",
								"type": "Expression"
							},
							"filename": {
								"value": "@pipeline().parameters.inputFilename",
								"type": "Expression"
							},
							"StorageAccountServiceEndPoint": {
								"value": "@pipeline().parameters.TargetStorageAccountServiceEndPoint",
								"type": "Expression"
							}
						}
					}
				]
			},
			{
				"name": "Delete1",
				"description": "Delete a file from the source store",
				"type": "Delete",
				"dependsOn": [
					{
						"activity": "Copy1",
						"dependencyConditions": [
							"Succeeded"
						]
					}
				],
				"policy": {
					"timeout": "7.00:00:00",
					"retry": 0,
					"retryIntervalInSeconds": 30,
					"secureOutput": false,
					"secureInput": false
				},
				"userProperties": [],
				"typeProperties": {
					"dataset": {
						"referenceName": "azsanegdh_generic_blob",
						"type": "DatasetReference",
						"parameters": {
							"path": "@pipeline().parameters.FolderPath_SourceStore",
							"filename": "@pipeline().parameters.inputFilename",
							"StorageAccountServiceEndPoint": {
								"value": "@pipeline().parameters.SourceStorageAccountServiceEndPoint",
								"type": "Expression"
							}
						}
					},
					"enableLogging": false
				}
			},
			{
				"name": "LogSystemLog-Error-Copy Data",
				"type": "ExecutePipeline",
				"dependsOn": [
					{
						"activity": "Copy1",
						"dependencyConditions": [
							"Failed"
						]
					}
				],
				"userProperties": [],
				"typeProperties": {
					"pipeline": {
						"referenceName": "Log_System_Log",
						"type": "PipelineReference"
					},
					"waitOnCompletion": true,
					"parameters": {
						"log_type": "ERROR",
						"log_message": {
							"value": "@concat('Error in Pipeline Name:',pipeline().Pipeline,';Data Factory Name:',pipeline().DataFactory,';Pipeline Run ID:',pipeline().RunId,';Pipeline Trigger ID:',pipeline().TriggerId,';Pipeline Trigger Name:',pipeline().TriggerName,';Pipeline Trigger Time:',pipeline().TriggerTime,';Pipeline Trigger Type:',pipeline().TriggerType)",
							"type": "Expression"
						}
					}
				}
			},
			{
				"name": "LogSystemLog-Error-Delete",
				"type": "ExecutePipeline",
				"dependsOn": [
					{
						"activity": "Delete1",
						"dependencyConditions": [
							"Failed"
						]
					}
				],
				"userProperties": [],
				"typeProperties": {
					"pipeline": {
						"referenceName": "Log_System_Log",
						"type": "PipelineReference"
					},
					"waitOnCompletion": true,
					"parameters": {
						"log_type": "ERROR",
						"log_message": {
							"value": "@concat('Error in Pipeline Name:',pipeline().Pipeline,';Data Factory Name:',pipeline().DataFactory,';Pipeline Run ID:',pipeline().RunId,';Pipeline Trigger ID:',pipeline().TriggerId,';Pipeline Trigger Name:',pipeline().TriggerName,';Pipeline Trigger Time:',pipeline().TriggerTime,';Pipeline Trigger Type:',pipeline().TriggerType)",
							"type": "Expression"
						}
					}
				}
			}
		],
		"parameters": {
			"FolderPath_SourceStore": {
				"type": "String"
			},
			"FolderPath_DestinationStore": {
				"type": "String"
			},
			"inputFilename": {
				"type": "string"
			},
			"SourceStorageAccountServiceEndPoint": {
				"type": "string"
			},
			"TargetStorageAccountServiceEndPoint": {
				"type": "string"
			}
		},
		"folder": {
			"name": "GBA Data Acquisition/Common"
		},
		"annotations": []
	},
	"type": "Microsoft.DataFactory/factories/pipelines"
}