{
    "name": "MT_BatchUtility",
    "properties": {
        "description": "Done by: Saurabh Menon\nDescription: Generic Pipeline that will invoke Azure batch decryption utility.\nVersion history:\n29/03/22: Added flag based process of checking to ensure batch utility does not run while pool resizing is in progress.\n28/07/22: Added parameter to utility for the filename that contains LOV for which decryption will be skipped\n",
        "activities": [
            {
                "name": "SetGPGFileName",
                "type": "SetVariable",
                "dependsOn": [
                    {
                        "activity": "Enable Batch Utility Flag",
                        "dependencyConditions": [
                            "Succeeded"
                        ]
                    }
                ],
                "userProperties": [],
                "typeProperties": {
                    "variableName": "vEncryptedAssetName",
                    "value": {
                        "value": "@concat(pipeline().parameters.pDataFeedID,'_',pipeline().parameters.pAssetName,'.gpg')",
                        "type": "Expression"
                    }
                }
            },
            {
                "name": "Egress From Source to Collection",
                "type": "Custom",
                "dependsOn": [
                    {
                        "activity": "SetGPGFileName",
                        "dependencyConditions": [
                            "Succeeded"
                        ]
                    },
                    {
                        "activity": "Set vMIClientID",
                        "dependencyConditions": [
                            "Succeeded"
                        ]
                    },
                    {
                        "activity": "Set vGPGPubKeySecret",
                        "dependencyConditions": [
                            "Succeeded"
                        ]
                    },
                    {
                        "activity": "Set vGPGEmailAddress",
                        "dependencyConditions": [
                            "Succeeded"
                        ]
                    },
                    {
                        "activity": "Set vUserCredential",
                        "dependencyConditions": [
                            "Succeeded"
                        ]
                    },
                    {
                        "activity": "Set vskipDecryptFileName",
                        "dependencyConditions": [
                            "Succeeded"
                        ]
                    }
                ],
                "policy": {
                    "timeout": "7.00:00:00",
                    "retry": 0,
                    "retryIntervalInSeconds": 30,
                    "secureOutput": false,
                    "secureInput": false
                },
                "userProperties": [],
                "typeProperties": {
                    "command": {
                        "value": "@concat('java -javaagent:/opt/batchutil/applicationinsights-agent-3.1.1.jar -Djava.library.path=/opt/batchutil/voltage-simple-api-java-06.00.0000-Linux-x86_64-64b-r255254/lib -Dfile.encoding=UTF-8 -cp DNAFLEUtility-0.0.2-jar-with-dependencies.jar com.wba.dna.app.BatchUtil',' ',pipeline().parameters.pSourceContainer,' ',pipeline().parameters.pSourcePath,'/',pipeline().parameters.pAssetName,' ',pipeline().parameters.pCollectionContainer,' ',pipeline().parameters.pCollectionPath,'/',variables('vEncryptedAssetName'),' ',pipeline().parameters.pXmlFileName,' ',variables('vUserCredential'))",
                        "type": "Expression"
                    },
                    "resourceLinkedService": {
                        "referenceName": "azbatch_blob",
                        "type": "LinkedServiceReference"
                    },
                    "folderPath": "martech-scripts",
                    "extendedProperties": {
                        "miClientID": {
                            "value": "@variables('vMIClientID')",
                            "type": "Expression"
                        },
                        "gpgPubKeySecret": {
                            "value": "@variables('vGPGPubKeySecret')",
                            "type": "Expression"
                        },
                        "gpgEmailAddress": {
                            "value": "@variables('vGPGEmailAddress')",
                            "type": "Expression"
                        },
                        "sourceEndpoint": {
                            "value": "@pipeline().parameters.pSourceSAEndpoint",
                            "type": "Expression"
                        },
                        "targetEndpoint": {
                            "value": "@pipeline().parameters.pTargetSAEndpoint",
                            "type": "Expression"
                        },
                        "skipDecryptFile": {
                            "value": "@variables('vskipDecryptFileName')",
                            "type": "Expression"
                        }
                    },
                    "referenceObjects": {
                        "linkedServices": [
                            {
                                "referenceName": "azkvdna_mvp_secretstore",
                                "type": "LinkedServiceReference"
                            }
                        ],
                        "datasets": []
                    }
                },
                "linkedServiceName": {
                    "referenceName": "azbatch_egressutil",
                    "type": "LinkedServiceReference"
                }
            },
            {
                "name": "Set vMIClientID",
                "type": "SetVariable",
                "dependsOn": [
                    {
                        "activity": "Enable Batch Utility Flag",
                        "dependencyConditions": [
                            "Succeeded"
                        ]
                    }
                ],
                "userProperties": [],
                "typeProperties": {
                    "variableName": "vMIClientID",
                    "value": {
                        "value": "@json(pipeline().parameters.pBatchParams).mi_client_id",
                        "type": "Expression"
                    }
                }
            },
            {
                "name": "Set vGPGPubKeySecret",
                "type": "SetVariable",
                "dependsOn": [
                    {
                        "activity": "Enable Batch Utility Flag",
                        "dependencyConditions": [
                            "Succeeded"
                        ]
                    }
                ],
                "userProperties": [],
                "typeProperties": {
                    "variableName": "vGPGPubKeySecret",
                    "value": {
                        "value": "@json(pipeline().parameters.pBatchParams).gpg_pubkey_secret",
                        "type": "Expression"
                    }
                }
            },
            {
                "name": "Set vGPGEmailAddress",
                "type": "SetVariable",
                "dependsOn": [
                    {
                        "activity": "Enable Batch Utility Flag",
                        "dependencyConditions": [
                            "Succeeded"
                        ]
                    }
                ],
                "userProperties": [],
                "typeProperties": {
                    "variableName": "vGPGEmailAddress",
                    "value": {
                        "value": "@json(pipeline().parameters.pBatchParams).gpg_email",
                        "type": "Expression"
                    }
                }
            },
            {
                "name": "Set vUserCredential",
                "type": "SetVariable",
                "dependsOn": [
                    {
                        "activity": "Enable Batch Utility Flag",
                        "dependencyConditions": [
                            "Succeeded"
                        ]
                    }
                ],
                "userProperties": [],
                "typeProperties": {
                    "variableName": "vUserCredential",
                    "value": {
                        "value": "@json(pipeline().parameters.pBatchParams).voltage_secret",
                        "type": "Expression"
                    }
                }
            },
            {
                "name": "Check if Asset Exists at Collection",
                "type": "GetMetadata",
                "dependsOn": [
                    {
                        "activity": "Egress From Source to Collection",
                        "dependencyConditions": [
                            "Succeeded"
                        ]
                    }
                ],
                "policy": {
                    "timeout": "7.00:00:00",
                    "retry": 0,
                    "retryIntervalInSeconds": 30,
                    "secureOutput": false,
                    "secureInput": false
                },
                "userProperties": [],
                "typeProperties": {
                    "dataset": {
                        "referenceName": "azbinfile_collection_adls",
                        "type": "DatasetReference",
                        "parameters": {
                            "pContainer": {
                                "value": "@pipeline().parameters.pCollectionContainer",
                                "type": "Expression"
                            },
                            "pFilePath": {
                                "value": "@pipeline().parameters.pCollectionPath",
                                "type": "Expression"
                            },
                            "pFileName": {
                                "value": "@variables('vEncryptedAssetName')",
                                "type": "Expression"
                            },
                            "pSAEndpoint": {
                                "value": "@pipeline().parameters.pTargetSAEndpoint",
                                "type": "Expression"
                            }
                        }
                    },
                    "fieldList": [
                        "lastModified"
                    ],
                    "storeSettings": {
                        "type": "AzureBlobFSReadSettings",
                        "recursive": true,
                        "enablePartitionDiscovery": false
                    },
                    "formatSettings": {
                        "type": "BinaryReadSettings"
                    }
                }
            },
            {
                "name": "Initialize vIsResizeFinished",
                "description": "Initialize boolean variable vIsResizeFinished with false(bool(0)).",
                "type": "SetVariable",
                "dependsOn": [],
                "userProperties": [],
                "typeProperties": {
                    "variableName": "vIsResizeFinished",
                    "value": {
                        "value": "@bool(0)",
                        "type": "Expression"
                    }
                }
            },
            {
                "name": "Until Pool Resizing has completed",
                "description": "Check isPoolResizeActive flag from dc_metadata.GDHDynamicADFParams and wait until it is N",
                "type": "Until",
                "dependsOn": [
                    {
                        "activity": "Initialize vIsResizeFinished",
                        "dependencyConditions": [
                            "Succeeded"
                        ]
                    }
                ],
                "userProperties": [],
                "typeProperties": {
                    "expression": {
                        "value": "@equals(variables('vIsResizeFinished'),bool(1))",
                        "type": "Expression"
                    },
                    "activities": [
                        {
                            "name": "Get Pool Resizing Flag",
                            "type": "Lookup",
                            "dependsOn": [],
                            "policy": {
                                "timeout": "7.00:00:00",
                                "retry": 0,
                                "retryIntervalInSeconds": 30,
                                "secureOutput": false,
                                "secureInput": false
                            },
                            "userProperties": [],
                            "typeProperties": {
                                "source": {
                                    "type": "SqlDWSource",
                                    "sqlReaderQuery": {
                                        "value": "SELECT Param_value AS resizeFlag FROM dc_metadata.GDHDynamicADFParams WHERE Param_key='isPoolResizeActive' AND Project_Name='MarTech' AND Job_Name='MarTech_Egress' AND Process_Name='BatchDecryptUtil' AND Environment='@{pipeline().parameters.pEnvironment}'",
                                        "type": "Expression"
                                    },
                                    "queryTimeout": "02:00:00",
                                    "partitionOption": "None"
                                },
                                "dataset": {
                                    "referenceName": "azsyndna_ds",
                                    "type": "DatasetReference",
                                    "parameters": {
                                        "pSynTable": "N",
                                        "pSynSchema": "N"
                                    }
                                }
                            }
                        },
                        {
                            "name": "If Pool Resizing has completed",
                            "type": "IfCondition",
                            "dependsOn": [
                                {
                                    "activity": "Get Pool Resizing Flag",
                                    "dependencyConditions": [
                                        "Succeeded"
                                    ]
                                }
                            ],
                            "userProperties": [],
                            "typeProperties": {
                                "expression": {
                                    "value": "@equals(activity('Get Pool Resizing Flag').output.firstRow.resizeFlag,'N')",
                                    "type": "Expression"
                                },
                                "ifFalseActivities": [
                                    {
                                        "name": "Wait and Recheck",
                                        "type": "Wait",
                                        "dependsOn": [],
                                        "userProperties": [],
                                        "typeProperties": {
                                            "waitTimeInSeconds": 450
                                        }
                                    }
                                ],
                                "ifTrueActivities": [
                                    {
                                        "name": "Set vIsResizeFinished",
                                        "description": "Set boolean variable vIsResizeFinished with true(bool(1))",
                                        "type": "SetVariable",
                                        "dependsOn": [],
                                        "userProperties": [],
                                        "typeProperties": {
                                            "variableName": "vIsResizeFinished",
                                            "value": {
                                                "value": "@bool(1)",
                                                "type": "Expression"
                                            }
                                        }
                                    }
                                ]
                            }
                        }
                    ],
                    "timeout": "7.00:00:00"
                }
            },
            {
                "name": "Enable Batch Utility Flag",
                "description": "Set isUtilActive flag from dc_metadata.GDHDynamicADFParams to Y",
                "type": "SqlServerStoredProcedure",
                "dependsOn": [
                    {
                        "activity": "Until Pool Resizing has completed",
                        "dependencyConditions": [
                            "Succeeded"
                        ]
                    }
                ],
                "policy": {
                    "timeout": "7.00:00:00",
                    "retry": 0,
                    "retryIntervalInSeconds": 30,
                    "secureOutput": false,
                    "secureInput": false
                },
                "userProperties": [],
                "typeProperties": {
                    "storedProcedureName": "sp_executesql",
                    "storedProcedureParameters": {
                        "stmt": {
                            "value": {
                                "value": "UPDATE dc_metadata.GDHDynamicADFParams SET Param_value='Y' WHERE Param_key='isUtilActive' AND Project_Name='MarTech' AND Job_Name='MarTech_Egress' AND Process_Name='BatchDecryptUtil' AND Environment='@{pipeline().parameters.pEnvironment}'",
                                "type": "Expression"
                            }
                        }
                    }
                },
                "linkedServiceName": {
                    "referenceName": "azsyndna_curated_dw",
                    "type": "LinkedServiceReference"
                }
            },
            {
                "name": "Disable Batch Utility Flag",
                "description": "Set isUtilActive flag from dc_metadata.GDHDynamicADFParams to N",
                "type": "SqlServerStoredProcedure",
                "dependsOn": [
                    {
                        "activity": "Egress From Source to Collection",
                        "dependencyConditions": [
                            "Completed"
                        ]
                    }
                ],
                "policy": {
                    "timeout": "7.00:00:00",
                    "retry": 0,
                    "retryIntervalInSeconds": 30,
                    "secureOutput": false,
                    "secureInput": false
                },
                "userProperties": [],
                "typeProperties": {
                    "storedProcedureName": "sp_executesql",
                    "storedProcedureParameters": {
                        "stmt": {
                            "value": {
                                "value": "UPDATE dc_metadata.GDHDynamicADFParams SET Param_value='N' WHERE Param_key='isUtilActive' AND Project_Name='MarTech' AND Job_Name='MarTech_Egress' AND Process_Name='BatchDecryptUtil' AND Environment='@{pipeline().parameters.pEnvironment}'",
                                "type": "Expression"
                            }
                        }
                    }
                },
                "linkedServiceName": {
                    "referenceName": "azsyndna_curated_dw",
                    "type": "LinkedServiceReference"
                }
            },
            {
                "name": "Set vskipDecryptFileName",
                "type": "SetVariable",
                "dependsOn": [
                    {
                        "activity": "Enable Batch Utility Flag",
                        "dependencyConditions": [
                            "Succeeded"
                        ]
                    }
                ],
                "userProperties": [],
                "typeProperties": {
                    "variableName": "vskipDecryptFileName",
                    "value": {
                        "value": "@json(pipeline().parameters.pBatchParams).skip_decrypt_file",
                        "type": "Expression"
                    }
                }
            }
        ],
        "parameters": {
            "pSourceContainer": {
                "type": "string"
            },
            "pSourcePath": {
                "type": "string"
            },
            "pAssetName": {
                "type": "string"
            },
            "pCollectionContainer": {
                "type": "string"
            },
            "pCollectionPath": {
                "type": "string"
            },
            "pXmlFileName": {
                "type": "string"
            },
            "pSourceSAEndpoint": {
                "type": "string"
            },
            "pTargetSAEndpoint": {
                "type": "string"
            },
            "pEnvironment": {
                "type": "string"
            },
            "pDataFeedID": {
                "type": "string"
            },
            "pBatchParams": {
                "type": "string"
            }
        },
        "variables": {
            "vEncryptedAssetName": {
                "type": "String"
            },
            "vMIClientID": {
                "type": "String"
            },
            "vGPGPubKeySecret": {
                "type": "String"
            },
            "vGPGEmailAddress": {
                "type": "String"
            },
            "vUserCredential": {
                "type": "String"
            },
            "vIsResizeFinished": {
                "type": "Boolean"
            },
            "vskipDecryptFileName": {
                "type": "String"
            }
        },
        "folder": {
            "name": "MarTech/Egress/UtilPipeline"
        },
        "annotations": []
    }
}