{
	"name": "MT_Cleansed_to_PSA_Wrapper",
	"properties": {
		"description": "Used to execute the Cleansed to PSA pipelines for the MarTech Feeds",
		"activities": [
			{
				"name": "Lookup the feeds of MarTech",
				"description": "Lookup all the incremental feeds of MarTech project .",
				"type": "Lookup",
				"dependsOn": [],
				"policy": {
					"timeout": "7.00:00:00",
					"retry": 0,
					"retryIntervalInSeconds": 30,
					"secureOutput": false,
					"secureInput": false
				},
				"userProperties": [],
				"typeProperties": {
					"source": {
						"type": "SqlDWSource",
						"sqlReaderQuery": "SELECT feed_id FROM psa.cf_feed_configuration\nWHERE active_flag=1 and psa_table_name IN\n(\n'BUKIT_BTCSVOC_BUK_SVOC_Customer_address',\n'BUKIT_BTCSVOC_BUK_SVOC_Customer_consent',\n'BUKIT_BTCSVOC_BUK_SVOC_Customer_consent_entity_link',\n'BUKIT_BTCSVOC_BUK_SVOC_Customer_data',\n'BUKIT_BTCSVOC_BUK_SVOC_Customer_email',\n'BUKIT_BTCSVOC_BUK_SVOC_Customer_entity_link',\n'BUKIT_BTCSVOC_BUK_SVOC_Customer_phone',\n'BUKIT_BTCSVOC_BUK_SVOC_Customer_social_media',\n'SAPCOE_SAPCRM_BUK_SAPCRM_Advantage_Card_customer_clubs',\n'SAPCOE_SAPCRM_BUK_SAPCRM_Advantage_Card_customers',\n'SAPCOE_SAPCRM_BUK_SAPCRM_Advantage_Card_membership_activity',\n'SAPCOE_SAPCRM_BUK_SAPCRM_Advantage_Card_membership_points',\n'SAPCOE_SAPCRM_BUK_SAPCRM_Advantage_Card_transactions',\n'SAPCOE_SAPCRM_BUK_SAPCRM_Customer_Status_Change',\n'SAPCOE_SAPCRM_BUK_SAPCRM_Advantage_Card_customer_child'\n)\norder by psa_table_name",
						"queryTimeout": "02:00:00",
						"partitionOption": "None"
					},
					"dataset": {
						"referenceName": "azsyndna_ds",
						"type": "DatasetReference",
						"parameters": {
							"pSynTable": "cf_feed_configuration",
							"pSynSchema": "psa"
						}
					},
					"firstRowOnly": false
				}
			},
			{
				"name": "For Each MarTech Feed",
				"description": "Run Cleansed to PSA for each MarTech incremental feed fetched in previous step",
				"type": "ForEach",
				"dependsOn": [
					{
						"activity": "Lookup the feeds of MarTech",
						"dependencyConditions": [
							"Succeeded"
						]
					}
				],
				"userProperties": [],
				"typeProperties": {
					"items": {
						"value": "@activity('Lookup the feeds of MarTech').output.value",
						"type": "Expression"
					},
					"isSequential": false,
					"batchCount": 20,
					"activities": [
						{
							"name": "Execute Cleansed to PSA",
							"description": "Invoke curation framework to load data from cleansed to PSA for SAP CRM and SVOC incremental feeds of MarTech",
							"type": "ExecutePipeline",
							"dependsOn": [],
							"userProperties": [],
							"typeProperties": {
								"pipeline": {
									"referenceName": "CF_ValidFeedsProcess",
									"type": "PipelineReference"
								},
								"waitOnCompletion": true,
								"parameters": {
									"pFeedID": {
										"value": "@string(item().feed_id)",
										"type": "Expression"
									},
									"pIngestionDB": {
										"value": "@pipeline().parameters.pIngestionDB",
										"type": "Expression"
									},
									"pCurationUser": {
										"value": "@pipeline().parameters.pCurationUser",
										"type": "Expression"
									},
									"pProjectID": {
										"value": "@pipeline().parameters.pProjectID",
										"type": "Expression"
									},
									"pAssetID": {
										"value": "@pipeline().parameters.pAssetID",
										"type": "Expression"
									}
								}
							}
						}
					]
				}
			},
			{
				"name": "Lookup the delete feeds of MarTech",
				"description": "Lookup deletion and anonymization feeds of MarTech project . ",
				"type": "Lookup",
				"dependsOn": [
					{
						"activity": "For Each MarTech Feed",
						"dependencyConditions": [
							"Succeeded"
						]
					}
				],
				"policy": {
					"timeout": "7.00:00:00",
					"retry": 0,
					"retryIntervalInSeconds": 30,
					"secureOutput": false,
					"secureInput": false
				},
				"userProperties": [],
				"typeProperties": {
					"source": {
						"type": "SqlDWSource",
						"sqlReaderQuery": "SELECT feed_id FROM psa.cf_feed_configuration\nWHERE active_flag=1 and psa_table_name IN\n(\n'BUKIT_BTCSVOC_BUK_SVOC_Customer_delete',\n'SAPCOE_SAPCRM_BUK_SAPCRM_Customer_Anonymisation'\n)\norder by psa_table_name",
						"queryTimeout": "02:00:00",
						"partitionOption": "None"
					},
					"dataset": {
						"referenceName": "azsyndna_ds",
						"type": "DatasetReference",
						"parameters": {
							"pSynTable": "N",
							"pSynSchema": "N"
						}
					},
					"firstRowOnly": false
				}
			},
			{
				"name": "For Each MarTech Deletion Feed",
				"description": "Run Cleansed to PSA for each deletion feed fetched in previous step",
				"type": "ForEach",
				"dependsOn": [
					{
						"activity": "Lookup the delete feeds of MarTech",
						"dependencyConditions": [
							"Succeeded"
						]
					}
				],
				"userProperties": [],
				"typeProperties": {
					"items": {
						"value": "@activity('Lookup the delete feeds of MarTech').output.value",
						"type": "Expression"
					},
					"isSequential": false,
					"batchCount": 2,
					"activities": [
						{
							"name": "Execute Cleansed to PSA for Deletion Feed",
							"description": "Invoke curation framework to load data from cleansed to PSA for deletion feeds of MarTech",
							"type": "ExecutePipeline",
							"dependsOn": [],
							"userProperties": [],
							"typeProperties": {
								"pipeline": {
									"referenceName": "CF_ValidFeedsProcess",
									"type": "PipelineReference"
								},
								"waitOnCompletion": true,
								"parameters": {
									"pFeedID": {
										"value": "@string(item().feed_id)",
										"type": "Expression"
									},
									"pIngestionDB": {
										"value": "@pipeline().parameters.pIngestionDB",
										"type": "Expression"
									},
									"pCurationUser": {
										"value": "@pipeline().parameters.pCurationUser",
										"type": "Expression"
									},
									"pProjectID": {
										"value": "@pipeline().parameters.pProjectID",
										"type": "Expression"
									},
									"pAssetID": {
										"value": "@pipeline().parameters.pAssetID",
										"type": "Expression"
									}
								}
							}
						}
					]
				}
			}
		],
		"parameters": {
			"pIngestionDB": {
				"type": "string",
				"defaultValue": "dbo"
			},
			"pCurationUser": {
				"type": "string",
				"defaultValue": "CurationUser"
			},
			"pProjectID": {
				"type": "string",
				"defaultValue": "1800045608"
			},
			"pAssetID": {
				"type": "string",
				"defaultValue": "''"
			}
		},
		"folder": {
			"name": "MarTech/Egress/Delta"
		},
		"annotations": []
	}
}