{
    "name": "MT_Cleansed_to_PSA_Egress_Wrapper",
    "properties": {
        "activities": [
            {
                "name": "DataGenerateFactsWeb",
                "description": "Used to execute the DataGenerateFacts pipeline",
                "type": "WebActivity",
                "dependsOn": [
                    {
                        "activity": "Set EgressBodyAssetStatusID",
                        "dependencyConditions": [
                            "Succeeded"
                        ]
                    },
                    {
                        "activity": "Set IsFactSuccess",
                        "dependencyConditions": [
                            "Succeeded"
                        ]
                    },
                    {
                        "activity": "Set vStatusCheckerURL",
                        "dependencyConditions": [
                            "Succeeded"
                        ]
                    },
                    {
                        "activity": "Set vDataEgressExecuteURL",
                        "dependencyConditions": [
                            "Succeeded"
                        ]
                    },
                    {
                        "activity": "Set vDataGenerateFactsURL",
                        "dependencyConditions": [
                            "Succeeded"
                        ]
                    }
                ],
                "policy": {
                    "timeout": "05:00:00",
                    "retry": 0,
                    "retryIntervalInSeconds": 30,
                    "secureOutput": false,
                    "secureInput": false
                },
                "userProperties": [],
                "typeProperties": {
                    "url": {
                        "value": "@variables('vDataGenerateFactsURL')",
                        "type": "Expression"
                    },
                    "connectVia": {
                        "referenceName": "dna-ir01",
                        "type": "IntegrationRuntimeReference"
                    },
                    "method": "POST",
                    "body": {
                        "value": "@concat('{\"pDTExtractStart\":\"\"' , ',\"pProjectID\":\"',pipeline().parameters.pParamList.pEgressProjectID,'\"',',\"pOverallQueryTimeout\":\"480\"}' )",
                        "type": "Expression"
                    },
                    "authentication": {
                        "type": "MSI",
                        "resource": {
                            "value": "https://management.azure.com/",
                            "type": "Expression"
                        }
                    }
                }
            },
            {
                "name": "EgressUntilActivity",
                "description": "Used to wait for the DataGenerateFacts pipeline to complete",
                "type": "Until",
                "dependsOn": [
                    {
                        "activity": "DataGenerateFactsWeb",
                        "dependencyConditions": [
                            "Succeeded"
                        ]
                    }
                ],
                "userProperties": [],
                "typeProperties": {
                    "expression": {
                        "value": "@or(equals('Succeeded',activity('EgressStatusChecker').output.status) , equals('Failed',activity('EgressStatusChecker').output.status))",
                        "type": "Expression"
                    },
                    "activities": [
                        {
                            "name": "EgressStatusChecker",
                            "type": "WebActivity",
                            "dependsOn": [
                                {
                                    "activity": "EgressFactWaitActivity",
                                    "dependencyConditions": [
                                        "Succeeded"
                                    ]
                                }
                            ],
                            "policy": {
                                "timeout": "7.00:00:00",
                                "retry": 0,
                                "retryIntervalInSeconds": 30,
                                "secureOutput": false,
                                "secureInput": false
                            },
                            "userProperties": [],
                            "typeProperties": {
                                "url": {
                                    "value": "@concat(variables('vStatusCheckerURL'),activity('DataGenerateFactsWeb').output.runId,'?api-version=2018-06-01')",
                                    "type": "Expression"
                                },
                                "connectVia": {
                                    "referenceName": "dna-ir01",
                                    "type": "IntegrationRuntimeReference"
                                },
                                "method": "GET",
                                "headers": {
                                    "Content-Type": "application/json"
                                },
                                "authentication": {
                                    "type": "MSI",
                                    "resource": {
                                        "value": "https://management.azure.com/",
                                        "type": "Expression"
                                    }
                                }
                            }
                        },
                        {
                            "name": "EgressFactWaitActivity",
                            "type": "Wait",
                            "dependsOn": [],
                            "userProperties": [],
                            "typeProperties": {
                                "waitTimeInSeconds": {
                                    "value": "@int(pipeline().parameters.pParamList.pEFWaitTime)",
                                    "type": "Expression"
                                }
                            }
                        },
                        {
                            "name": "FactStatusVar",
                            "type": "SetVariable",
                            "dependsOn": [
                                {
                                    "activity": "EgressStatusChecker",
                                    "dependencyConditions": [
                                        "Succeeded"
                                    ]
                                }
                            ],
                            "userProperties": [],
                            "typeProperties": {
                                "variableName": "isFactSuccess",
                                "value": {
                                    "value": "@activity('EgressStatusChecker').output.status",
                                    "type": "Expression"
                                }
                            }
                        }
                    ],
                    "timeout": "23:00:00"
                }
            },
            {
                "name": "If DataGenerateFacts Successful",
                "description": "If the pipeline DataGenerateFacts succeeds, execute the pipeline MT_Datamart_to_Dispatch_Wrapper. Else, raise an error",
                "type": "IfCondition",
                "dependsOn": [
                    {
                        "activity": "EgressUntilActivity",
                        "dependencyConditions": [
                            "Succeeded"
                        ]
                    }
                ],
                "userProperties": [],
                "typeProperties": {
                    "expression": {
                        "value": "@equals(variables('isFactSuccess'),'Succeeded')",
                        "type": "Expression"
                    },
                    "ifFalseActivities": [
                        {
                            "name": "DataGenerateFacts_RaiseError",
                            "type": "Fail",
                            "dependsOn": [],
                            "userProperties": [],
                            "typeProperties": {
                                "message": {
                                    "value": "@concat('[ERROR] MarTech- Pipeline ',\nactivity('EgressStatusChecker').output.pipelineName,\n' in DataFactory ',\nreplace(substring(activity('EgressStatusChecker').output.id,indexof(activity('EgressStatusChecker').output.id,'/FACTORIES/'),sub(indexof(activity('EgressStatusChecker').output.id,'/pipelineruns/'),indexof(activity('EgressStatusChecker').output.id,'/FACTORIES/'))),'/FACTORIES/',''),\n' having run ID ',\nactivity('EgressStatusChecker').output.runId,\n' failed with following error: \"',\nactivity('EgressStatusChecker').output.message,\n'\" .Incremental egress for the current day will not proceed.')",
                                    "type": "Expression"
                                },
                                "errorCode": "400"
                            }
                        }
                    ],
                    "ifTrueActivities": [
                        {
                            "name": "ExecuteDatamarttoDispatch",
                            "type": "ExecutePipeline",
                            "dependsOn": [],
                            "userProperties": [],
                            "typeProperties": {
                                "pipeline": {
                                    "referenceName": "MT_Datamart_to_Dispatch_Wrapper",
                                    "type": "PipelineReference"
                                },
                                "waitOnCompletion": true,
                                "parameters": {
                                    "pDataEgressExecuteURL": {
                                        "value": "@variables('vDataEgressExecuteURL')",
                                        "type": "Expression"
                                    },
                                    "pAssetStatusID": {
                                        "value": "@variables('EgressBodyPAssetStatusId')",
                                        "type": "Expression"
                                    },
                                    "pEgressProjectID": {
                                        "value": "@pipeline().parameters.pParamList.pEgressProjectID",
                                        "type": "Expression"
                                    },
                                    "pStatusCheckerURL": {
                                        "value": "@variables('vStatusCheckerURL')",
                                        "type": "Expression"
                                    },
                                    "pWaitTime": {
                                        "value": "@pipeline().parameters.pParamList.pEFWaitTime",
                                        "type": "Expression"
                                    }
                                }
                            }
                        }
                    ]
                }
            },
            {
                "name": "Check Whether Wave2 or Wave3",
                "description": "If it is Martech Wave2, execute the Curation Framework for each feed, else do nothing",
                "type": "IfCondition",
                "dependsOn": [
                    {
                        "activity": "If file for DF09 is still not present in cleansed",
                        "dependencyConditions": [
                            "Succeeded"
                        ]
                    }
                ],
                "userProperties": [],
                "typeProperties": {
                    "expression": {
                        "value": "@equals(pipeline().parameters.pParamList.pWave,'2')",
                        "type": "Expression"
                    },
                    "ifTrueActivities": [
                        {
                            "name": "ExecuteCleansedToPSAWrapper",
                            "description": "Used to execute the Cleansed to PSA Wrapper pipeline",
                            "type": "ExecutePipeline",
                            "dependsOn": [],
                            "userProperties": [],
                            "typeProperties": {
                                "pipeline": {
                                    "referenceName": "MT_Cleansed_to_PSA_Wrapper",
                                    "type": "PipelineReference"
                                },
                                "waitOnCompletion": true,
                                "parameters": {
                                    "pIngestionDB": {
                                        "value": "@pipeline().parameters.pParamList.pIngestionDB",
                                        "type": "Expression"
                                    },
                                    "pCurationUser": {
                                        "value": "@pipeline().parameters.pParamList.pCurationUser",
                                        "type": "Expression"
                                    },
                                    "pProjectID": {
                                        "value": "@pipeline().parameters.pParamList.pProjectID",
                                        "type": "Expression"
                                    },
                                    "pAssetID": {
                                        "value": "@pipeline().parameters.pParamList.pAssetID",
                                        "type": "Expression"
                                    }
                                }
                            }
                        }
                    ]
                }
            },
            {
                "name": "Execute MT_EgressMain",
                "description": "Once MT_Datamart_to_Dispatch_Wrapper completes execution successfully, proceed to the custom pipeline",
                "type": "ExecutePipeline",
                "dependsOn": [
                    {
                        "activity": "If DataGenerateFacts Successful",
                        "dependencyConditions": [
                            "Succeeded"
                        ]
                    }
                ],
                "userProperties": [],
                "typeProperties": {
                    "pipeline": {
                        "referenceName": "MT_EgressMain",
                        "type": "PipelineReference"
                    },
                    "waitOnCompletion": true,
                    "parameters": {
                        "pProjectID": {
                            "value": "@pipeline().parameters.pParamList.pEgressProjectID",
                            "type": "Expression"
                        },
                        "pEnvironment": {
                            "value": "@pipeline().parameters.pParamList.pEnvironment",
                            "type": "Expression"
                        },
                        "pCollectionPath": {
                            "value": "@pipeline().parameters.pParamList.pCollectionPath",
                            "type": "Expression"
                        },
                        "pIngestionDB": {
                            "value": "@pipeline().parameters.pParamList.pIngestionDB",
                            "type": "Expression"
                        },
                        "pWaitTime": {
                            "value": "@pipeline().parameters.pParamList.pCollectionWaitTime",
                            "type": "Expression"
                        },
                        "pDispatchPath": {
                            "value": "@pipeline().parameters.pParamList.pDispatchPath",
                            "type": "Expression"
                        }
                    }
                }
            },
            {
                "name": "Set IsFactSuccess",
                "description": "Initialise the variable IsFactSuccess",
                "type": "SetVariable",
                "dependsOn": [],
                "userProperties": [],
                "typeProperties": {
                    "variableName": "isFactSuccess",
                    "value": "Unknown"
                }
            },
            {
                "name": "Set EgressBodyAssetStatusID",
                "description": "Initialise the variable EgressBodyAssetStatusID",
                "type": "SetVariable",
                "dependsOn": [],
                "userProperties": [],
                "typeProperties": {
                    "variableName": "EgressBodyPAssetStatusId",
                    "value": "24032"
                }
            },
            {
                "name": "Set vDataGenerateFactsURL",
                "description": "Initialise the variable vDataGenerateFactsURL",
                "type": "SetVariable",
                "dependsOn": [
                    {
                        "activity": "Get Wrapper Pipeline Parameters",
                        "dependencyConditions": [
                            "Succeeded"
                        ]
                    }
                ],
                "userProperties": [],
                "typeProperties": {
                    "variableName": "vDataGenerateFactsURL",
                    "value": {
                        "value": "@json(activity('Get Wrapper Pipeline Parameters').output.firstRow.params).ef_generatefacts_url",
                        "type": "Expression"
                    }
                }
            },
            {
                "name": "Set vStatusCheckerURL",
                "description": "Initialise the variable vStatusCheckerURL",
                "type": "SetVariable",
                "dependsOn": [
                    {
                        "activity": "Get Wrapper Pipeline Parameters",
                        "dependencyConditions": [
                            "Succeeded"
                        ]
                    }
                ],
                "userProperties": [],
                "typeProperties": {
                    "variableName": "vStatusCheckerURL",
                    "value": {
                        "value": "@json(activity('Get Wrapper Pipeline Parameters').output.firstRow.params).run_status_url",
                        "type": "Expression"
                    }
                }
            },
            {
                "name": "Set vDataEgressExecuteURL",
                "description": "Initialise the variable vDataEgressExecuteURL",
                "type": "SetVariable",
                "dependsOn": [
                    {
                        "activity": "Get Wrapper Pipeline Parameters",
                        "dependencyConditions": [
                            "Succeeded"
                        ]
                    }
                ],
                "userProperties": [],
                "typeProperties": {
                    "variableName": "vDataEgressExecuteURL",
                    "value": {
                        "value": "@json(activity('Get Wrapper Pipeline Parameters').output.firstRow.params).ef_egressexecute_url",
                        "type": "Expression"
                    }
                }
            },
            {
                "name": "Get Wrapper Pipeline Parameters",
                "type": "Lookup",
                "dependsOn": [
                    {
                        "activity": "Check Whether Wave2 or Wave3",
                        "dependencyConditions": [
                            "Succeeded"
                        ]
                    }
                ],
                "policy": {
                    "timeout": "7.00:00:00",
                    "retry": 0,
                    "retryIntervalInSeconds": 30,
                    "secureOutput": false,
                    "secureInput": false
                },
                "userProperties": [],
                "typeProperties": {
                    "source": {
                        "type": "SqlDWSource",
                        "sqlReaderQuery": {
                            "value": "SELECT Param_value AS params FROM dc_metadata.GDHDynamicADFParams WHERE Param_key='WrapperParam' AND Project_Name='MarTech' AND Job_Name='MarTech_DeltaEgress' AND Process_Name='WrapperPipeline' AND Environment='@{pipeline().parameters.pParamList.pEnvironment}'",
                            "type": "Expression"
                        },
                        "queryTimeout": "02:00:00",
                        "partitionOption": "None"
                    },
                    "dataset": {
                        "referenceName": "azsyndna_ds",
                        "type": "DatasetReference",
                        "parameters": {
                            "pSynTable": "N",
                            "pSynSchema": "N"
                        }
                    }
                }
            },
            {
                "name": "Check if file for DF09 is present in cleansed",
                "description": "Check if file for DF09-SVOC CUSTOMER ENTITY LNK has arrived. Without this feed, egress will not proceed.",
                "type": "ForEach",
                "dependsOn": [
                    {
                        "activity": "Initialize vIsDf09Present",
                        "dependencyConditions": [
                            "Succeeded"
                        ]
                    }
                ],
                "userProperties": [],
                "typeProperties": {
                    "items": {
                        "value": "@range(0,3)",
                        "type": "Expression"
                    },
                    "isSequential": true,
                    "activities": [
                        {
                            "name": "If DF09 assets are present in cleansed",
                            "type": "IfCondition",
                            "dependsOn": [],
                            "userProperties": [],
                            "typeProperties": {
                                "expression": {
                                    "value": "@equals(variables('vIsDf09Present'),bool(1))",
                                    "type": "Expression"
                                },
                                "ifFalseActivities": [
                                    {
                                        "name": "Check Asset table again for assets",
                                        "description": "Lookup dbo.Asset and dbo.AssetStatus table if any asset with asset status 24014(Cleansed) is present for SVOC ENTITY LNK",
                                        "type": "Lookup",
                                        "dependsOn": [],
                                        "policy": {
                                            "timeout": "7.00:00:00",
                                            "retry": 0,
                                            "retryIntervalInSeconds": 30,
                                            "secureOutput": false,
                                            "secureInput": false
                                        },
                                        "userProperties": [],
                                        "typeProperties": {
                                            "source": {
                                                "type": "AzureSqlSource",
                                                "sqlReaderQuery": "select count(*) as df09Count from dbo.AssetStatus ast\njoin dbo.Asset a\non ast.AssetID = a.AssetID\nwhere ast.StatusID=24014\nand a.AssetName like 'SVOCCC_CUSTOMER_ENTITY_LNK_[0-9]%.psv'\nand ast.DTEffectiveTo is NULL",
                                                "queryTimeout": "02:00:00",
                                                "partitionOption": "None"
                                            },
                                            "dataset": {
                                                "referenceName": "azdbdna_ds_metadata",
                                                "type": "DatasetReference"
                                            }
                                        }
                                    },
                                    {
                                        "name": "Set current timestamp",
                                        "type": "SetVariable",
                                        "dependsOn": [],
                                        "userProperties": [],
                                        "typeProperties": {
                                            "variableName": "vCurrentTimeStamp",
                                            "value": {
                                                "value": "@formatDateTime(utcnow(),'yyyy-MM-dd HH:mm:ss')",
                                                "type": "Expression"
                                            }
                                        }
                                    },
                                    {
                                        "name": "Add timestamp to variable",
                                        "type": "AppendVariable",
                                        "dependsOn": [
                                            {
                                                "activity": "Set current timestamp",
                                                "dependencyConditions": [
                                                    "Succeeded"
                                                ]
                                            }
                                        ],
                                        "userProperties": [],
                                        "typeProperties": {
                                            "variableName": "vTimestampArray",
                                            "value": {
                                                "value": "@variables('vCurrentTimeStamp')",
                                                "type": "Expression"
                                            }
                                        }
                                    },
                                    {
                                        "name": "Set vIsDf09Present",
                                        "description": "If assets for DF09 are present, set boolean variable vIsDf09Present with truebool(1), else bool(0)",
                                        "type": "SetVariable",
                                        "dependsOn": [
                                            {
                                                "activity": "Check Asset table again for assets",
                                                "dependencyConditions": [
                                                    "Succeeded"
                                                ]
                                            }
                                        ],
                                        "userProperties": [],
                                        "typeProperties": {
                                            "variableName": "vIsDf09Present",
                                            "value": {
                                                "value": "@if(greater(int(activity('Check Asset table again for assets').output.firstRow.df09Count),0),bool(1),bool(0))",
                                                "type": "Expression"
                                            }
                                        }
                                    },
                                    {
                                        "name": "Wait and recheck in 30 minutes",
                                        "type": "Wait",
                                        "dependsOn": [
                                            {
                                                "activity": "Set vIsDf09Present",
                                                "dependencyConditions": [
                                                    "Succeeded"
                                                ]
                                            },
                                            {
                                                "activity": "Add timestamp to variable",
                                                "dependencyConditions": [
                                                    "Succeeded"
                                                ]
                                            }
                                        ],
                                        "userProperties": [],
                                        "typeProperties": {
                                            "waitTimeInSeconds": 1800
                                        }
                                    }
                                ]
                            }
                        }
                    ]
                }
            },
            {
                "name": "Initialize vIsDf09Present",
                "description": "If assets for DF09 are present, Initialize boolean variable vIsDf09Present with truebool(1), else bool(0)",
                "type": "SetVariable",
                "dependsOn": [
                    {
                        "activity": "Check Asset table for DF09 assets in cleansed",
                        "dependencyConditions": [
                            "Succeeded"
                        ]
                    }
                ],
                "userProperties": [],
                "typeProperties": {
                    "variableName": "vIsDf09Present",
                    "value": {
                        "value": "@if(equals(pipeline().parameters.pParamList.pManualRerunFlag,'N'),if(greater(int(activity('Check Asset table for DF09 assets in cleansed').output.firstRow.df09Count),0),bool(1),bool(0)),bool(1))",
                        "type": "Expression"
                    }
                }
            },
            {
                "name": "Check Asset table for DF09 assets in cleansed",
                "description": "Lookup dbo.Asset and dbo.AssetStatus table if any asset with asset status 24014(Cleansed) is present for SVOC ENTITY LNK",
                "type": "Lookup",
                "dependsOn": [],
                "policy": {
                    "timeout": "7.00:00:00",
                    "retry": 0,
                    "retryIntervalInSeconds": 30,
                    "secureOutput": false,
                    "secureInput": false
                },
                "userProperties": [],
                "typeProperties": {
                    "source": {
                        "type": "AzureSqlSource",
                        "sqlReaderQuery": "select count(*) as df09Count from dbo.AssetStatus ast\njoin dbo.Asset a\non ast.AssetID = a.AssetID\nwhere ast.StatusID=24014\nand a.AssetName like 'SVOCCC_CUSTOMER_ENTITY_LNK_[0-9]%.psv'\nand ast.DTEffectiveTo is NULL",
                        "queryTimeout": "02:00:00",
                        "partitionOption": "None"
                    },
                    "dataset": {
                        "referenceName": "azdbdna_ds_metadata",
                        "type": "DatasetReference"
                    }
                }
            },
            {
                "name": "If file for DF09 is still not present in cleansed",
                "type": "IfCondition",
                "dependsOn": [
                    {
                        "activity": "Check if file for DF09 is present in cleansed",
                        "dependencyConditions": [
                            "Succeeded"
                        ]
                    }
                ],
                "userProperties": [],
                "typeProperties": {
                    "expression": {
                        "value": "@equals(variables('vIsDf09Present'),bool(0))",
                        "type": "Expression"
                    },
                    "ifTrueActivities": [
                        {
                            "name": "Raise Error and stop Egress process",
                            "type": "Fail",
                            "dependsOn": [],
                            "userProperties": [],
                            "typeProperties": {
                                "message": {
                                    "value": "@concat('WARNING: New Incremental data for DF09- SVOC CUSTOMER ENTITY LNK has not yet arrived in DNA cleansed. The first check was at ',variables('vTimestampArray')[0],', the second check was at ',variables('vTimestampArray')[1], ', third check was at ',variables('vTimestampArray')[2],'. Incremental egress for the current day will not proceed, as there is a dependency on this feed.')",
                                    "type": "Expression"
                                },
                                "errorCode": "400"
                            }
                        }
                    ]
                }
            }
        ],
        "parameters": {
            "pParamList": {
                "type": "object",
                "defaultValue": {
                    "pIngestionDB": "dbo",
                    "pCurationUser": "CurationUser",
                    "pProjectID": "1800045608",
                    "pAssetID": "''",
                    "pEgressProjectID": "8008",
                    "pEnvironment": "",
                    "pCollectionPath": "PzDB/PzDB",
                    "pEFWaitTime": "",
                    "pCollectionWaitTime": "",
                    "pWave": "",
                    "pDispatchPath": "",
                    "pManualRerunFlag": "Y"
                }
            }
        },
        "variables": {
            "isFactSuccess": {
                "type": "String"
            },
            "EgressBodyPAssetStatusId": {
                "type": "String"
            },
            "vDataGenerateFactsURL": {
                "type": "String"
            },
            "vStatusCheckerURL": {
                "type": "String"
            },
            "vDataEgressExecuteURL": {
                "type": "String"
            },
            "vCurrentTimeStamp": {
                "type": "String"
            },
            "vIsDf09Present": {
                "type": "Boolean"
            },
            "vTimestampArray": {
                "type": "Array"
            }
        },
        "folder": {
            "name": "MarTech/Egress/Delta"
        },
        "annotations": []
    }
}