{
    "name": "MT_CheckForBucket",
    "properties": {
        "activities": [
            {
                "name": "Execute ProcessBucket",
                "description": "Invoke pipeline MT_ProcessBucket",
                "type": "ExecutePipeline",
                "dependsOn": [
                    {
                        "activity": "If need to validate Collection area empty or not",
                        "dependencyConditions": [
                            "Succeeded"
                        ]
                    }
                ],
                "userProperties": [],
                "typeProperties": {
                    "pipeline": {
                        "referenceName": "MT_ProcessBucket",
                        "type": "PipelineReference"
                    },
                    "waitOnCompletion": true,
                    "parameters": {
                        "pBucketID": {
                            "value": "@pipeline().parameters.pBucketID",
                            "type": "Expression"
                        },
                        "pCollectionPath": {
                            "value": "@pipeline().parameters.pCollectionPath",
                            "type": "Expression"
                        },
                        "pEnvironment": {
                            "value": "@pipeline().parameters.pEnvironment",
                            "type": "Expression"
                        },
                        "pNumOfAssets": {
                            "value": "@string('')",
                            "type": "Expression"
                        },
                        "pSourceSAEndpoint": {
                            "value": "@pipeline().parameters.pSourceSAEndpoint",
                            "type": "Expression"
                        },
                        "pTargetSAEndpoint": {
                            "value": "@pipeline().parameters.pTargetSAEndpoint",
                            "type": "Expression"
                        },
                        "pWave": {
                            "value": "@pipeline().parameters.pWave",
                            "type": "Expression"
                        }
                    }
                }
            },
            {
                "name": "Update Egress Flag for Bucket",
                "description": "Update egress_flag as Y for bucket_id in table psa.mt_bucket_iterate",
                "type": "SqlServerStoredProcedure",
                "dependsOn": [
                    {
                        "activity": "Execute ProcessBucket",
                        "dependencyConditions": [
                            "Succeeded"
                        ]
                    }
                ],
                "policy": {
                    "timeout": "7.00:00:00",
                    "retry": 0,
                    "retryIntervalInSeconds": 30,
                    "secureOutput": false,
                    "secureInput": false
                },
                "userProperties": [],
                "typeProperties": {
                    "storedProcedureName": "sp_executesql",
                    "storedProcedureParameters": {
                        "stmt": {
                            "value": {
                                "value": "UPDATE psa.mt_bucket_iterate SET egress_flag='Y' WHERE bucket_id=@{pipeline().parameters.pBucketID}",
                                "type": "Expression"
                            }
                        }
                    }
                },
                "linkedServiceName": {
                    "referenceName": "azsyndna_curated_dw",
                    "type": "LinkedServiceReference"
                }
            },
            {
                "name": "If need to validate Collection area empty or not",
                "description": "If current bucket is from Wave 2, check and wait until collection area is empty. If current bucket is from Wave 3, skip and proceed",
                "type": "IfCondition",
                "dependsOn": [],
                "userProperties": [],
                "typeProperties": {
                    "expression": {
                        "value": "@equals(pipeline().parameters.pWave,'2')",
                        "type": "Expression"
                    },
                    "ifTrueActivities": [
                        {
                            "name": "Wait until Collection area is empty",
                            "type": "ExecutePipeline",
                            "dependsOn": [],
                            "userProperties": [],
                            "typeProperties": {
                                "pipeline": {
                                    "referenceName": "MT_FolderValidation",
                                    "type": "PipelineReference"
                                },
                                "waitOnCompletion": true,
                                "parameters": {
                                    "pContainer": "collection",
                                    "pFolderPath": {
                                        "value": "@pipeline().parameters.pCollectionPath",
                                        "type": "Expression"
                                    },
                                    "pSAEndpoint": {
                                        "value": "@pipeline().parameters.pTargetSAEndpoint",
                                        "type": "Expression"
                                    },
                                    "pWaitTime": {
                                        "value": "@pipeline().parameters.pWaitTime",
                                        "type": "Expression"
                                    }
                                }
                            }
                        }
                    ]
                }
            }
        ],
        "parameters": {
            "pCollectionPath": {
                "type": "string"
            },
            "pBucketID": {
                "type": "string"
            },
            "pEnvironment": {
                "type": "string"
            },
            "pSourceSAEndpoint": {
                "type": "string"
            },
            "pTargetSAEndpoint": {
                "type": "string"
            },
            "pWaitTime": {
                "type": "string"
            },
            "pWave": {
                "type": "string"
            }
        },
        "folder": {
            "name": "MarTech/Egress/History"
        },
        "annotations": []
    }
}