{
    "name": "MT_Datamart_to_Dispatch_Wrapper",
    "properties": {
        "activities": [
            {
                "name": "DataEgressExecuteWeb",
                "description": "Used to execute the DataEgressExecute pipeline",
                "type": "WebActivity",
                "dependsOn": [
                    {
                        "activity": "Set isEgressExecuteSuccess",
                        "dependencyConditions": [
                            "Succeeded"
                        ]
                    }
                ],
                "policy": {
                    "timeout": "05:00:00",
                    "retry": 0,
                    "retryIntervalInSeconds": 30,
                    "secureOutput": false,
                    "secureInput": false
                },
                "userProperties": [],
                "typeProperties": {
                    "url": {
                        "value": "@pipeline().parameters.pDataEgressExecuteURL",
                        "type": "Expression"
                    },
                    "connectVia": {
                        "referenceName": "dna-ir01",
                        "type": "IntegrationRuntimeReference"
                    },
                    "method": "POST",
                    "body": {
                        "value": "@concat('{\"pAssetStatusID\":\"',pipeline().parameters.pAssetStatusID,'\"' , ',\"pProjectID\":\"',pipeline().parameters.pEgressProjectID,'\"}' )",
                        "type": "Expression"
                    },
                    "authentication": {
                        "type": "MSI",
                        "resource": {
                            "value": "https://management.azure.com/",
                            "type": "Expression"
                        }
                    }
                }
            },
            {
                "name": "EgressExecuteUntilActivity",
                "description": "Used to wait for the DataEgressExecute pipeline to complete",
                "type": "Until",
                "dependsOn": [
                    {
                        "activity": "DataEgressExecuteWeb",
                        "dependencyConditions": [
                            "Succeeded"
                        ]
                    }
                ],
                "userProperties": [],
                "typeProperties": {
                    "expression": {
                        "value": "@or(equals('Succeeded',activity('EgressExecuteStatusChecker').output.status) , equals('Failed',activity('EgressExecuteStatusChecker').output.status))",
                        "type": "Expression"
                    },
                    "activities": [
                        {
                            "name": "EgressExecuteStatusChecker",
                            "type": "WebActivity",
                            "dependsOn": [
                                {
                                    "activity": "EgressExecuteWaitActivity",
                                    "dependencyConditions": [
                                        "Succeeded"
                                    ]
                                }
                            ],
                            "policy": {
                                "timeout": "7.00:00:00",
                                "retry": 0,
                                "retryIntervalInSeconds": 30,
                                "secureOutput": false,
                                "secureInput": false
                            },
                            "userProperties": [],
                            "typeProperties": {
                                "url": {
                                    "value": "@concat(pipeline().parameters.pStatusCheckerURL,activity('DataEgressExecuteWeb').output.runId,'?api-version=2018-06-01')",
                                    "type": "Expression"
                                },
                                "connectVia": {
                                    "referenceName": "dna-ir01",
                                    "type": "IntegrationRuntimeReference"
                                },
                                "method": "GET",
                                "headers": {
                                    "Content-Type": "application/json"
                                },
                                "authentication": {
                                    "type": "MSI",
                                    "resource": {
                                        "value": "https://management.azure.com/",
                                        "type": "Expression"
                                    }
                                }
                            }
                        },
                        {
                            "name": "EgressExecuteWaitActivity",
                            "type": "Wait",
                            "dependsOn": [],
                            "userProperties": [],
                            "typeProperties": {
                                "waitTimeInSeconds": {
                                    "value": "@int(pipeline().parameters.pWaitTime)",
                                    "type": "Expression"
                                }
                            }
                        },
                        {
                            "name": "EgressExecuteSuccessVar",
                            "type": "SetVariable",
                            "dependsOn": [
                                {
                                    "activity": "EgressExecuteStatusChecker",
                                    "dependencyConditions": [
                                        "Succeeded"
                                    ]
                                }
                            ],
                            "userProperties": [],
                            "typeProperties": {
                                "variableName": "isEgressExecuteSuccess",
                                "value": {
                                    "value": "@activity('EgressExecuteStatusChecker').output.status",
                                    "type": "Expression"
                                }
                            }
                        }
                    ],
                    "timeout": "23:00:00"
                }
            },
            {
                "name": "If DataEgressExcecute Successful",
                "description": "Used to check the status of the DataEgressExecute pipeline",
                "type": "IfCondition",
                "dependsOn": [
                    {
                        "activity": "EgressExecuteUntilActivity",
                        "dependencyConditions": [
                            "Succeeded"
                        ]
                    }
                ],
                "userProperties": [],
                "typeProperties": {
                    "expression": {
                        "value": "@equals(variables('isEgressExecuteSuccess'),'Succeeded')",
                        "type": "Expression"
                    },
                    "ifFalseActivities": [
                        {
                            "name": "DataEgressExecute_RaiseError",
                            "type": "Fail",
                            "dependsOn": [],
                            "userProperties": [],
                            "typeProperties": {
                                "message": {
                                    "value": "@concat('[ERROR] MarTech- Pipeline ',\r\nactivity('EgressExecuteStatusChecker').output.pipelineName,\r\n' in DataFactory ',\r\nreplace(substring(activity('EgressExecuteStatusChecker').output.id,indexof(activity('EgressExecuteStatusChecker').output.id,'/FACTORIES/'),sub(indexof(activity('EgressExecuteStatusChecker').output.id,'/pipelineruns/'),indexof(activity('EgressExecuteStatusChecker').output.id,'/FACTORIES/'))),'/FACTORIES/',''),\r\n' having run ID ',\r\nactivity('EgressExecuteStatusChecker').output.runId,\r\n' failed with following error: \"',\r\nactivity('EgressExecuteStatusChecker').output.message,\r\n'\" .Incremental egress for the current day will not proceed.')",
                                    "type": "Expression"
                                },
                                "errorCode": "400"
                            }
                        }
                    ],
                    "ifTrueActivities": [
                        {
                            "name": "Proceed to Custom pipeline",
                            "type": "Wait",
                            "dependsOn": [],
                            "userProperties": [],
                            "typeProperties": {
                                "waitTimeInSeconds": 1
                            }
                        }
                    ]
                }
            },
            {
                "name": "Set isEgressExecuteSuccess",
                "description": "Initialise the variable isEgressExecuteSuccess",
                "type": "SetVariable",
                "dependsOn": [],
                "userProperties": [],
                "typeProperties": {
                    "variableName": "isEgressExecuteSuccess",
                    "value": "Unknown"
                }
            }
        ],
        "parameters": {
            "pDataEgressExecuteURL": {
                "type": "string"
            },
            "pAssetStatusID": {
                "type": "string"
            },
            "pEgressProjectID": {
                "type": "string"
            },
            "pStatusCheckerURL": {
                "type": "string"
            },
            "pWaitTime": {
                "type": "string"
            }
        },
        "variables": {
            "isEgressExecuteSuccess": {
                "type": "String"
            }
        },
        "folder": {
            "name": "MarTech/Egress/Delta"
        },
        "annotations": []
    }
}