{
    "name": "MT_EgressIterate",
    "properties": {
        "description": "Version History:\n08/11/2021: Initial Version\n24/02/2022: Brought down 10M restriction to PII assets only\n27/06/2022: Added DF02 and DF14 to 10M restriction",
        "activities": [
            {
                "name": "Initialize Proceed Indicator to N",
                "description": "Initialize Proceed Indicator to N. If possible to egress, variable to be changed to Y inside loop.",
                "type": "SetVariable",
                "dependsOn": [],
                "userProperties": [],
                "typeProperties": {
                    "variableName": "vProceedInd",
                    "value": "N"
                }
            },
            {
                "name": "Until Ready to Egress",
                "description": "Loop until vProceedInd is Y. Once Y, then continue with egress process",
                "type": "Until",
                "dependsOn": [
                    {
                        "activity": "Initialize Proceed Indicator to N",
                        "dependencyConditions": [
                            "Succeeded"
                        ]
                    },
                    {
                        "activity": "Get Data Feed ID",
                        "dependencyConditions": [
                            "Succeeded"
                        ]
                    }
                ],
                "userProperties": [],
                "typeProperties": {
                    "expression": {
                        "value": "@equals(variables('vProceedInd'),'Y')",
                        "type": "Expression"
                    },
                    "activities": [
                        {
                            "name": "Filter PII Assets",
                            "description": "Filter Assets for DF01(CRM Customers), DF02(CRM Child), DF08(SVOC Customer data), DF10(SVOC Address), DF11(SVOC Phone), DF12(SVOC Email), DF13(SVOC Social Media), DF14(SVOC Identifier) for 10M restriction check. Non PII assets do not account for this restriction.",
                            "type": "Filter",
                            "dependsOn": [
                                {
                                    "activity": "Get Assets at Collection",
                                    "dependencyConditions": [
                                        "Succeeded"
                                    ]
                                }
                            ],
                            "userProperties": [],
                            "typeProperties": {
                                "items": {
                                    "value": "@activity('Get Assets at Collection').output.childItems",
                                    "type": "Expression"
                                },
                                "condition": {
                                    "value": "@equals(contains(createArray('DF01','DF02','DF08','DF10','DF11','DF12','DF13','DF14'),substring(item().name,0,4)),true)",
                                    "type": "Expression"
                                }
                            }
                        },
                        {
                            "name": "Get Assets at Collection",
                            "description": "Get File Names of all Assets present in the collection area.",
                            "type": "GetMetadata",
                            "dependsOn": [],
                            "policy": {
                                "timeout": "7.00:00:00",
                                "retry": 0,
                                "retryIntervalInSeconds": 30,
                                "secureOutput": false,
                                "secureInput": false
                            },
                            "userProperties": [],
                            "typeProperties": {
                                "dataset": {
                                    "referenceName": "azpathcheck_collection_adls",
                                    "type": "DatasetReference",
                                    "parameters": {
                                        "pContainer": {
                                            "value": "@pipeline().parameters.pCollectionContainer",
                                            "type": "Expression"
                                        },
                                        "pFolderPath": {
                                            "value": "@pipeline().parameters.pCollectionPath",
                                            "type": "Expression"
                                        },
                                        "pSAEndpoint": {
                                            "value": "@pipeline().parameters.pTargetSAEndpoint",
                                            "type": "Expression"
                                        }
                                    }
                                },
                                "fieldList": [
                                    "childItems"
                                ],
                                "storeSettings": {
                                    "type": "AzureBlobFSReadSettings",
                                    "recursive": true,
                                    "enablePartitionDiscovery": false
                                },
                                "formatSettings": {
                                    "type": "BinaryReadSettings"
                                }
                            }
                        },
                        {
                            "name": "If there are PII Assets in Collection",
                            "description": "If Filter activity contains output, then proceed to retrieve record count for those PII Assets. Else, set collection record count to 0.",
                            "type": "IfCondition",
                            "dependsOn": [
                                {
                                    "activity": "Filter PII Assets",
                                    "dependencyConditions": [
                                        "Succeeded"
                                    ]
                                }
                            ],
                            "userProperties": [],
                            "typeProperties": {
                                "expression": {
                                    "value": "@not(empty(activity('Filter PII Assets').output.Value))",
                                    "type": "Expression"
                                },
                                "ifFalseActivities": [
                                    {
                                        "name": "Set Collection PII Record Count To 0",
                                        "description": "Set PII Record Count at Collection as 0 since PII Assets do not exist",
                                        "type": "SetVariable",
                                        "dependsOn": [],
                                        "userProperties": [],
                                        "typeProperties": {
                                            "variableName": "vCollectionCount",
                                            "value": "0"
                                        }
                                    }
                                ],
                                "ifTrueActivities": [
                                    {
                                        "name": "Set Collection Asset Details",
                                        "description": "Store filter activity output into variable vCollectionDetails",
                                        "type": "SetVariable",
                                        "dependsOn": [],
                                        "userProperties": [],
                                        "typeProperties": {
                                            "variableName": "vCollectionDetails",
                                            "value": {
                                                "value": "@activity('Filter PII Assets').output.Value",
                                                "type": "Expression"
                                            }
                                        }
                                    },
                                    {
                                        "name": "Get Collection PII Record Count",
                                        "description": "Execute metadata DB SP dbo.EgressAssetToProcessGet and return PII record count for the PII assets.",
                                        "type": "Lookup",
                                        "dependsOn": [
                                            {
                                                "activity": "Set Collection Asset Details",
                                                "dependencyConditions": [
                                                    "Succeeded"
                                                ]
                                            }
                                        ],
                                        "policy": {
                                            "timeout": "7.00:00:00",
                                            "retry": 0,
                                            "retryIntervalInSeconds": 30,
                                            "secureOutput": false,
                                            "secureInput": false
                                        },
                                        "userProperties": [],
                                        "typeProperties": {
                                            "source": {
                                                "type": "AzureSqlSource",
                                                "sqlReaderQuery": {
                                                    "value": "DECLARE @RC int\nDECLARE @pFeedID nvarchar(20)\nDECLARE @pProjectID nvarchar(20)='@{pipeline().parameters.pProjectID}'\nDECLARE @pFeedStatusID nvarchar(20)\nDECLARE @pAssetID nvarchar(20)\nDECLARE @pAssetTypeID nvarchar(20)\nDECLARE @pAssetStatusID nvarchar(20)='24062'\nDECLARE @pETLRunLogID nvarchar(20)\nDECLARE @JSONList nvarchar(max)\nDECLARE @CollectionAssets nvarchar(max)\nDECLARE @CollectionJson nvarchar(max)= (SELECT REPLACE('@{string(variables('vCollectionDetails'))}', '\\',''))\nDECLARE @CollectionQuery nvarchar(max)\n\nDECLARE @AssetListJSON table(AssetListJSON nvarchar(max), ProcedureStatus int, ProcedureMessage nvarchar(max))\n \ninsert into @AssetListJSON(AssetListJSON, ProcedureStatus, ProcedureMessage)\nEXECUTE @RC = [dbo].[EgressAssetToProcessGet] \n   @pFeedID\n  ,@pProjectID\n  ,@pFeedStatusID\n  ,@pAssetID\n  ,@pAssetTypeID\n  ,@pAssetStatusID\n  ,@pETLRunLogID;\n\nSET @JSONList =(select JSON_QUERY(AssetListJSON, '$.AssetList') AssetList from @AssetListJSON);\n\nSET @CollectionAssets =(SELECT REPLACE((STRING_AGG(SUBSTRING(AssetName,6,LEN(AssetName)-5),''',''')),'.gpg','') AS AssetName FROM(SELECT AssetName from OPENJSON(@CollectionJson)\nWITH (\n AssetName          nvarchar(max)    '$.name'\n ) )A);\n\nSET @CollectionAssets = ''''+@CollectionAssets+''''\n\nSET @CollectionQuery = 'SELECT ISNULL(SUM(NumberOfRecords),0) AS NumCollectionRecords FROM(SELECT NumberofRecords,AssetName from OPENJSON('''+@JSONList+''')\nWITH (\nNumberOfRecords          int    ''$.NumberOfRecords'',\n AssetName          nvarchar(100)    ''$.AssetName''\n ) )A WHERE A.AssetName IN('+@CollectionAssets+')'\n\nEXEC(@CollectionQuery)",
                                                    "type": "Expression"
                                                },
                                                "queryTimeout": "02:00:00",
                                                "partitionOption": "None"
                                            },
                                            "dataset": {
                                                "referenceName": "azdbdna_ds_metadata",
                                                "type": "DatasetReference"
                                            },
                                            "firstRowOnly": true
                                        }
                                    },
                                    {
                                        "name": "Set Collection PII Record Count",
                                        "description": "Set Collection PII Record Count from previous activity.",
                                        "type": "SetVariable",
                                        "dependsOn": [
                                            {
                                                "activity": "Get Collection PII Record Count",
                                                "dependencyConditions": [
                                                    "Succeeded"
                                                ]
                                            }
                                        ],
                                        "userProperties": [],
                                        "typeProperties": {
                                            "variableName": "vCollectionCount",
                                            "value": {
                                                "value": "@string(activity('Get Collection PII Record Count').output.firstRow.NumCollectionRecords)",
                                                "type": "Expression"
                                            }
                                        }
                                    }
                                ]
                            }
                        },
                        {
                            "name": "If Possible to Egress",
                            "description": "First check if current asset is a PII asset(DF01,DF08,DF10,DF11,DF12,DF13). If no, proceed. If yes, check if current asset + records at collection is less than or equal to threshold(10M). If true, proceed. If not, wait.",
                            "type": "IfCondition",
                            "dependsOn": [
                                {
                                    "activity": "If there are PII Assets in Collection",
                                    "dependencyConditions": [
                                        "Succeeded"
                                    ]
                                }
                            ],
                            "userProperties": [],
                            "typeProperties": {
                                "expression": {
                                    "value": "@if(contains(createArray('DF01','DF08','DF10','DF11','DF12','DF13'),activity('Get Data Feed ID').output.firstRow.DataFeedID),lessOrEquals(add(int(variables('vCollectionCount')),int(pipeline().parameters.pNumOfRecords)),10000000),bool(1))",
                                    "type": "Expression"
                                },
                                "ifFalseActivities": [
                                    {
                                        "name": "Wait To Clear Collection Area",
                                        "description": "Wait for specified duration. Time to be parameterized, so that if clearing is done faster, waiting time can be reduced dynamically. If parameter is empty, default wait time is 60 seconds.",
                                        "type": "Wait",
                                        "dependsOn": [],
                                        "userProperties": [],
                                        "typeProperties": {
                                            "waitTimeInSeconds": {
                                                "value": "@if(empty(pipeline().parameters.pWaitTime),60,int(pipeline().parameters.pWaitTime))",
                                                "type": "Expression"
                                            }
                                        }
                                    }
                                ],
                                "ifTrueActivities": [
                                    {
                                        "name": "Set Proceed Indicator to Y",
                                        "description": "Set proceed indicator to Y, to begin egress process",
                                        "type": "SetVariable",
                                        "dependsOn": [],
                                        "userProperties": [],
                                        "typeProperties": {
                                            "variableName": "vProceedInd",
                                            "value": "Y"
                                        }
                                    }
                                ]
                            }
                        }
                    ],
                    "timeout": "7.00:00:00"
                }
            },
            {
                "name": "GetXMLFileName",
                "type": "Lookup",
                "dependsOn": [
                    {
                        "activity": "Until Ready to Egress",
                        "dependencyConditions": [
                            "Succeeded"
                        ]
                    }
                ],
                "policy": {
                    "timeout": "7.00:00:00",
                    "retry": 0,
                    "retryIntervalInSeconds": 30,
                    "secureOutput": false,
                    "secureInput": false
                },
                "userProperties": [],
                "typeProperties": {
                    "source": {
                        "type": "SqlDWSource",
                        "sqlReaderQuery": {
                            "value": "SELECT Param_value AS filename FROM dc_metadata.GDHDynamicADFParams WHERE Param_key='@{pipeline().parameters.pFeedID}' AND Project_Name='MarTech' AND Job_Name='MarTech_DeltaEgress' AND Process_Name='BatchDecryptUtil' AND Environment='@{pipeline().parameters.pEnvironment}'",
                            "type": "Expression"
                        },
                        "queryTimeout": "02:00:00",
                        "partitionOption": "None"
                    },
                    "dataset": {
                        "referenceName": "azsyndna_ds",
                        "type": "DatasetReference",
                        "parameters": {
                            "pSynTable": "N",
                            "pSynSchema": "N"
                        }
                    }
                }
            },
            {
                "name": "SetXMLFileName",
                "type": "SetVariable",
                "dependsOn": [
                    {
                        "activity": "GetXMLFileName",
                        "dependencyConditions": [
                            "Succeeded"
                        ]
                    }
                ],
                "userProperties": [],
                "typeProperties": {
                    "variableName": "vXMLFileName",
                    "value": {
                        "value": "@activity('GetXMLFileName').output.firstrow.filename",
                        "type": "Expression"
                    }
                }
            },
            {
                "name": "TagAssetToETLRunLogId",
                "description": "Tag the asset to the current ETL Runlog ID",
                "type": "Lookup",
                "dependsOn": [
                    {
                        "activity": "SetAssetStatusToPrepareCollection",
                        "dependencyConditions": [
                            "Succeeded"
                        ]
                    }
                ],
                "policy": {
                    "timeout": "7.00:00:00",
                    "retry": 0,
                    "retryIntervalInSeconds": 30,
                    "secureOutput": false,
                    "secureInput": false
                },
                "userProperties": [],
                "typeProperties": {
                    "source": {
                        "type": "AzureSqlSource",
                        "sqlReaderStoredProcedureName": {
                            "value": "@concat(pipeline().parameters.pIngestionDB,'.','ETLRunLogAssetAddOrUpdate')",
                            "type": "Expression"
                        },
                        "storedProcedureParameters": {
                            "pAssetID": {
                                "type": "String",
                                "value": {
                                    "value": "@pipeline().parameters.pAssetID",
                                    "type": "Expression"
                                }
                            },
                            "pDTCreated": {
                                "type": "Datetime",
                                "value": {
                                    "value": "@utcnow('yyyy-MM-dd HH:mm:ss.fff')",
                                    "type": "Expression"
                                }
                            },
                            "pETLRunLogID": {
                                "type": "String",
                                "value": {
                                    "value": "@pipeline().parameters.pRunLogID",
                                    "type": "Expression"
                                }
                            },
                            "pUserCreated": {
                                "type": "String",
                                "value": {
                                    "value": "CurationUser",
                                    "type": "Expression"
                                }
                            }
                        },
                        "queryTimeout": "02:00:00",
                        "partitionOption": "None"
                    },
                    "dataset": {
                        "referenceName": "azdbdna_ds_metadata",
                        "type": "DatasetReference"
                    }
                }
            },
            {
                "name": "SetAssetStatusToPrepareCollection",
                "description": "Set Asset Status to 'Prepare Collection' in Metadata DB",
                "type": "Lookup",
                "dependsOn": [
                    {
                        "activity": "Until Ready to Egress",
                        "dependencyConditions": [
                            "Succeeded"
                        ]
                    }
                ],
                "policy": {
                    "timeout": "7.00:00:00",
                    "retry": 0,
                    "retryIntervalInSeconds": 30,
                    "secureOutput": false,
                    "secureInput": false
                },
                "userProperties": [],
                "typeProperties": {
                    "source": {
                        "type": "AzureSqlSource",
                        "sqlReaderStoredProcedureName": {
                            "value": "@concat(pipeline().parameters.pIngestionDB,'.','AssetStatusChange')",
                            "type": "Expression"
                        },
                        "storedProcedureParameters": {
                            "pAssetID": {
                                "type": "String",
                                "value": {
                                    "value": "@pipeline().parameters.pAssetID",
                                    "type": "Expression"
                                }
                            },
                            "pDTCreated": {
                                "type": "String",
                                "value": {
                                    "value": "@utcnow('yyyyMMdd HH:mm:ss.fff')",
                                    "type": "Expression"
                                }
                            },
                            "pStatusID": {
                                "type": "String",
                                "value": "24061"
                            },
                            "pUserCreated": {
                                "type": "String",
                                "value": {
                                    "value": "CurationUser",
                                    "type": "Expression"
                                }
                            }
                        },
                        "queryTimeout": "02:00:00",
                        "partitionOption": "None"
                    },
                    "dataset": {
                        "referenceName": "azdbdna_ds_metadata",
                        "type": "DatasetReference"
                    }
                }
            },
            {
                "name": "SetAssetStatusToCollection",
                "description": "Set Asset Status to 'Collection' in Metadata DB on successful completion",
                "type": "Lookup",
                "dependsOn": [
                    {
                        "activity": "Execute Batch Utility",
                        "dependencyConditions": [
                            "Succeeded"
                        ]
                    }
                ],
                "policy": {
                    "timeout": "7.00:00:00",
                    "retry": 0,
                    "retryIntervalInSeconds": 30,
                    "secureOutput": false,
                    "secureInput": false
                },
                "userProperties": [],
                "typeProperties": {
                    "source": {
                        "type": "AzureSqlSource",
                        "sqlReaderStoredProcedureName": {
                            "value": "@concat(pipeline().parameters.pIngestionDB,'.','AssetStatusChange')",
                            "type": "Expression"
                        },
                        "storedProcedureParameters": {
                            "pAssetID": {
                                "type": "String",
                                "value": {
                                    "value": "@pipeline().parameters.pAssetID",
                                    "type": "Expression"
                                }
                            },
                            "pDTCreated": {
                                "type": "String",
                                "value": {
                                    "value": "@utcnow('yyyyMMdd HH:mm:ss.fff')",
                                    "type": "Expression"
                                }
                            },
                            "pStatusID": {
                                "type": "String",
                                "value": "24062"
                            },
                            "pUserCreated": {
                                "type": "String",
                                "value": {
                                    "value": "CurationUser",
                                    "type": "Expression"
                                }
                            }
                        },
                        "queryTimeout": "02:00:00",
                        "partitionOption": "None"
                    },
                    "dataset": {
                        "referenceName": "azdbdna_ds_metadata",
                        "type": "DatasetReference"
                    }
                }
            },
            {
                "name": "Execute Batch Utility",
                "description": "Invoke generic batch pipeline to egress data from dispatch to collection",
                "type": "ExecutePipeline",
                "dependsOn": [
                    {
                        "activity": "SetXMLFileName",
                        "dependencyConditions": [
                            "Succeeded"
                        ]
                    },
                    {
                        "activity": "TagAssetToETLRunLogId",
                        "dependencyConditions": [
                            "Succeeded"
                        ]
                    }
                ],
                "userProperties": [],
                "typeProperties": {
                    "pipeline": {
                        "referenceName": "MT_BatchUtility",
                        "type": "PipelineReference"
                    },
                    "waitOnCompletion": true,
                    "parameters": {
                        "pSourceContainer": {
                            "value": "@pipeline().parameters.pDispatchContainer",
                            "type": "Expression"
                        },
                        "pSourcePath": {
                            "value": "@pipeline().parameters.pDispatchPath",
                            "type": "Expression"
                        },
                        "pAssetName": {
                            "value": "@pipeline().parameters.pAssetName",
                            "type": "Expression"
                        },
                        "pCollectionContainer": {
                            "value": "@pipeline().parameters.pCollectionContainer",
                            "type": "Expression"
                        },
                        "pCollectionPath": {
                            "value": "@pipeline().parameters.pCollectionPath",
                            "type": "Expression"
                        },
                        "pXmlFileName": {
                            "value": "@variables('vXMLFileName')",
                            "type": "Expression"
                        },
                        "pSourceSAEndpoint": {
                            "value": "@pipeline().parameters.pSourceSAEndpoint",
                            "type": "Expression"
                        },
                        "pTargetSAEndpoint": {
                            "value": "@pipeline().parameters.pTargetSAEndpoint",
                            "type": "Expression"
                        },
                        "pEnvironment": {
                            "value": "@pipeline().parameters.pEnvironment",
                            "type": "Expression"
                        },
                        "pDataFeedID": {
                            "value": "@activity('Get Data Feed ID').output.firstRow.DataFeedID",
                            "type": "Expression"
                        },
                        "pBatchParams": {
                            "value": "@pipeline().parameters.pBatchParams",
                            "type": "Expression"
                        }
                    }
                }
            },
            {
                "name": "Get Data Feed ID",
                "description": "Get Data Feed ID provided by PzDB to append to file name.",
                "type": "Lookup",
                "dependsOn": [],
                "policy": {
                    "timeout": "7.00:00:00",
                    "retry": 0,
                    "retryIntervalInSeconds": 30,
                    "secureOutput": false,
                    "secureInput": false
                },
                "userProperties": [],
                "typeProperties": {
                    "source": {
                        "type": "SqlDWSource",
                        "sqlReaderQuery": {
                            "value": "SELECT Param_value AS DataFeedID FROM dc_metadata.GDHDynamicADFParams WHERE Param_key='@{pipeline().parameters.pFeedID}' AND Project_Name='MarTech' AND Job_Name='MarTech_DeltaEgress' AND Process_Name='DataFeedLookup' AND Environment='@{pipeline().parameters.pEnvironment}'",
                            "type": "Expression"
                        },
                        "queryTimeout": "02:00:00",
                        "partitionOption": "None"
                    },
                    "dataset": {
                        "referenceName": "azsyndna_ds",
                        "type": "DatasetReference",
                        "parameters": {
                            "pSynTable": "N",
                            "pSynSchema": "N"
                        }
                    },
                    "firstRowOnly": true
                }
            }
        ],
        "parameters": {
            "pAssetID": {
                "type": "string"
            },
            "pNumOfRecords": {
                "type": "string"
            },
            "pAssetName": {
                "type": "string"
            },
            "pProjectID": {
                "type": "string"
            },
            "pFeedID": {
                "type": "string"
            },
            "pEnvironment": {
                "type": "string"
            },
            "pRunLogID": {
                "type": "string"
            },
            "pCollectionContainer": {
                "type": "string"
            },
            "pCollectionPath": {
                "type": "string"
            },
            "pIngestionDB": {
                "type": "string"
            },
            "pWaitTime": {
                "type": "string"
            },
            "pDispatchContainer": {
                "type": "string"
            },
            "pDispatchPath": {
                "type": "string"
            },
            "pSourceSAEndpoint": {
                "type": "string"
            },
            "pTargetSAEndpoint": {
                "type": "string"
            },
            "pBatchParams": {
                "type": "string"
            }
        },
        "variables": {
            "vProceedInd": {
                "type": "String"
            },
            "vCollectionDetails": {
                "type": "Array"
            },
            "vXMLFileName": {
                "type": "String"
            },
            "vCollectionCount": {
                "type": "String"
            }
        },
        "folder": {
            "name": "MarTech/Egress/Delta"
        },
        "annotations": []
    }
}