{
	"name": "MT_EgressMain",
	"properties": {
		"activities": [
			{
				"name": "Get Status of Previous Execution",
				"type": "Lookup",
				"dependsOn": [],
				"policy": {
					"timeout": "7.00:00:00",
					"retry": 0,
					"retryIntervalInSeconds": 30,
					"secureOutput": false,
					"secureInput": false
				},
				"userProperties": [],
				"typeProperties": {
					"source": {
						"type": "AzureSqlSource",
						"sqlReaderQuery": {
							"value": "select ETLRunLogStatusID from ETLRunlog where ETLProcessName='MT_EgressExecute' order by DTCreated desc",
							"type": "Expression"
						},
						"queryTimeout": "02:00:00",
						"partitionOption": "None"
					},
					"dataset": {
						"referenceName": "azdbdna_ds_metadata",
						"type": "DatasetReference"
					}
				}
			},
			{
				"name": "Check to Proceed",
				"type": "IfCondition",
				"dependsOn": [
					{
						"activity": "Get Status of Previous Execution",
						"dependencyConditions": [
							"Succeeded"
						]
					}
				],
				"userProperties": [],
				"typeProperties": {
					"expression": {
						"value": "@if(contains(activity('Get Status of Previous Execution').output,'firstRow'),not(equals(string(activity('Get Status of Previous Execution').output.firstRow.ETLRunLogStatusID),'25001')),bool(1))",
						"type": "Expression"
					},
					"ifFalseActivities": [
						{
							"name": "Do not Proceed",
							"type": "Wait",
							"dependsOn": [],
							"userProperties": [],
							"typeProperties": {
								"waitTimeInSeconds": 1
							}
						},
						{
							"name": "Insert Entry to MarTechRerunAudit",
							"type": "SqlServerStoredProcedure",
							"dependsOn": [
								{
									"activity": "Do not Proceed",
									"dependencyConditions": [
										"Succeeded"
									]
								}
							],
							"policy": {
								"timeout": "7.00:00:00",
								"retry": 0,
								"retryIntervalInSeconds": 30,
								"secureOutput": false,
								"secureInput": false
							},
							"userProperties": [],
							"typeProperties": {
								"storedProcedureName": "sp_executesql",
								"storedProcedureParameters": {
									"stmt": {
										"value": {
											"value": "insert into psa.MarTechRerunAudit select 'MT_EgressExecute','@{pipeline().RunId}',NULL,'Y',current_timestamp,NULL",
											"type": "Expression"
										},
										"type": "String"
									}
								}
							},
							"linkedServiceName": {
								"referenceName": "azsyndna_curated_dw",
								"type": "LinkedServiceReference"
							}
						}
					],
					"ifTrueActivities": [
						{
							"name": "Execute EgressExecute",
							"type": "ExecutePipeline",
							"dependsOn": [],
							"userProperties": [],
							"typeProperties": {
								"pipeline": {
									"referenceName": "MT_EgressExecute",
									"type": "PipelineReference"
								},
								"waitOnCompletion": true,
								"parameters": {
									"pProjectID": {
										"value": "@pipeline().parameters.pProjectID",
										"type": "Expression"
									},
									"pEnvironment": {
										"value": "@pipeline().parameters.pEnvironment",
										"type": "Expression"
									},
									"pCollectionPath": {
										"value": "@pipeline().parameters.pCollectionPath",
										"type": "Expression"
									},
									"pIngestionDB": {
										"value": "@pipeline().parameters.pIngestionDB",
										"type": "Expression"
									},
									"pWaitTime": {
										"value": "@pipeline().parameters.pWaitTime",
										"type": "Expression"
									},
									"pDispatchPath": {
										"value": "@pipeline().parameters.pDispatchPath",
										"type": "Expression"
									}
								}
							}
						}
					]
				}
			}
		],
		"parameters": {
			"pProjectID": {
				"type": "string",
				"defaultValue": "8008"
			},
			"pEnvironment": {
				"type": "string"
			},
			"pCollectionPath": {
				"type": "string",
				"defaultValue": "PzDB/PzDB"
			},
			"pIngestionDB": {
				"type": "string",
				"defaultValue": "dbo"
			},
			"pWaitTime": {
				"type": "string"
			},
			"pDispatchPath": {
				"type": "string"
			}
		},
		"folder": {
			"name": "MarTech/Egress/Delta"
		},
		"annotations": []
	}
}