{
    "name": "MT_EgressExecute",
    "properties": {
        "description": "Created by: Saurabh Menon\nVersion History:\n08/11/2021: Initial Version\n24/03/2022: Changed code to egress DF09 first\n27/06/2022: Added check to not proceed with subsequent egress for a feed if any one asset fails",
        "activities": [
            {
                "name": "Iterate Assets",
                "description": "Iterate and egress each asset present at dispatch in ascending order of Asset ID",
                "type": "ForEach",
                "dependsOn": [
                    {
                        "activity": "Check To Generate ETL RunLog",
                        "dependencyConditions": [
                            "Succeeded"
                        ]
                    },
                    {
                        "activity": "Initialise RunLog Status",
                        "dependencyConditions": [
                            "Succeeded"
                        ]
                    },
                    {
                        "activity": "Retrieve Storage Account Endpoints",
                        "dependencyConditions": [
                            "Succeeded"
                        ]
                    },
                    {
                        "activity": "Get Utility Parameters",
                        "dependencyConditions": [
                            "Succeeded"
                        ]
                    },
                    {
                        "activity": "Initialize vFailureFeedId",
                        "dependencyConditions": [
                            "Succeeded"
                        ]
                    }
                ],
                "userProperties": [],
                "typeProperties": {
                    "items": {
                        "value": "@activity('Get Dispatch Asset Details').output.value",
                        "type": "Expression"
                    },
                    "isSequential": true,
                    "activities": [
                        {
                            "name": "If Current Asset is of the failed Feed",
                            "description": "Check if the current feed ID equals the variable vFailureFeedId. If true, egress for current asset will be skipped, and status set to failed egress. If false, egress will proceed.",
                            "type": "IfCondition",
                            "dependsOn": [],
                            "userProperties": [],
                            "typeProperties": {
                                "expression": {
                                    "value": "@equals(string(item().FeedID),variables('vFailureFeedId'))",
                                    "type": "Expression"
                                },
                                "ifFalseActivities": [
                                    {
                                        "name": "Execute EgressIterate",
                                        "type": "ExecutePipeline",
                                        "dependsOn": [],
                                        "userProperties": [],
                                        "typeProperties": {
                                            "pipeline": {
                                                "referenceName": "MT_EgressIterate",
                                                "type": "PipelineReference"
                                            },
                                            "waitOnCompletion": true,
                                            "parameters": {
                                                "pAssetID": {
                                                    "value": "@string(item().AssetID)",
                                                    "type": "Expression"
                                                },
                                                "pNumOfRecords": {
                                                    "value": "@string(item().NumberOfRecords)",
                                                    "type": "Expression"
                                                },
                                                "pAssetName": {
                                                    "value": "@item().AssetName",
                                                    "type": "Expression"
                                                },
                                                "pProjectID": {
                                                    "value": "@pipeline().parameters.pProjectID",
                                                    "type": "Expression"
                                                },
                                                "pFeedID": {
                                                    "value": "@string(item().FeedID)",
                                                    "type": "Expression"
                                                },
                                                "pEnvironment": {
                                                    "value": "@pipeline().parameters.pEnvironment",
                                                    "type": "Expression"
                                                },
                                                "pRunLogID": {
                                                    "value": "@activity('Generate ETL RunLogId').output.firstRow.ETLRunLogID",
                                                    "type": "Expression"
                                                },
                                                "pCollectionContainer": "collection",
                                                "pCollectionPath": {
                                                    "value": "@pipeline().parameters.pCollectionPath",
                                                    "type": "Expression"
                                                },
                                                "pIngestionDB": {
                                                    "value": "@pipeline().parameters.pIngestionDB",
                                                    "type": "Expression"
                                                },
                                                "pWaitTime": {
                                                    "value": "@pipeline().parameters.pWaitTime",
                                                    "type": "Expression"
                                                },
                                                "pDispatchContainer": "dispatch",
                                                "pDispatchPath": {
                                                    "value": "@pipeline().parameters.pDispatchPath",
                                                    "type": "Expression"
                                                },
                                                "pSourceSAEndpoint": {
                                                    "value": "@json(activity('Retrieve Storage Account Endpoints').output.firstRow.endpoints).wrangled_endpoint",
                                                    "type": "Expression"
                                                },
                                                "pTargetSAEndpoint": {
                                                    "value": "@json(activity('Retrieve Storage Account Endpoints').output.firstRow.endpoints).collection_endpoint",
                                                    "type": "Expression"
                                                },
                                                "pBatchParams": {
                                                    "value": "@activity('Get Utility Parameters').output.firstRow.params",
                                                    "type": "Expression"
                                                }
                                            }
                                        }
                                    },
                                    {
                                        "name": "Set RunLog Status",
                                        "type": "SetVariable",
                                        "dependsOn": [
                                            {
                                                "activity": "Execute EgressIterate",
                                                "dependencyConditions": [
                                                    "Succeeded"
                                                ]
                                            }
                                        ],
                                        "userProperties": [],
                                        "typeProperties": {
                                            "variableName": "vRunLogStatus",
                                            "value": "25004"
                                        }
                                    },
                                    {
                                        "name": "Set Asset Status To FailedCollection",
                                        "description": "Set Asset Status to 'FailedCollection' in Metadata DB on failure",
                                        "type": "Lookup",
                                        "dependsOn": [
                                            {
                                                "activity": "Set vFailureFeedId",
                                                "dependencyConditions": [
                                                    "Succeeded"
                                                ]
                                            }
                                        ],
                                        "policy": {
                                            "timeout": "7.00:00:00",
                                            "retry": 0,
                                            "retryIntervalInSeconds": 30,
                                            "secureOutput": false,
                                            "secureInput": false
                                        },
                                        "userProperties": [],
                                        "typeProperties": {
                                            "source": {
                                                "type": "AzureSqlSource",
                                                "sqlReaderStoredProcedureName": {
                                                    "value": "@concat(pipeline().parameters.pIngestionDB,'.','AssetStatusChange')",
                                                    "type": "Expression"
                                                },
                                                "storedProcedureParameters": {
                                                    "pAssetID": {
                                                        "type": "String",
                                                        "value": {
                                                            "value": "@string(item().AssetID)",
                                                            "type": "Expression"
                                                        }
                                                    },
                                                    "pDTCreated": {
                                                        "type": "String",
                                                        "value": {
                                                            "value": "@utcnow('yyyyMMdd HH:mm:ss.fff')",
                                                            "type": "Expression"
                                                        }
                                                    },
                                                    "pStatusID": {
                                                        "type": "String",
                                                        "value": "24063"
                                                    },
                                                    "pUserCreated": {
                                                        "type": "String",
                                                        "value": {
                                                            "value": "CurationUser",
                                                            "type": "Expression"
                                                        }
                                                    }
                                                },
                                                "queryTimeout": "02:00:00",
                                                "partitionOption": "None"
                                            },
                                            "dataset": {
                                                "referenceName": "azdbdna_ds_metadata",
                                                "type": "DatasetReference"
                                            }
                                        }
                                    },
                                    {
                                        "name": "Set vFailureFeedId",
                                        "description": "Set variable vFailureFeedId with value of feed ID that failed to egress",
                                        "type": "SetVariable",
                                        "dependsOn": [
                                            {
                                                "activity": "Execute EgressIterate",
                                                "dependencyConditions": [
                                                    "Failed"
                                                ]
                                            }
                                        ],
                                        "userProperties": [],
                                        "typeProperties": {
                                            "variableName": "vFailureFeedId",
                                            "value": {
                                                "value": "@string(item().FeedID)",
                                                "type": "Expression"
                                            }
                                        }
                                    }
                                ],
                                "ifTrueActivities": [
                                    {
                                        "name": "Do not Proceed with current Feed",
                                        "description": "Placeholder activity to indicate that egress for the current feed will not progress",
                                        "type": "Wait",
                                        "dependsOn": [],
                                        "userProperties": [],
                                        "typeProperties": {
                                            "waitTimeInSeconds": 1
                                        }
                                    },
                                    {
                                        "name": "Set Asset Status To FailedCollection for failed Feed",
                                        "description": "Set Asset Status to 'FailedCollection' in Metadata DB to skip egress for current asset",
                                        "type": "Lookup",
                                        "dependsOn": [
                                            {
                                                "activity": "Do not Proceed with current Feed",
                                                "dependencyConditions": [
                                                    "Succeeded"
                                                ]
                                            }
                                        ],
                                        "policy": {
                                            "timeout": "7.00:00:00",
                                            "retry": 0,
                                            "retryIntervalInSeconds": 30,
                                            "secureOutput": false,
                                            "secureInput": false
                                        },
                                        "userProperties": [],
                                        "typeProperties": {
                                            "source": {
                                                "type": "AzureSqlSource",
                                                "sqlReaderStoredProcedureName": {
                                                    "value": "@concat(pipeline().parameters.pIngestionDB,'.','AssetStatusChange')",
                                                    "type": "Expression"
                                                },
                                                "storedProcedureParameters": {
                                                    "pAssetID": {
                                                        "type": "String",
                                                        "value": {
                                                            "value": "@string(item().AssetID)",
                                                            "type": "Expression"
                                                        }
                                                    },
                                                    "pDTCreated": {
                                                        "type": "String",
                                                        "value": {
                                                            "value": "@utcnow('yyyyMMdd HH:mm:ss.fff')",
                                                            "type": "Expression"
                                                        }
                                                    },
                                                    "pStatusID": {
                                                        "type": "String",
                                                        "value": "24063"
                                                    },
                                                    "pUserCreated": {
                                                        "type": "String",
                                                        "value": {
                                                            "value": "CurationUser",
                                                            "type": "Expression"
                                                        }
                                                    }
                                                },
                                                "queryTimeout": "02:00:00",
                                                "partitionOption": "None"
                                            },
                                            "dataset": {
                                                "referenceName": "azdbdna_ds_metadata",
                                                "type": "DatasetReference"
                                            }
                                        }
                                    }
                                ]
                            }
                        }
                    ]
                }
            },
            {
                "name": "Check To Generate ETL RunLog",
                "description": "Generate ETL RunLog ID only if assets are available at dispatch to egress, otherwise skip the process",
                "type": "IfCondition",
                "dependsOn": [
                    {
                        "activity": "Get Dispatch Asset Details",
                        "dependencyConditions": [
                            "Succeeded"
                        ]
                    }
                ],
                "userProperties": [],
                "typeProperties": {
                    "expression": {
                        "value": "@not(empty(activity('Get Dispatch Asset Details').output.value))",
                        "type": "Expression"
                    },
                    "ifFalseActivities": [
                        {
                            "name": "No ETL RunLog To Generate",
                            "type": "Wait",
                            "dependsOn": [],
                            "userProperties": [],
                            "typeProperties": {
                                "waitTimeInSeconds": 1
                            }
                        }
                    ],
                    "ifTrueActivities": [
                        {
                            "name": "Generate ETL RunLogId",
                            "description": "Generate ETLRunlog for the Curation Process",
                            "type": "Lookup",
                            "dependsOn": [
                                {
                                    "activity": "Set RunLog Start Date",
                                    "dependencyConditions": [
                                        "Succeeded"
                                    ]
                                }
                            ],
                            "policy": {
                                "timeout": "7.00:00:00",
                                "retry": 0,
                                "retryIntervalInSeconds": 30,
                                "secureOutput": false,
                                "secureInput": false
                            },
                            "userProperties": [],
                            "typeProperties": {
                                "source": {
                                    "type": "AzureSqlSource",
                                    "sqlReaderStoredProcedureName": "dbo.ETLRunLogAddOrUpdate",
                                    "storedProcedureParameters": {
                                        "pDTCreated": {
                                            "type": "Datetime",
                                            "value": {
                                                "value": "@variables('vRunLogStartDate')",
                                                "type": "Expression"
                                            }
                                        },
                                        "pDTEnd": {
                                            "type": "String",
                                            "value": ""
                                        },
                                        "pDTStart": {
                                            "type": "Datetime",
                                            "value": {
                                                "value": "@variables('vRunLogStartDate')",
                                                "type": "Expression"
                                            }
                                        },
                                        "pETLProcessName": {
                                            "type": "String",
                                            "value": {
                                                "value": "@pipeline().Pipeline",
                                                "type": "Expression"
                                            }
                                        },
                                        "pETLProcessRunID": {
                                            "type": "String",
                                            "value": {
                                                "value": "@pipeline().RunId",
                                                "type": "Expression"
                                            }
                                        },
                                        "pETLRunLogID": {
                                            "type": "String",
                                            "value": ""
                                        },
                                        "pETLRunLogStatusID": {
                                            "type": "String",
                                            "value": "25001"
                                        },
                                        "pKeepValueFlag": {
                                            "type": "String",
                                            "value": "0"
                                        },
                                        "pUserCreated": {
                                            "type": "String",
                                            "value": "CurationUser"
                                        }
                                    },
                                    "queryTimeout": "02:00:00",
                                    "partitionOption": "None"
                                },
                                "dataset": {
                                    "referenceName": "azdbdna_ds_metadata",
                                    "type": "DatasetReference"
                                },
                                "firstRowOnly": true
                            }
                        },
                        {
                            "name": "Set RunLog Start Date",
                            "description": "Sets the ETL Run Log Start Date to a variable, so that it could be used while calling the Stored Procedure to update the ETL Run Log Status.",
                            "type": "SetVariable",
                            "dependsOn": [],
                            "userProperties": [],
                            "typeProperties": {
                                "variableName": "vRunLogStartDate",
                                "value": {
                                    "value": "@utcnow()",
                                    "type": "Expression"
                                }
                            }
                        }
                    ]
                }
            },
            {
                "name": "Check To Update ETL RunLog",
                "description": "Update ETL RunLog ID status only if assets are available at dispatch to egress, otherwise skip the process",
                "type": "IfCondition",
                "dependsOn": [
                    {
                        "activity": "Iterate Assets",
                        "dependencyConditions": [
                            "Succeeded"
                        ]
                    }
                ],
                "userProperties": [],
                "typeProperties": {
                    "expression": {
                        "value": "@not(empty(activity('Get Dispatch Asset Details').output.value))",
                        "type": "Expression"
                    },
                    "ifFalseActivities": [
                        {
                            "name": "STOP-No Assets To Egress",
                            "type": "Wait",
                            "dependsOn": [],
                            "userProperties": [],
                            "typeProperties": {
                                "waitTimeInSeconds": 1
                            }
                        }
                    ],
                    "ifTrueActivities": [
                        {
                            "name": "Update ETLRunLog",
                            "description": "Update ETLRunLog Status to Finished",
                            "type": "Lookup",
                            "dependsOn": [],
                            "policy": {
                                "timeout": "7.00:00:00",
                                "retry": 0,
                                "retryIntervalInSeconds": 30,
                                "secureOutput": false,
                                "secureInput": false
                            },
                            "userProperties": [],
                            "typeProperties": {
                                "source": {
                                    "type": "AzureSqlSource",
                                    "sqlReaderStoredProcedureName": "dbo.ETLRunLogAddOrUpdate",
                                    "storedProcedureParameters": {
                                        "pDTCreated": {
                                            "type": "Datetime",
                                            "value": {
                                                "value": "@variables('vRunLogStartDate')",
                                                "type": "Expression"
                                            }
                                        },
                                        "pDTEnd": {
                                            "type": "Datetime",
                                            "value": {
                                                "value": "@utcnow()",
                                                "type": "Expression"
                                            }
                                        },
                                        "pDTStart": {
                                            "type": "Datetime",
                                            "value": {
                                                "value": "@variables('vRunLogStartDate')",
                                                "type": "Expression"
                                            }
                                        },
                                        "pETLProcessName": {
                                            "type": "String",
                                            "value": {
                                                "value": "@pipeline().Pipeline",
                                                "type": "Expression"
                                            }
                                        },
                                        "pETLProcessRunID": {
                                            "type": "String",
                                            "value": {
                                                "value": "@pipeline().RunId",
                                                "type": "Expression"
                                            }
                                        },
                                        "pETLRunLogID": {
                                            "type": "String",
                                            "value": {
                                                "value": "@activity('Generate ETL RunLogId').output.firstRow.ETLRunLogID",
                                                "type": "Expression"
                                            }
                                        },
                                        "pETLRunLogStatusID": {
                                            "type": "String",
                                            "value": {
                                                "value": "25002",
                                                "type": "Expression"
                                            }
                                        },
                                        "pKeepValueFlag": {
                                            "type": "String",
                                            "value": "0"
                                        },
                                        "pUserCreated": {
                                            "type": "String",
                                            "value": {
                                                "value": "CurationUser",
                                                "type": "Expression"
                                            }
                                        }
                                    },
                                    "queryTimeout": "02:00:00",
                                    "partitionOption": "None"
                                },
                                "dataset": {
                                    "referenceName": "azdbdna_ds_metadata",
                                    "type": "DatasetReference"
                                },
                                "firstRowOnly": true
                            }
                        }
                    ]
                }
            },
            {
                "name": "Initialise RunLog Status",
                "description": "Initialize RunLog Status Indicator to 25003(total failure). When atleast one iteration is successful, RunLog Status Indicator will change to 25004(Partial failure).",
                "type": "SetVariable",
                "dependsOn": [],
                "userProperties": [],
                "typeProperties": {
                    "variableName": "vRunLogStatus",
                    "value": "25003"
                }
            },
            {
                "name": "Get Dispatch Asset Details",
                "description": "Invoke [dbo].[EgressAssetToProcessGet] for MarTech project ID and return asset details for 'Dispatch' Asset Status.",
                "type": "Lookup",
                "dependsOn": [],
                "policy": {
                    "timeout": "7.00:00:00",
                    "retry": 0,
                    "retryIntervalInSeconds": 30,
                    "secureOutput": false,
                    "secureInput": false
                },
                "userProperties": [],
                "typeProperties": {
                    "source": {
                        "type": "AzureSqlSource",
                        "sqlReaderQuery": {
                            "value": "DECLARE @RC int\r\nDECLARE @pFeedID nvarchar(20)\r\nDECLARE @pProjectID nvarchar(20)='@{pipeline().parameters.pProjectID}'\r\nDECLARE @pFeedStatusID nvarchar(20)\r\nDECLARE @pAssetID nvarchar(20)\r\nDECLARE @pAssetTypeID nvarchar(20)\r\nDECLARE @pAssetStatusID nvarchar(20)='24043'\r\nDECLARE @pETLRunLogID nvarchar(20)\r\nDECLARE @JSONList nvarchar(max)\r\n\r\nDECLARE @AssetListJSON table(AssetListJSON nvarchar(max), ProcedureStatus int, ProcedureMessage nvarchar(max))\r\nDECLARE @DispatchAssetList table(FeedID int, AssetName nvarchar(100), AssetID int, NumberOfRecords int, AssetOrder int)\r\nDECLARE @MaxRowNum int\r\n \r\nINSERT INTO @AssetListJSON(AssetListJSON, ProcedureStatus, ProcedureMessage)\r\nEXECUTE @RC = [dbo].[EgressAssetToProcessGet] \r\n   @pFeedID\r\n  ,@pProjectID\r\n  ,@pFeedStatusID\r\n  ,@pAssetID\r\n  ,@pAssetTypeID\r\n  ,@pAssetStatusID\r\n  ,@pETLRunLogID;\r\n\r\nSET @JSONList =(SELECT JSON_QUERY(AssetListJSON, '$.AssetList') AssetList FROM @AssetListJSON);\r\n\r\nINSERT INTO @DispatchAssetList ( FeedID,AssetID,AssetName,NumberOfRecords,AssetOrder)\r\nSELECT FeedID,AssetID,AssetName,NumberOfRecords,ROW_NUMBER() OVER(ORDER BY AssetName) AssetOrder FROM OPENJSON(@JSONList)\r\nWITH (\r\n NumberOfRecords int '$.NumberOfRecords',\r\n AssetName nvarchar(100) '$.AssetName',\r\n AssetID int '$.AssetID',\r\n FeedID int '$.FeedID'\r\n ) WHERE AssetName LIKE 'GDH_SVOC_CUSTOMER_ENTITY_LNK_[0-9]%.csv' AND NumberOfRecords <> 0\r\n\r\nSET @MaxRowNum = (SELECT COALESCE(MAX(AssetOrder),0) FROM @DispatchAssetList)\r\n\r\nINSERT INTO @DispatchAssetList ( FeedID,AssetID,AssetName,NumberOfRecords,AssetOrder)\r\nSELECT FeedID,AssetID,AssetName,NumberOfRecords,@MaxRowNum+ROW_NUMBER() OVER(ORDER BY FeedID,AssetName) AssetOrder FROM OPENJSON(@JSONList)\r\nWITH (\r\n NumberOfRecords int '$.NumberOfRecords',\r\n AssetName nvarchar(100) '$.AssetName',\r\n AssetID int '$.AssetID',\r\n FeedID int '$.FeedID'\r\n ) WHERE AssetName NOT LIKE 'GDH_SVOC_CUSTOMER_ENTITY_LNK_[0-9]%.csv' AND NumberOfRecords <> 0\r\n\r\n SELECT FeedID,AssetID,AssetName,NumberOfRecords FROM @DispatchAssetList ORDER BY AssetOrder",
                            "type": "Expression"
                        },
                        "queryTimeout": "02:00:00",
                        "partitionOption": "None"
                    },
                    "dataset": {
                        "referenceName": "azdbdna_ds_metadata",
                        "type": "DatasetReference"
                    },
                    "firstRowOnly": false
                }
            },
            {
                "name": "Update ETLRunLog for failure",
                "description": "Update ETLRunLog Status to Total Failureor Partial Failure depending on pipeline execution",
                "type": "Lookup",
                "dependsOn": [
                    {
                        "activity": "Iterate Assets",
                        "dependencyConditions": [
                            "Failed"
                        ]
                    }
                ],
                "policy": {
                    "timeout": "7.00:00:00",
                    "retry": 0,
                    "retryIntervalInSeconds": 30,
                    "secureOutput": false,
                    "secureInput": false
                },
                "userProperties": [],
                "typeProperties": {
                    "source": {
                        "type": "AzureSqlSource",
                        "sqlReaderStoredProcedureName": "dbo.ETLRunLogAddOrUpdate",
                        "storedProcedureParameters": {
                            "pDTCreated": {
                                "type": "Datetime",
                                "value": {
                                    "value": "@variables('vRunLogStartDate')",
                                    "type": "Expression"
                                }
                            },
                            "pDTEnd": {
                                "type": "Datetime",
                                "value": {
                                    "value": "@utcnow()",
                                    "type": "Expression"
                                }
                            },
                            "pDTStart": {
                                "type": "Datetime",
                                "value": {
                                    "value": "@variables('vRunLogStartDate')",
                                    "type": "Expression"
                                }
                            },
                            "pETLProcessName": {
                                "type": "String",
                                "value": {
                                    "value": "@pipeline().Pipeline",
                                    "type": "Expression"
                                }
                            },
                            "pETLProcessRunID": {
                                "type": "String",
                                "value": {
                                    "value": "@pipeline().RunId",
                                    "type": "Expression"
                                }
                            },
                            "pETLRunLogID": {
                                "type": "String",
                                "value": {
                                    "value": "@activity('Generate ETL RunLogId').output.firstRow.ETLRunLogID",
                                    "type": "Expression"
                                }
                            },
                            "pETLRunLogStatusID": {
                                "type": "String",
                                "value": {
                                    "value": "@variables('vRunLogStatus')",
                                    "type": "Expression"
                                }
                            },
                            "pKeepValueFlag": {
                                "type": "String",
                                "value": "0"
                            },
                            "pUserCreated": {
                                "type": "String",
                                "value": {
                                    "value": "CurationUser",
                                    "type": "Expression"
                                }
                            }
                        },
                        "queryTimeout": "02:00:00",
                        "partitionOption": "None"
                    },
                    "dataset": {
                        "referenceName": "azdbdna_ds_metadata",
                        "type": "DatasetReference"
                    },
                    "firstRowOnly": true
                }
            },
            {
                "name": "Retrieve Storage Account Endpoints",
                "description": "Lookup dc_metadata.GDHDynamicADFParams to get storage account endpoints to be used in generic SA LS.",
                "type": "Lookup",
                "dependsOn": [],
                "policy": {
                    "timeout": "7.00:00:00",
                    "retry": 0,
                    "retryIntervalInSeconds": 30,
                    "secureOutput": false,
                    "secureInput": false
                },
                "userProperties": [],
                "typeProperties": {
                    "source": {
                        "type": "SqlDWSource",
                        "sqlReaderQuery": {
                            "value": "SELECT Param_value AS endpoints FROM dc_metadata.GDHDynamicADFParams WHERE Param_key='SAEndPoints' AND Project_Name='MarTech' AND Job_Name='MarTech_Egress' AND Process_Name='BatchDecryptUtil' AND Environment='@{pipeline().parameters.pEnvironment}'",
                            "type": "Expression"
                        },
                        "queryTimeout": "02:00:00",
                        "partitionOption": "None"
                    },
                    "dataset": {
                        "referenceName": "azsyndna_ds",
                        "type": "DatasetReference",
                        "parameters": {
                            "pSynTable": "N",
                            "pSynSchema": "N"
                        }
                    }
                }
            },
            {
                "name": "Get Utility Parameters",
                "description": "Lookup dc_metadata.GDHDynamicADFParams to get parameters to be used for batch utility in pipeline MT_BatchUtility",
                "type": "Lookup",
                "dependsOn": [],
                "policy": {
                    "timeout": "7.00:00:00",
                    "retry": 0,
                    "retryIntervalInSeconds": 30,
                    "secureOutput": false,
                    "secureInput": false
                },
                "userProperties": [],
                "typeProperties": {
                    "source": {
                        "type": "SqlDWSource",
                        "sqlReaderQuery": {
                            "value": "SELECT Param_value AS params FROM dc_metadata.GDHDynamicADFParams WHERE Param_key='UtilParam' AND Project_Name='MarTech' AND Job_Name='MarTech_Egress' AND Process_Name='BatchDecryptUtil' AND Environment='@{pipeline().parameters.pEnvironment}'",
                            "type": "Expression"
                        },
                        "queryTimeout": "02:00:00",
                        "partitionOption": "None"
                    },
                    "dataset": {
                        "referenceName": "azsyndna_ds",
                        "type": "DatasetReference",
                        "parameters": {
                            "pSynTable": "N",
                            "pSynSchema": "N"
                        }
                    }
                }
            },
            {
                "name": "Get Rerun indicator",
                "description": "Lookup psa.MarTechRerunAudit to get latest rerun_ind and determine if assets are waiting for egress",
                "type": "Lookup",
                "dependsOn": [
                    {
                        "activity": "Check To Update ETL RunLog",
                        "dependencyConditions": [
                            "Succeeded"
                        ]
                    }
                ],
                "policy": {
                    "timeout": "7.00:00:00",
                    "retry": 0,
                    "retryIntervalInSeconds": 30,
                    "secureOutput": false,
                    "secureInput": false
                },
                "userProperties": [],
                "typeProperties": {
                    "source": {
                        "type": "SqlDWSource",
                        "sqlReaderQuery": "select top 1 rerun_ind from psa.MarTechRerunAudit order by requested_at desc",
                        "queryTimeout": "02:00:00",
                        "partitionOption": "None"
                    },
                    "dataset": {
                        "referenceName": "azsyndna_ds",
                        "type": "DatasetReference",
                        "parameters": {
                            "pSynTable": "N",
                            "pSynSchema": "N"
                        }
                    }
                }
            },
            {
                "name": "Check Whether to Rerun",
                "description": "If rerun_ind is 'Y', invoke pipeline MT_EgressMain with REST API and process assets that are waiting in queue for egress, and update rerun_ind. If 'N', skip this process.",
                "type": "IfCondition",
                "dependsOn": [
                    {
                        "activity": "Get Rerun indicator",
                        "dependencyConditions": [
                            "Succeeded"
                        ]
                    }
                ],
                "userProperties": [],
                "typeProperties": {
                    "expression": {
                        "value": "@if(contains(activity('Get Rerun indicator').output,'firstRow'),equals(activity('Get Rerun indicator').output.firstRow.rerun_ind,'Y'),bool(0))",
                        "type": "Expression"
                    },
                    "ifFalseActivities": [
                        {
                            "name": "No Need to Rerun",
                            "type": "Wait",
                            "dependsOn": [],
                            "userProperties": [],
                            "typeProperties": {
                                "waitTimeInSeconds": 1
                            }
                        }
                    ],
                    "ifTrueActivities": [
                        {
                            "name": "Update MarTechRerunAudit",
                            "description": "Updates the value of column rerun_ind in the table psa.MarTechRerunAudit",
                            "type": "SqlServerStoredProcedure",
                            "dependsOn": [
                                {
                                    "activity": "MT_EgressMainWeb",
                                    "dependencyConditions": [
                                        "Succeeded"
                                    ]
                                }
                            ],
                            "policy": {
                                "timeout": "7.00:00:00",
                                "retry": 0,
                                "retryIntervalInSeconds": 30,
                                "secureOutput": false,
                                "secureInput": false
                            },
                            "userProperties": [],
                            "typeProperties": {
                                "storedProcedureName": "sp_executesql",
                                "storedProcedureParameters": {
                                    "stmt": {
                                        "value": {
                                            "value": "update psa.MarTechRerunAudit set rerun_ind='N',execute_run_id='@{activity('MT_EgressMainWeb').output.runId}',executed_at=CURRENT_TIMESTAMP where rerun_ind='Y'",
                                            "type": "Expression"
                                        },
                                        "type": "String"
                                    }
                                }
                            },
                            "linkedServiceName": {
                                "referenceName": "azsyndna_curated_dw",
                                "type": "LinkedServiceReference"
                            }
                        },
                        {
                            "name": "MT_EgressMainWeb",
                            "type": "WebActivity",
                            "dependsOn": [
                                {
                                    "activity": "Get Rerun URL",
                                    "dependencyConditions": [
                                        "Succeeded"
                                    ]
                                }
                            ],
                            "policy": {
                                "timeout": "05:00:00",
                                "retry": 0,
                                "retryIntervalInSeconds": 30,
                                "secureOutput": false,
                                "secureInput": false
                            },
                            "userProperties": [],
                            "typeProperties": {
                                "url": {
                                    "value": "@activity('Get Rerun URL').output.firstRow.RerunURL",
                                    "type": "Expression"
                                },
                                "connectVia": {
                                    "referenceName": "dna-ir01",
                                    "type": "IntegrationRuntimeReference"
                                },
                                "method": "POST",
                                "body": {
                                    "value": "@concat('{\"pProjectID\":\"',pipeline().parameters.pProjectID,'\"',',\"pEnvironment\":\"',pipeline().parameters.pEnvironment,'\"',',\"pCollectionPath\":\"',pipeline().parameters.pCollectionPath,'\"',',\"pIngestionDB\":\"',pipeline().parameters.pIngestionDB,'\"',',\"pWaitTime\":\"',pipeline().parameters.pWaitTime,'\"',',\"pDispatchPath\":\"',pipeline().parameters.pDispatchPath,'\"}')",
                                    "type": "Expression"
                                },
                                "authentication": {
                                    "type": "MSI",
                                    "resource": {
                                        "value": "https://management.azure.com/",
                                        "type": "Expression"
                                    }
                                }
                            }
                        },
                        {
                            "name": "Get Rerun URL",
                            "type": "Lookup",
                            "dependsOn": [],
                            "policy": {
                                "timeout": "7.00:00:00",
                                "retry": 0,
                                "retryIntervalInSeconds": 30,
                                "secureOutput": false,
                                "secureInput": false
                            },
                            "userProperties": [],
                            "typeProperties": {
                                "source": {
                                    "type": "SqlDWSource",
                                    "sqlReaderQuery": {
                                        "value": "SELECT Param_value AS RerunURL FROM dc_metadata.GDHDynamicADFParams \nWHERE Param_key='PipelineUrl' AND Project_Name='MarTech' AND Job_Name='MarTech_DeltaEgress' \nAND Process_Name='EgressRerun' AND Environment='@{pipeline().parameters.pEnvironment}'",
                                        "type": "Expression"
                                    },
                                    "queryTimeout": "02:00:00",
                                    "partitionOption": "None"
                                },
                                "dataset": {
                                    "referenceName": "azsyndna_ds",
                                    "type": "DatasetReference",
                                    "parameters": {
                                        "pSynTable": "N",
                                        "pSynSchema": "N"
                                    }
                                }
                            }
                        }
                    ]
                }
            },
            {
                "name": "Initialize vFailureFeedId",
                "description": "Initialize variable vFailureFeedId with value '0'. Variable will store the feed ID for which egress has failed, to skip further egress for the same feed.",
                "type": "SetVariable",
                "dependsOn": [],
                "userProperties": [],
                "typeProperties": {
                    "variableName": "vFailureFeedId",
                    "value": "0"
                }
            }
        ],
        "parameters": {
            "pProjectID": {
                "type": "string"
            },
            "pEnvironment": {
                "type": "string"
            },
            "pCollectionPath": {
                "type": "string"
            },
            "pIngestionDB": {
                "type": "string",
                "defaultValue": "dbo"
            },
            "pWaitTime": {
                "type": "string"
            },
            "pDispatchPath": {
                "type": "string"
            }
        },
        "variables": {
            "vRunLogStatus": {
                "type": "String"
            },
            "vRunLogStartDate": {
                "type": "String"
            },
            "vFailureFeedId": {
                "type": "String"
            }
        },
        "folder": {
            "name": "MarTech/Egress/Delta"
        },
        "annotations": []
    }
}