{
    "name": "MT_FeedProcessFailure",
    "properties": {
        "activities": [
            {
                "name": "Get Latest ETL AuditStatus",
                "description": "Gets the Latest ETL Audit Status  of the Feed in current run.  This is verify that runlog failure was already marked. If already failed, do not proceed. Otherwise update all audit tables with proper failure status",
                "type": "Lookup",
                "dependsOn": [],
                "policy": {
                    "timeout": "7.00:00:00",
                    "retry": 0,
                    "retryIntervalInSeconds": 30,
                    "secureOutput": false,
                    "secureInput": false
                },
                "userProperties": [],
                "typeProperties": {
                    "source": {
                        "type": "SqlDWSource",
                        "sqlReaderQuery": {
                            "value": "@replace(replace('DECLARE @feed_status NVARCHAR(20)\nDECLARE @audit_count NVARCHAR(20)\nDECLARE @feed_id NVARCHAR(20) = ''$FeedId''\nDECLARE @runlog_id NVARCHAR(20) = $ETLRunlogId\n\nSELECT @audit_count = COUNT(*) FROM psa.ef_etl_audit WHERE feed_id = @feed_id and etl_runlog_id=@runlog_id\nIF @audit_count > 0\nBEGIN\n\tSELECT TOP 1 @feed_status = feed_status_id FROM psa.ef_etl_audit WHERE feed_id = @feed_id and etl_runlog_id=@runlog_id ORDER BY dt_created DESC\n\tIF @feed_status <> 2\n\t\tBEGIN\n\t\t\tSELECT ''1'' as Status\n\t\tEND\n\tELSE\n\t\tBEGIN\n\t\t\tSELECT ''0'' as Status\n\t\tEND\nEND\nELSE\n\tBEGIN\n\t\t\tSELECT ''1'' as Status\n\tEND', '$FeedId', string(pipeline().parameters.pFeedID)), '$ETLRunlogId', string(pipeline().parameters.pRunLogID))",
                            "type": "Expression"
                        },
                        "queryTimeout": "02:00:00",
                        "partitionOption": "None"
                    },
                    "dataset": {
                        "referenceName": "azsyndna_ds",
                        "type": "DatasetReference",
                        "parameters": {
                            "pSynTable": "N",
                            "pSynSchema": "N"
                        }
                    }
                }
            },
            {
                "name": "CheckETLAuditStatus",
                "description": "Check the latest EF ETL Audit Status  of the Feed in the current run.",
                "type": "IfCondition",
                "dependsOn": [
                    {
                        "activity": "Get Latest ETL AuditStatus",
                        "dependencyConditions": [
                            "Succeeded"
                        ]
                    }
                ],
                "userProperties": [],
                "typeProperties": {
                    "expression": {
                        "value": "@if(equals(activity('Get Latest ETL AuditStatus').output.firstRow.Status,'1'), True, False)",
                        "type": "Expression"
                    },
                    "ifTrueActivities": [
                        {
                            "name": "Update ETLRunLog for Failure",
                            "description": "Update ETLRunLog Status to Total/Partial Error",
                            "type": "Lookup",
                            "dependsOn": [],
                            "policy": {
                                "timeout": "7.00:00:00",
                                "retry": 0,
                                "retryIntervalInSeconds": 30,
                                "secureOutput": false,
                                "secureInput": false
                            },
                            "userProperties": [],
                            "typeProperties": {
                                "source": {
                                    "type": "AzureSqlSource",
                                    "sqlReaderStoredProcedureName": {
                                        "value": "@concat(pipeline().parameters.pIngestionDB,'.','ETLRunLogAddOrUpdate')",
                                        "type": "Expression"
                                    },
                                    "storedProcedureParameters": {
                                        "pDTCreated": {
                                            "type": "Datetime",
                                            "value": {
                                                "value": "@pipeline().parameters.pRunLogStartDate",
                                                "type": "Expression"
                                            }
                                        },
                                        "pDTEnd": {
                                            "type": "Datetime",
                                            "value": {
                                                "value": "@utcnow()",
                                                "type": "Expression"
                                            }
                                        },
                                        "pDTStart": {
                                            "type": "Datetime",
                                            "value": {
                                                "value": "@pipeline().parameters.pRunLogStartDate",
                                                "type": "Expression"
                                            }
                                        },
                                        "pETLProcessName": {
                                            "type": "String",
                                            "value": {
                                                "value": "@pipeline().parameters.pPipelineId",
                                                "type": "Expression"
                                            }
                                        },
                                        "pETLProcessRunID": {
                                            "type": "String",
                                            "value": {
                                                "value": "@pipeline().parameters.pRunId",
                                                "type": "Expression"
                                            }
                                        },
                                        "pETLRunLogID": {
                                            "type": "String",
                                            "value": {
                                                "value": "@pipeline().parameters.pRunLogID",
                                                "type": "Expression"
                                            }
                                        },
                                        "pETLRunLogStatusID": {
                                            "type": "String",
                                            "value": {
                                                "value": "@pipeline().parameters.pRunLogStatus",
                                                "type": "Expression"
                                            }
                                        },
                                        "pKeepValueFlag": {
                                            "type": "String",
                                            "value": "0"
                                        },
                                        "pUserCreated": {
                                            "type": "String",
                                            "value": {
                                                "value": "@pipeline().parameters.pUser",
                                                "type": "Expression"
                                            }
                                        }
                                    },
                                    "queryTimeout": "02:00:00",
                                    "partitionOption": "None"
                                },
                                "dataset": {
                                    "referenceName": "azdbdna_ds_metadata",
                                    "type": "DatasetReference"
                                },
                                "firstRowOnly": true
                            }
                        },
                        {
                            "name": "Update Feed Status Failed",
                            "description": "Update feed status as failed in table psa.ef_etl_audit ",
                            "type": "SqlServerStoredProcedure",
                            "dependsOn": [
                                {
                                    "activity": "Update ETLRunLog for Failure",
                                    "dependencyConditions": [
                                        "Succeeded"
                                    ]
                                }
                            ],
                            "policy": {
                                "timeout": "7.00:00:00",
                                "retry": 0,
                                "retryIntervalInSeconds": 30,
                                "secureOutput": false,
                                "secureInput": false
                            },
                            "userProperties": [],
                            "typeProperties": {
                                "storedProcedureName": "[psa].[sp_ef_etl_audit]",
                                "storedProcedureParameters": {
                                    "feed_id": {
                                        "value": {
                                            "value": "@pipeline().parameters.pFeedID",
                                            "type": "Expression"
                                        },
                                        "type": "Int32"
                                    },
                                    "etl_runlog_id": {
                                        "value": {
                                            "value": "@pipeline().parameters.pRunLogID",
                                            "type": "Expression"
                                        },
                                        "type": "Int32"
                                    },
                                    "feed_status": {
                                        "value": {
                                            "value": "FAILED",
                                            "type": "Expression"
                                        },
                                        "type": "String"
                                    }
                                }
                            },
                            "linkedServiceName": {
                                "referenceName": "azsyndna_curated_dw",
                                "type": "LinkedServiceReference"
                            }
                        }
                    ]
                }
            }
        ],
        "parameters": {
            "pIngestionDB": {
                "type": "string"
            },
            "pUser": {
                "type": "string"
            },
            "pRunLogID": {
                "type": "string"
            },
            "pRunLogstartDate": {
                "type": "string"
            },
            "pFeedID": {
                "type": "string"
            },
            "pPipelineId": {
                "type": "string"
            },
            "pRunId": {
                "type": "string"
            },
            "pRunLogStatus": {
                "type": "string"
            }
        },
        "folder": {
            "name": "MarTech/Egress/UtilPipeline"
        },
        "annotations": []
    }
}