{
    "name": "MT_FolderValidation",
    "properties": {
        "description": "Created by: Saurabh Menon\nDate: 23/02/22\nDescription: Pipeline to wait and validate whether input folder is empty",
        "activities": [
            {
                "name": "Wait until folder is empty",
                "description": "Check the folder (pCollectionPath) every n number of seconds( pWaitTime), and proceed only when folder is empty.",
                "type": "Validation",
                "dependsOn": [],
                "userProperties": [],
                "typeProperties": {
                    "dataset": {
                        "referenceName": "azpathcheck_collection_adls",
                        "type": "DatasetReference",
                        "parameters": {
                            "pContainer": {
                                "value": "@pipeline().parameters.pContainer",
                                "type": "Expression"
                            },
                            "pFolderPath": {
                                "value": "@pipeline().parameters.pFolderPath",
                                "type": "Expression"
                            },
                            "pSAEndpoint": {
                                "value": "@pipeline().parameters.pSAEndpoint",
                                "type": "Expression"
                            }
                        }
                    },
                    "timeout": "7.00:00:00",
                    "sleep": {
                        "value": "@int(pipeline().parameters.pWaitTime)",
                        "type": "Expression"
                    },
                    "childItems": false
                }
            }
        ],
        "parameters": {
            "pContainer": {
                "type": "string"
            },
            "pFolderPath": {
                "type": "string"
            },
            "pSAEndpoint": {
                "type": "string"
            },
            "pWaitTime": {
                "type": "string"
            }
        },
        "folder": {
            "name": "MarTech/Egress/UtilPipeline"
        },
        "annotations": []
    }
}