{
    "name": "MT_IterateBucket",
    "properties": {
        "description": "Description: Pipeline to iterate through each bucket in sequence, from table psa.mt_bucket_iterate",
        "activities": [
            {
                "name": "Get Buckets to Egress",
                "description": "Lookup psa.mt_bucket_iterate and fetch bucket_id in ascending order of seq_num, where egress_flag='N'",
                "type": "Lookup",
                "dependsOn": [],
                "policy": {
                    "timeout": "7.00:00:00",
                    "retry": 0,
                    "retryIntervalInSeconds": 30,
                    "secureOutput": false,
                    "secureInput": false
                },
                "userProperties": [],
                "typeProperties": {
                    "source": {
                        "type": "SqlDWSource",
                        "sqlReaderQuery": {
                            "value": "@if(equals(int(pipeline().parameters.pWave),2),'SELECT bucket_id AS bucket_id FROM psa.mt_bucket_iterate WHERE bucket_id < 1000000 AND egress_flag=''N'' ORDER BY seq_num','SELECT bucket_id AS bucket_id FROM psa.mt_bucket_iterate WHERE bucket_id > 1000000 AND egress_flag=''N'' ORDER BY seq_num')",
                            "type": "Expression"
                        },
                        "queryTimeout": "02:00:00",
                        "partitionOption": "None"
                    },
                    "dataset": {
                        "referenceName": "azsyndna_ds",
                        "type": "DatasetReference",
                        "parameters": {
                            "pSynTable": "N",
                            "pSynSchema": "N"
                        }
                    },
                    "firstRowOnly": false
                }
            },
            {
                "name": "For each Bucket",
                "description": "Iterate through each bucket, sequentially",
                "type": "ForEach",
                "dependsOn": [
                    {
                        "activity": "Get Buckets to Egress",
                        "dependencyConditions": [
                            "Succeeded"
                        ]
                    },
                    {
                        "activity": "Retrieve Storage Account Endpoints",
                        "dependencyConditions": [
                            "Succeeded"
                        ]
                    },
                    {
                        "activity": "Initialize Proceed Indicator",
                        "dependencyConditions": [
                            "Succeeded"
                        ]
                    }
                ],
                "userProperties": [],
                "typeProperties": {
                    "items": {
                        "value": "@activity('Get buckets to egress').output.value",
                        "type": "Expression"
                    },
                    "isSequential": true,
                    "activities": [
                        {
                            "name": "Check to Proceed",
                            "description": "Check if vProceedInd is Y, if N, do not proceed with next bucket",
                            "type": "IfCondition",
                            "dependsOn": [],
                            "userProperties": [],
                            "typeProperties": {
                                "expression": {
                                    "value": "@equals(variables('vProceedInd'),'Y')",
                                    "type": "Expression"
                                },
                                "ifFalseActivities": [
                                    {
                                        "name": "Do not proceed",
                                        "type": "Fail",
                                        "dependsOn": [],
                                        "userProperties": [],
                                        "typeProperties": {
                                            "message": "Egress of previous bucket failed",
                                            "errorCode": "403"
                                        }
                                    }
                                ],
                                "ifTrueActivities": [
                                    {
                                        "name": "Execute CheckForBucket",
                                        "description": "Invoke pipeline MT_CheckForBucket",
                                        "type": "ExecutePipeline",
                                        "dependsOn": [],
                                        "userProperties": [],
                                        "typeProperties": {
                                            "pipeline": {
                                                "referenceName": "MT_CheckForBucket",
                                                "type": "PipelineReference"
                                            },
                                            "waitOnCompletion": true,
                                            "parameters": {
                                                "pCollectionPath": {
                                                    "value": "@pipeline().parameters.pCollectionPath",
                                                    "type": "Expression"
                                                },
                                                "pBucketID": {
                                                    "value": "@string(item().bucket_id)",
                                                    "type": "Expression"
                                                },
                                                "pEnvironment": {
                                                    "value": "@pipeline().parameters.pEnvironment",
                                                    "type": "Expression"
                                                },
                                                "pSourceSAEndpoint": {
                                                    "value": "@json(activity('Retrieve Storage Account Endpoints').output.firstRow.endpoints).wrangled_endpoint",
                                                    "type": "Expression"
                                                },
                                                "pTargetSAEndpoint": {
                                                    "value": "@json(activity('Retrieve Storage Account Endpoints').output.firstRow.endpoints).collection_endpoint",
                                                    "type": "Expression"
                                                },
                                                "pWaitTime": {
                                                    "value": "@pipeline().parameters.pWaitTime",
                                                    "type": "Expression"
                                                },
                                                "pWave": {
                                                    "value": "@pipeline().parameters.pWave",
                                                    "type": "Expression"
                                                }
                                            }
                                        }
                                    },
                                    {
                                        "name": "Set Proceed Indicator to N",
                                        "type": "SetVariable",
                                        "dependsOn": [
                                            {
                                                "activity": "Execute CheckForBucket",
                                                "dependencyConditions": [
                                                    "Failed"
                                                ]
                                            }
                                        ],
                                        "userProperties": [],
                                        "typeProperties": {
                                            "variableName": "vProceedInd",
                                            "value": "N"
                                        }
                                    }
                                ]
                            }
                        }
                    ]
                }
            },
            {
                "name": "Retrieve Storage Account Endpoints",
                "description": "Lookup dc_metadata.GDHDynamicADFParams to get storage account endpoints to be used in generic SA LS.",
                "type": "Lookup",
                "dependsOn": [],
                "policy": {
                    "timeout": "7.00:00:00",
                    "retry": 0,
                    "retryIntervalInSeconds": 30,
                    "secureOutput": false,
                    "secureInput": false
                },
                "userProperties": [],
                "typeProperties": {
                    "source": {
                        "type": "SqlDWSource",
                        "sqlReaderQuery": {
                            "value": "SELECT Param_value AS endpoints FROM dc_metadata.GDHDynamicADFParams WHERE Param_key='SAEndPoints' AND Project_Name='MarTech' AND Job_Name='MarTech_Egress' AND Process_Name='BatchDecryptUtil' AND Environment='@{pipeline().parameters.pEnvironment}'",
                            "type": "Expression"
                        },
                        "queryTimeout": "02:00:00",
                        "partitionOption": "None"
                    },
                    "dataset": {
                        "referenceName": "azsyndna_ds",
                        "type": "DatasetReference",
                        "parameters": {
                            "pSynTable": "N",
                            "pSynSchema": "N"
                        }
                    }
                }
            },
            {
                "name": "Initialize Proceed Indicator",
                "type": "SetVariable",
                "dependsOn": [],
                "userProperties": [],
                "typeProperties": {
                    "variableName": "vProceedInd",
                    "value": "Y"
                }
            }
        ],
        "parameters": {
            "pEnvironment": {
                "type": "string"
            },
            "pCollectionPath": {
                "type": "string"
            },
            "pWaitTime": {
                "type": "string"
            },
            "pWave": {
                "type": "string"
            }
        },
        "variables": {
            "vBucket": {
                "type": "String"
            },
            "vProceedInd": {
                "type": "String"
            }
        },
        "folder": {
            "name": "MarTech/Egress/History"
        },
        "annotations": []
    }
}