{
	"name": "MT_ProcessBucket",
	"properties": {
		"activities": [
			{
				"name": "Get Latest Egressed Asset For Bucket",
				"description": "Returns latest egressed asset for given bucket ID",
				"type": "Lookup",
				"dependsOn": [],
				"policy": {
					"timeout": "7.00:00:00",
					"retry": 0,
					"retryIntervalInSeconds": 30,
					"secureOutput": false,
					"secureInput": false
				},
				"userProperties": [],
				"typeProperties": {
					"source": {
						"type": "SqlDWSource",
						"sqlReaderQuery": {
							"value": "DECLARE @asset_count NVARCHAR(20)\nDECLARE @bucket_id NVARCHAR(20) = '@{pipeline().parameters.pBucketID}'\n\n\nSELECT @asset_count = COUNT(*) FROM psa.egress_audit_status WHERE feed_id = (SELECT DISTINCT feedid FROM psa.historymdref WHERE bucket_id = @bucket_id) and asset_id in (SELECT DISTINCT assetid FROM psa.historymdref where bucket_id = @bucket_id)\nIF @asset_count > 0\n\tBEGIN\n\t\tSELECT asset_id AS AssetID FROM psa.egress_audit_status WHERE feed_id = (SELECT DISTINCT feedid FROM psa.historymdref WHERE bucket_id = @bucket_id)\n\t\n\tEND\nELSE\n\tBEGIN\n\t\t\tSELECT '0' AS AssetID\n\tEND",
							"type": "Expression"
						},
						"queryTimeout": "02:00:00",
						"partitionOption": "None"
					},
					"dataset": {
						"referenceName": "azsyndna_ds",
						"type": "DatasetReference",
						"parameters": {
							"pSynTable": "N",
							"pSynSchema": "N"
						}
					},
					"firstRowOnly": true
				}
			},
			{
				"name": "Determine Egress Status",
				"description": "Set Egress Status.\nIf no assets are present for egress, pipeline will not proceed.",
				"type": "SetVariable",
				"dependsOn": [
					{
						"activity": "Get Assets To Egress For Bucket",
						"dependencyConditions": [
							"Succeeded"
						]
					}
				],
				"userProperties": [],
				"typeProperties": {
					"variableName": "vEgressStatusInd",
					"value": {
						"value": "@if(equals(empty(activity('Get Assets To Egress For Bucket').output.value),bool(1)),'Nothing To Egress','Proceed')",
						"type": "Expression"
					}
				}
			},
			{
				"name": "Check To Proceed",
				"type": "Switch",
				"dependsOn": [
					{
						"activity": "Determine Egress Status",
						"dependencyConditions": [
							"Succeeded"
						]
					},
					{
						"activity": "Get Utility Parameters",
						"dependencyConditions": [
							"Succeeded"
						]
					}
				],
				"userProperties": [],
				"typeProperties": {
					"on": {
						"value": "@variables('vEgressStatusInd')",
						"type": "Expression"
					},
					"cases": [
						{
							"value": "Proceed",
							"activities": [
								{
									"name": "Execute ProcessBucketFeed",
									"type": "ExecutePipeline",
									"dependsOn": [],
									"userProperties": [],
									"typeProperties": {
										"pipeline": {
											"referenceName": "MT_ProcessBucketFeed",
											"type": "PipelineReference"
										},
										"waitOnCompletion": true,
										"parameters": {
											"pAssetList": {
												"value": "@string(activity('Get Assets To Egress For Bucket').output.value)",
												"type": "Expression"
											},
											"pCollectionPath": {
												"value": "@pipeline().parameters.pCollectionPath",
												"type": "Expression"
											},
											"pEnvironment": {
												"value": "@pipeline().parameters.pEnvironment",
												"type": "Expression"
											},
											"pSourceSAEndpoint": {
												"value": "@pipeline().parameters.pSourceSAEndpoint",
												"type": "Expression"
											},
											"pTargetSAEndpoint": {
												"value": "@pipeline().parameters.pTargetSAEndpoint",
												"type": "Expression"
											},
											"pBatchParams": {
												"value": "@activity('Get Utility Parameters').output.firstRow.params",
												"type": "Expression"
											},
											"pWave": {
												"value": "@pipeline().parameters.pWave",
												"type": "Expression"
											}
										}
									}
								}
							]
						},
						{
							"value": "Nothing To Egress",
							"activities": [
								{
									"name": "STOP- No Assets To Egress For Feed",
									"type": "Wait",
									"dependsOn": [],
									"userProperties": [],
									"typeProperties": {
										"waitTimeInSeconds": 1
									}
								}
							]
						}
					]
				}
			},
			{
				"name": "Get Assets To Egress For Bucket",
				"description": "Returns asset(s) to egress for given bucket ID",
				"type": "Lookup",
				"dependsOn": [
					{
						"activity": "Get Latest Egressed Asset For Bucket",
						"dependencyConditions": [
							"Succeeded"
						]
					}
				],
				"policy": {
					"timeout": "7.00:00:00",
					"retry": 0,
					"retryIntervalInSeconds": 30,
					"secureOutput": false,
					"secureInput": false
				},
				"userProperties": [],
				"typeProperties": {
					"source": {
						"type": "SqlDWSource",
						"sqlReaderQuery": {
							"value": "@if(empty(pipeline().parameters.pNumOfAssets),concat('SELECT assetid AS AssetID, assetname AS AssetName, feedid AS FeedID FROM psa.historymdref WHERE bucket_id =',pipeline().parameters.pBucketID,' AND assetid > ',activity('Get Latest Egressed Asset For Bucket').output.firstRow.AssetID,' ORDER BY assetid'),concat('SELECT TOP ',pipeline().parameters.pNumOfAssets,' assetid AS AssetID, assetname AS AssetName, feedid AS FeedID FROM psa.historymdref WHERE bucket_id =',pipeline().parameters.pBucketID,' AND assetid > ',activity('Get Latest Egressed Asset For Bucket').output.firstRow.AssetID,' ORDER BY assetid'))",
							"type": "Expression"
						},
						"queryTimeout": "02:00:00",
						"partitionOption": "None"
					},
					"dataset": {
						"referenceName": "azsyndna_ds",
						"type": "DatasetReference",
						"parameters": {
							"pSynTable": "N",
							"pSynSchema": "N"
						}
					},
					"firstRowOnly": false
				}
			},
			{
				"name": "Get Utility Parameters",
				"description": "Lookup dc_metadata.GDHDynamicADFParams to get parameters to be used for batch utility in pipeline MT_BatchUtility",
				"type": "Lookup",
				"dependsOn": [],
				"policy": {
					"timeout": "7.00:00:00",
					"retry": 0,
					"retryIntervalInSeconds": 30,
					"secureOutput": false,
					"secureInput": false
				},
				"userProperties": [],
				"typeProperties": {
					"source": {
						"type": "SqlDWSource",
						"sqlReaderQuery": {
							"value": "SELECT Param_value AS params FROM dc_metadata.GDHDynamicADFParams WHERE Param_key='UtilParam' AND Project_Name='MarTech' AND Job_Name='MarTech_Egress' AND Process_Name='BatchDecryptUtil' AND Environment='@{pipeline().parameters.pEnvironment}'",
							"type": "Expression"
						},
						"queryTimeout": "02:00:00",
						"partitionOption": "None"
					},
					"dataset": {
						"referenceName": "azsyndna_ds",
						"type": "DatasetReference",
						"parameters": {
							"pSynTable": "N",
							"pSynSchema": "N"
						}
					}
				}
			}
		],
		"parameters": {
			"pBucketID": {
				"type": "string"
			},
			"pCollectionPath": {
				"type": "string",
				"defaultValue": "PzDB/PzDB"
			},
			"pEnvironment": {
				"type": "string"
			},
			"pNumOfAssets": {
				"type": "string"
			},
			"pSourceSAEndpoint": {
				"type": "string"
			},
			"pTargetSAEndpoint": {
				"type": "string"
			},
			"pWave": {
				"type": "string"
			}
		},
		"variables": {
			"vCount": {
				"type": "String"
			},
			"vEgressArray": {
				"type": "Array"
			},
			"vEgressStatusInd": {
				"type": "String"
			},
			"vCollectionStatusInd": {
				"type": "String"
			}
		},
		"folder": {
			"name": "MarTech/Egress/History"
		},
		"annotations": []
	}
}