{
    "name": "MT_ProcessAssetPSA",
    "properties": {
        "activities": [
            {
                "name": "Copy_EgressData_ToPSAHopper",
                "type": "Copy",
                "dependsOn": [
                    {
                        "activity": "TagAssetToETLRunLogId",
                        "dependencyConditions": [
                            "Succeeded"
                        ]
                    }
                ],
                "policy": {
                    "timeout": "7.00:00:00",
                    "retry": 0,
                    "retryIntervalInSeconds": 30,
                    "secureOutput": false,
                    "secureInput": false
                },
                "userProperties": [],
                "typeProperties": {
                    "source": {
                        "type": "SqlDWSource",
                        "sqlReaderStoredProcedureName": "[psa].[sp_EgressExtractMartech]",
                        "storedProcedureParameters": {
                            "assetId": {
                                "type": "String",
                                "value": {
                                    "value": "@pipeline().parameters.pAssetID",
                                    "type": "Expression"
                                }
                            },
                            "tableName": {
                                "type": "String",
                                "value": {
                                    "value": "@pipeline().parameters.pTargetTable",
                                    "type": "Expression"
                                }
                            },
                            "tableSchema": {
                                "type": "String",
                                "value": {
                                    "value": "@pipeline().parameters.pPSASchema",
                                    "type": "Expression"
                                }
                            }
                        },
                        "queryTimeout": "02:00:00",
                        "partitionOption": "None"
                    },
                    "sink": {
                        "type": "DelimitedTextSink",
                        "storeSettings": {
                            "type": "AzureBlobFSWriteSettings"
                        },
                        "formatSettings": {
                            "type": "DelimitedTextWriteSettings",
                            "quoteAllText": true,
                            "fileExtension": ".txt"
                        }
                    },
                    "enableStaging": false,
                    "translator": {
                        "type": "TabularTranslator",
                        "typeConversion": true,
                        "typeConversionSettings": {
                            "allowDataTruncation": true,
                            "treatBooleanAsNumber": false
                        }
                    }
                },
                "inputs": [
                    {
                        "referenceName": "azsyndna_ds",
                        "type": "DatasetReference",
                        "parameters": {
                            "pSynTable": "N",
                            "pSynSchema": "N"
                        }
                    }
                ],
                "outputs": [
                    {
                        "referenceName": "az_csvfile_cleansed_adl_egress",
                        "type": "DatasetReference",
                        "parameters": {
                            "pContainer": {
                                "value": "@pipeline().parameters.pPSAHopperContainer",
                                "type": "Expression"
                            },
                            "pFilePath": {
                                "value": "@pipeline().parameters.pPSAHopperPath",
                                "type": "Expression"
                            },
                            "pFileName": {
                                "value": "@pipeline().parameters.pAssetName",
                                "type": "Expression"
                            },
                            "pSAEndpoint": {
                                "value": "@pipeline().parameters.pSourceSAEndpoint",
                                "type": "Expression"
                            }
                        }
                    }
                ]
            },
            {
                "name": "TagAssetToETLRunLogId",
                "description": "Tag the asset to the current ETL Runlog ID",
                "type": "Lookup",
                "dependsOn": [],
                "policy": {
                    "timeout": "7.00:00:00",
                    "retry": 0,
                    "retryIntervalInSeconds": 30,
                    "secureOutput": false,
                    "secureInput": false
                },
                "userProperties": [],
                "typeProperties": {
                    "source": {
                        "type": "AzureSqlSource",
                        "sqlReaderStoredProcedureName": {
                            "value": "@concat(pipeline().parameters.pIngestionDB,'.','ETLRunLogAssetAddOrUpdate')",
                            "type": "Expression"
                        },
                        "storedProcedureParameters": {
                            "pAssetID": {
                                "type": "String",
                                "value": {
                                    "value": "@pipeline().parameters.pAssetID",
                                    "type": "Expression"
                                }
                            },
                            "pDTCreated": {
                                "type": "Datetime",
                                "value": {
                                    "value": "@utcnow()",
                                    "type": "Expression"
                                }
                            },
                            "pETLRunLogID": {
                                "type": "String",
                                "value": {
                                    "value": "@pipeline().parameters.pRunLogID",
                                    "type": "Expression"
                                }
                            },
                            "pUserCreated": {
                                "type": "String",
                                "value": {
                                    "value": "@pipeline().parameters.pCurationUser",
                                    "type": "Expression"
                                }
                            }
                        },
                        "queryTimeout": "02:00:00",
                        "partitionOption": "None"
                    },
                    "dataset": {
                        "referenceName": "azdbdna_ds_metadata",
                        "type": "DatasetReference"
                    }
                }
            },
            {
                "name": "UpdateEgressAuditTable",
                "type": "Lookup",
                "dependsOn": [
                    {
                        "activity": "Execute Batch Utility",
                        "dependencyConditions": [
                            "Succeeded"
                        ]
                    }
                ],
                "policy": {
                    "timeout": "7.00:00:00",
                    "retry": 0,
                    "retryIntervalInSeconds": 30,
                    "secureOutput": false,
                    "secureInput": false
                },
                "userProperties": [],
                "typeProperties": {
                    "source": {
                        "type": "SqlDWSource",
                        "sqlReaderStoredProcedureName": "[psa].[sp_EgressStatusUpdateMartech]",
                        "storedProcedureParameters": {
                            "assetId": {
                                "type": "String",
                                "value": {
                                    "value": "@pipeline().parameters.pAssetID",
                                    "type": "Expression"
                                }
                            },
                            "feedId": {
                                "type": "String",
                                "value": {
                                    "value": "@pipeline().parameters.pFeedID",
                                    "type": "Expression"
                                }
                            },
                            "tableName": {
                                "type": "String",
                                "value": {
                                    "value": "@pipeline().parameters.pTargetTable",
                                    "type": "Expression"
                                }
                            },
                            "tableSchema": {
                                "type": "String",
                                "value": {
                                    "value": "@pipeline().parameters.pPSASchema",
                                    "type": "Expression"
                                }
                            }
                        },
                        "queryTimeout": "02:00:00",
                        "partitionOption": "None"
                    },
                    "dataset": {
                        "referenceName": "azsyndna_ds",
                        "type": "DatasetReference",
                        "parameters": {
                            "pSynTable": "N",
                            "pSynSchema": "N"
                        }
                    },
                    "firstRowOnly": false
                }
            },
            {
                "name": "Execute Batch Utility",
                "type": "ExecutePipeline",
                "dependsOn": [
                    {
                        "activity": "Copy_EgressData_ToPSAHopper",
                        "dependencyConditions": [
                            "Succeeded"
                        ]
                    }
                ],
                "userProperties": [],
                "typeProperties": {
                    "pipeline": {
                        "referenceName": "MT_BatchUtility",
                        "type": "PipelineReference"
                    },
                    "waitOnCompletion": true,
                    "parameters": {
                        "pSourceContainer": {
                            "value": "@pipeline().parameters.pPSAHopperContainer",
                            "type": "Expression"
                        },
                        "pSourcePath": {
                            "value": "@pipeline().parameters.pPSAHopperPath",
                            "type": "Expression"
                        },
                        "pAssetName": {
                            "value": "@pipeline().parameters.pAssetName",
                            "type": "Expression"
                        },
                        "pCollectionContainer": {
                            "value": "@pipeline().parameters.pCollectionContainer",
                            "type": "Expression"
                        },
                        "pCollectionPath": {
                            "value": "@pipeline().parameters.pCollectionPath",
                            "type": "Expression"
                        },
                        "pXmlFileName": {
                            "value": "@pipeline().parameters.pXmlFileName",
                            "type": "Expression"
                        },
                        "pSourceSAEndpoint": {
                            "value": "@pipeline().parameters.pSourceSAEndpoint",
                            "type": "Expression"
                        },
                        "pTargetSAEndpoint": {
                            "value": "@pipeline().parameters.pTargetSAEndpoint",
                            "type": "Expression"
                        },
                        "pEnvironment": {
                            "value": "@pipeline().parameters.pEnvironment",
                            "type": "Expression"
                        },
                        "pDataFeedID": {
                            "value": "@pipeline().parameters.pDataFeedID",
                            "type": "Expression"
                        },
                        "pBatchParams": {
                            "value": "@pipeline().parameters.pBatchParams",
                            "type": "Expression"
                        }
                    }
                }
            }
        ],
        "parameters": {
            "pFeedID": {
                "type": "string"
            },
            "pAssetID": {
                "type": "string"
            },
            "pAssetName": {
                "type": "string"
            },
            "pPSASchema": {
                "type": "string"
            },
            "pTargetTable": {
                "type": "string"
            },
            "pPSAHopperContainer": {
                "type": "string"
            },
            "pPSAHopperPath": {
                "type": "string"
            },
            "pCollectionContainer": {
                "type": "string"
            },
            "pCollectionPath": {
                "type": "string"
            },
            "pIngestionDB": {
                "type": "string",
                "defaultValue": "dbo"
            },
            "pCurationUser": {
                "type": "string",
                "defaultValue": "CurationUser"
            },
            "pRunLogID": {
                "type": "string"
            },
            "pXmlFileName": {
                "type": "string"
            },
            "pSourceSAEndpoint": {
                "type": "string"
            },
            "pTargetSAEndpoint": {
                "type": "string"
            },
            "pEnvironment": {
                "type": "string"
            },
            "pDataFeedID": {
                "type": "string"
            },
            "pBatchParams": {
                "type": "string"
            }
        },
        "folder": {
            "name": "MarTech/Egress/History/Wave2"
        },
        "annotations": []
    }
}