{
    "name": "MT_ProcessBucketFeed",
    "properties": {
        "description": "Created by: Saurabh Menon\nVersion History:\n07/01/2022: Initial Version\n24/02/2022: Merged wave 2 and 3 to single pipeline\n24/03/2022: Improved error handling\n27/06/2022: Changed seq num for wave 2 feeds to 00000",
        "activities": [
            {
                "name": "Set RunLog Start Date",
                "description": "Sets the ETL Run Log Start Date to a variable, so that it could be used while calling the Stored Procedure to update the ETL Run Log Status.",
                "type": "SetVariable",
                "dependsOn": [],
                "userProperties": [],
                "typeProperties": {
                    "variableName": "vRunLogStartDate",
                    "value": {
                        "value": "@utcnow()",
                        "type": "Expression"
                    }
                }
            },
            {
                "name": "Generate ETL RunLogId",
                "description": "Generate ETLRunlog for the Egress Process",
                "type": "Lookup",
                "dependsOn": [
                    {
                        "activity": "Set RunLog Start Date",
                        "dependencyConditions": [
                            "Succeeded"
                        ]
                    }
                ],
                "policy": {
                    "timeout": "7.00:00:00",
                    "retry": 0,
                    "retryIntervalInSeconds": 30,
                    "secureOutput": false,
                    "secureInput": false
                },
                "userProperties": [],
                "typeProperties": {
                    "source": {
                        "type": "AzureSqlSource",
                        "sqlReaderStoredProcedureName": {
                            "value": "dbo.ETLRunLogAddOrUpdate",
                            "type": "Expression"
                        },
                        "storedProcedureParameters": {
                            "pDTCreated": {
                                "type": "Datetime",
                                "value": {
                                    "value": "@variables('vRunLogStartDate')",
                                    "type": "Expression"
                                }
                            },
                            "pDTEnd": {
                                "type": "String",
                                "value": ""
                            },
                            "pDTStart": {
                                "type": "Datetime",
                                "value": {
                                    "value": "@variables('vRunLogStartDate')",
                                    "type": "Expression"
                                }
                            },
                            "pETLProcessName": {
                                "type": "String",
                                "value": {
                                    "value": "@pipeline().Pipeline",
                                    "type": "Expression"
                                }
                            },
                            "pETLProcessRunID": {
                                "type": "String",
                                "value": {
                                    "value": "@pipeline().RunId",
                                    "type": "Expression"
                                }
                            },
                            "pETLRunLogID": {
                                "type": "String",
                                "value": ""
                            },
                            "pETLRunLogStatusID": {
                                "type": "String",
                                "value": "25001"
                            },
                            "pKeepValueFlag": {
                                "type": "String",
                                "value": "0"
                            },
                            "pUserCreated": {
                                "type": "String",
                                "value": {
                                    "value": "CurationUser",
                                    "type": "Expression"
                                }
                            }
                        },
                        "queryTimeout": "02:00:00",
                        "partitionOption": "None"
                    },
                    "dataset": {
                        "referenceName": "azdbdna_ds_metadata",
                        "type": "DatasetReference"
                    },
                    "firstRowOnly": true
                }
            },
            {
                "name": "Update Feed Status Started",
                "description": "Update feed status as started in table psa.ef_etl_audit ",
                "type": "SqlServerStoredProcedure",
                "dependsOn": [
                    {
                        "activity": "Set Feed ID",
                        "dependencyConditions": [
                            "Succeeded"
                        ]
                    },
                    {
                        "activity": "Generate ETL RunLogId",
                        "dependencyConditions": [
                            "Succeeded"
                        ]
                    }
                ],
                "policy": {
                    "timeout": "7.00:00:00",
                    "retry": 0,
                    "retryIntervalInSeconds": 30,
                    "secureOutput": false,
                    "secureInput": false
                },
                "userProperties": [],
                "typeProperties": {
                    "storedProcedureName": "[psa].[sp_ef_etl_audit]",
                    "storedProcedureParameters": {
                        "feed_id": {
                            "value": {
                                "value": "@variables('vFeedId')",
                                "type": "Expression"
                            },
                            "type": "Int32"
                        },
                        "etl_runlog_id": {
                            "value": {
                                "value": "@activity('Generate ETL RunLogId').output.firstRow.ETLRunLogID",
                                "type": "Expression"
                            },
                            "type": "Int32"
                        },
                        "feed_status": {
                            "value": {
                                "value": "STARTED",
                                "type": "Expression"
                            },
                            "type": "String"
                        }
                    }
                },
                "linkedServiceName": {
                    "referenceName": "azsyndna_curated_dw",
                    "type": "LinkedServiceReference"
                }
            },
            {
                "name": "Set Feed ID",
                "description": "Set Feed ID from the Array to be egressed",
                "type": "SetVariable",
                "dependsOn": [],
                "userProperties": [],
                "typeProperties": {
                    "variableName": "vFeedId",
                    "value": {
                        "value": "@string(json(pipeline().parameters.pAssetList)[0].FeedID)",
                        "type": "Expression"
                    }
                }
            },
            {
                "name": "InitRunLogStatus",
                "description": "Initialize RunLog Failure Status(Total Failure)",
                "type": "SetVariable",
                "dependsOn": [],
                "userProperties": [],
                "typeProperties": {
                    "variableName": "vRunLogStatus",
                    "value": {
                        "value": "25003",
                        "type": "Expression"
                    }
                }
            },
            {
                "name": "InitProceedIndicator",
                "description": "Initialize Proceed Indicator",
                "type": "SetVariable",
                "dependsOn": [],
                "userProperties": [],
                "typeProperties": {
                    "variableName": "vProceedInd",
                    "value": {
                        "value": "YES",
                        "type": "Expression"
                    }
                }
            },
            {
                "name": "SetPSAHopperContainer",
                "description": "Set Container Name for PSAHopper Area",
                "type": "SetVariable",
                "dependsOn": [],
                "userProperties": [],
                "typeProperties": {
                    "variableName": "vPSAHopperContainer",
                    "value": "psahopper"
                }
            },
            {
                "name": "SetPSAHopperPath",
                "description": "Set Path for PSAHopper Area",
                "type": "SetVariable",
                "dependsOn": [],
                "userProperties": [],
                "typeProperties": {
                    "variableName": "vPSAHopperPath",
                    "value": {
                        "value": "Martech_PSAhopper",
                        "type": "Expression"
                    }
                }
            },
            {
                "name": "SetCollectionContainer",
                "description": "Set Container Name for Collection Area",
                "type": "SetVariable",
                "dependsOn": [],
                "userProperties": [],
                "typeProperties": {
                    "variableName": "vCollectionContainer",
                    "value": "collection"
                }
            },
            {
                "name": "Get XML FileName",
                "description": "Returns configuration XML filename to be used for identifying field level encrypted columns.",
                "type": "Lookup",
                "dependsOn": [
                    {
                        "activity": "Set Feed ID",
                        "dependencyConditions": [
                            "Succeeded"
                        ]
                    }
                ],
                "policy": {
                    "timeout": "7.00:00:00",
                    "retry": 0,
                    "retryIntervalInSeconds": 30,
                    "secureOutput": false,
                    "secureInput": false
                },
                "userProperties": [],
                "typeProperties": {
                    "source": {
                        "type": "SqlDWSource",
                        "sqlReaderQuery": {
                            "value": "SELECT Param_value AS filename FROM dc_metadata.GDHDynamicADFParams WHERE Param_key='@{variables('vFeedId')}' AND Project_Name='MarTech' AND Job_Name='MarTech_HistoryEgress' AND Process_Name='BatchDecryptUtil' AND Environment='@{pipeline().parameters.pEnvironment}'",
                            "type": "Expression"
                        },
                        "queryTimeout": "02:00:00",
                        "partitionOption": "None"
                    },
                    "dataset": {
                        "referenceName": "azsyndna_ds",
                        "type": "DatasetReference",
                        "parameters": {
                            "pSynTable": "N",
                            "pSynSchema": "N"
                        }
                    }
                }
            },
            {
                "name": "SetXMLFileName",
                "description": "Set configuration XML filename to a variable.",
                "type": "SetVariable",
                "dependsOn": [
                    {
                        "activity": "Get XML FileName",
                        "dependencyConditions": [
                            "Succeeded"
                        ]
                    }
                ],
                "userProperties": [],
                "typeProperties": {
                    "variableName": "vXmlFileName",
                    "value": {
                        "value": "@activity('Get XML FileName').output.firstrow.filename",
                        "type": "Expression"
                    }
                }
            },
            {
                "name": "Iterate Wave2 Assets",
                "description": "Iterate through Assets in the given feed",
                "type": "ForEach",
                "dependsOn": [
                    {
                        "activity": "SetXMLFileName",
                        "dependencyConditions": [
                            "Succeeded"
                        ]
                    },
                    {
                        "activity": "Get PSA Table Name",
                        "dependencyConditions": [
                            "Succeeded"
                        ]
                    },
                    {
                        "activity": "Get Data Feed ID",
                        "dependencyConditions": [
                            "Succeeded"
                        ]
                    },
                    {
                        "activity": "InitRunLogStatus",
                        "dependencyConditions": [
                            "Succeeded"
                        ]
                    },
                    {
                        "activity": "InitProceedIndicator",
                        "dependencyConditions": [
                            "Succeeded"
                        ]
                    },
                    {
                        "activity": "SetPSAHopperPath",
                        "dependencyConditions": [
                            "Succeeded"
                        ]
                    },
                    {
                        "activity": "SetCollectionContainer",
                        "dependencyConditions": [
                            "Succeeded"
                        ]
                    },
                    {
                        "activity": "SetPSAHopperContainer",
                        "dependencyConditions": [
                            "Succeeded"
                        ]
                    },
                    {
                        "activity": "Update Feed Status Started",
                        "dependencyConditions": [
                            "Succeeded"
                        ]
                    }
                ],
                "userProperties": [],
                "typeProperties": {
                    "items": {
                        "value": "@if(equals(int(pipeline().parameters.pWave),2),json(pipeline().parameters.pAssetList),json(string('[]')))",
                        "type": "Expression"
                    },
                    "isSequential": true,
                    "activities": [
                        {
                            "name": "Check Not To Proceed",
                            "description": "Check if it is good to process current asset based on previous asset process Status",
                            "type": "IfCondition",
                            "dependsOn": [],
                            "userProperties": [],
                            "typeProperties": {
                                "expression": {
                                    "value": "@equals(variables('vProceedInd'), 'NO')",
                                    "type": "Expression"
                                },
                                "ifFalseActivities": [
                                    {
                                        "name": "ExecuteProcessAssetPSA",
                                        "description": "Process Asset against the given feed in PSA layer to Egress out to Collection",
                                        "type": "ExecutePipeline",
                                        "dependsOn": [
                                            {
                                                "activity": "UpdateAssetName",
                                                "dependencyConditions": [
                                                    "Succeeded"
                                                ]
                                            }
                                        ],
                                        "userProperties": [],
                                        "typeProperties": {
                                            "pipeline": {
                                                "referenceName": "MT_ProcessAssetPSA",
                                                "type": "PipelineReference"
                                            },
                                            "waitOnCompletion": true,
                                            "parameters": {
                                                "pFeedID": {
                                                    "value": "@variables('vFeedId')",
                                                    "type": "Expression"
                                                },
                                                "pAssetID": {
                                                    "value": "@item().AssetID",
                                                    "type": "Expression"
                                                },
                                                "pAssetName": {
                                                    "value": "@variables('vAssetName')",
                                                    "type": "Expression"
                                                },
                                                "pPSASchema": {
                                                    "value": "psa",
                                                    "type": "Expression"
                                                },
                                                "pTargetTable": {
                                                    "value": "@activity('Get PSA Table Name').output.firstRow.PSATargetTable",
                                                    "type": "Expression"
                                                },
                                                "pPSAHopperContainer": {
                                                    "value": "@variables('vPSAHopperContainer')",
                                                    "type": "Expression"
                                                },
                                                "pPSAHopperPath": {
                                                    "value": "@variables('vPSAHopperPath')",
                                                    "type": "Expression"
                                                },
                                                "pCollectionContainer": {
                                                    "value": "@variables('vCollectionContainer')",
                                                    "type": "Expression"
                                                },
                                                "pCollectionPath": {
                                                    "value": "@pipeline().parameters.pCollectionPath",
                                                    "type": "Expression"
                                                },
                                                "pIngestionDB": {
                                                    "value": "dbo",
                                                    "type": "Expression"
                                                },
                                                "pCurationUser": {
                                                    "value": "CurationUser",
                                                    "type": "Expression"
                                                },
                                                "pRunLogID": {
                                                    "value": "@activity('Generate ETL RunLogId').output.firstRow.ETLRunLogID",
                                                    "type": "Expression"
                                                },
                                                "pXmlFileName": {
                                                    "value": "@variables('vXmlFileName')",
                                                    "type": "Expression"
                                                },
                                                "pSourceSAEndpoint": {
                                                    "value": "@pipeline().parameters.pSourceSAEndpoint",
                                                    "type": "Expression"
                                                },
                                                "pTargetSAEndpoint": {
                                                    "value": "@pipeline().parameters.pTargetSAEndpoint",
                                                    "type": "Expression"
                                                },
                                                "pEnvironment": {
                                                    "value": "@pipeline().parameters.pEnvironment",
                                                    "type": "Expression"
                                                },
                                                "pDataFeedID": {
                                                    "value": "@activity('Get Data Feed ID').output.firstRow.DataFeedID",
                                                    "type": "Expression"
                                                },
                                                "pBatchParams": {
                                                    "value": "@pipeline().parameters.pBatchParams",
                                                    "type": "Expression"
                                                }
                                            }
                                        }
                                    },
                                    {
                                        "name": "SetProceedIndicator",
                                        "description": "Set Proceed Indicator to decide whether to proceed with next asset",
                                        "type": "SetVariable",
                                        "dependsOn": [
                                            {
                                                "activity": "ExecuteProcessAssetPSA",
                                                "dependencyConditions": [
                                                    "Failed"
                                                ]
                                            }
                                        ],
                                        "userProperties": [],
                                        "typeProperties": {
                                            "variableName": "vProceedInd",
                                            "value": "NO"
                                        }
                                    },
                                    {
                                        "name": "SetRunLogStatus",
                                        "description": "Set Runlog Status to indicate that atleast one asset is succeeded and it is not a total error(can be partial error) anymore",
                                        "type": "SetVariable",
                                        "dependsOn": [
                                            {
                                                "activity": "ExecuteProcessAssetPSA",
                                                "dependencyConditions": [
                                                    "Succeeded"
                                                ]
                                            }
                                        ],
                                        "userProperties": [],
                                        "typeProperties": {
                                            "variableName": "vRunLogStatus",
                                            "value": "25004"
                                        }
                                    },
                                    {
                                        "name": "Remove_Asset_At_PSAHopper",
                                        "type": "Delete",
                                        "dependsOn": [
                                            {
                                                "activity": "ExecuteProcessAssetPSA",
                                                "dependencyConditions": [
                                                    "Completed"
                                                ]
                                            }
                                        ],
                                        "policy": {
                                            "timeout": "7.00:00:00",
                                            "retry": 0,
                                            "retryIntervalInSeconds": 30,
                                            "secureOutput": false,
                                            "secureInput": false
                                        },
                                        "userProperties": [],
                                        "typeProperties": {
                                            "dataset": {
                                                "referenceName": "az_csvfile_cleansed_adl_egress",
                                                "type": "DatasetReference",
                                                "parameters": {
                                                    "pContainer": {
                                                        "value": "@variables('vPSAHopperContainer')",
                                                        "type": "Expression"
                                                    },
                                                    "pFilePath": {
                                                        "value": "@variables('vPSAHopperPath')",
                                                        "type": "Expression"
                                                    },
                                                    "pFileName": {
                                                        "value": "@variables('vAssetName')",
                                                        "type": "Expression"
                                                    },
                                                    "pSAEndpoint": {
                                                        "value": "@pipeline().parameters.pSourceSAEndpoint",
                                                        "type": "Expression"
                                                    }
                                                }
                                            },
                                            "enableLogging": false,
                                            "storeSettings": {
                                                "type": "AzureBlobFSReadSettings",
                                                "recursive": true,
                                                "enablePartitionDiscovery": false
                                            }
                                        }
                                    },
                                    {
                                        "name": "UpdateAssetName",
                                        "type": "SetVariable",
                                        "dependsOn": [
                                            {
                                                "activity": "Set AssetCreatedTimestamp",
                                                "dependencyConditions": [
                                                    "Succeeded"
                                                ]
                                            }
                                        ],
                                        "userProperties": [],
                                        "typeProperties": {
                                            "variableName": "vAssetName",
                                            "value": {
                                                "value": "@if(equals(activity('Get PSA Table Name').output.firstRow.PSATargetTable,'SAPCOE_SAPCRM_BUK_SAPCRM_Customer_Status_Change'),concat('GDH_SAPCRM_CUSTOMER_STATUS_CHANGE_00000',formatDateTime(variables('vAssetCreatedTimeStamp'),'_yyyMMdd_HHmmss'),'.csv'),\nif(equals(activity('Get PSA Table Name').output.firstRow.PSATargetTable,'SAPCOE_SAPCRM_BUK_SAPCRM_Advantage_Card_transactions'),concat('GDH_SAPCRM_POINT_TRANSACTION_00000',formatDateTime(variables('vAssetCreatedTimeStamp'),'_yyyMMdd_HHmmss'),'.csv'),\nif(equals(activity('Get PSA Table Name').output.firstRow.PSATargetTable,'SAPCOE_SAPCRM_BUK_SAPCRM_Advantage_Card_membership_points'),concat('GDH_SAPCRM_MEMBERSHIP_POINTS_00000',formatDateTime(variables('vAssetCreatedTimeStamp'),'_yyyMMdd_HHmmss'),'.csv'),\nif(equals(activity('Get PSA Table Name').output.firstRow.PSATargetTable,'SAPCOE_SAPCRM_BUK_SAPCRM_Advantage_Card_membership_activity'),concat('GDH_SAPCRM_MEMBER_ACTIVITY_00000',formatDateTime(variables('vAssetCreatedTimeStamp'),'_yyyMMdd_HHmmss'),'.csv'),\nif(equals(activity('Get PSA Table Name').output.firstRow.PSATargetTable,'SAPCOE_SAPCRM_BUK_SAPCRM_Advantage_Card_customer_child'),concat('GDH_SAPCRM_CUST_CHILD_00000',formatDateTime(variables('vAssetCreatedTimeStamp'),'_yyyMMdd_HHmmss'),'.csv'),\nif(equals(activity('Get PSA Table Name').output.firstRow.PSATargetTable,'SAPCOE_SAPCRM_BUK_SAPCRM_Advantage_Card_customer_clubs'),concat('GDH_SAPCRM_CUST_CLUBS_00000',formatDateTime(variables('vAssetCreatedTimeStamp'),'_yyyMMdd_HHmmss'),'.csv'),\nif(equals(activity('Get PSA Table Name').output.firstRow.PSATargetTable,'SAPCOE_SAPCRM_BUK_SAPCRM_Advantage_Card_customers'),concat('GDH_SAPCRM_CUST_INFO_00000',formatDateTime(variables('vAssetCreatedTimeStamp'),'_yyyMMdd_HHmmss'),'.csv'),\nif(equals(activity('Get PSA Table Name').output.firstRow.PSATargetTable,'BUKIT_ABACUS_BUK_SAPCRM_Advantage_Card_membership_card'),concat('GDH_SAPCRM_MEMBERSHIP_CARD_00000',formatDateTime(variables('vAssetCreatedTimeStamp'),'_yyyMMdd_HHmmss'),'.csv'),\nif(equals(activity('Get PSA Table Name').output.firstRow.PSATargetTable,'BUKIT_BTCSVOC_BUK_SVOC_Customer_data'),concat('GDH_SVOC_CUSTOMER_MST_00000',formatDateTime(variables('vAssetCreatedTimeStamp'),'_yyyMMdd_HHmmss'),'.csv'),\nif(equals(activity('Get PSA Table Name').output.firstRow.PSATargetTable,'BUKIT_BTCSVOC_BUK_SVOC_Customer_entity_link'),concat('GDH_SVOC_CUSTOMER_ENTITY_LNK_00000',formatDateTime(variables('vAssetCreatedTimeStamp'),'_yyyMMdd_HHmmss'),'.csv'),\nif(equals(activity('Get PSA Table Name').output.firstRow.PSATargetTable,'BUKIT_BTCSVOC_BUK_SVOC_Customer_address'),concat('GDH_SVOC_CUSTOMER_ADDRESS_00000',formatDateTime(variables('vAssetCreatedTimeStamp'),'_yyyMMdd_HHmmss'),'.csv'),\nif(equals(activity('Get PSA Table Name').output.firstRow.PSATargetTable,'BUKIT_BTCSVOC_BUK_SVOC_Customer_phone'),concat('GDH_SVOC_CUSTOMER_PHONE_00000',formatDateTime(variables('vAssetCreatedTimeStamp'),'_yyyMMdd_HHmmss'),'.csv'),\nif(equals(activity('Get PSA Table Name').output.firstRow.PSATargetTable,'BUKIT_BTCSVOC_BUK_SVOC_Customer_email'),concat('GDH_SVOC_CUSTOMER_EMAIL_00000',formatDateTime(variables('vAssetCreatedTimeStamp'),'_yyyMMdd_HHmmss'),'.csv'),\nif(equals(activity('Get PSA Table Name').output.firstRow.PSATargetTable,'BUKIT_BTCSVOC_BUK_SVOC_Customer_social_media'),concat('GDH_SVOC_CUSTOMER_SOCIAL_MEDIA_00000',formatDateTime(variables('vAssetCreatedTimeStamp'),'_yyyMMdd_HHmmss'),'.csv'),\nif(equals(activity('Get PSA Table Name').output.firstRow.PSATargetTable,'BUKIT_BTCSVOC_BUK_SVOC_Customer_identifier'),concat('GDH_SVOC_CUSTOMER_IDENTIFIER_00000',formatDateTime(variables('vAssetCreatedTimeStamp'),'_yyyMMdd_HHmmss'),'.csv'),\nif(equals(activity('Get PSA Table Name').output.firstRow.PSATargetTable,'BUKIT_BTCSVOC_BUK_SVOC_Customer_consent'),concat('GDH_SVOC_CUSTOMER_CONSENT_00000',formatDateTime(variables('vAssetCreatedTimeStamp'),'_yyyMMdd_HHmmss'),'.csv'),\nconcat('GDH_SVOC_CUSTOMER_ENTITY_LNK_CONSENT_00000',formatDateTime(variables('vAssetCreatedTimeStamp'),'_yyyMMdd_HHmmss'),'.csv')))))))))))))))))",
                                                "type": "Expression"
                                            }
                                        }
                                    },
                                    {
                                        "name": "Set AssetCreatedTimestamp",
                                        "type": "SetVariable",
                                        "dependsOn": [
                                            {
                                                "activity": "Get created timestamp of Asset",
                                                "dependencyConditions": [
                                                    "Succeeded"
                                                ]
                                            }
                                        ],
                                        "userProperties": [],
                                        "typeProperties": {
                                            "variableName": "vAssetCreatedTimeStamp",
                                            "value": {
                                                "value": "@activity('Get created timestamp of Asset').output.firstRow.created_timestamp",
                                                "type": "Expression"
                                            }
                                        }
                                    },
                                    {
                                        "name": "Get created timestamp of Asset",
                                        "type": "Lookup",
                                        "dependsOn": [],
                                        "policy": {
                                            "timeout": "7.00:00:00",
                                            "retry": 0,
                                            "retryIntervalInSeconds": 30,
                                            "secureOutput": false,
                                            "secureInput": false
                                        },
                                        "userProperties": [],
                                        "typeProperties": {
                                            "source": {
                                                "type": "SqlDWSource",
                                                "sqlReaderQuery": {
                                                    "value": "SELECT top 1 created_timestamp FROM psa.@{activity('Get PSA Table Name').output.firstRow.PSATargetTable} WHERE asset_id=@{item().AssetID}",
                                                    "type": "Expression"
                                                },
                                                "queryTimeout": "02:00:00",
                                                "partitionOption": "None"
                                            },
                                            "dataset": {
                                                "referenceName": "azsyndna_ds",
                                                "type": "DatasetReference",
                                                "parameters": {
                                                    "pSynTable": "N",
                                                    "pSynSchema": "N"
                                                }
                                            }
                                        }
                                    }
                                ]
                            }
                        }
                    ]
                }
            },
            {
                "name": "Get PSA Table Name",
                "description": "Returns the PSA table name for corresponding Feed ID",
                "type": "Lookup",
                "dependsOn": [
                    {
                        "activity": "Set Feed ID",
                        "dependencyConditions": [
                            "Succeeded"
                        ]
                    }
                ],
                "policy": {
                    "timeout": "7.00:00:00",
                    "retry": 0,
                    "retryIntervalInSeconds": 30,
                    "secureOutput": false,
                    "secureInput": false
                },
                "userProperties": [],
                "typeProperties": {
                    "source": {
                        "type": "AzureSqlSource",
                        "sqlReaderQuery": {
                            "value": "DECLARE @RC int\nDECLARE @pAssetID nvarchar(20) = ''\nDECLARE @pFeedID nvarchar(20) = '@{variables('vFeedId')}'\nDECLARE @pAssetStatusID nvarchar(20) = ''\nDECLARE @pProjectID nvarchar(20) = ''\nDECLARE @pSourceRangeID nvarchar(20) = ''\nDECLARE @pTargetLayer nvarchar(128) = ''\nDECLARE @pLatestAssetFlag nchar(1) = '0'\nDECLARE @JSONList nvarchar(max)\n\nDECLARE @AssetListJSON table(AssetListJSON nvarchar(max), ProcedureStatus int, ProcedureMessage nvarchar(max))\n \ninsert into @AssetListJSON(AssetListJSON, ProcedureStatus, ProcedureMessage)\nEXECUTE @RC = [dbo].[AssetToProcessGet]\n   @pAssetID\n  ,@pFeedID\n  ,@pAssetStatusID\n  ,@pProjectID\n  ,@pSourceRangeID\n  ,@pTargetLayer\n  ,@pLatestAssetFlag;\n\nSET @JSONList =(select JSON_QUERY(AssetListJSON, '$.AssetList') AssetList from @AssetListJSON);\n\nSELECT PSATargetTable from OPENJSON(@JSONList)\nWITH (\n PSATargetTable          nvarchar(100)    '$.PSATargetTable'\n )\nGROUP BY PSATargetTable",
                            "type": "Expression"
                        },
                        "queryTimeout": "02:00:00",
                        "partitionOption": "None"
                    },
                    "dataset": {
                        "referenceName": "azdbdna_ds_metadata",
                        "type": "DatasetReference"
                    }
                }
            },
            {
                "name": "CheckAssetStatus",
                "description": "Check Asset Status Indicator to set feed status",
                "type": "IfCondition",
                "dependsOn": [
                    {
                        "activity": "Iterate Wave2 Assets",
                        "dependencyConditions": [
                            "Succeeded"
                        ]
                    },
                    {
                        "activity": "Iterate Wave 3 Assets",
                        "dependencyConditions": [
                            "Succeeded"
                        ]
                    }
                ],
                "userProperties": [],
                "typeProperties": {
                    "expression": {
                        "value": "@equals(variables('vProceedInd'), 'NO')",
                        "type": "Expression"
                    },
                    "ifFalseActivities": [
                        {
                            "name": "Update ETLRunLog",
                            "description": "Update ETLRunLog Status to Finished",
                            "type": "Lookup",
                            "dependsOn": [],
                            "policy": {
                                "timeout": "7.00:00:00",
                                "retry": 0,
                                "retryIntervalInSeconds": 30,
                                "secureOutput": false,
                                "secureInput": false
                            },
                            "userProperties": [],
                            "typeProperties": {
                                "source": {
                                    "type": "AzureSqlSource",
                                    "sqlReaderStoredProcedureName": {
                                        "value": "dbo.ETLRunLogAddOrUpdate",
                                        "type": "Expression"
                                    },
                                    "storedProcedureParameters": {
                                        "pDTCreated": {
                                            "type": "Datetime",
                                            "value": {
                                                "value": "@variables('vRunLogStartDate')",
                                                "type": "Expression"
                                            }
                                        },
                                        "pDTEnd": {
                                            "type": "Datetime",
                                            "value": {
                                                "value": "@utcnow()",
                                                "type": "Expression"
                                            }
                                        },
                                        "pDTStart": {
                                            "type": "Datetime",
                                            "value": {
                                                "value": "@variables('vRunLogStartDate')",
                                                "type": "Expression"
                                            }
                                        },
                                        "pETLProcessName": {
                                            "type": "String",
                                            "value": {
                                                "value": "@pipeline().Pipeline",
                                                "type": "Expression"
                                            }
                                        },
                                        "pETLProcessRunID": {
                                            "type": "String",
                                            "value": {
                                                "value": "@pipeline().RunId",
                                                "type": "Expression"
                                            }
                                        },
                                        "pETLRunLogID": {
                                            "type": "String",
                                            "value": {
                                                "value": "@activity('Generate ETL RunLogId').output.firstRow.ETLRunLogID",
                                                "type": "Expression"
                                            }
                                        },
                                        "pETLRunLogStatusID": {
                                            "type": "String",
                                            "value": {
                                                "value": "25002",
                                                "type": "Expression"
                                            }
                                        },
                                        "pKeepValueFlag": {
                                            "type": "String",
                                            "value": "0"
                                        },
                                        "pUserCreated": {
                                            "type": "String",
                                            "value": {
                                                "value": "CurationUser",
                                                "type": "Expression"
                                            }
                                        }
                                    },
                                    "queryTimeout": "02:00:00",
                                    "partitionOption": "None"
                                },
                                "dataset": {
                                    "referenceName": "azdbdna_ds_metadata",
                                    "type": "DatasetReference"
                                },
                                "firstRowOnly": true
                            }
                        },
                        {
                            "name": "Update Feed Status Completed",
                            "description": "Update feed status as completed in table psa.ef_etl_audit ",
                            "type": "SqlServerStoredProcedure",
                            "dependsOn": [
                                {
                                    "activity": "Update ETLRunLog",
                                    "dependencyConditions": [
                                        "Completed"
                                    ]
                                }
                            ],
                            "policy": {
                                "timeout": "7.00:00:00",
                                "retry": 0,
                                "retryIntervalInSeconds": 30,
                                "secureOutput": false,
                                "secureInput": false
                            },
                            "userProperties": [],
                            "typeProperties": {
                                "storedProcedureName": "[psa].[sp_ef_etl_audit]",
                                "storedProcedureParameters": {
                                    "feed_id": {
                                        "value": {
                                            "value": "@variables('vFeedId')",
                                            "type": "Expression"
                                        },
                                        "type": "Int32"
                                    },
                                    "etl_runlog_id": {
                                        "value": {
                                            "value": "@activity('Generate ETL RunLogId').output.firstRow.ETLRunLogID",
                                            "type": "Expression"
                                        },
                                        "type": "Int32"
                                    },
                                    "feed_status": {
                                        "value": {
                                            "value": "COMPLETED",
                                            "type": "Expression"
                                        },
                                        "type": "String"
                                    }
                                }
                            },
                            "linkedServiceName": {
                                "referenceName": "azsyndna_curated_dw",
                                "type": "LinkedServiceReference"
                            }
                        }
                    ],
                    "ifTrueActivities": [
                        {
                            "name": "ExecureFeedFailureEgress",
                            "type": "ExecutePipeline",
                            "dependsOn": [],
                            "userProperties": [],
                            "typeProperties": {
                                "pipeline": {
                                    "referenceName": "MT_FeedProcessFailure",
                                    "type": "PipelineReference"
                                },
                                "waitOnCompletion": true,
                                "parameters": {
                                    "pIngestionDB": {
                                        "value": "dbo",
                                        "type": "Expression"
                                    },
                                    "pUser": {
                                        "value": "CurationUser",
                                        "type": "Expression"
                                    },
                                    "pRunLogID": {
                                        "value": "@activity('Generate ETL RunLogId').output.firstRow.ETLRunLogID",
                                        "type": "Expression"
                                    },
                                    "pRunLogstartDate": {
                                        "value": "@variables('vRunLogStartDate')",
                                        "type": "Expression"
                                    },
                                    "pFeedID": {
                                        "value": "@variables('vFeedId')",
                                        "type": "Expression"
                                    },
                                    "pPipelineId": {
                                        "value": "@pipeline().Pipeline",
                                        "type": "Expression"
                                    },
                                    "pRunId": {
                                        "value": "@pipeline().RunId",
                                        "type": "Expression"
                                    },
                                    "pRunLogStatus": {
                                        "value": "@variables('vRunLogStatus')",
                                        "type": "Expression"
                                    }
                                }
                            }
                        }
                    ]
                }
            },
            {
                "name": "Get Data Feed ID",
                "description": "Get Data Feed ID provided by PzDB to append to file name.",
                "type": "Lookup",
                "dependsOn": [
                    {
                        "activity": "Set Feed ID",
                        "dependencyConditions": [
                            "Succeeded"
                        ]
                    }
                ],
                "policy": {
                    "timeout": "7.00:00:00",
                    "retry": 0,
                    "retryIntervalInSeconds": 30,
                    "secureOutput": false,
                    "secureInput": false
                },
                "userProperties": [],
                "typeProperties": {
                    "source": {
                        "type": "SqlDWSource",
                        "sqlReaderQuery": {
                            "value": "SELECT Param_value AS DataFeedID FROM dc_metadata.GDHDynamicADFParams WHERE Param_key='@{variables('vFeedId')}' AND Project_Name='MarTech' AND Job_Name='MarTech_HistoryEgress' AND Process_Name='DataFeedLookup' AND Environment='@{pipeline().parameters.pEnvironment}'",
                            "type": "Expression"
                        },
                        "queryTimeout": "02:00:00",
                        "partitionOption": "None"
                    },
                    "dataset": {
                        "referenceName": "azsyndna_ds",
                        "type": "DatasetReference",
                        "parameters": {
                            "pSynTable": "N",
                            "pSynSchema": "N"
                        }
                    },
                    "firstRowOnly": true
                }
            },
            {
                "name": "Iterate Wave 3 Assets",
                "type": "ForEach",
                "dependsOn": [
                    {
                        "activity": "SetXMLFileName",
                        "dependencyConditions": [
                            "Succeeded"
                        ]
                    },
                    {
                        "activity": "Get PSA Table Name",
                        "dependencyConditions": [
                            "Succeeded"
                        ]
                    },
                    {
                        "activity": "Get Data Feed ID",
                        "dependencyConditions": [
                            "Succeeded"
                        ]
                    },
                    {
                        "activity": "InitRunLogStatus",
                        "dependencyConditions": [
                            "Succeeded"
                        ]
                    },
                    {
                        "activity": "SetPSAHopperContainer",
                        "dependencyConditions": [
                            "Succeeded"
                        ]
                    },
                    {
                        "activity": "SetPSAHopperPath",
                        "dependencyConditions": [
                            "Succeeded"
                        ]
                    },
                    {
                        "activity": "SetCollectionContainer",
                        "dependencyConditions": [
                            "Succeeded"
                        ]
                    },
                    {
                        "activity": "Get Execute Statement",
                        "dependencyConditions": [
                            "Succeeded"
                        ]
                    },
                    {
                        "activity": "Update Feed Status Started",
                        "dependencyConditions": [
                            "Succeeded"
                        ]
                    }
                ],
                "userProperties": [],
                "typeProperties": {
                    "items": {
                        "value": "@if(equals(int(pipeline().parameters.pWave),3),json(pipeline().parameters.pAssetList),json(string('[]')))",
                        "type": "Expression"
                    },
                    "isSequential": true,
                    "activities": [
                        {
                            "name": "Check Not To Proceed-Wave3",
                            "description": "Check if it is good to process current asset based on previous asset process Status",
                            "type": "IfCondition",
                            "dependsOn": [],
                            "userProperties": [],
                            "typeProperties": {
                                "expression": {
                                    "value": "@equals(variables('vProceedInd'), 'NO')",
                                    "type": "Expression"
                                },
                                "ifFalseActivities": [
                                    {
                                        "name": "ExecuteProcessAssetPSA_W3",
                                        "description": "Process Asset against the given feed in PSA layer to Egress out to Collection",
                                        "type": "ExecutePipeline",
                                        "dependsOn": [
                                            {
                                                "activity": "UpdateAssetName-Wave3",
                                                "dependencyConditions": [
                                                    "Succeeded"
                                                ]
                                            }
                                        ],
                                        "userProperties": [],
                                        "typeProperties": {
                                            "pipeline": {
                                                "referenceName": "MT_ProcessAssetPSA_W3",
                                                "type": "PipelineReference"
                                            },
                                            "waitOnCompletion": true,
                                            "parameters": {
                                                "pFeedID": {
                                                    "value": "@variables('vFeedId')",
                                                    "type": "Expression"
                                                },
                                                "pAssetID": {
                                                    "value": "@item().AssetID",
                                                    "type": "Expression"
                                                },
                                                "pAssetName": {
                                                    "value": "@variables('vAssetName')",
                                                    "type": "Expression"
                                                },
                                                "pPSASchema": {
                                                    "value": "psa",
                                                    "type": "Expression"
                                                },
                                                "pTargetTable": {
                                                    "value": "@activity('Get PSA Table Name').output.firstRow.PSATargetTable",
                                                    "type": "Expression"
                                                },
                                                "pPSAHopperContainer": {
                                                    "value": "@variables('vPSAHopperContainer')",
                                                    "type": "Expression"
                                                },
                                                "pPSAHopperPath": {
                                                    "value": "@variables('vPSAHopperPath')",
                                                    "type": "Expression"
                                                },
                                                "pCollectionContainer": {
                                                    "value": "@variables('vCollectionContainer')",
                                                    "type": "Expression"
                                                },
                                                "pCollectionPath": {
                                                    "value": "@pipeline().parameters.pCollectionPath",
                                                    "type": "Expression"
                                                },
                                                "pIngestionDB": {
                                                    "value": "dbo",
                                                    "type": "Expression"
                                                },
                                                "pCurationUser": {
                                                    "value": "CurationUser",
                                                    "type": "Expression"
                                                },
                                                "pRunLogID": {
                                                    "value": "@activity('Generate ETL RunLogId').output.firstRow.ETLRunLogID",
                                                    "type": "Expression"
                                                },
                                                "pXmlFileName": {
                                                    "value": "@variables('vXmlFileName')",
                                                    "type": "Expression"
                                                },
                                                "pCreatedTimestamp": {
                                                    "value": "@activity('Get created timestamp of Asset-Wave3').output.firstRow.created_timestamp",
                                                    "type": "Expression"
                                                },
                                                "pEnvironment": {
                                                    "value": "@pipeline().parameters.pEnvironment",
                                                    "type": "Expression"
                                                },
                                                "pExecStmnt": {
                                                    "value": "@activity('Get Execute Statement').output.firstRow.exec_stmnt",
                                                    "type": "Expression"
                                                },
                                                "pSourceSAEndpoint": {
                                                    "value": "@pipeline().parameters.pSourceSAEndpoint",
                                                    "type": "Expression"
                                                },
                                                "pTargetSAEndpoint": {
                                                    "value": "@pipeline().parameters.pTargetSAEndpoint",
                                                    "type": "Expression"
                                                },
                                                "pDataFeedID": {
                                                    "value": "@activity('Get Data Feed ID').output.firstRow.DataFeedID",
                                                    "type": "Expression"
                                                },
                                                "pBatchParams": {
                                                    "value": "@pipeline().parameters.pBatchParams",
                                                    "type": "Expression"
                                                }
                                            }
                                        }
                                    },
                                    {
                                        "name": "SetProceedIndicator-Wave3",
                                        "description": "Set Proceed Indicator to decide whether to proceed with next asset",
                                        "type": "SetVariable",
                                        "dependsOn": [
                                            {
                                                "activity": "ExecuteProcessAssetPSA_W3",
                                                "dependencyConditions": [
                                                    "Failed"
                                                ]
                                            }
                                        ],
                                        "userProperties": [],
                                        "typeProperties": {
                                            "variableName": "vProceedInd",
                                            "value": "NO"
                                        }
                                    },
                                    {
                                        "name": "SetRunLogStatus-Wave3",
                                        "description": "Set Runlog Status to indicate that atleast one asset is succeeded and it is not a total error(can be partial error) anymore",
                                        "type": "SetVariable",
                                        "dependsOn": [
                                            {
                                                "activity": "ExecuteProcessAssetPSA_W3",
                                                "dependencyConditions": [
                                                    "Succeeded"
                                                ]
                                            }
                                        ],
                                        "userProperties": [],
                                        "typeProperties": {
                                            "variableName": "vRunLogStatus",
                                            "value": "25004"
                                        }
                                    },
                                    {
                                        "name": "Remove_Asset_At_PSAHopper-Wave3",
                                        "type": "Delete",
                                        "dependsOn": [
                                            {
                                                "activity": "ExecuteProcessAssetPSA_W3",
                                                "dependencyConditions": [
                                                    "Completed"
                                                ]
                                            }
                                        ],
                                        "policy": {
                                            "timeout": "7.00:00:00",
                                            "retry": 0,
                                            "retryIntervalInSeconds": 30,
                                            "secureOutput": false,
                                            "secureInput": false
                                        },
                                        "userProperties": [],
                                        "typeProperties": {
                                            "dataset": {
                                                "referenceName": "az_csvfile_cleansed_adl_egress",
                                                "type": "DatasetReference",
                                                "parameters": {
                                                    "pContainer": {
                                                        "value": "@variables('vPSAHopperContainer')",
                                                        "type": "Expression"
                                                    },
                                                    "pFilePath": {
                                                        "value": "@variables('vPSAHopperPath')",
                                                        "type": "Expression"
                                                    },
                                                    "pFileName": {
                                                        "value": "@variables('vAssetName')",
                                                        "type": "Expression"
                                                    },
                                                    "pSAEndpoint": {
                                                        "value": "@pipeline().parameters.pSourceSAEndpoint",
                                                        "type": "Expression"
                                                    }
                                                }
                                            },
                                            "enableLogging": false,
                                            "storeSettings": {
                                                "type": "AzureBlobFSReadSettings",
                                                "recursive": true,
                                                "enablePartitionDiscovery": false
                                            }
                                        }
                                    },
                                    {
                                        "name": "UpdateAssetName-Wave3",
                                        "type": "SetVariable",
                                        "dependsOn": [
                                            {
                                                "activity": "Set AssetCreatedTimestamp-Wave3",
                                                "dependencyConditions": [
                                                    "Succeeded"
                                                ]
                                            }
                                        ],
                                        "userProperties": [],
                                        "typeProperties": {
                                            "variableName": "vAssetName",
                                            "value": {
                                                "value": "@if(contains(activity('Get PSA Table Name').output.firstRow.PSATargetTable,'uk_btc_promotion_deal'),concat('GDH_Promotion_Deal_SAPR3_00000',formatDateTime(variables('vAssetCreatedTimeStamp'),'_yyyMMdd_HHmmss'),'.csv'),\nif(contains(activity('Get PSA Table Name').output.firstRow.PSATargetTable,'rawuk_btc_deal_qualified_card'),concat('GDH_Card_Transaction_Promotion_SAPBW_00000',formatDateTime(variables('vAssetCreatedTimeStamp'),'_yyyMMdd_HHmmss'),'.csv'),\nif(contains(activity('Get PSA Table Name').output.firstRow.PSATargetTable,'uk_abacus_promotions'),concat('GDH_Card_Transaction_Promotion_SAPBW_00000',formatDateTime(variables('vAssetCreatedTimeStamp'),'_yyyMMdd_HHmmss'),'.csv'),\nif(contains(activity('Get PSA Table Name').output.firstRow.PSATargetTable,'uk_abacus_deals'),concat('GDH_Card_Transaction_Deal_SAPBW_00000',formatDateTime(variables('vAssetCreatedTimeStamp'),'_yyyMMdd_HHmmss'),'.csv'),\nif(contains(activity('Get PSA Table Name').output.firstRow.PSATargetTable,'uk_abacus_payment'),concat('GDH_Card_Transaction_Payment_SAPBW_00000',formatDateTime(variables('vAssetCreatedTimeStamp'),'_yyyMMdd_HHmmss'),'.csv'),\nif(contains(activity('Get PSA Table Name').output.firstRow.PSATargetTable,'uk_abacus_item'),concat('GDH_Card_Transaction_Item_SAPBW_00000',formatDateTime(variables('vAssetCreatedTimeStamp'),'_yyyMMdd_HHmmss'),'.csv'),\nif(contains(activity('Get PSA Table Name').output.firstRow.PSATargetTable,'uk_abacus_header'),concat('GDH_Card_Transaction_Header_SAPBW_00000',formatDateTime(variables('vAssetCreatedTimeStamp'),'_yyyMMdd_HHmmss'),'.csv'),\nif(contains(activity('Get PSA Table Name').output.firstRow.PSATargetTable,'rawuk_btc_transaction_card_p'),concat('GDH_Card_Transaction_Header_SAPBW_00000',formatDateTime(variables('vAssetCreatedTimeStamp'),'_yyyMMdd_HHmmss'),'.csv'),\nconcat('GDH_Card_Transaction_Item_SAPBW_00000',formatDateTime(variables('vAssetCreatedTimeStamp'),'_yyyMMdd_HHmmss'),'.csv')))))))))",
                                                "type": "Expression"
                                            }
                                        }
                                    },
                                    {
                                        "name": "Set AssetCreatedTimestamp-Wave3",
                                        "type": "SetVariable",
                                        "dependsOn": [
                                            {
                                                "activity": "Get created timestamp of Asset-Wave3",
                                                "dependencyConditions": [
                                                    "Succeeded"
                                                ]
                                            }
                                        ],
                                        "userProperties": [],
                                        "typeProperties": {
                                            "variableName": "vAssetCreatedTimeStamp",
                                            "value": {
                                                "value": "@activity('Get created timestamp of Asset-Wave3').output.firstRow.created_timestamp",
                                                "type": "Expression"
                                            }
                                        }
                                    },
                                    {
                                        "name": "Get created timestamp of Asset-Wave3",
                                        "type": "Lookup",
                                        "dependsOn": [],
                                        "policy": {
                                            "timeout": "7.00:00:00",
                                            "retry": 0,
                                            "retryIntervalInSeconds": 30,
                                            "secureOutput": false,
                                            "secureInput": false
                                        },
                                        "userProperties": [],
                                        "typeProperties": {
                                            "source": {
                                                "type": "SqlDWSource",
                                                "sqlReaderQuery": {
                                                    "value": "SELECT top 1 created_timestamp FROM psa.@{activity('Get PSA Table Name').output.firstRow.PSATargetTable} WHERE asset_id=@{item().AssetID}",
                                                    "type": "Expression"
                                                },
                                                "queryTimeout": "02:00:00",
                                                "partitionOption": "None"
                                            },
                                            "dataset": {
                                                "referenceName": "azsyndna_ds",
                                                "type": "DatasetReference",
                                                "parameters": {
                                                    "pSynTable": "N",
                                                    "pSynSchema": "N"
                                                }
                                            }
                                        }
                                    }
                                ]
                            }
                        }
                    ]
                }
            },
            {
                "name": "Get Execute Statement",
                "description": "Returns stored procedure name to be used to extract egress data from PSA. Only for Wave 3",
                "type": "Lookup",
                "dependsOn": [
                    {
                        "activity": "Set Feed ID",
                        "dependencyConditions": [
                            "Succeeded"
                        ]
                    }
                ],
                "policy": {
                    "timeout": "7.00:00:00",
                    "retry": 0,
                    "retryIntervalInSeconds": 30,
                    "secureOutput": false,
                    "secureInput": false
                },
                "userProperties": [],
                "typeProperties": {
                    "source": {
                        "type": "SqlDWSource",
                        "sqlReaderQuery": {
                            "value": "SELECT Param_value AS exec_stmnt FROM dc_metadata.GDHDynamicADFParams WHERE Param_key='@{variables('vFeedId')}' AND Project_Name='MarTech' AND Job_Name='MarTech_HistoryEgress' AND Process_Name='PSAToPSAHopperCopy' AND Environment='@{pipeline().parameters.pEnvironment}'",
                            "type": "Expression"
                        },
                        "queryTimeout": "02:00:00",
                        "partitionOption": "None"
                    },
                    "dataset": {
                        "referenceName": "azsyndna_ds",
                        "type": "DatasetReference",
                        "parameters": {
                            "pSynTable": "N",
                            "pSynSchema": "N"
                        }
                    }
                }
            },
            {
                "name": "If Asset Failure",
                "type": "IfCondition",
                "dependsOn": [
                    {
                        "activity": "Iterate Wave2 Assets",
                        "dependencyConditions": [
                            "Completed"
                        ]
                    },
                    {
                        "activity": "Iterate Wave 3 Assets",
                        "dependencyConditions": [
                            "Completed"
                        ]
                    }
                ],
                "userProperties": [],
                "typeProperties": {
                    "expression": {
                        "value": "@not(and(equals(coalesce(activity('Iterate Wave 3 Assets').error?.message,'No error'),'No error'),equals(coalesce(activity('Iterate Wave2 Assets').error?.message,'No error'),'No error')))",
                        "type": "Expression"
                    },
                    "ifTrueActivities": [
                        {
                            "name": "ExecureFeedFailureEgressLoad",
                            "type": "ExecutePipeline",
                            "dependsOn": [],
                            "userProperties": [],
                            "typeProperties": {
                                "pipeline": {
                                    "referenceName": "MT_FeedProcessFailure",
                                    "type": "PipelineReference"
                                },
                                "waitOnCompletion": true,
                                "parameters": {
                                    "pIngestionDB": {
                                        "value": "dbo",
                                        "type": "Expression"
                                    },
                                    "pUser": {
                                        "value": "CurationUser",
                                        "type": "Expression"
                                    },
                                    "pRunLogID": {
                                        "value": "@activity('Generate ETL RunLogId').output.firstRow.ETLRunLogID",
                                        "type": "Expression"
                                    },
                                    "pRunLogstartDate": {
                                        "value": "@variables('vRunLogStartDate')",
                                        "type": "Expression"
                                    },
                                    "pFeedID": {
                                        "value": "@variables('vFeedId')",
                                        "type": "Expression"
                                    },
                                    "pPipelineId": {
                                        "value": "@pipeline().Pipeline",
                                        "type": "Expression"
                                    },
                                    "pRunId": {
                                        "value": "@pipeline().RunId",
                                        "type": "Expression"
                                    },
                                    "pRunLogStatus": {
                                        "value": "@variables('vRunLogStatus')",
                                        "type": "Expression"
                                    }
                                }
                            }
                        }
                    ]
                }
            }
        ],
        "parameters": {
            "pAssetList": {
                "type": "string"
            },
            "pCollectionPath": {
                "type": "string"
            },
            "pEnvironment": {
                "type": "string"
            },
            "pSourceSAEndpoint": {
                "type": "string"
            },
            "pTargetSAEndpoint": {
                "type": "string"
            },
            "pBatchParams": {
                "type": "string"
            },
            "pWave": {
                "type": "string"
            }
        },
        "variables": {
            "vRunLogStartDate": {
                "type": "String"
            },
            "vFeedId": {
                "type": "String"
            },
            "vProceedInd": {
                "type": "String"
            },
            "vRunLogStatus": {
                "type": "String"
            },
            "vPSAHopperContainer": {
                "type": "String"
            },
            "vPSAHopperPath": {
                "type": "String"
            },
            "vCollectionContainer": {
                "type": "String"
            },
            "vXmlFileName": {
                "type": "String"
            },
            "vAssetName": {
                "type": "String"
            },
            "vAssetCreatedTimeStamp": {
                "type": "String"
            },
            "vGetAssetQry": {
                "type": "String"
            },
            "vPSATableName": {
                "type": "String"
            },
            "vWave2Array": {
                "type": "String"
            },
            "vWave3Array": {
                "type": "String"
            }
        },
        "folder": {
            "name": "MarTech/Egress/History"
        },
        "annotations": []
    }
}