{
    "name": "MT_ProcessFeed_W3",
    "properties": {
        "activities": [
            {
                "name": "InitRunLogStatus",
                "description": "Initialize RunLog Failure Status(Total Failure)",
                "type": "SetVariable",
                "dependsOn": [],
                "userProperties": [],
                "typeProperties": {
                    "variableName": "vRunLogStatus",
                    "value": {
                        "value": "25003",
                        "type": "Expression"
                    }
                }
            },
            {
                "name": "InitProceedIndicator",
                "description": "Initialize Proceed Indicator",
                "type": "SetVariable",
                "dependsOn": [],
                "userProperties": [],
                "typeProperties": {
                    "variableName": "vProceedInd",
                    "value": {
                        "value": "YES",
                        "type": "Expression"
                    }
                }
            },
            {
                "name": "IterateAssets",
                "description": "Iterate through Assets in the given feed",
                "type": "ForEach",
                "dependsOn": [
                    {
                        "activity": "InitRunLogStatus",
                        "dependencyConditions": [
                            "Succeeded"
                        ]
                    },
                    {
                        "activity": "InitProceedIndicator",
                        "dependencyConditions": [
                            "Succeeded"
                        ]
                    },
                    {
                        "activity": "SetPSAHopperContainer",
                        "dependencyConditions": [
                            "Succeeded"
                        ]
                    },
                    {
                        "activity": "SetPSAHopperPath",
                        "dependencyConditions": [
                            "Succeeded"
                        ]
                    },
                    {
                        "activity": "SetCollectionContainer",
                        "dependencyConditions": [
                            "Succeeded"
                        ]
                    },
                    {
                        "activity": "SetXMLFileName",
                        "dependencyConditions": [
                            "Succeeded"
                        ]
                    },
                    {
                        "activity": "Get Execute Statement",
                        "dependencyConditions": [
                            "Succeeded"
                        ]
                    },
                    {
                        "activity": "Get Data Feed ID",
                        "dependencyConditions": [
                            "Succeeded"
                        ]
                    }
                ],
                "userProperties": [],
                "typeProperties": {
                    "items": {
                        "value": "@array(pipeline().parameters.pAssetList)",
                        "type": "Expression"
                    },
                    "isSequential": true,
                    "activities": [
                        {
                            "name": "CheckToProceed",
                            "description": "Check if it is good to process current asset based on previous asset process Status",
                            "type": "IfCondition",
                            "dependsOn": [],
                            "userProperties": [],
                            "typeProperties": {
                                "expression": {
                                    "value": "@equals(variables('vProceedInd'), 'NO')",
                                    "type": "Expression"
                                },
                                "ifFalseActivities": [
                                    {
                                        "name": "ExecuteProcessAssetPSA",
                                        "description": "Process Asset against the given feed in PSA layer to Egress out to Collection",
                                        "type": "ExecutePipeline",
                                        "dependsOn": [
                                            {
                                                "activity": "UpdateAssetName",
                                                "dependencyConditions": [
                                                    "Succeeded"
                                                ]
                                            }
                                        ],
                                        "userProperties": [],
                                        "typeProperties": {
                                            "pipeline": {
                                                "referenceName": "MT_ProcessAssetPSA_W3",
                                                "type": "PipelineReference"
                                            },
                                            "waitOnCompletion": true,
                                            "parameters": {
                                                "pFeedID": {
                                                    "value": "@pipeline().parameters.pFeedID",
                                                    "type": "Expression"
                                                },
                                                "pAssetID": {
                                                    "value": "@item().AssetID",
                                                    "type": "Expression"
                                                },
                                                "pAssetName": {
                                                    "value": "@variables('vAssetName')",
                                                    "type": "Expression"
                                                },
                                                "pPSASchema": {
                                                    "value": "@pipeline().parameters.pPSASchema",
                                                    "type": "Expression"
                                                },
                                                "pTargetTable": {
                                                    "value": "@pipeline().parameters.pPSATable",
                                                    "type": "Expression"
                                                },
                                                "pPSAHopperContainer": {
                                                    "value": "@variables('vPSAHopperContainer')",
                                                    "type": "Expression"
                                                },
                                                "pPSAHopperPath": {
                                                    "value": "@variables('vPSAHopperPath')",
                                                    "type": "Expression"
                                                },
                                                "pCollectionContainer": {
                                                    "value": "@variables('vCollectionContainer')",
                                                    "type": "Expression"
                                                },
                                                "pCollectionPath": {
                                                    "value": "@pipeline().parameters.pCollectionPath",
                                                    "type": "Expression"
                                                },
                                                "pIngestionDB": {
                                                    "value": "@pipeline().parameters.pIngestionDB",
                                                    "type": "Expression"
                                                },
                                                "pCurationUser": {
                                                    "value": "@pipeline().parameters.pUser",
                                                    "type": "Expression"
                                                },
                                                "pRunLogID": {
                                                    "value": "@pipeline().parameters.pRunLogID",
                                                    "type": "Expression"
                                                },
                                                "pXmlFileName": {
                                                    "value": "@variables('vXmlFileName')",
                                                    "type": "Expression"
                                                },
                                                "pCreatedTimestamp": {
                                                    "value": "@item().created_timestamp",
                                                    "type": "Expression"
                                                },
                                                "pEnvironment": {
                                                    "value": "@pipeline().parameters.pEnvironment",
                                                    "type": "Expression"
                                                },
                                                "pExecStmnt": {
                                                    "value": "@activity('Get Execute Statement').output.firstRow.exec_stmnt",
                                                    "type": "Expression"
                                                },
                                                "pSourceSAEndpoint": {
                                                    "value": "@pipeline().parameters.pSourceSAEndpoint",
                                                    "type": "Expression"
                                                },
                                                "pTargetSAEndpoint": {
                                                    "value": "@pipeline().parameters.pTargetSAEndpoint",
                                                    "type": "Expression"
                                                },
                                                "pDataFeedID": {
                                                    "value": "@activity('Get Data Feed ID').output.firstRow.DataFeedID",
                                                    "type": "Expression"
                                                },
                                                "pBatchParams": {
                                                    "value": "@pipeline().parameters.pBatchParams",
                                                    "type": "Expression"
                                                }
                                            }
                                        }
                                    },
                                    {
                                        "name": "SetProceedIndicator",
                                        "description": "Set Proceed Indicator to decide whether to proceed with next asset",
                                        "type": "SetVariable",
                                        "dependsOn": [
                                            {
                                                "activity": "ExecuteProcessAssetPSA",
                                                "dependencyConditions": [
                                                    "Failed"
                                                ]
                                            }
                                        ],
                                        "userProperties": [],
                                        "typeProperties": {
                                            "variableName": "vProceedInd",
                                            "value": "NO"
                                        }
                                    },
                                    {
                                        "name": "SetRunLogStatus",
                                        "description": "Set Runlog Status to indicate that atleast one asset is succeeded and it is not a total error(can be partial error) anymore",
                                        "type": "SetVariable",
                                        "dependsOn": [
                                            {
                                                "activity": "ExecuteProcessAssetPSA",
                                                "dependencyConditions": [
                                                    "Succeeded"
                                                ]
                                            }
                                        ],
                                        "userProperties": [],
                                        "typeProperties": {
                                            "variableName": "vRunLogStatus",
                                            "value": "25004"
                                        }
                                    },
                                    {
                                        "name": "UpdateAssetName",
                                        "type": "SetVariable",
                                        "dependsOn": [
                                            {
                                                "activity": "Set AssetCreatedTimestamp",
                                                "dependencyConditions": [
                                                    "Succeeded"
                                                ]
                                            },
                                            {
                                                "activity": "GetAssetName",
                                                "dependencyConditions": [
                                                    "Succeeded"
                                                ]
                                            }
                                        ],
                                        "userProperties": [],
                                        "typeProperties": {
                                            "variableName": "vAssetName",
                                            "value": {
                                                "value": "@if(contains(pipeline().parameters.pPSATable,'uk_btc_promotion_deal'),concat('GDH_Promotion_Deal_SAPR3_001',formatDateTime(variables('vAssetCreatedTimeStamp'),'_yyyMMdd_HHmmss'),'.csv'),\nif(contains(pipeline().parameters.pPSATable,'rawuk_btc_deal_qualified_card'),replace(replace(activity('GetAssetName').output.firstRow.AssetName,'BUKIT_SAPR3_rawuk_btc_deal_qualified_card','GDH_Card_Transaction_Promotion_SAPBW'),'.csv',concat(formatDateTime(variables('vAssetCreatedTimeStamp'),'_yyyMMdd_HHmmss'),'.csv')),\nif(contains(pipeline().parameters.pPSATable,'uk_abacus_promotions'),concat('GDH_Card_Transaction_Promotion_SAPBW_001',formatDateTime(variables('vAssetCreatedTimeStamp'),'_yyyMMdd_HHmmss'),'.csv'),\nif(contains(pipeline().parameters.pPSATable,'uk_abacus_deals'),concat('GDH_Card_Transaction_Deal_SAPBW_001',formatDateTime(variables('vAssetCreatedTimeStamp'),'_yyyMMdd_HHmmss'),'.csv'),\nif(contains(pipeline().parameters.pPSATable,'uk_abacus_payment'),concat('GDH_Card_Transaction_Payment_SAPBW_001',formatDateTime(variables('vAssetCreatedTimeStamp'),'_yyyMMdd_HHmmss'),'.csv'),\nif(contains(pipeline().parameters.pPSATable,'uk_abacus_item'),concat('GDH_Card_Transaction_Item_SAPBW_001',formatDateTime(variables('vAssetCreatedTimeStamp'),'_yyyMMdd_HHmmss'),'.csv'),\nif(contains(pipeline().parameters.pPSATable,'uk_abacus_header'),concat('GDH_Card_Transaction_Header_SAPBW_001',formatDateTime(variables('vAssetCreatedTimeStamp'),'_yyyMMdd_HHmmss'),'.csv'),\nif(contains(pipeline().parameters.pPSATable,'rawuk_btc_transaction_card_p'),replace(replace(activity('GetAssetName').output.firstRow.AssetName,'BUKIT_SAPBW_rawuk_btc_transaction_card_p','GDH_Card_Transaction_Header_SAPBW'),'.csv',concat(formatDateTime(variables('vAssetCreatedTimeStamp'),'_yyyMMdd_HHmmss'),'.csv')),\nreplace(replace(activity('GetAssetName').output.firstRow.AssetName,'BUKIT_SAPBW_rawuk_btc_transaction_line_card_p','GDH_Card_Transaction_Item_SAPBW'),'.csv',concat(formatDateTime(variables('vAssetCreatedTimeStamp'),'_yyyMMdd_HHmmss'),'.csv'))))))))))",
                                                "type": "Expression"
                                            }
                                        }
                                    },
                                    {
                                        "name": "Set AssetCreatedTimestamp",
                                        "type": "SetVariable",
                                        "dependsOn": [],
                                        "userProperties": [],
                                        "typeProperties": {
                                            "variableName": "vAssetCreatedTimeStamp",
                                            "value": {
                                                "value": "@item().created_timestamp",
                                                "type": "Expression"
                                            }
                                        }
                                    },
                                    {
                                        "name": "GetAssetName",
                                        "type": "Lookup",
                                        "dependsOn": [
                                            {
                                                "activity": "GetAssetNameQuery",
                                                "dependencyConditions": [
                                                    "Succeeded"
                                                ]
                                            }
                                        ],
                                        "policy": {
                                            "timeout": "7.00:00:00",
                                            "retry": 0,
                                            "retryIntervalInSeconds": 30,
                                            "secureOutput": false,
                                            "secureInput": false
                                        },
                                        "userProperties": [],
                                        "typeProperties": {
                                            "source": {
                                                "type": "AzureSqlSource",
                                                "sqlReaderQuery": {
                                                    "value": "@replace(replace(replace(replace(variables('vGetAssetQry'),'$schemaName',pipeline().parameters.pIngestionDB), '$pFeedID', pipeline().parameters.pFeedID),'$pProjectID',pipeline().parameters.pProjectID),'$pAssetID',string(item().AssetID))",
                                                    "type": "Expression"
                                                },
                                                "queryTimeout": "02:00:00",
                                                "partitionOption": "None"
                                            },
                                            "dataset": {
                                                "referenceName": "azdbdna_ds_metadata",
                                                "type": "DatasetReference"
                                            }
                                        }
                                    },
                                    {
                                        "name": "GetAssetNameQuery",
                                        "type": "SetVariable",
                                        "dependsOn": [],
                                        "userProperties": [],
                                        "typeProperties": {
                                            "variableName": "vGetAssetQry",
                                            "value": "DECLARE @RC int\nDECLARE @pAssetID nvarchar(20) = '$pAssetID'\nDECLARE @pFeedID nvarchar(20) = '$pFeedID'\nDECLARE @pAssetStatusID nvarchar(20) = ''\nDECLARE @pProjectID nvarchar(20) = '$pProjectID'\nDECLARE @pSourceRangeID nvarchar(20) = ''\nDECLARE @pTargetLayer nvarchar(128) = ''\nDECLARE @pLatestAssetFlag nchar(1) = '0'\nDECLARE @JSONList nvarchar(max)\n\nDECLARE @AssetListJSON table(AssetListJSON nvarchar(max), ProcedureStatus int, ProcedureMessage nvarchar(max))\n \ninsert into @AssetListJSON(AssetListJSON, ProcedureStatus, ProcedureMessage)\nEXECUTE @RC = [dbo].[AssetToProcessGet]\n   @pAssetID\n  ,@pFeedID\n  ,@pAssetStatusID\n  ,@pProjectID\n  ,@pSourceRangeID\n  ,@pTargetLayer\n  ,@pLatestAssetFlag;\n\nSET @JSONList =(select JSON_QUERY(AssetListJSON, '$.AssetList') AssetList from @AssetListJSON);\n\nSELECT AssetName from OPENJSON(@JSONList)\nWITH (\n AssetName          nvarchar(100)    '$.AssetName'\n )"
                                        }
                                    },
                                    {
                                        "name": "Remove_Asset_At_PSAHopper",
                                        "type": "Delete",
                                        "dependsOn": [
                                            {
                                                "activity": "ExecuteProcessAssetPSA",
                                                "dependencyConditions": [
                                                    "Completed"
                                                ]
                                            }
                                        ],
                                        "policy": {
                                            "timeout": "7.00:00:00",
                                            "retry": 0,
                                            "retryIntervalInSeconds": 30,
                                            "secureOutput": false,
                                            "secureInput": false
                                        },
                                        "userProperties": [],
                                        "typeProperties": {
                                            "dataset": {
                                                "referenceName": "az_csvfile_cleansed_adl_egress",
                                                "type": "DatasetReference",
                                                "parameters": {
                                                    "pContainer": {
                                                        "value": "@variables('vPSAHopperContainer')",
                                                        "type": "Expression"
                                                    },
                                                    "pFilePath": {
                                                        "value": "@variables('vPSAHopperPath')",
                                                        "type": "Expression"
                                                    },
                                                    "pFileName": {
                                                        "value": "@variables('vAssetName')",
                                                        "type": "Expression"
                                                    },
                                                    "pSAEndpoint": {
                                                        "value": "@pipeline().parameters.pSourceSAEndpoint",
                                                        "type": "Expression"
                                                    }
                                                }
                                            },
                                            "enableLogging": false,
                                            "storeSettings": {
                                                "type": "AzureBlobFSReadSettings",
                                                "recursive": true,
                                                "enablePartitionDiscovery": false
                                            }
                                        }
                                    }
                                ]
                            }
                        }
                    ]
                }
            },
            {
                "name": "CheckAssetStatus",
                "description": "Check Asset Status Indicator to set feed status",
                "type": "IfCondition",
                "dependsOn": [
                    {
                        "activity": "IterateAssets",
                        "dependencyConditions": [
                            "Succeeded"
                        ]
                    }
                ],
                "userProperties": [],
                "typeProperties": {
                    "expression": {
                        "value": "@equals(variables('vProceedInd'), 'NO')",
                        "type": "Expression"
                    },
                    "ifFalseActivities": [
                        {
                            "name": "UpdateETLRunLogSuccess",
                            "description": "Update ETLRunLog Status to Finished",
                            "type": "Lookup",
                            "dependsOn": [],
                            "policy": {
                                "timeout": "7.00:00:00",
                                "retry": 0,
                                "retryIntervalInSeconds": 30,
                                "secureOutput": false,
                                "secureInput": false
                            },
                            "userProperties": [],
                            "typeProperties": {
                                "source": {
                                    "type": "AzureSqlSource",
                                    "sqlReaderStoredProcedureName": {
                                        "value": "@concat(pipeline().parameters.pIngestionDB,'.','ETLRunLogAddOrUpdate')",
                                        "type": "Expression"
                                    },
                                    "storedProcedureParameters": {
                                        "pDTCreated": {
                                            "type": "Datetime",
                                            "value": {
                                                "value": "@pipeline().parameters.pRunLogStartDate",
                                                "type": "Expression"
                                            }
                                        },
                                        "pDTEnd": {
                                            "type": "Datetime",
                                            "value": {
                                                "value": "@utcnow()",
                                                "type": "Expression"
                                            }
                                        },
                                        "pDTStart": {
                                            "type": "Datetime",
                                            "value": {
                                                "value": "@pipeline().parameters.pRunLogStartDate",
                                                "type": "Expression"
                                            }
                                        },
                                        "pETLProcessName": {
                                            "type": "String",
                                            "value": {
                                                "value": "@pipeline().Pipeline",
                                                "type": "Expression"
                                            }
                                        },
                                        "pETLProcessRunID": {
                                            "type": "String",
                                            "value": {
                                                "value": "@pipeline().RunId",
                                                "type": "Expression"
                                            }
                                        },
                                        "pETLRunLogID": {
                                            "type": "String",
                                            "value": {
                                                "value": "@pipeline().parameters.pRunLogID",
                                                "type": "Expression"
                                            }
                                        },
                                        "pETLRunLogStatusID": {
                                            "type": "String",
                                            "value": {
                                                "value": "25002",
                                                "type": "Expression"
                                            }
                                        },
                                        "pKeepValueFlag": {
                                            "type": "String",
                                            "value": "0"
                                        },
                                        "pUserCreated": {
                                            "type": "String",
                                            "value": {
                                                "value": "@pipeline().parameters.pUser",
                                                "type": "Expression"
                                            }
                                        }
                                    },
                                    "queryTimeout": "02:00:00",
                                    "partitionOption": "None"
                                },
                                "dataset": {
                                    "referenceName": "azdbdna_ds_metadata",
                                    "type": "DatasetReference"
                                },
                                "firstRowOnly": true
                            }
                        },
                        {
                            "name": "UpdateEFAuditSuccess",
                            "type": "SqlServerStoredProcedure",
                            "dependsOn": [
                                {
                                    "activity": "UpdateETLRunLogSuccess",
                                    "dependencyConditions": [
                                        "Completed"
                                    ]
                                }
                            ],
                            "policy": {
                                "timeout": "7.00:00:00",
                                "retry": 0,
                                "retryIntervalInSeconds": 30,
                                "secureOutput": false,
                                "secureInput": false
                            },
                            "userProperties": [],
                            "typeProperties": {
                                "storedProcedureName": "[psa].[sp_ef_etl_audit]",
                                "storedProcedureParameters": {
                                    "feed_id": {
                                        "value": {
                                            "value": "@pipeline().parameters.pFeedID",
                                            "type": "Expression"
                                        },
                                        "type": "Int32"
                                    },
                                    "etl_runlog_id": {
                                        "value": {
                                            "value": "@pipeline().parameters.pRunLogID",
                                            "type": "Expression"
                                        },
                                        "type": "Int32"
                                    },
                                    "feed_status": {
                                        "value": {
                                            "value": "COMPLETED",
                                            "type": "Expression"
                                        },
                                        "type": "String"
                                    }
                                }
                            },
                            "linkedServiceName": {
                                "referenceName": "azsyndna_curated_dw",
                                "type": "LinkedServiceReference"
                            }
                        }
                    ],
                    "ifTrueActivities": [
                        {
                            "name": "ExecureFeedFailureEgress",
                            "type": "ExecutePipeline",
                            "dependsOn": [],
                            "userProperties": [],
                            "typeProperties": {
                                "pipeline": {
                                    "referenceName": "MT_FeedProcessFailure",
                                    "type": "PipelineReference"
                                },
                                "waitOnCompletion": true,
                                "parameters": {
                                    "pIngestionDB": {
                                        "value": "@pipeline().parameters.pIngestionDB",
                                        "type": "Expression"
                                    },
                                    "pUser": {
                                        "value": "@pipeline().parameters.pUser",
                                        "type": "Expression"
                                    },
                                    "pRunLogID": {
                                        "value": "@pipeline().parameters.pRunLogID",
                                        "type": "Expression"
                                    },
                                    "pRunLogstartDate": {
                                        "value": "@pipeline().parameters.pRunLogStartDate",
                                        "type": "Expression"
                                    },
                                    "pFeedID": {
                                        "value": "@pipeline().parameters.pFeedID",
                                        "type": "Expression"
                                    },
                                    "pPipelineId": {
                                        "value": "@pipeline().Pipeline",
                                        "type": "Expression"
                                    },
                                    "pRunId": {
                                        "value": "@pipeline().RunId",
                                        "type": "Expression"
                                    },
                                    "pRunLogStatus": {
                                        "value": "@variables('vRunLogStatus')",
                                        "type": "Expression"
                                    }
                                }
                            }
                        }
                    ]
                }
            },
            {
                "name": "ExecureFeedFailureEgressLoad",
                "type": "ExecutePipeline",
                "dependsOn": [
                    {
                        "activity": "IterateAssets",
                        "dependencyConditions": [
                            "Failed"
                        ]
                    }
                ],
                "userProperties": [],
                "typeProperties": {
                    "pipeline": {
                        "referenceName": "MT_FeedProcessFailure",
                        "type": "PipelineReference"
                    },
                    "waitOnCompletion": true,
                    "parameters": {
                        "pIngestionDB": {
                            "value": "@pipeline().parameters.pIngestionDB",
                            "type": "Expression"
                        },
                        "pUser": {
                            "value": "@pipeline().parameters.pUser",
                            "type": "Expression"
                        },
                        "pRunLogID": {
                            "value": "@pipeline().parameters.pRunLogID",
                            "type": "Expression"
                        },
                        "pRunLogstartDate": {
                            "value": "@pipeline().parameters.pRunLogStartDate",
                            "type": "Expression"
                        },
                        "pFeedID": {
                            "value": "@pipeline().parameters.pFeedID",
                            "type": "Expression"
                        },
                        "pPipelineId": {
                            "value": "@pipeline().Pipeline",
                            "type": "Expression"
                        },
                        "pRunId": {
                            "value": "@pipeline().RunId",
                            "type": "Expression"
                        },
                        "pRunLogStatus": {
                            "value": "@variables('vRunLogStatus')",
                            "type": "Expression"
                        }
                    }
                }
            },
            {
                "name": "SetPSAHopperContainer",
                "description": "Set Container Name for PSAHopper Area",
                "type": "SetVariable",
                "dependsOn": [],
                "userProperties": [],
                "typeProperties": {
                    "variableName": "vPSAHopperContainer",
                    "value": "psahopper"
                }
            },
            {
                "name": "SetPSAHopperPath",
                "description": "Set Path for PSAHopper Area",
                "type": "SetVariable",
                "dependsOn": [],
                "userProperties": [],
                "typeProperties": {
                    "variableName": "vPSAHopperPath",
                    "value": {
                        "value": "Martech_PSAhopper",
                        "type": "Expression"
                    }
                }
            },
            {
                "name": "SetCollectionContainer",
                "description": "Set Container Name for Collection Area",
                "type": "SetVariable",
                "dependsOn": [],
                "userProperties": [],
                "typeProperties": {
                    "variableName": "vCollectionContainer",
                    "value": "collection"
                }
            },
            {
                "name": "GetXMLFileName",
                "type": "Lookup",
                "dependsOn": [],
                "policy": {
                    "timeout": "7.00:00:00",
                    "retry": 0,
                    "retryIntervalInSeconds": 30,
                    "secureOutput": false,
                    "secureInput": false
                },
                "userProperties": [],
                "typeProperties": {
                    "source": {
                        "type": "SqlDWSource",
                        "sqlReaderQuery": {
                            "value": "@replace(replace('SELECT Param_value AS filename FROM dc_metadata.GDHDynamicADFParams WHERE Param_key=''$pFeedID'' AND Project_Name=''MarTech'' AND Job_Name=''MarTech_HistoryEgress'' AND Process_Name=''BatchDecryptUtil'' AND Environment=''$pEnv'' ','$pFeedID',pipeline().parameters.pFeedID),'$pEnv',pipeline().parameters.pEnvironment)",
                            "type": "Expression"
                        },
                        "queryTimeout": "02:00:00",
                        "partitionOption": "None"
                    },
                    "dataset": {
                        "referenceName": "azsyndna_ds",
                        "type": "DatasetReference",
                        "parameters": {
                            "pSynTable": "N",
                            "pSynSchema": "N"
                        }
                    }
                }
            },
            {
                "name": "SetXMLFileName",
                "type": "SetVariable",
                "dependsOn": [
                    {
                        "activity": "GetXMLFileName",
                        "dependencyConditions": [
                            "Succeeded"
                        ]
                    }
                ],
                "userProperties": [],
                "typeProperties": {
                    "variableName": "vXmlFileName",
                    "value": {
                        "value": "@activity('GetXMLFileName').output.firstrow.filename",
                        "type": "Expression"
                    }
                }
            },
            {
                "name": "Get Execute Statement",
                "type": "Lookup",
                "dependsOn": [],
                "policy": {
                    "timeout": "7.00:00:00",
                    "retry": 0,
                    "retryIntervalInSeconds": 30,
                    "secureOutput": false,
                    "secureInput": false
                },
                "userProperties": [],
                "typeProperties": {
                    "source": {
                        "type": "SqlDWSource",
                        "sqlReaderQuery": {
                            "value": "@replace(replace('SELECT Param_value AS exec_stmnt FROM dc_metadata.GDHDynamicADFParams WHERE Param_key=''$pFeedID'' AND Project_Name=''MarTech'' AND Job_Name=''MarTech_HistoryEgress'' AND Process_Name=''PSAToPSAHopperCopy'' AND Environment=''$pEnv'' ','$pFeedID',pipeline().parameters.pFeedID),'$pEnv',pipeline().parameters.pEnvironment)",
                            "type": "Expression"
                        },
                        "queryTimeout": "02:00:00",
                        "partitionOption": "None"
                    },
                    "dataset": {
                        "referenceName": "azsyndna_ds",
                        "type": "DatasetReference",
                        "parameters": {
                            "pSynTable": "N",
                            "pSynSchema": "N"
                        }
                    }
                }
            },
            {
                "name": "Get Data Feed ID",
                "description": "Get Data Feed ID provided by PzDB to append to file name.",
                "type": "Lookup",
                "dependsOn": [],
                "policy": {
                    "timeout": "7.00:00:00",
                    "retry": 0,
                    "retryIntervalInSeconds": 30,
                    "secureOutput": false,
                    "secureInput": false
                },
                "userProperties": [],
                "typeProperties": {
                    "source": {
                        "type": "SqlDWSource",
                        "sqlReaderQuery": {
                            "value": "SELECT Param_value AS DataFeedID FROM dc_metadata.GDHDynamicADFParams WHERE Param_key='@{pipeline().parameters.pFeedID}' AND Project_Name='MarTech' AND Job_Name='MarTech_HistoryEgress' AND Process_Name='DataFeedLookup' AND Environment='@{pipeline().parameters.pEnvironment}'",
                            "type": "Expression"
                        },
                        "queryTimeout": "02:00:00",
                        "partitionOption": "None"
                    },
                    "dataset": {
                        "referenceName": "azsyndna_ds",
                        "type": "DatasetReference",
                        "parameters": {
                            "pSynTable": "N",
                            "pSynSchema": "N"
                        }
                    },
                    "firstRowOnly": true
                }
            }
        ],
        "parameters": {
            "pFeedID": {
                "type": "string"
            },
            "pRunLogStartDate": {
                "type": "string"
            },
            "pIngestionDB": {
                "type": "string"
            },
            "pUser": {
                "type": "string"
            },
            "pRunLogID": {
                "type": "string"
            },
            "pPSATable": {
                "type": "string"
            },
            "pAssetList": {
                "type": "array"
            },
            "pPSASchema": {
                "type": "string"
            },
            "pProjectID": {
                "type": "string"
            },
            "pCollectionPath": {
                "type": "string"
            },
            "pEnvironment": {
                "type": "string"
            },
            "pSourceSAEndpoint": {
                "type": "string"
            },
            "pTargetSAEndpoint": {
                "type": "string"
            },
            "pBatchParams": {
                "type": "string"
            }
        },
        "variables": {
            "vFileProcess": {
                "type": "String"
            },
            "vProceedInd": {
                "type": "String"
            },
            "vRunLogStatus": {
                "type": "String"
            },
            "vPSAHopperContainer": {
                "type": "String"
            },
            "vPSAHopperPath": {
                "type": "String"
            },
            "vCollectionContainer": {
                "type": "String"
            },
            "vXmlFileName": {
                "type": "String"
            },
            "vAssetName": {
                "type": "String"
            },
            "vAssetCreatedTimeStamp": {
                "type": "String"
            },
            "vGetAssetQry": {
                "type": "String"
            }
        },
        "folder": {
            "name": "MarTech/Egress/History/Wave3"
        },
        "annotations": []
    }
}