{
    "name": "MT_ResizeBatchPool",
    "properties": {
        "description": "Done by: Saurabh Menon\nDescription: Pipeline which performs batch pool resizing\nVersion History:\n20/10/21: Initial Version\n29/03/22: Changed process to flag-based method of check",
        "activities": [
            {
                "name": "Downsize Pool",
                "type": "WebActivity",
                "dependsOn": [
                    {
                        "activity": "Enable Pool Resizing Flag",
                        "dependencyConditions": [
                            "Succeeded"
                        ]
                    }
                ],
                "policy": {
                    "timeout": "7.00:00:00",
                    "retry": 0,
                    "retryIntervalInSeconds": 30,
                    "secureOutput": false,
                    "secureInput": false
                },
                "userProperties": [],
                "typeProperties": {
                    "url": {
                        "value": "@concat('https://',pipeline().parameters.pParamList.pBatchAcctName,'.northeurope.batch.azure.com/pools/',pipeline().parameters.pParamList.pBatchPoolName,'/resize?api-version=2021-06-01.14.0')",
                        "type": "Expression"
                    },
                    "connectVia": {
                        "referenceName": "dna-ir01",
                        "type": "IntegrationRuntimeReference"
                    },
                    "method": "POST",
                    "headers": {
                        "Content-Type": "application/json; odata=minimalmetadata"
                    },
                    "body": {
                        "targetDedicatedNodes": 0,
                        "targetLowPriorityNodes": 0
                    },
                    "authentication": {
                        "type": "MSI",
                        "resource": "https://batch.core.windows.net/"
                    }
                }
            },
            {
                "name": "Until Pool is Steady after downsize",
                "type": "Until",
                "dependsOn": [
                    {
                        "activity": "Downsize Pool",
                        "dependencyConditions": [
                            "Succeeded"
                        ]
                    }
                ],
                "userProperties": [],
                "typeProperties": {
                    "expression": {
                        "value": "@and(equals(variables('vAllocationState'),'steady'),equals(int(variables('vCurrentDedicatedNodes')),0))",
                        "type": "Expression"
                    },
                    "activities": [
                        {
                            "name": "GetStats",
                            "type": "WebActivity",
                            "dependsOn": [
                                {
                                    "activity": "Wait and Check Pool Status",
                                    "dependencyConditions": [
                                        "Succeeded"
                                    ]
                                }
                            ],
                            "policy": {
                                "timeout": "7.00:00:00",
                                "retry": 0,
                                "retryIntervalInSeconds": 30,
                                "secureOutput": true,
                                "secureInput": false
                            },
                            "userProperties": [],
                            "typeProperties": {
                                "url": {
                                    "value": "@concat('https://',pipeline().parameters.pParamList.pBatchAcctName,'.northeurope.batch.azure.com/pools/',pipeline().parameters.pParamList.pBatchPoolName,'?api-version=2021-06-01.14.0')",
                                    "type": "Expression"
                                },
                                "connectVia": {
                                    "referenceName": "dna-ir01",
                                    "type": "IntegrationRuntimeReference"
                                },
                                "method": "GET",
                                "headers": {
                                    "Content-Type": "application/json"
                                },
                                "body": "",
                                "authentication": {
                                    "type": "MSI",
                                    "resource": "https://batch.core.windows.net/"
                                }
                            }
                        },
                        {
                            "name": "Set Allocation State",
                            "type": "SetVariable",
                            "dependsOn": [
                                {
                                    "activity": "GetStats",
                                    "dependencyConditions": [
                                        "Succeeded"
                                    ]
                                }
                            ],
                            "userProperties": [],
                            "typeProperties": {
                                "variableName": "vAllocationState",
                                "value": {
                                    "value": "@activity('GetStats').output.allocationState",
                                    "type": "Expression"
                                }
                            }
                        },
                        {
                            "name": "Set Current Dedicated Nodes",
                            "type": "SetVariable",
                            "dependsOn": [
                                {
                                    "activity": "GetStats",
                                    "dependencyConditions": [
                                        "Succeeded"
                                    ]
                                }
                            ],
                            "userProperties": [],
                            "typeProperties": {
                                "variableName": "vCurrentDedicatedNodes",
                                "value": {
                                    "value": "@string(activity('GetStats').output.currentDedicatedNodes)",
                                    "type": "Expression"
                                }
                            }
                        },
                        {
                            "name": "Wait and Check Pool Status",
                            "type": "Wait",
                            "dependsOn": [],
                            "userProperties": [],
                            "typeProperties": {
                                "waitTimeInSeconds": 20
                            }
                        }
                    ],
                    "timeout": "7.00:00:00"
                }
            },
            {
                "name": "Upsize Pool",
                "type": "WebActivity",
                "dependsOn": [
                    {
                        "activity": "Until Pool is Steady after downsize",
                        "dependencyConditions": [
                            "Succeeded"
                        ]
                    }
                ],
                "policy": {
                    "timeout": "7.00:00:00",
                    "retry": 0,
                    "retryIntervalInSeconds": 30,
                    "secureOutput": false,
                    "secureInput": false
                },
                "userProperties": [],
                "typeProperties": {
                    "url": {
                        "value": "@concat('https://',pipeline().parameters.pParamList.pBatchAcctName,'.northeurope.batch.azure.com/pools/',pipeline().parameters.pParamList.pBatchPoolName,'/resize?api-version=2021-06-01.14.0')",
                        "type": "Expression"
                    },
                    "connectVia": {
                        "referenceName": "dna-ir01",
                        "type": "IntegrationRuntimeReference"
                    },
                    "method": "POST",
                    "headers": {
                        "Content-Type": "application/json; odata=minimalmetadata"
                    },
                    "body": {
                        "targetDedicatedNodes": 2,
                        "targetLowPriorityNodes": 0
                    },
                    "authentication": {
                        "type": "MSI",
                        "resource": "https://batch.core.windows.net/"
                    }
                }
            },
            {
                "name": "Until Batch Utility has finished running",
                "description": "Check isUtilActive flag from dc_metadata.GDHDynamicADFParams and wait until it is N",
                "type": "Until",
                "dependsOn": [
                    {
                        "activity": "Initialize vIsUtilFinished",
                        "dependencyConditions": [
                            "Succeeded"
                        ]
                    },
                    {
                        "activity": "Initialize vNumFailedNodes",
                        "dependencyConditions": [
                            "Succeeded"
                        ]
                    },
                    {
                        "activity": "Initialize vIsResizeFinished",
                        "dependencyConditions": [
                            "Succeeded"
                        ]
                    }
                ],
                "userProperties": [],
                "typeProperties": {
                    "expression": {
                        "value": "@equals(variables('vIsUtilFinished'),bool(1))",
                        "type": "Expression"
                    },
                    "activities": [
                        {
                            "name": "Get Batch Utility Flag",
                            "type": "Lookup",
                            "dependsOn": [],
                            "policy": {
                                "timeout": "7.00:00:00",
                                "retry": 0,
                                "retryIntervalInSeconds": 30,
                                "secureOutput": false,
                                "secureInput": false
                            },
                            "userProperties": [],
                            "typeProperties": {
                                "source": {
                                    "type": "SqlDWSource",
                                    "sqlReaderQuery": {
                                        "value": "SELECT Param_value AS utilFlag FROM dc_metadata.GDHDynamicADFParams WHERE Param_key='isUtilActive' AND Project_Name='MarTech' AND Job_Name='MarTech_Egress' AND Process_Name='BatchDecryptUtil' AND Environment='@{pipeline().parameters.pParamList.pEnvironment}'",
                                        "type": "Expression"
                                    },
                                    "queryTimeout": "02:00:00",
                                    "partitionOption": "None"
                                },
                                "dataset": {
                                    "referenceName": "azsyndna_ds",
                                    "type": "DatasetReference",
                                    "parameters": {
                                        "pSynTable": "N",
                                        "pSynSchema": "N"
                                    }
                                }
                            }
                        },
                        {
                            "name": "If Batch Utility has finished running",
                            "type": "IfCondition",
                            "dependsOn": [
                                {
                                    "activity": "Get Batch Utility Flag",
                                    "dependencyConditions": [
                                        "Succeeded"
                                    ]
                                }
                            ],
                            "userProperties": [],
                            "typeProperties": {
                                "expression": {
                                    "value": "@equals(activity('Get Batch Utility Flag').output.firstRow.utilFlag,'N')",
                                    "type": "Expression"
                                },
                                "ifFalseActivities": [
                                    {
                                        "name": "Wait and Recheck",
                                        "type": "Wait",
                                        "dependsOn": [],
                                        "userProperties": [],
                                        "typeProperties": {
                                            "waitTimeInSeconds": 300
                                        }
                                    }
                                ],
                                "ifTrueActivities": [
                                    {
                                        "name": "Set vIsUtilFinished",
                                        "type": "SetVariable",
                                        "dependsOn": [],
                                        "userProperties": [],
                                        "typeProperties": {
                                            "variableName": "vIsUtilFinished",
                                            "value": {
                                                "value": "@bool(1)",
                                                "type": "Expression"
                                            }
                                        }
                                    }
                                ]
                            }
                        }
                    ],
                    "timeout": "7.00:00:00"
                }
            },
            {
                "name": "Initialize vIsUtilFinished",
                "description": "Initialize boolean variable vIsUtilFinished with false(bool(0)).",
                "type": "SetVariable",
                "dependsOn": [],
                "userProperties": [],
                "typeProperties": {
                    "variableName": "vIsUtilFinished",
                    "value": {
                        "value": "@bool(0)",
                        "type": "Expression"
                    }
                }
            },
            {
                "name": "Enable Pool Resizing Flag",
                "type": "SqlServerStoredProcedure",
                "dependsOn": [
                    {
                        "activity": "Until Batch Utility has finished running",
                        "dependencyConditions": [
                            "Succeeded"
                        ]
                    }
                ],
                "policy": {
                    "timeout": "7.00:00:00",
                    "retry": 0,
                    "retryIntervalInSeconds": 30,
                    "secureOutput": false,
                    "secureInput": false
                },
                "userProperties": [],
                "typeProperties": {
                    "storedProcedureName": "sp_executesql",
                    "storedProcedureParameters": {
                        "stmt": {
                            "value": {
                                "value": "UPDATE dc_metadata.GDHDynamicADFParams SET Param_value='Y' WHERE Param_key='isPoolResizeActive' AND Project_Name='MarTech' AND Job_Name='MarTech_Egress' AND Process_Name='BatchDecryptUtil' AND Environment='@{pipeline().parameters.pParamList.pEnvironment}'",
                                "type": "Expression"
                            }
                        }
                    }
                },
                "linkedServiceName": {
                    "referenceName": "azsyndna_curated_dw",
                    "type": "LinkedServiceReference"
                }
            },
            {
                "name": "Initialize vIsResizeFinished",
                "description": "Initialize boolean variable vIsResizeFinished with false(bool(0)).",
                "type": "SetVariable",
                "dependsOn": [],
                "userProperties": [],
                "typeProperties": {
                    "variableName": "vIsResizeFinished",
                    "value": {
                        "value": "@bool(0)",
                        "type": "Expression"
                    }
                }
            },
            {
                "name": "Initialize vNumFailedNodes",
                "description": "Initialize string variable vNumFailedNodes with 0",
                "type": "SetVariable",
                "dependsOn": [],
                "userProperties": [],
                "typeProperties": {
                    "variableName": "vNumFailedNodes",
                    "value": {
                        "value": "@string('0')",
                        "type": "Expression"
                    }
                }
            },
            {
                "name": "Until Pool Resizing is completed",
                "type": "Until",
                "dependsOn": [
                    {
                        "activity": "Until Pool is Steady after upsize",
                        "dependencyConditions": [
                            "Succeeded"
                        ]
                    }
                ],
                "userProperties": [],
                "typeProperties": {
                    "expression": {
                        "value": "@equals(variables('vIsResizeFinished'),bool(1))",
                        "type": "Expression"
                    },
                    "activities": [
                        {
                            "name": "Get Pool Node Status",
                            "type": "WebActivity",
                            "dependsOn": [],
                            "policy": {
                                "timeout": "7.00:00:00",
                                "retry": 0,
                                "retryIntervalInSeconds": 30,
                                "secureOutput": false,
                                "secureInput": false
                            },
                            "userProperties": [],
                            "typeProperties": {
                                "url": {
                                    "value": "@concat('https://',pipeline().parameters.pParamList.pBatchAcctName,'.northeurope.batch.azure.com/pools/',pipeline().parameters.pParamList.pBatchPoolName,'/nodes?$select=id,state&api-version=2022-01-01.15.0')",
                                    "type": "Expression"
                                },
                                "connectVia": {
                                    "referenceName": "dna-ir01",
                                    "type": "IntegrationRuntimeReference"
                                },
                                "method": "GET",
                                "headers": {
                                    "Content-Type": "application/json; odata=minimalmetadata"
                                },
                                "body": "",
                                "authentication": {
                                    "type": "MSI",
                                    "resource": "https://batch.core.windows.net/"
                                }
                            }
                        },
                        {
                            "name": "Filter Rebooted Nodes",
                            "type": "Filter",
                            "dependsOn": [
                                {
                                    "activity": "Get Pool Node Status",
                                    "dependencyConditions": [
                                        "Succeeded"
                                    ]
                                }
                            ],
                            "userProperties": [],
                            "typeProperties": {
                                "items": {
                                    "value": "@activity('Get Pool Node Status').output.value",
                                    "type": "Expression"
                                },
                                "condition": {
                                    "value": "@or(equals(item().state,'idle'),equals(item().state,'starttaskfailed'))",
                                    "type": "Expression"
                                }
                            }
                        },
                        {
                            "name": "If Nodes have finished booting",
                            "type": "IfCondition",
                            "dependsOn": [
                                {
                                    "activity": "Filter Rebooted Nodes",
                                    "dependencyConditions": [
                                        "Succeeded"
                                    ]
                                },
                                {
                                    "activity": "Set vNumFailedNodes",
                                    "dependencyConditions": [
                                        "Succeeded"
                                    ]
                                }
                            ],
                            "userProperties": [],
                            "typeProperties": {
                                "expression": {
                                    "value": "@equals(activity('Filter Rebooted Nodes').output.FilteredItemsCount,activity('Filter Rebooted Nodes').output.ItemsCount)",
                                    "type": "Expression"
                                },
                                "ifFalseActivities": [
                                    {
                                        "name": "Wait",
                                        "type": "Wait",
                                        "dependsOn": [],
                                        "userProperties": [],
                                        "typeProperties": {
                                            "waitTimeInSeconds": 60
                                        }
                                    }
                                ],
                                "ifTrueActivities": [
                                    {
                                        "name": "Set vIsResizeFinished",
                                        "type": "SetVariable",
                                        "dependsOn": [],
                                        "userProperties": [],
                                        "typeProperties": {
                                            "variableName": "vIsResizeFinished",
                                            "value": {
                                                "value": "@bool(1)",
                                                "type": "Expression"
                                            }
                                        }
                                    }
                                ]
                            }
                        },
                        {
                            "name": "Filter Failed Nodes",
                            "type": "Filter",
                            "dependsOn": [
                                {
                                    "activity": "Get Pool Node Status",
                                    "dependencyConditions": [
                                        "Succeeded"
                                    ]
                                }
                            ],
                            "userProperties": [],
                            "typeProperties": {
                                "items": {
                                    "value": "@activity('Get Pool Node Status').output.value",
                                    "type": "Expression"
                                },
                                "condition": {
                                    "value": "@equals(item().state,'starttaskfailed')",
                                    "type": "Expression"
                                }
                            }
                        },
                        {
                            "name": "Set vNumFailedNodes",
                            "type": "SetVariable",
                            "dependsOn": [
                                {
                                    "activity": "Filter Failed Nodes",
                                    "dependencyConditions": [
                                        "Succeeded"
                                    ]
                                }
                            ],
                            "userProperties": [],
                            "typeProperties": {
                                "variableName": "vNumFailedNodes",
                                "value": {
                                    "value": "@string(activity('Filter Failed Nodes').output.FilteredItemsCount)",
                                    "type": "Expression"
                                }
                            }
                        }
                    ],
                    "timeout": "7.00:00:00"
                }
            },
            {
                "name": "If any Node has failed",
                "type": "IfCondition",
                "dependsOn": [
                    {
                        "activity": "Until Pool Resizing is completed",
                        "dependencyConditions": [
                            "Succeeded"
                        ]
                    }
                ],
                "userProperties": [],
                "typeProperties": {
                    "expression": {
                        "value": "@greater(int(variables('vNumFailedNodes')),0)",
                        "type": "Expression"
                    },
                    "ifTrueActivities": [
                        {
                            "name": "Raise Error",
                            "type": "Fail",
                            "dependsOn": [],
                            "userProperties": [],
                            "typeProperties": {
                                "message": {
                                    "value": "@concat('ERROR: One or more nodes in batch pool ',pipeline().parameters.pParamList.pBatchPoolName, ' of batch account ',pipeline().parameters.pParamList.pBatchAcctName,' has failed after pool resizing. Please check the node(s) for more details.')",
                                    "type": "Expression"
                                },
                                "errorCode": "400"
                            }
                        }
                    ]
                }
            },
            {
                "name": "Disable Pool Resizing Flag",
                "type": "SqlServerStoredProcedure",
                "dependsOn": [
                    {
                        "activity": "Until Pool Resizing is completed",
                        "dependencyConditions": [
                            "Completed"
                        ]
                    }
                ],
                "policy": {
                    "timeout": "7.00:00:00",
                    "retry": 0,
                    "retryIntervalInSeconds": 30,
                    "secureOutput": false,
                    "secureInput": false
                },
                "userProperties": [],
                "typeProperties": {
                    "storedProcedureName": "sp_executesql",
                    "storedProcedureParameters": {
                        "stmt": {
                            "value": {
                                "value": "UPDATE dc_metadata.GDHDynamicADFParams SET Param_value='N' WHERE Param_key='isPoolResizeActive' AND Project_Name='MarTech' AND Job_Name='MarTech_Egress' AND Process_Name='BatchDecryptUtil' AND Environment='@{pipeline().parameters.pParamList.pEnvironment}'",
                                "type": "Expression"
                            }
                        }
                    }
                },
                "linkedServiceName": {
                    "referenceName": "azsyndna_curated_dw",
                    "type": "LinkedServiceReference"
                }
            },
            {
                "name": "Until Pool is Steady after upsize",
                "type": "Until",
                "dependsOn": [
                    {
                        "activity": "Upsize Pool",
                        "dependencyConditions": [
                            "Succeeded"
                        ]
                    }
                ],
                "userProperties": [],
                "typeProperties": {
                    "expression": {
                        "value": "@and(equals(variables('vAllocationState'),'steady'),equals(int(variables('vCurrentDedicatedNodes')),2))",
                        "type": "Expression"
                    },
                    "activities": [
                        {
                            "name": "GetStats after upsize",
                            "type": "WebActivity",
                            "dependsOn": [
                                {
                                    "activity": "Wait and Check Pool Status after upsize",
                                    "dependencyConditions": [
                                        "Succeeded"
                                    ]
                                }
                            ],
                            "policy": {
                                "timeout": "7.00:00:00",
                                "retry": 0,
                                "retryIntervalInSeconds": 30,
                                "secureOutput": true,
                                "secureInput": false
                            },
                            "userProperties": [],
                            "typeProperties": {
                                "url": {
                                    "value": "@concat('https://',pipeline().parameters.pParamList.pBatchAcctName,'.northeurope.batch.azure.com/pools/',pipeline().parameters.pParamList.pBatchPoolName,'?api-version=2021-06-01.14.0')",
                                    "type": "Expression"
                                },
                                "connectVia": {
                                    "referenceName": "dna-ir01",
                                    "type": "IntegrationRuntimeReference"
                                },
                                "method": "GET",
                                "headers": {
                                    "Content-Type": "application/json"
                                },
                                "body": "",
                                "authentication": {
                                    "type": "MSI",
                                    "resource": "https://batch.core.windows.net/"
                                }
                            }
                        },
                        {
                            "name": "Set Allocation State after upsize",
                            "type": "SetVariable",
                            "dependsOn": [
                                {
                                    "activity": "GetStats after upsize",
                                    "dependencyConditions": [
                                        "Succeeded"
                                    ]
                                }
                            ],
                            "userProperties": [],
                            "typeProperties": {
                                "variableName": "vAllocationState",
                                "value": {
                                    "value": "@activity('GetStats after upsize').output.allocationState",
                                    "type": "Expression"
                                }
                            }
                        },
                        {
                            "name": "Set Current Dedicated Nodes after upsize",
                            "type": "SetVariable",
                            "dependsOn": [
                                {
                                    "activity": "GetStats after upsize",
                                    "dependencyConditions": [
                                        "Succeeded"
                                    ]
                                }
                            ],
                            "userProperties": [],
                            "typeProperties": {
                                "variableName": "vCurrentDedicatedNodes",
                                "value": {
                                    "value": "@string(activity('GetStats after upsize').output.currentDedicatedNodes)",
                                    "type": "Expression"
                                }
                            }
                        },
                        {
                            "name": "Wait and Check Pool Status after upsize",
                            "type": "Wait",
                            "dependsOn": [],
                            "userProperties": [],
                            "typeProperties": {
                                "waitTimeInSeconds": 20
                            }
                        }
                    ],
                    "timeout": "7.00:00:00"
                }
            }
        ],
        "parameters": {
            "pParamList": {
                "type": "object",
                "defaultValue": {
                    "pBatchAcctName": "",
                    "pBatchPoolName": "",
                    "pEnvironment": ""
                }
            }
        },
        "variables": {
            "vAllocationState": {
                "type": "String"
            },
            "vCurrentDedicatedNodes": {
                "type": "String"
            },
            "vIsUtilFinished": {
                "type": "Boolean"
            },
            "vIsResizeFinished": {
                "type": "Boolean"
            },
            "vNumFailedNodes": {
                "type": "String"
            }
        },
        "folder": {
            "name": "MarTech/Egress/UtilPipeline"
        },
        "annotations": []
    }
}