{
    "name": "MT_ValidAssetProcess_W3",
    "properties": {
        "description": "For a given feed, this pipeline will provide all egress eligible assets",
        "activities": [
            {
                "name": "Lookup Feed Attributes",
                "description": "Set FeedToProcess Query variable",
                "type": "SetVariable",
                "dependsOn": [],
                "userProperties": [],
                "typeProperties": {
                    "variableName": "vFeedFetchQry",
                    "value": "DECLARE @RC int\nDECLARE @pAssetID nvarchar(20)\nDECLARE @pFeedID nvarchar(20) = '$pFeedID'\nDECLARE @pAssetStatusID nvarchar(20) =''\nDECLARE @pProjectID nvarchar(20) = '$projectID'\nDECLARE @pSourceRangeID nvarchar(20) = ''\nDECLARE @pTargetLayer nvarchar(128) = ''\nDECLARE @pLatestAssetFlag nchar(1) = '1'\n\nDECLARE @AssetListJSON table(AssetListJSON nvarchar(max), ProcedureStatus int, ProcedureMessage nvarchar(max))\n \ninsert into @AssetListJSON(AssetListJSON, ProcedureStatus, ProcedureMessage)\nEXECUTE @RC = [$schemaName].[AssetToProcessGet]\n   @pAssetID\n  ,@pFeedID\n  ,@pAssetStatusID\n  ,@pProjectID\n  ,@pSourceRangeID\n  ,@pTargetLayer\n  ,@pLatestAssetFlag;\n\nwith AssetList (AssetList)\nas (\nselect JSON_QUERY(AssetListJSON, '$.AssetList') AssetList\nfrom @AssetListJSON\n),\nAssetListArray(AssetList) \nas (\nselect AssetList\nfrom AssetList\n),\nAssetListTable \nas (\nselect \n  PSATargetSchema\n, PSATargetTable\n, FeedStatusName\nfrom AssetListArray ala cross apply \nOPENJSON(AssetList) \nWITH (\n  PSATargetSchema    nvarchar(100)    '$.PSATargetSchema'\n, PSATargetTable     nvarchar(100)    '$.PSATargetTable'\n, FeedStatusName     nvarchar(50)     '$.FeedStatusName'\n) \n),AssetListFeedID \nas (\nselect PSATargetSchema\n    , PSATargetTable\n    , FeedStatusName\nfrom AssetListTable\ngroup by PSATargetSchema\n    , PSATargetTable\n    , FeedStatusName\n)\nselect \n      alfi.PSATargetSchema\n    , alfi.PSATargetTable\n    , alfi.FeedStatusName\nfrom AssetListFeedID alfi"
                }
            },
            {
                "name": "Retrieve Feed Attributes",
                "description": "Gets attributes of feed from the Ingestion metadata, that are to be egressed.\n\nCalls the [apitemp].[AssetToProcessGet] Stored Procedure with args\n\npAssetID(blank- to get all Assets for given feed)\npAssetStatusID(24024 for getting cleansed)\npFeedID(user input)\npProjectID(MarTech project ID)\npSourceRangeID(blank)\npTargetLayer(blank)",
                "type": "Lookup",
                "dependsOn": [
                    {
                        "activity": "Lookup Feed Attributes",
                        "dependencyConditions": [
                            "Succeeded"
                        ]
                    }
                ],
                "policy": {
                    "timeout": "7.00:00:00",
                    "retry": 0,
                    "retryIntervalInSeconds": 30,
                    "secureOutput": false,
                    "secureInput": false
                },
                "userProperties": [],
                "typeProperties": {
                    "source": {
                        "type": "AzureSqlSource",
                        "sqlReaderQuery": {
                            "value": "@replace(replace(replace(variables('vFeedFetchQry'),'$schemaName',pipeline().parameters.pIngestionDB), '$pFeedID', pipeline().parameters.pFeedID),'$projectID',pipeline().parameters.pProjectID)",
                            "type": "Expression"
                        },
                        "queryTimeout": "02:00:00",
                        "partitionOption": "None"
                    },
                    "dataset": {
                        "referenceName": "azdbdna_ds_metadata",
                        "type": "DatasetReference"
                    },
                    "firstRowOnly": true
                }
            },
            {
                "name": "Get Latest Created Timestamp For Feed",
                "description": "Returns latest created timestamp for given Feed ID. If no assets are egressed yet, '1900-01-01 00:00:00.000' is returned.",
                "type": "Lookup",
                "dependsOn": [],
                "policy": {
                    "timeout": "7.00:00:00",
                    "retry": 0,
                    "retryIntervalInSeconds": 30,
                    "secureOutput": false,
                    "secureInput": false
                },
                "userProperties": [],
                "typeProperties": {
                    "source": {
                        "type": "SqlDWSource",
                        "sqlReaderQuery": {
                            "value": "@replace('DECLARE @asset_count NVARCHAR(20)\nDECLARE @feed_id NVARCHAR(20) = ''$FeedId''\n\nSELECT @asset_count = COUNT(*) FROM psa.egress_audit_status WHERE feed_id = @feed_id\nIF @asset_count > 0\nBEGIN\n\tSELECT created_timestamp as created_timestamp FROM psa.egress_audit_status WHERE feed_id = @feed_id\nEND\nELSE\n\tBEGIN\n\t\t\tSELECT ''1900-01-01 00:00:00.000'' as created_timestamp\n\tEND', '$FeedId', pipeline().parameters.pFeedID)",
                            "type": "Expression"
                        },
                        "queryTimeout": "02:00:00",
                        "partitionOption": "None"
                    },
                    "dataset": {
                        "referenceName": "azsyndna_ds",
                        "type": "DatasetReference",
                        "parameters": {
                            "pSynTable": "N",
                            "pSynSchema": "N"
                        }
                    },
                    "firstRowOnly": true
                }
            },
            {
                "name": "Get Egress Eligible Assets For Feed",
                "type": "Lookup",
                "dependsOn": [
                    {
                        "activity": "Retrieve Feed Attributes",
                        "dependencyConditions": [
                            "Succeeded"
                        ]
                    },
                    {
                        "activity": "Get Latest Created Timestamp For Feed",
                        "dependencyConditions": [
                            "Succeeded"
                        ]
                    }
                ],
                "policy": {
                    "timeout": "7.00:00:00",
                    "retry": 0,
                    "retryIntervalInSeconds": 30,
                    "secureOutput": false,
                    "secureInput": false
                },
                "userProperties": [],
                "typeProperties": {
                    "source": {
                        "type": "SqlDWSource",
                        "sqlReaderQuery": {
                            "value": "@concat('SELECT DISTINCT TOP ',pipeline().parameters.pNumberOfAssets,' asset_id AS AssetID, created_timestamp AS created_timestamp FROM ',activity('Retrieve Feed Attributes').output.firstRow.PSATargetSchema,'.',activity('Retrieve Feed Attributes').output.firstRow.PSATargetTable,' WHERE created_timestamp > ''',activity('Get Latest Created Timestamp For Feed').output.firstRow.created_timestamp,''' ORDER BY created_timestamp')",
                            "type": "Expression"
                        },
                        "queryTimeout": "02:00:00",
                        "partitionOption": "None"
                    },
                    "dataset": {
                        "referenceName": "azsyndna_ds",
                        "type": "DatasetReference",
                        "parameters": {
                            "pSynTable": "N",
                            "pSynSchema": "N"
                        }
                    },
                    "firstRowOnly": false
                }
            },
            {
                "name": "Update Egress Ready Asset List",
                "type": "SetVariable",
                "dependsOn": [
                    {
                        "activity": "Get Egress Eligible Assets For Feed",
                        "dependencyConditions": [
                            "Succeeded"
                        ]
                    }
                ],
                "userProperties": [],
                "typeProperties": {
                    "variableName": "vEgressArray",
                    "value": {
                        "value": "@activity('Get Egress Eligible Assets For Feed').output.value",
                        "type": "Expression"
                    }
                }
            },
            {
                "name": "Get Assets At Collection",
                "type": "GetMetadata",
                "dependsOn": [
                    {
                        "activity": "Retrieve Storage Account Endpoints",
                        "dependencyConditions": [
                            "Succeeded"
                        ]
                    }
                ],
                "policy": {
                    "timeout": "7.00:00:00",
                    "retry": 0,
                    "retryIntervalInSeconds": 30,
                    "secureOutput": false,
                    "secureInput": false
                },
                "userProperties": [],
                "typeProperties": {
                    "dataset": {
                        "referenceName": "azpathcheck_collection_adls",
                        "type": "DatasetReference",
                        "parameters": {
                            "pContainer": "collection",
                            "pFolderPath": {
                                "value": "@pipeline().parameters.pCollectionPath",
                                "type": "Expression"
                            },
                            "pSAEndpoint": {
                                "value": "@json(activity('Retrieve Storage Account Endpoints').output.firstRow.endpoints).collection_endpoint",
                                "type": "Expression"
                            }
                        }
                    },
                    "fieldList": [
                        "exists",
                        "childItems"
                    ],
                    "storeSettings": {
                        "type": "AzureBlobFSReadSettings",
                        "recursive": true,
                        "enablePartitionDiscovery": false
                    },
                    "formatSettings": {
                        "type": "BinaryReadSettings"
                    }
                }
            },
            {
                "name": "Determine Egress Status",
                "type": "SetVariable",
                "dependsOn": [
                    {
                        "activity": "Update Egress Ready Asset List",
                        "dependencyConditions": [
                            "Succeeded"
                        ]
                    },
                    {
                        "activity": "Set Collection Status",
                        "dependencyConditions": [
                            "Succeeded"
                        ]
                    }
                ],
                "userProperties": [],
                "typeProperties": {
                    "variableName": "vEgressStatusInd",
                    "value": {
                        "value": "@if(equals(variables('vCollectionStatusInd'),'Collection Occupied'),'Collection Occupied',if(equals(empty(variables('vEgressArray')),bool(1)),'Nothing To Egress','Proceed'))",
                        "type": "Expression"
                    }
                }
            },
            {
                "name": "Check To Proceed",
                "type": "Switch",
                "dependsOn": [
                    {
                        "activity": "Determine Egress Status",
                        "dependencyConditions": [
                            "Succeeded"
                        ]
                    },
                    {
                        "activity": "Get Utility Parameters",
                        "dependencyConditions": [
                            "Succeeded"
                        ]
                    }
                ],
                "userProperties": [],
                "typeProperties": {
                    "on": {
                        "value": "@variables('vEgressStatusInd')",
                        "type": "Expression"
                    },
                    "cases": [
                        {
                            "value": "Proceed",
                            "activities": [
                                {
                                    "name": "Execute Valid Feed Process",
                                    "type": "ExecutePipeline",
                                    "dependsOn": [],
                                    "userProperties": [],
                                    "typeProperties": {
                                        "pipeline": {
                                            "referenceName": "MT_ValidFeedProcess_W3",
                                            "type": "PipelineReference"
                                        },
                                        "waitOnCompletion": true,
                                        "parameters": {
                                            "pFeedID": {
                                                "value": "@pipeline().parameters.pFeedID",
                                                "type": "Expression"
                                            },
                                            "pIngestionDB": {
                                                "value": "@pipeline().parameters.pIngestionDB",
                                                "type": "Expression"
                                            },
                                            "pCurationUser": {
                                                "value": "@pipeline().parameters.pCurationUser",
                                                "type": "Expression"
                                            },
                                            "pProjectID": {
                                                "value": "@pipeline().parameters.pProjectID",
                                                "type": "Expression"
                                            },
                                            "pFeedStatusName": {
                                                "value": "@activity('Retrieve Feed Attributes').output.firstRow.FeedStatusName",
                                                "type": "Expression"
                                            },
                                            "pPSATable": {
                                                "value": "@activity('Retrieve Feed Attributes').output.firstRow.PSATargetTable",
                                                "type": "Expression"
                                            },
                                            "pPSASchema": {
                                                "value": "@activity('Retrieve Feed Attributes').output.firstRow.PSATargetSchema",
                                                "type": "Expression"
                                            },
                                            "pAssetList": {
                                                "value": "@variables('vEgressArray')",
                                                "type": "Expression"
                                            },
                                            "pCollectionPath": {
                                                "value": "@pipeline().parameters.pCollectionPath",
                                                "type": "Expression"
                                            },
                                            "pEnvironment": {
                                                "value": "@pipeline().parameters.pEnvironment",
                                                "type": "Expression"
                                            },
                                            "pSourceSAEndpoint": {
                                                "value": "@json(activity('Retrieve Storage Account Endpoints').output.firstRow.endpoints).wrangled_endpoint",
                                                "type": "Expression"
                                            },
                                            "pTargetSAEndpoint": {
                                                "value": "@json(activity('Retrieve Storage Account Endpoints').output.firstRow.endpoints).collection_endpoint",
                                                "type": "Expression"
                                            },
                                            "pBatchParams": {
                                                "value": "@activity('Get Utility Parameters').output.firstRow.params",
                                                "type": "Expression"
                                            }
                                        }
                                    }
                                }
                            ]
                        },
                        {
                            "value": "Nothing To Egress",
                            "activities": [
                                {
                                    "name": "STOP- No Assets To Egress For Feed",
                                    "type": "Wait",
                                    "dependsOn": [],
                                    "userProperties": [],
                                    "typeProperties": {
                                        "waitTimeInSeconds": 1
                                    }
                                }
                            ]
                        },
                        {
                            "value": "Collection Occupied",
                            "activities": [
                                {
                                    "name": "STOP-Clear Collection Area",
                                    "type": "Wait",
                                    "dependsOn": [],
                                    "userProperties": [],
                                    "typeProperties": {
                                        "waitTimeInSeconds": 1
                                    }
                                }
                            ]
                        }
                    ]
                }
            },
            {
                "name": "Set Collection Status",
                "type": "SetVariable",
                "dependsOn": [
                    {
                        "activity": "Get Assets At Collection",
                        "dependencyConditions": [
                            "Succeeded"
                        ]
                    }
                ],
                "userProperties": [],
                "typeProperties": {
                    "variableName": "vCollectionStatusInd",
                    "value": {
                        "value": "@if(equals(activity('Get Assets At Collection').output.exists,bool(1)),if(not(empty(activity('Get Assets At Collection').output.childItems)),'Collection Occupied','Collection Free'),'Collection Free')",
                        "type": "Expression"
                    }
                }
            },
            {
                "name": "Retrieve Storage Account Endpoints",
                "description": "Lookup dc_metadata.GDHDynamicADFParams to get storage account endpoints to be used in generic SA LS.",
                "type": "Lookup",
                "dependsOn": [],
                "policy": {
                    "timeout": "7.00:00:00",
                    "retry": 0,
                    "retryIntervalInSeconds": 30,
                    "secureOutput": false,
                    "secureInput": false
                },
                "userProperties": [],
                "typeProperties": {
                    "source": {
                        "type": "SqlDWSource",
                        "sqlReaderQuery": {
                            "value": "@replace('SELECT Param_value AS endpoints FROM dc_metadata.GDHDynamicADFParams WHERE Param_key=''SAEndPoints'' AND Project_Name=''MarTech'' AND Job_Name=''MarTech_Egress'' AND Process_Name=''BatchDecryptUtil'' AND Environment=''$pEnv'' ','$pEnv',pipeline().parameters.pEnvironment)",
                            "type": "Expression"
                        },
                        "queryTimeout": "02:00:00",
                        "partitionOption": "None"
                    },
                    "dataset": {
                        "referenceName": "azsyndna_ds",
                        "type": "DatasetReference",
                        "parameters": {
                            "pSynTable": "N",
                            "pSynSchema": "N"
                        }
                    }
                }
            },
            {
                "name": "Get Utility Parameters",
                "description": "Lookup dc_metadata.GDHDynamicADFParams to get parameters to be used for batch utility in pipeline MT_BatchUtility",
                "type": "Lookup",
                "dependsOn": [],
                "policy": {
                    "timeout": "7.00:00:00",
                    "retry": 0,
                    "retryIntervalInSeconds": 30,
                    "secureOutput": false,
                    "secureInput": false
                },
                "userProperties": [],
                "typeProperties": {
                    "source": {
                        "type": "SqlDWSource",
                        "sqlReaderQuery": {
                            "value": "SELECT Param_value AS params FROM dc_metadata.GDHDynamicADFParams WHERE Param_key='UtilParam' AND Project_Name='MarTech' AND Job_Name='MarTech_Egress' AND Process_Name='BatchDecryptUtil' AND Environment='@{pipeline().parameters.pEnvironment}'",
                            "type": "Expression"
                        },
                        "queryTimeout": "02:00:00",
                        "partitionOption": "None"
                    },
                    "dataset": {
                        "referenceName": "azsyndna_ds",
                        "type": "DatasetReference",
                        "parameters": {
                            "pSynTable": "N",
                            "pSynSchema": "N"
                        }
                    }
                }
            }
        ],
        "parameters": {
            "pFeedID": {
                "type": "string"
            },
            "pIngestionDB": {
                "type": "string",
                "defaultValue": "dbo"
            },
            "pCurationUser": {
                "type": "string",
                "defaultValue": "CurationUser"
            },
            "pProjectID": {
                "type": "string",
                "defaultValue": "69"
            },
            "pNumberOfAssets": {
                "type": "string"
            },
            "pCollectionPath": {
                "type": "string",
                "defaultValue": "PzDB/PzDB"
            },
            "pEnvironment": {
                "type": "string"
            }
        },
        "variables": {
            "vFeedFetchQry": {
                "type": "String"
            },
            "vEgressArray": {
                "type": "Array"
            },
            "vEgressStatusInd": {
                "type": "String"
            },
            "vCollectionStatusInd": {
                "type": "String"
            }
        },
        "folder": {
            "name": "MarTech/Egress/History/Wave3"
        },
        "annotations": []
    }
}