{
    "name": "MT_ValidFeedProcess",
    "properties": {
        "activities": [
            {
                "name": "Get Previous ETL Audit Status",
                "description": "Gets the ETL Audit Status  of the Feed from the previous run.",
                "type": "Lookup",
                "dependsOn": [
                    {
                        "activity": "Set Proceed Indicator",
                        "dependencyConditions": [
                            "Succeeded"
                        ]
                    }
                ],
                "policy": {
                    "timeout": "7.00:00:00",
                    "retry": 0,
                    "retryIntervalInSeconds": 30,
                    "secureOutput": false,
                    "secureInput": false
                },
                "userProperties": [],
                "typeProperties": {
                    "source": {
                        "type": "SqlDWSource",
                        "sqlReaderQuery": {
                            "value": "@replace('DECLARE @status_id NVARCHAR(20)\nDECLARE @feed_status NVARCHAR(20)\nDECLARE @audit_count NVARCHAR(20)\nDECLARE @feed_id NVARCHAR(20) = ''$FeedId''\n\nSELECT @audit_count = COUNT(*) FROM psa.ef_etl_audit WHERE feed_id = @feed_id\nIF @audit_count > 0\nBEGIN\n\tSELECT @status_id = id FROM psa.cf_feed_load_status WHERE status = ''STARTED'' AND active_flag = ''1''\n\tSELECT TOP 1 @feed_status =  feed_status_id FROM psa.ef_etl_audit WHERE feed_id = @feed_id ORDER BY dt_created DESC\n\tIF @status_id <>  @feed_status\n\t\tBEGIN\n\t\t\tSELECT ''0'' as Status\n\t\tEND\n\tELSE\n\t\tBEGIN\n\t\t\tSELECT ''-1'' as Status\n\t\tEND\nEND\nELSE\n\tBEGIN\n\t\t\tSELECT ''0'' as Status\n\tEND', '$FeedId', pipeline().parameters.pFeedID)",
                            "type": "Expression"
                        },
                        "queryTimeout": "02:00:00",
                        "partitionOption": "None"
                    },
                    "dataset": {
                        "referenceName": "azsyndna_ds",
                        "type": "DatasetReference",
                        "parameters": {
                            "pSynTable": "N",
                            "pSynSchema": "N"
                        }
                    }
                }
            },
            {
                "name": "Check Previous ETL Audit Status",
                "description": "Validates the ETL Audit Status  of the Feed from the previous run.",
                "type": "IfCondition",
                "dependsOn": [
                    {
                        "activity": "Get Previous ETL Audit Status",
                        "dependencyConditions": [
                            "Succeeded"
                        ]
                    }
                ],
                "userProperties": [],
                "typeProperties": {
                    "expression": {
                        "value": "@if(equals(activity('Get Previous ETL Audit Status').output.firstRow.Status,'0'), True, False)",
                        "type": "Expression"
                    },
                    "ifFalseActivities": [
                        {
                            "name": "CheckPreviousInstanceOfFeed",
                            "type": "Wait",
                            "dependsOn": [],
                            "userProperties": [],
                            "typeProperties": {
                                "waitTimeInSeconds": 1
                            }
                        }
                    ],
                    "ifTrueActivities": [
                        {
                            "name": "Set RunLog Start Date",
                            "description": "Sets the ETL Run Log Start Date to a variable, so that it could be used while calling the Stored Procedure to update the ETL Run Log Status.",
                            "type": "SetVariable",
                            "dependsOn": [],
                            "userProperties": [],
                            "typeProperties": {
                                "variableName": "vRunLogStartDate",
                                "value": {
                                    "value": "@utcnow()",
                                    "type": "Expression"
                                }
                            }
                        },
                        {
                            "name": "Generate ETL RunLogId",
                            "description": "Generate ETLRunlog for the Curation Process",
                            "type": "Lookup",
                            "dependsOn": [
                                {
                                    "activity": "Set RunLog Start Date",
                                    "dependencyConditions": [
                                        "Succeeded"
                                    ]
                                }
                            ],
                            "policy": {
                                "timeout": "7.00:00:00",
                                "retry": 0,
                                "retryIntervalInSeconds": 30,
                                "secureOutput": false,
                                "secureInput": false
                            },
                            "userProperties": [],
                            "typeProperties": {
                                "source": {
                                    "type": "AzureSqlSource",
                                    "sqlReaderStoredProcedureName": {
                                        "value": "@concat(pipeline().parameters.pIngestionDB,'.','ETLRunLogAddOrUpdate')",
                                        "type": "Expression"
                                    },
                                    "storedProcedureParameters": {
                                        "pDTCreated": {
                                            "type": "Datetime",
                                            "value": {
                                                "value": "@variables('vRunLogStartDate')",
                                                "type": "Expression"
                                            }
                                        },
                                        "pDTEnd": {
                                            "type": "String",
                                            "value": ""
                                        },
                                        "pDTStart": {
                                            "type": "Datetime",
                                            "value": {
                                                "value": "@variables('vRunLogStartDate')",
                                                "type": "Expression"
                                            }
                                        },
                                        "pETLProcessName": {
                                            "type": "String",
                                            "value": {
                                                "value": "@pipeline().Pipeline",
                                                "type": "Expression"
                                            }
                                        },
                                        "pETLProcessRunID": {
                                            "type": "String",
                                            "value": {
                                                "value": "@pipeline().RunId",
                                                "type": "Expression"
                                            }
                                        },
                                        "pETLRunLogID": {
                                            "type": "String",
                                            "value": ""
                                        },
                                        "pETLRunLogStatusID": {
                                            "type": "String",
                                            "value": "25001"
                                        },
                                        "pKeepValueFlag": {
                                            "type": "String",
                                            "value": "0"
                                        },
                                        "pUserCreated": {
                                            "type": "String",
                                            "value": {
                                                "value": "@pipeline().parameters.pCurationUser",
                                                "type": "Expression"
                                            }
                                        }
                                    },
                                    "queryTimeout": "02:00:00",
                                    "partitionOption": "None"
                                },
                                "dataset": {
                                    "referenceName": "azdbdna_ds_metadata",
                                    "type": "DatasetReference"
                                },
                                "firstRowOnly": true
                            }
                        },
                        {
                            "name": "Update Feed Status Started",
                            "description": "Update EF ETL Audit table",
                            "type": "SqlServerStoredProcedure",
                            "dependsOn": [
                                {
                                    "activity": "Generate ETL RunLogId",
                                    "dependencyConditions": [
                                        "Succeeded"
                                    ]
                                }
                            ],
                            "policy": {
                                "timeout": "7.00:00:00",
                                "retry": 0,
                                "retryIntervalInSeconds": 30,
                                "secureOutput": false,
                                "secureInput": false
                            },
                            "userProperties": [],
                            "typeProperties": {
                                "storedProcedureName": "[psa].[sp_ef_etl_audit]",
                                "storedProcedureParameters": {
                                    "feed_id": {
                                        "value": {
                                            "value": "@pipeline().parameters.pFeedID",
                                            "type": "Expression"
                                        },
                                        "type": "Int32"
                                    },
                                    "etl_runlog_id": {
                                        "value": {
                                            "value": "@activity('Generate ETL RunLogId').output.firstRow.ETLRunLogID",
                                            "type": "Expression"
                                        },
                                        "type": "Int32"
                                    },
                                    "feed_status": {
                                        "value": {
                                            "value": "STARTED",
                                            "type": "Expression"
                                        },
                                        "type": "String"
                                    }
                                }
                            },
                            "linkedServiceName": {
                                "referenceName": "azsyndna_curated_dw",
                                "type": "LinkedServiceReference"
                            }
                        },
                        {
                            "name": "FeedFailureUpdate",
                            "description": "Execute failure status update pipeline",
                            "type": "ExecutePipeline",
                            "dependsOn": [
                                {
                                    "activity": "Update Feed Status Started",
                                    "dependencyConditions": [
                                        "Failed"
                                    ]
                                }
                            ],
                            "userProperties": [],
                            "typeProperties": {
                                "pipeline": {
                                    "referenceName": "MT_FeedProcessFailure",
                                    "type": "PipelineReference"
                                },
                                "waitOnCompletion": true,
                                "parameters": {
                                    "pIngestionDB": {
                                        "value": "@pipeline().parameters.pIngestionDB",
                                        "type": "Expression"
                                    },
                                    "pUser": {
                                        "value": "@pipeline().parameters.pCurationUser",
                                        "type": "Expression"
                                    },
                                    "pRunLogID": {
                                        "value": "@activity('Generate ETL RunLogId').output.firstRow.ETLRunLogID",
                                        "type": "Expression"
                                    },
                                    "pRunLogstartDate": {
                                        "value": "@variables('vRunLogStartDate')",
                                        "type": "Expression"
                                    },
                                    "pFeedID": {
                                        "value": "@pipeline().parameters.pFeedID",
                                        "type": "Expression"
                                    },
                                    "pPipelineId": {
                                        "value": "@pipeline().Pipeline",
                                        "type": "Expression"
                                    },
                                    "pRunId": {
                                        "value": "@pipeline().RunId",
                                        "type": "Expression"
                                    },
                                    "pRunLogStatus": "25003"
                                }
                            }
                        },
                        {
                            "name": "SetFeedProceedIndicator",
                            "description": "Check the feed is active or onhold and set accordingly. ",
                            "type": "SetVariable",
                            "dependsOn": [
                                {
                                    "activity": "Update Feed Status Started",
                                    "dependencyConditions": [
                                        "Succeeded"
                                    ]
                                }
                            ],
                            "userProperties": [],
                            "typeProperties": {
                                "variableName": "vProceedFeed",
                                "value": {
                                    "value": "@if(equals(pipeline().parameters.pFeedStatusName,'Active'),'YES','HOLD')",
                                    "type": "Expression"
                                }
                            }
                        }
                    ]
                }
            },
            {
                "name": "Check To Proceed Feed",
                "description": "Check whether to proceed with Egress of Feed",
                "type": "Switch",
                "dependsOn": [
                    {
                        "activity": "Check Previous ETL Audit Status",
                        "dependencyConditions": [
                            "Succeeded"
                        ]
                    }
                ],
                "userProperties": [],
                "typeProperties": {
                    "on": {
                        "value": "@variables('vProceedFeed')",
                        "type": "Expression"
                    },
                    "cases": [
                        {
                            "value": "NO",
                            "activities": [
                                {
                                    "name": "DONOTProceedFeed",
                                    "type": "Wait",
                                    "dependsOn": [],
                                    "userProperties": [],
                                    "typeProperties": {
                                        "waitTimeInSeconds": 1
                                    }
                                }
                            ]
                        },
                        {
                            "value": "HOLD",
                            "activities": [
                                {
                                    "name": "Update ETLRunLog Failed",
                                    "description": "Update ETLRunLog Status to Failed",
                                    "type": "Lookup",
                                    "dependsOn": [],
                                    "policy": {
                                        "timeout": "7.00:00:00",
                                        "retry": 0,
                                        "retryIntervalInSeconds": 30,
                                        "secureOutput": false,
                                        "secureInput": false
                                    },
                                    "userProperties": [],
                                    "typeProperties": {
                                        "source": {
                                            "type": "AzureSqlSource",
                                            "sqlReaderStoredProcedureName": {
                                                "value": "@concat(pipeline().parameters.pIngestionDB,'.','ETLRunLogAddOrUpdate')",
                                                "type": "Expression"
                                            },
                                            "storedProcedureParameters": {
                                                "pDTCreated": {
                                                    "type": "Datetime",
                                                    "value": {
                                                        "value": "@variables('vRunLogStartDate')",
                                                        "type": "Expression"
                                                    }
                                                },
                                                "pDTEnd": {
                                                    "type": "Datetime",
                                                    "value": {
                                                        "value": "@utcnow()",
                                                        "type": "Expression"
                                                    }
                                                },
                                                "pDTStart": {
                                                    "type": "Datetime",
                                                    "value": {
                                                        "value": "@variables('vRunLogStartDate')",
                                                        "type": "Expression"
                                                    }
                                                },
                                                "pETLProcessName": {
                                                    "type": "String",
                                                    "value": {
                                                        "value": "@pipeline().Pipeline",
                                                        "type": "Expression"
                                                    }
                                                },
                                                "pETLProcessRunID": {
                                                    "type": "String",
                                                    "value": {
                                                        "value": "@pipeline().RunId",
                                                        "type": "Expression"
                                                    }
                                                },
                                                "pETLRunLogID": {
                                                    "type": "String",
                                                    "value": {
                                                        "value": "@activity('Generate ETL RunLogId').output.firstRow.ETLRunLogID",
                                                        "type": "Expression"
                                                    }
                                                },
                                                "pETLRunLogStatusID": {
                                                    "type": "String",
                                                    "value": {
                                                        "value": "25003",
                                                        "type": "Expression"
                                                    }
                                                },
                                                "pKeepValueFlag": {
                                                    "type": "String",
                                                    "value": "0"
                                                },
                                                "pUserCreated": {
                                                    "type": "String",
                                                    "value": {
                                                        "value": "@pipeline().parameters.pCurationUser",
                                                        "type": "Expression"
                                                    }
                                                }
                                            },
                                            "queryTimeout": "02:00:00",
                                            "partitionOption": "None"
                                        },
                                        "dataset": {
                                            "referenceName": "azdbdna_ds_metadata",
                                            "type": "DatasetReference"
                                        },
                                        "firstRowOnly": true
                                    }
                                },
                                {
                                    "name": "Update Feed Status OnHold",
                                    "description": "Update EF ETL Audit table",
                                    "type": "SqlServerStoredProcedure",
                                    "dependsOn": [
                                        {
                                            "activity": "Update ETLRunLog Failed",
                                            "dependencyConditions": [
                                                "Completed"
                                            ]
                                        }
                                    ],
                                    "policy": {
                                        "timeout": "7.00:00:00",
                                        "retry": 0,
                                        "retryIntervalInSeconds": 30,
                                        "secureOutput": false,
                                        "secureInput": false
                                    },
                                    "userProperties": [],
                                    "typeProperties": {
                                        "storedProcedureName": "[psa].[sp_ef_etl_audit]",
                                        "storedProcedureParameters": {
                                            "feed_id": {
                                                "value": {
                                                    "value": "@pipeline().parameters.pFeedID",
                                                    "type": "Expression"
                                                },
                                                "type": "Int32"
                                            },
                                            "etl_runlog_id": {
                                                "value": {
                                                    "value": "@activity('Generate ETL RunLogId').output.firstRow.ETLRunLogID",
                                                    "type": "Expression"
                                                },
                                                "type": "Int32"
                                            },
                                            "feed_status": {
                                                "value": {
                                                    "value": "ONHOLD",
                                                    "type": "Expression"
                                                },
                                                "type": "String"
                                            }
                                        }
                                    },
                                    "linkedServiceName": {
                                        "referenceName": "azsyndna_curated_dw",
                                        "type": "LinkedServiceReference"
                                    }
                                }
                            ]
                        },
                        {
                            "value": "YES",
                            "activities": [
                                {
                                    "name": "ExecuteProcessFeed",
                                    "description": "Execute Process Feed ",
                                    "type": "ExecutePipeline",
                                    "dependsOn": [],
                                    "userProperties": [],
                                    "typeProperties": {
                                        "pipeline": {
                                            "referenceName": "MT_ProcessFeed",
                                            "type": "PipelineReference"
                                        },
                                        "waitOnCompletion": true,
                                        "parameters": {
                                            "pFeedID": {
                                                "value": "@pipeline().parameters.pFeedID",
                                                "type": "Expression"
                                            },
                                            "pRunLogStartDate": {
                                                "value": "@variables('vRunLogStartDate')",
                                                "type": "Expression"
                                            },
                                            "pIngestionDB": {
                                                "value": "@pipeline().parameters.pIngestionDB",
                                                "type": "Expression"
                                            },
                                            "pUser": {
                                                "value": "@pipeline().parameters.pCurationUser",
                                                "type": "Expression"
                                            },
                                            "pRunLogID": {
                                                "value": "@activity('Generate ETL RunLogId').output.firstRow.ETLRunLogID",
                                                "type": "Expression"
                                            },
                                            "pPSATable": {
                                                "value": "@pipeline().parameters.pPSATable",
                                                "type": "Expression"
                                            },
                                            "pAssetList": {
                                                "value": "@pipeline().parameters.pAssetList",
                                                "type": "Expression"
                                            },
                                            "pPSASchema": {
                                                "value": "@pipeline().parameters.pPSASchema",
                                                "type": "Expression"
                                            },
                                            "pProjectID": {
                                                "value": "@pipeline().parameters.pProjectID",
                                                "type": "Expression"
                                            },
                                            "pCollectionPath": {
                                                "value": "@pipeline().parameters.pCollectionPath",
                                                "type": "Expression"
                                            },
                                            "pEnvironment": {
                                                "value": "@pipeline().parameters.pEnvironment",
                                                "type": "Expression"
                                            },
                                            "pSourceSAEndpoint": {
                                                "value": "@pipeline().parameters.pSourceSAEndpoint",
                                                "type": "Expression"
                                            },
                                            "pTargetSAEndpoint": {
                                                "value": "@pipeline().parameters.pTargetSAEndpoint",
                                                "type": "Expression"
                                            },
                                            "pBatchParams": {
                                                "value": "@pipeline().parameters.pBatchParams",
                                                "type": "Expression"
                                            }
                                        }
                                    }
                                },
                                {
                                    "name": "ExecureFeedFailureEgressLoad",
                                    "type": "ExecutePipeline",
                                    "dependsOn": [
                                        {
                                            "activity": "ExecuteProcessFeed",
                                            "dependencyConditions": [
                                                "Failed"
                                            ]
                                        }
                                    ],
                                    "userProperties": [],
                                    "typeProperties": {
                                        "pipeline": {
                                            "referenceName": "MT_FeedProcessFailure",
                                            "type": "PipelineReference"
                                        },
                                        "waitOnCompletion": true,
                                        "parameters": {
                                            "pIngestionDB": {
                                                "value": "@pipeline().parameters.pIngestionDB",
                                                "type": "Expression"
                                            },
                                            "pUser": {
                                                "value": "@pipeline().parameters.pCurationUser",
                                                "type": "Expression"
                                            },
                                            "pRunLogID": {
                                                "value": "@activity('Generate ETL RunLogId').output.firstRow.ETLRunLogID",
                                                "type": "Expression"
                                            },
                                            "pRunLogstartDate": {
                                                "value": "@variables('vRunLogStartDate')",
                                                "type": "Expression"
                                            },
                                            "pFeedID": {
                                                "value": "@pipeline().parameters.pFeedID",
                                                "type": "Expression"
                                            },
                                            "pPipelineId": {
                                                "value": "@pipeline().Pipeline",
                                                "type": "Expression"
                                            },
                                            "pRunId": {
                                                "value": "@pipeline().RunId",
                                                "type": "Expression"
                                            },
                                            "pRunLogStatus": {
                                                "value": "25003",
                                                "type": "Expression"
                                            }
                                        }
                                    }
                                }
                            ]
                        }
                    ]
                }
            },
            {
                "name": "Set Proceed Indicator",
                "description": "Initialize variable vProceedFeed",
                "type": "SetVariable",
                "dependsOn": [],
                "userProperties": [],
                "typeProperties": {
                    "variableName": "vProceedFeed",
                    "value": "NO"
                }
            }
        ],
        "parameters": {
            "pFeedID": {
                "type": "string"
            },
            "pIngestionDB": {
                "type": "string"
            },
            "pCurationUser": {
                "type": "string"
            },
            "pProjectID": {
                "type": "string"
            },
            "pFeedStatusName": {
                "type": "string"
            },
            "pPSATable": {
                "type": "string"
            },
            "pPSASchema": {
                "type": "string"
            },
            "pAssetList": {
                "type": "array"
            },
            "pCollectionPath": {
                "type": "string"
            },
            "pEnvironment": {
                "type": "string"
            },
            "pSourceSAEndpoint": {
                "type": "string"
            },
            "pTargetSAEndpoint": {
                "type": "string"
            },
            "pBatchParams": {
                "type": "string"
            }
        },
        "variables": {
            "vEgressReadyAssetList": {
                "type": "String"
            },
            "vFeedStatusQry": {
                "type": "String"
            },
            "vRunLogStartDate": {
                "type": "String"
            },
            "vProceedFeed": {
                "type": "String"
            }
        },
        "folder": {
            "name": "MarTech/Egress/History/Wave2"
        },
        "annotations": []
    }
}