{
	"name": "NONSAPFEEDAZUREROILandingMBWrapper",
	"properties": {
		"description": "This Pipeline basically created to move the ROI Feeds as part of NON SAP Wave 2 project ",
		"activities": [
			{
				"name": "calling Microbatch",
				"type": "ExecutePipeline",
				"dependsOn": [
					{
						"activity": "IterarteProjectParams",
						"dependencyConditions": [
							"Succeeded"
						]
					}
				],
				"userProperties": [],
				"typeProperties": {
					"pipeline": {
						"referenceName": "microbatchMaster",
						"type": "PipelineReference"
					},
					"waitOnCompletion": true,
					"parameters": {
						"project": {
							"value": "@pipeline().parameters.mbParams.project",
							"type": "Expression"
						},
						"env": {
							"value": "@pipeline().parameters.mbParams.env",
							"type": "Expression"
						},
						"pattern": {
							"value": "@pipeline().parameters.mbParams.pattern",
							"type": "Expression"
						},
						"srcContainer": {
							"value": "@variables('srcContainer')",
							"type": "Expression"
						},
						"srcPath": {
							"value": "@variables('srcFolder')",
							"type": "Expression"
						},
						"dstContainer": {
							"value": "@variables('dstContainer')",
							"type": "Expression"
						},
						"dstPath": {
							"value": "@variables('dstFolder')",
							"type": "Expression"
						},
						"storageAccntEndPoint": {
							"value": "@concat('https://',variables('storageAccnt'),'.blob.core.windows.net/')",
							"type": "Expression"
						},
						"extraCheckForMBStartIfAny": true,
						"flagName": "mb_flag",
						"feedMapFlag": "true",
						"incOrHistorical": "Incremental"
					}
				}
			},
			{
				"name": "ProjectParams",
				"description": "ProjectParams properties",
				"type": "Lookup",
				"dependsOn": [],
				"policy": {
					"timeout": "0.00:05:00",
					"retry": 0,
					"retryIntervalInSeconds": 30,
					"secureOutput": false,
					"secureInput": false
				},
				"userProperties": [],
				"typeProperties": {
					"source": {
						"type": "AzureSqlSource",
						"sqlReaderQuery": {
							"value": "select * from pr_ref.GDHDynamicADFParams where project_name='@{pipeline().parameters.mbParams.project}' and process_name in ('preprocess', 'microbatch') and environment ='@{pipeline().parameters.mbParams.env}'",
							"type": "Expression"
						},
						"queryTimeout": "00:20:00",
						"partitionOption": "None"
					},
					"dataset": {
						"referenceName": "azsqldna_projectref",
						"type": "DatasetReference",
						"parameters": {
							"schema": "pr_ref",
							"table": "GDHDynamicADFParams"
						}
					},
					"firstRowOnly": false
				}
			},
			{
				"name": "IterarteProjectParams",
				"type": "ForEach",
				"dependsOn": [
					{
						"activity": "ProjectParams",
						"dependencyConditions": [
							"Succeeded"
						]
					}
				],
				"userProperties": [],
				"typeProperties": {
					"items": {
						"value": "@activity('ProjectParams').output.value",
						"type": "Expression"
					},
					"isSequential": false,
					"activities": [
						{
							"name": "Switch1",
							"type": "Switch",
							"dependsOn": [],
							"userProperties": [],
							"typeProperties": {
								"on": {
									"value": "@item().param_key",
									"type": "Expression"
								},
								"cases": [
									{
										"value": "dst_container",
										"activities": [
											{
												"name": "Set dst container",
												"type": "SetVariable",
												"dependsOn": [],
												"policy": {
													"secureOutput": false,
													"secureInput": false
												},
												"userProperties": [],
												"typeProperties": {
													"variableName": "dstContainer",
													"value": {
														"value": "@item().param_value",
														"type": "Expression"
													}
												}
											}
										]
									},
									{
										"value": "dst_folder",
										"activities": [
											{
												"name": "Set destination folder",
												"type": "SetVariable",
												"dependsOn": [],
												"policy": {
													"secureOutput": false,
													"secureInput": false
												},
												"userProperties": [],
												"typeProperties": {
													"variableName": "dstFolder",
													"value": {
														"value": "@item().param_value",
														"type": "Expression"
													}
												}
											}
										]
									},
									{
										"value": "storage_account",
										"activities": [
											{
												"name": "Set SA",
												"type": "SetVariable",
												"dependsOn": [],
												"policy": {
													"secureOutput": false,
													"secureInput": false
												},
												"userProperties": [],
												"typeProperties": {
													"variableName": "storageAccnt",
													"value": {
														"value": "@item().param_value",
														"type": "Expression"
													}
												}
											}
										]
									},
									{
										"value": "storage_container",
										"activities": [
											{
												"name": "Set Container",
												"type": "SetVariable",
												"dependsOn": [],
												"policy": {
													"secureOutput": false,
													"secureInput": false
												},
												"userProperties": [],
												"typeProperties": {
													"variableName": "srcContainer",
													"value": {
														"value": "@item().param_value",
														"type": "Expression"
													}
												}
											}
										]
									},
									{
										"value": "src_path",
										"activities": [
											{
												"name": "Set variable1",
												"type": "SetVariable",
												"dependsOn": [],
												"policy": {
													"secureOutput": false,
													"secureInput": false
												},
												"userProperties": [],
												"typeProperties": {
													"variableName": "srcFolder",
													"value": {
														"value": "@item().param_value",
														"type": "Expression"
													}
												}
											}
										]
									}
								]
							}
						}
					]
				}
			}
		],
		"parameters": {
			"mbParams": {
				"type": "object",
				"defaultValue": {
					"project": "NONSAPFEEDAZUREROI",
					"env": "pp",
					"pattern": "NONSAPFEEDAZUREROI",
					"feedMapFlag": "true"
				}
			}
		},
		"variables": {
			"storageAccnt": {
				"type": "String"
			},
			"srcContainer": {
				"type": "String"
			},
			"srcFolder": {
				"type": "String"
			},
			"dstContainer": {
				"type": "String"
			},
			"dstFolder": {
				"type": "String"
			}
		},
		"folder": {
			"name": "NONSAPFEEDAZURE"
		},
		"annotations": []
	}
}