{
	"name": "ODHPreprocess",
	"properties": {
		"description": "Pre process Avro files received from event hub to csv files ",
		"activities": [
			{
				"name": "ProjectParams",
				"type": "Lookup",
				"dependsOn": [],
				"policy": {
					"timeout": "0.00:05:00",
					"retry": 0,
					"retryIntervalInSeconds": 30,
					"secureOutput": false,
					"secureInput": false
				},
				"userProperties": [],
				"typeProperties": {
					"source": {
						"type": "AzureSqlSource",
						"sqlReaderQuery": {
							"value": "select * from pr_ref.GDHDynamicADFParams where project_name='@{pipeline().parameters.odhParams.project}' and process_name='preprocess' and environment ='@{pipeline().parameters.odhParams.env}'",
							"type": "Expression"
						},
						"queryTimeout": "00:20:00",
						"partitionOption": "None"
					},
					"dataset": {
						"referenceName": "azsqldna_projectref",
						"type": "DatasetReference",
						"parameters": {
							"schema": "pr_ref",
							"table": "GDHDynamicADFParams"
						}
					},
					"firstRowOnly": false
				}
			},
			{
				"name": "IterarteProjectParams",
				"type": "ForEach",
				"dependsOn": [
					{
						"activity": "ProjectParams",
						"dependencyConditions": [
							"Succeeded"
						]
					}
				],
				"userProperties": [],
				"typeProperties": {
					"items": {
						"value": "@activity('ProjectParams').output.value",
						"type": "Expression"
					},
					"isSequential": false,
					"activities": [
						{
							"name": "Switch1",
							"type": "Switch",
							"dependsOn": [],
							"userProperties": [],
							"typeProperties": {
								"on": {
									"value": "@item().param_key",
									"type": "Expression"
								},
								"cases": [
									{
										"value": "prep_prefix",
										"activities": [
											{
												"name": "Set prep",
												"type": "SetVariable",
												"dependsOn": [],
												"userProperties": [],
												"typeProperties": {
													"variableName": "prepPrefix",
													"value": {
														"value": "@item().Param_value",
														"type": "Expression"
													}
												}
											}
										]
									},
									{
										"value": "preplogs_prefix",
										"activities": [
											{
												"name": "Set prep logs",
												"type": "SetVariable",
												"dependsOn": [],
												"userProperties": [],
												"typeProperties": {
													"variableName": "prepLogsPrefix",
													"value": {
														"value": "@item().Param_value",
														"type": "Expression"
													}
												}
											}
										]
									},
									{
										"value": "storage_account",
										"activities": [
											{
												"name": "Set storage account",
												"type": "SetVariable",
												"dependsOn": [],
												"userProperties": [],
												"typeProperties": {
													"variableName": "SA",
													"value": {
														"value": "@item().Param_value",
														"type": "Expression"
													}
												}
											}
										]
									},
									{
										"value": "storage_container",
										"activities": [
											{
												"name": "Set container",
												"type": "SetVariable",
												"dependsOn": [],
												"userProperties": [],
												"typeProperties": {
													"variableName": "container",
													"value": {
														"value": "@item().Param_value",
														"type": "Expression"
													}
												}
											}
										]
									},
									{
										"value": "src_prefix",
										"activities": [
											{
												"name": "Set src prefix",
												"type": "SetVariable",
												"dependsOn": [],
												"userProperties": [],
												"typeProperties": {
													"variableName": "srcPrefix",
													"value": {
														"value": "@item().Param_value",
														"type": "Expression"
													}
												}
											}
										]
									},
									{
										"value": "archive_prefix",
										"activities": [
											{
												"name": "Set archive prefix",
												"type": "SetVariable",
												"dependsOn": [],
												"userProperties": [],
												"typeProperties": {
													"variableName": "archivePrefix",
													"value": {
														"value": "@item().Param_value",
														"type": "Expression"
													}
												}
											}
										]
									},
									{
										"value": "python_script",
										"activities": [
											{
												"name": "Set python script",
												"type": "SetVariable",
												"dependsOn": [],
												"userProperties": [],
												"typeProperties": {
													"variableName": "pythonScript",
													"value": {
														"value": "@item().Param_value",
														"type": "Expression"
													}
												}
											}
										]
									},
									{
										"value": "size_to_rollout",
										"activities": [
											{
												"name": "Set size of file",
												"type": "SetVariable",
												"dependsOn": [],
												"userProperties": [],
												"typeProperties": {
													"variableName": "sizeToRollOut",
													"value": {
														"value": "@item().Param_value",
														"type": "Expression"
													}
												}
											}
										]
									},
									{
										"value": "webhook_url",
										"activities": [
											{
												"name": "Set variable1",
												"type": "SetVariable",
												"dependsOn": [],
												"userProperties": [],
												"typeProperties": {
													"variableName": "webhookUrl",
													"value": {
														"value": "@item().param_value",
														"type": "Expression"
													}
												}
											}
										]
									}
								]
							}
						}
					]
				}
			},
			{
				"name": "ODHWebHook",
				"description": "this calls ODHProcessor Runbook in gbit-support automation account through ODHWebhook created (webhook has  about 2 year expiry)",
				"type": "WebHook",
				"dependsOn": [
					{
						"activity": "IterarteProjectParams",
						"dependencyConditions": [
							"Succeeded"
						]
					}
				],
				"userProperties": [],
				"typeProperties": {
					"url": {
						"value": "@variables('webhookUrl')",
						"type": "Expression"
					},
					"method": "POST",
					"headers": {
						"message": "StartedbyWBA"
					},
					"body": {
						"value": "@json(concat('{ \"StorageAccountName\": \"',variables('SA'),'\"' \n            ,', \"srcPrefix\": \"',variables('srcPrefix'),'\"'\n\t\t\t,', \"StorageContainerName\": \"',variables('container'),'\"'\n           ,', \"archivePrefix\": \"',variables('archivePrefix'),'\"'\n           ,', \"prepPrefix\": \"',variables('prepPrefix'),'\"'\n           ,', \"prepLogsPrefix\": \"',variables('prepLogsPrefix'),'\"'\n           ,', \"sizeToRollOut\": \"',variables('sizeToRollOut'),'\"'\n\t\t   ,', \"pythonScript\": \"',variables('pythonScript'),'\"'\n           ,'}'))",
						"type": "Expression"
					},
					"timeout": "10:00:00",
					"reportStatusOnCallBack": true
				}
			},
			{
				"name": "Send Email",
				"description": "Send Email to team",
				"type": "WebActivity",
				"dependsOn": [
					{
						"activity": "ODHWebHook",
						"dependencyConditions": [
							"Completed"
						]
					}
				],
				"policy": {
					"timeout": "7.00:00:00",
					"retry": 0,
					"retryIntervalInSeconds": 30,
					"secureOutput": false,
					"secureInput": false
				},
				"userProperties": [],
				"typeProperties": {
					"url": "https://prod-12.northeurope.logic.azure.com:443/workflows/e2a60e24cbd247ffadb53e78bdfcf6d9/triggers/manual/paths/invoke?api-version=2016-10-01&sp=%2Ftriggers%2Fmanual%2Frun&sv=1.0&sig=7yHM_Be8Cwclwaqsh3fOQg5apJjZ52BrSchw9AhMlpo",
					"method": "POST",
					"body": {
						"value": "@concat('{\"BodyText\":\"',if(equals(activity('ODHWebHook').output.message,'Preprocess completed successfully'),'ODH Preprocess completed successfully','ODH Preprocess failed : '),pipeline().RunId,'\",\"EmailFrom\":\"gba.retailersboots.co.uk\",\"EmailTo\":\"gourik.nandy@boots.co.uk\",\"Subject\":\"ODH Pre-Process Alert\"}')",
						"type": "Expression"
					}
				}
			}
		],
		"parameters": {
			"odhParams": {
				"type": "object",
				"defaultValue": {
					"project": "ODH",
					"env": "pp"
				}
			}
		},
		"variables": {
			"container": {
				"type": "String"
			},
			"srcPrefix": {
				"type": "String"
			},
			"archivePrefix": {
				"type": "String"
			},
			"prepPrefix": {
				"type": "String"
			},
			"sizeToRollOut": {
				"type": "String"
			},
			"pythonScript": {
				"type": "String"
			},
			"SA": {
				"type": "String"
			},
			"prepLogsPrefix": {
				"type": "String"
			},
			"webhookUrl": {
				"type": "String"
			}
		},
		"folder": {
			"name": "ODH"
		},
		"annotations": []
	}
}