{
	"name": "param_limit_POC",
	"properties": {
		"activities": [
			{
				"name": "project_name",
				"type": "SetVariable",
				"dependsOn": [
					{
						"activity": "Param_list",
						"dependencyConditions": [
							"Succeeded"
						]
					}
				],
				"userProperties": [],
				"typeProperties": {
					"variableName": "project_name",
					"value": {
						"value": "@pipeline().parameters.param_list.project_name",
						"type": "Expression"
					}
				}
			},
			{
				"name": "Environment",
				"type": "SetVariable",
				"dependsOn": [
					{
						"activity": "Param_list",
						"dependencyConditions": [
							"Succeeded"
						]
					}
				],
				"userProperties": [],
				"typeProperties": {
					"variableName": "environment",
					"value": {
						"value": "@pipeline().parameters.param_list.Environment",
						"type": "Expression"
					}
				}
			},
			{
				"name": "Param_list",
				"type": "SetVariable",
				"dependsOn": [],
				"userProperties": [],
				"typeProperties": {
					"variableName": "param_list",
					"value": {
						"value": "@string(pipeline().parameters.param_list)",
						"type": "Expression"
					}
				}
			},
			{
				"name": "Filename",
				"type": "SetVariable",
				"dependsOn": [
					{
						"activity": "Param_list",
						"dependencyConditions": [
							"Succeeded"
						]
					}
				],
				"userProperties": [],
				"typeProperties": {
					"variableName": "Filename",
					"value": {
						"value": "@pipeline().parameters.param_list.Filename",
						"type": "Expression"
					}
				}
			},
			{
				"name": "Folderpath",
				"type": "SetVariable",
				"dependsOn": [
					{
						"activity": "Param_list",
						"dependencyConditions": [
							"Succeeded"
						]
					}
				],
				"userProperties": [],
				"typeProperties": {
					"variableName": "Folderpath",
					"value": {
						"value": "@pipeline().parameters.param_list.Folderpath",
						"type": "Expression"
					}
				}
			}
		],
		"parameters": {
			"param_list": {
				"type": "object",
				"defaultValue": {
					"project_name": "GA",
					"Filename": "filename",
					"Environment": "pp",
					"Folderpath": "BUKIT/GA/BootsUK_Core_Metrics_Clickstream_Data_ROI_Daily_GA/Incremental/",
					"type": "ROI_Daily"
				}
			}
		},
		"variables": {
			"project_name": {
				"type": "String"
			},
			"environment": {
				"type": "String"
			},
			"param_list": {
				"type": "String"
			},
			"Filename": {
				"type": "String"
			},
			"Folderpath": {
				"type": "String"
			}
		},
		"folder": {
			"name": "GA"
		},
		"annotations": []
	}
}