{
	"name": "pipeline2",
	"properties": {
		"activities": [
			{
				"name": "Copy Files to Landing_copy1",
				"type": "Copy",
				"dependsOn": [
					{
						"activity": "Lookup1",
						"dependencyConditions": [
							"Succeeded"
						]
					}
				],
				"policy": {
					"timeout": "0.00:20:00",
					"retry": 0,
					"retryIntervalInSeconds": 30,
					"secureOutput": false,
					"secureInput": false
				},
				"userProperties": [],
				"typeProperties": {
					"source": {
						"type": "BinarySource",
						"storeSettings": {
							"type": "AzureBlobStorageReadSettings",
							"recursive": true,
							"deleteFilesAfterCompletion": true
						},
						"formatSettings": {
							"type": "BinaryReadSettings"
						}
					},
					"sink": {
						"type": "BinarySink",
						"storeSettings": {
							"type": "AzureBlobStorageWriteSettings"
						}
					},
					"enableStaging": false
				},
				"inputs": [
					{
						"referenceName": "azbin_generic_blob",
						"type": "DatasetReference",
						"parameters": {
							"container": "@pipeline().parameters.srcContainer",
							"directory": "@pipeline().parameters.srcFolder",
							"fileName": "@pipeline().parameters.srcFileName",
							"SAEndPoint": "@pipeline().parameters.saEndPoint"
						}
					}
				],
				"outputs": [
					{
						"referenceName": "azbin_generic_blob",
						"type": "DatasetReference",
						"parameters": {
							"container": "@pipeline().parameters.dstContainer",
							"directory": "@pipeline().parameters.dstFolder",
							"fileName": {
								"value": "@pipeline().parameters.srcFileName",
								"type": "Expression"
							},
							"SAEndPoint": "@pipeline().parameters.saEndPoint"
						}
					}
				]
			},
			{
				"name": "Lookup1",
				"type": "Lookup",
				"dependsOn": [],
				"policy": {
					"timeout": "0.12:00:00",
					"retry": 0,
					"retryIntervalInSeconds": 30,
					"secureOutput": false,
					"secureInput": false
				},
				"userProperties": [],
				"typeProperties": {
					"source": {
						"type": "AzureSqlSource",
						"sqlReaderQuery": {
							"value": "select * from pr_ref.GDHDynamicADFParams where project_name='@{pipeline().parameters.project}' and environment ='@{pipeline().parameters.env}'",
							"type": "Expression"
						},
						"queryTimeout": "02:00:00",
						"partitionOption": "None"
					},
					"dataset": {
						"referenceName": "azsqldna_projectref",
						"type": "DatasetReference",
						"parameters": {
							"schema": "pr_ref",
							"table": "GDHDynamicADFParams"
						}
					}
				}
			}
		],
		"parameters": {
			"srcContainer": {
				"type": "string"
			},
			"dstContainer": {
				"type": "string"
			},
			"srcFolder": {
				"type": "string"
			},
			"dstFolder": {
				"type": "string"
			},
			"saEndPoint": {
				"type": "string"
			},
			"srcFileName": {
				"type": "string"
			},
			"project": {
				"type": "string"
			},
			"env": {
				"type": "string"
			}
		},
		"folder": {
			"name": "Copy"
		},
		"annotations": []
	}
}