{
	"name": "ProcessDependantFeeds",
	"properties": {
		"activities": [
			{
				"name": "IterateDependantFeeds",
				"description": "Iterate through the comma separated list of Dependant Feed Ids. ",
				"type": "ForEach",
				"dependsOn": [],
				"userProperties": [],
				"typeProperties": {
					"items": {
						"value": "@split(pipeline().parameters.pDependentFeeds,',')",
						"type": "Expression"
					},
					"isSequential": true,
					"activities": [
						{
							"name": "ValdiateDependantFeedId",
							"description": "Validate the Dependent Feed Id in the current iteration. ",
							"type": "IfCondition",
							"dependsOn": [],
							"userProperties": [],
							"typeProperties": {
								"expression": {
									"value": "@if(and(not(empty(item())), greater(length(item()),0)),True, False)",
									"type": "Expression"
								},
								"ifFalseActivities": [
									{
										"name": "InvalidDependantFeedId",
										"type": "Wait",
										"dependsOn": [],
										"userProperties": [],
										"typeProperties": {
											"waitTimeInSeconds": 1
										}
									}
								],
								"ifTrueActivities": [
									{
										"name": "GetFeedDetails",
										"description": "Gets the Feed Details for the Dependent Feed Id.",
										"type": "Lookup",
										"dependsOn": [
											{
												"activity": "SetFeedDetailsQuery",
												"dependencyConditions": [
													"Succeeded"
												]
											}
										],
										"policy": {
											"timeout": "7.00:00:00",
											"retry": 0,
											"retryIntervalInSeconds": 30,
											"secureOutput": false,
											"secureInput": false
										},
										"userProperties": [],
										"typeProperties": {
											"source": {
												"type": "AzureSqlSource",
												"sqlReaderQuery": {
													"value": "@replace(replace(variables('vGetFeedsQuery'), '$pFeedID', item()),  '$schemaName', pipeline().parameters.pMetadataDBSchema)",
													"type": "Expression"
												},
												"queryTimeout": "02:00:00",
												"partitionOption": "None"
											},
											"dataset": {
												"referenceName": "azdbdna_ds_metadata",
												"type": "DatasetReference"
											},
											"firstRowOnly": true
										}
									},
									{
										"name": "SetFeedDetailsQuery",
										"description": "Sets the Feed Details query to the variable vGetFeedsQuery.",
										"type": "SetVariable",
										"dependsOn": [],
										"userProperties": [],
										"typeProperties": {
											"variableName": "vGetFeedsQuery",
											"value": "DECLARE @RC int\nDECLARE @pAssetID nvarchar(20)\nDECLARE @pFeedID nvarchar(20) = $pFeedID\nDECLARE @pAssetStatusID nvarchar(20)\nDECLARE @pProjectID nvarchar(20)\nDECLARE @pSourceRangeID nvarchar(20)\nDECLARE @pTargetLayer nvarchar(128)\nDECLARE @pLatestAssetFlag nchar(1) = '1'\n\n\nDECLARE @AssetListJSON table(AssetListJSON nvarchar(max), ProcedureStatus int, ProcedureMessage nvarchar(max))\n \ninsert into @AssetListJSON(AssetListJSON, ProcedureStatus, ProcedureMessage)\nEXECUTE @RC = [$schemaName].[AssetToProcessGet]\n   @pAssetID\n  ,@pFeedID\n  ,@pAssetStatusID\n  ,@pProjectID\n  ,@pSourceRangeID\n  ,@pTargetLayer\n  ,@pLatestAssetFlag;\n\n\nwith AssetList (AssetList)\nas (\nselect JSON_QUERY(AssetListJSON, '$.AssetList') AssetList\nfrom @AssetListJSON\n),\nAssetListArray(AssetList) \nas (\nselect AssetList\nfrom AssetList\n),\nAssetListTable \nas (\nselect \nAssetID\n, FeedID\n, AssetName\n, AssetLocation\n, SystemOfRecordID\n, LoadTargetSchema\n, LoadTargetTable\n, PSATargetSchema\n, PSATargetTable\n, FeedStatusName\nfrom AssetListArray ala cross apply \nOPENJSON(AssetList) \nWITH (\n  AssetID            int                '$.AssetID'\n, FeedID             int                '$.FeedID'\n, AssetName          nvarchar(100)    '$.AssetName'\n, AssetLocation      nvarchar(500)    '$.AssetLocation'\n, RunLogId           int                '$.RunLogId'\n, StatusID           int                '$.StatusID'\n, StatusName         nvarchar(100)    '$.StatusName'\n, ProjectID          int                '$.ProjectID'\n, ProjectName        nvarchar(500)    '$.ProjectName'\n, SourceRangeID      int                '$.SourceRangeID'\n, SourceRangeName    nvarchar(500)    '$.SourceRangeName'\n, SourceSystemID     int                '$.SourceSystemID'\n, SourceSystemName   nvarchar(500)    '$.SourceSystemName'\n, SystemOfRecordID   int                '$.SystemOfRecordID'\n, SystemOfRecordName nvarchar(500)    '$.SystemOfRecordName'\n, LoadTargetSchema   nvarchar(100)    '$.LoadTargetSchema'\n, LoadTargetTable    nvarchar(100)    '$.LoadTargetTable'\n, PSATargetSchema    nvarchar(100)    '$.PSATargetSchema'\n, PSATargetTable     nvarchar(100)    '$.PSATargetTable'\n, FeedStatusName     nvarchar(50)     '$.FeedStatusName'\n) \n),AssetListFeedID \nas (\nselect FeedID\n    , LoadTargetSchema\n    , LoadTargetTable\n    , PSATargetSchema\n    , PSATargetTable\n    , SystemOfRecordID\n    , FeedStatusName\nfrom AssetListTable\ngroup by FeedID\n    , LoadTargetSchema\n    , LoadTargetTable\n    , PSATargetSchema\n    , PSATargetTable\n    , SystemOfRecordID\n    , FeedStatusName\n)\nselect \n    FeedID = alfi.FeedID \n    , alfi.LoadTargetSchema\n    , alfi.LoadTargetTable\n    , alfi.PSATargetSchema\n    , alfi.PSATargetTable\n    , alfi.SystemOfRecordID\n    , alfi.FeedStatusName\n    , AssetList = (\n    select \n        alt.AssetID\n        , alt.AssetName\n        , SUBSTRING(alt.AssetLocation,CHARINDEX('/', alt.AssetLocation, 1)+1,CHARINDEX('/', alt.AssetLocation, 2)-2) as Container\n        , SUBSTRING(alt.AssetLocation,CHARINDEX('/', alt.AssetLocation, 2)+1,LEN(alt.AssetLocation)-CHARINDEX('/', alt.AssetLocation, 2) - 1) as AssetLocation,\n        'UTF-8' Encoding\n    from \n        AssetListTable alt\n    where\n        alt.FeedID = alfi.FeedID\n    order by alt.AssetName\n    for json path\n    )\nfrom AssetListFeedID alfi"
										}
									},
									{
										"name": "AppendFeedStatus",
										"description": "Append the Dependent Feed Status as either Active or Inactive in the array vDependantFeedStatus.",
										"type": "AppendVariable",
										"dependsOn": [
											{
												"activity": "GetFeedDetails",
												"dependencyConditions": [
													"Succeeded"
												]
											}
										],
										"userProperties": [],
										"typeProperties": {
											"variableName": "vDependantFeedStatus",
											"value": {
												"value": "@if(contains(activity('GetFeedDetails').output, 'firstRow'), activity('GetFeedDetails').output.firstRow.FeedStatusName, 'Inactive')",
												"type": "Expression"
											}
										}
									}
								]
							}
						}
					]
				}
			},
			{
				"name": "ValidateDependantFeedStatus",
				"description": "Validate the all elements in the vDependentFeedStatus array.",
				"type": "IfCondition",
				"dependsOn": [
					{
						"activity": "IterateDependantFeeds",
						"dependencyConditions": [
							"Succeeded"
						]
					}
				],
				"userProperties": [
					{
						"name": "prop",
						"value": "1"
					}
				],
				"typeProperties": {
					"expression": {
						"value": "@if(or(equals(length(variables('vDependantFeedStatus')),0),not(contains(variables('vDependantFeedStatus'),'Active'))),False,if(contains(variables('vDependantFeedStatus'), 'On hold'),False,True))",
						"type": "Expression"
					},
					"ifFalseActivities": [
						{
							"name": "UpdateETLRunLogFailureStatus",
							"description": "Call Stored Procedure '[dbo].[ETLRunLogAddOrUpdate]'\nArguments:\npDTCreated(CurrentTime)\npDTEnd(Blank)\npDTStart(Blank)\npETLProcessName(PipelineName)\npETLProcessRunID(PipelineId)\npETLRunLogID(Blank)\npETLRunLogStatusID(25001-Running)\npKeepValueFlag(0)\npUserCreated('CuratedUser')\n\n\nTHIS ACTIVITY WILL RETURN BACK A 'ETLRunLogID'",
							"type": "Lookup",
							"dependsOn": [
								{
									"activity": "ExecuteETLAuditOnHoldQuery",
									"dependencyConditions": [
										"Succeeded"
									]
								}
							],
							"policy": {
								"timeout": "7.00:00:00",
								"retry": 0,
								"retryIntervalInSeconds": 30,
								"secureOutput": false,
								"secureInput": false
							},
							"userProperties": [],
							"typeProperties": {
								"source": {
									"type": "AzureSqlSource",
									"sqlReaderStoredProcedureName": {
										"value": "@concat(pipeline().parameters.pMetadataDBSchema,'.','ETLRunLogAddOrUpdate')",
										"type": "Expression"
									},
									"storedProcedureParameters": {
										"pDTCreated": {
											"type": "Datetime",
											"value": {
												"value": "@pipeline().parameters.pETLRunLogStartDate",
												"type": "Expression"
											}
										},
										"pDTEnd": {
											"type": "Datetime",
											"value": {
												"value": "@utcnow()",
												"type": "Expression"
											}
										},
										"pDTStart": {
											"type": "Datetime",
											"value": {
												"value": "@pipeline().parameters.pETLRunLogStartDate",
												"type": "Expression"
											}
										},
										"pETLProcessName": {
											"type": "String",
											"value": {
												"value": "@pipeline().Pipeline",
												"type": "Expression"
											}
										},
										"pETLProcessRunID": {
											"type": "String",
											"value": {
												"value": "@pipeline().RunId",
												"type": "Expression"
											}
										},
										"pETLRunLogID": {
											"type": "String",
											"value": {
												"value": "@pipeline().parameters.pETLRunLogId",
												"type": "Expression"
											}
										},
										"pETLRunLogStatusID": {
											"type": "String",
											"value": "25003"
										},
										"pKeepValueFlag": {
											"type": "String",
											"value": "0"
										},
										"pUserCreated": {
											"type": "String",
											"value": {
												"value": "@pipeline().parameters.pUserCreated",
												"type": "Expression"
											}
										}
									},
									"queryTimeout": "02:00:00",
									"partitionOption": "None"
								},
								"dataset": {
									"referenceName": "azdbdna_ds_metadata",
									"type": "DatasetReference"
								},
								"firstRowOnly": true
							}
						},
						{
							"name": "ExecuteETLAuditOnHoldQuery",
							"description": "Updates the ETL Audit Table with the status Started,",
							"type": "Lookup",
							"dependsOn": [],
							"policy": {
								"timeout": "7.00:00:00",
								"retry": 0,
								"retryIntervalInSeconds": 30,
								"secureOutput": false,
								"secureInput": false
							},
							"userProperties": [],
							"typeProperties": {
								"source": {
									"type": "SqlDWSource",
									"sqlReaderQuery": {
										"value": "@replace(replace('DECLARE @id nvarchar(20)\nDECLARE @date SMALLDATETIME\nSELECT @date = CURRENT_TIMESTAMP\nSELECT @id = id FROM [psa].[cf_feed_load_status] WHERE status = ''ONHOLD''\nINSERT INTO [psa].[cf_etl_audit] VALUES (''$FeedId'', ''$ETLRunLogId'', @id, @date, ''gssadmin'')\nIF @@ERROR = 0\n\tBEGIN\n\t\tSELECT 1 AS ''ProcedureStatus'';\n\tEND\nELSE\n\tBEGIN\n\t\tSELECT -1 AS ''ProcedureStatus'';\n\tEND', '$FeedId', pipeline().parameters.pFeedId), '$ETLRunLogId', pipeline().parameters.pETLRunLogId)",
										"type": "Expression"
									},
									"queryTimeout": "02:00:00",
									"partitionOption": "None"
								},
								"dataset": {
									"referenceName": "azsyndna_ds",
									"type": "DatasetReference",
									"parameters": {
										"pSynTable": "cf_etl_audit",
										"pSynSchema": "psa"
									}
								}
							}
						},
						{
							"name": "UpdateFeedFailureStatus",
							"type": "SqlServerStoredProcedure",
							"dependsOn": [
								{
									"activity": "UpdateETLRunLogFailureStatus",
									"dependencyConditions": [
										"Succeeded"
									]
								}
							],
							"policy": {
								"timeout": "7.00:00:00",
								"retry": 0,
								"retryIntervalInSeconds": 30,
								"secureOutput": false,
								"secureInput": false
							},
							"userProperties": [],
							"typeProperties": {
								"storedProcedureName": "[dbo].[FeedStatusChange]",
								"storedProcedureParameters": {
									"pFeedID": {
										"value": {
											"value": "@pipeline().parameters.pFeedId",
											"type": "Expression"
										},
										"type": "String"
									},
									"pStatusID": {
										"value": "23003",
										"type": "String"
									},
									"pDTCreated": {
										"value": {
											"value": "@utcnow()",
											"type": "Expression"
										},
										"type": "Datetime"
									},
									"pUserCreated": {
										"value": {
											"value": "@pipeline().parameters.pUserCreated",
											"type": "Expression"
										},
										"type": "String"
									}
								}
							},
							"linkedServiceName": {
								"referenceName": "azsqldbdna_curated_audit",
								"type": "LinkedServiceReference"
							}
						}
					],
					"ifTrueActivities": [
						{
							"name": "ExecuteProcessAssets",
							"description": "Execute ProcessAssets pipeline.",
							"type": "ExecutePipeline",
							"dependsOn": [],
							"userProperties": [],
							"typeProperties": {
								"pipeline": {
									"referenceName": "ProcessAssets",
									"type": "PipelineReference"
								},
								"waitOnCompletion": true,
								"parameters": {
									"pMetadataDBSchema": {
										"value": "@pipeline().parameters.pMetadataDBSchema",
										"type": "Expression"
									},
									"pFeedId": {
										"value": "@pipeline().parameters.pFeedId",
										"type": "Expression"
									},
									"pAssets": {
										"value": "@pipeline().parameters.pAssetList",
										"type": "Expression"
									},
									"pETLRunLogId": {
										"value": "@pipeline().parameters.pETLRunLogId",
										"type": "Expression"
									},
									"pETLRunLogStartDate": {
										"value": "@pipeline().parameters.pETLRunLogStartDate",
										"type": "Expression"
									},
									"pPSASchema": {
										"value": "@pipeline().parameters.pPSASchema",
										"type": "Expression"
									},
									"pPSATableName": {
										"value": "@pipeline().parameters.pPSATableName",
										"type": "Expression"
									},
									"pUserCreated": {
										"value": "@pipeline().parameters.pUserCreated",
										"type": "Expression"
									}
								}
							}
						},
						{
							"name": "ExecuteAssetProcessFailure",
							"type": "ExecutePipeline",
							"dependsOn": [
								{
									"activity": "ExecuteProcessAssets",
									"dependencyConditions": [
										"Failed"
									]
								}
							],
							"userProperties": [],
							"typeProperties": {
								"pipeline": {
									"referenceName": "AssetProcessFailure",
									"type": "PipelineReference"
								},
								"waitOnCompletion": true,
								"parameters": {
									"pAssetList": {
										"value": "@string(pipeline().parameters.pAssetList)",
										"type": "Expression"
									},
									"pIngestionDB": {
										"value": "@pipeline().parameters.pMetadataDBSchema",
										"type": "Expression"
									},
									"pUser": {
										"value": "@pipeline().parameters.pUserCreated",
										"type": "Expression"
									},
									"pRunLogID": {
										"value": "@pipeline().parameters.pETLRunLogId",
										"type": "Expression"
									},
									"pRunLogstartDate": {
										"value": "@pipeline().parameters.pETLRunLogStartDate",
										"type": "Expression"
									},
									"pFeedID": {
										"value": "@pipeline().parameters.pFeedId",
										"type": "Expression"
									},
									"pStatusID": "24029",
									"pPipeline": {
										"value": "@pipeline().Pipeline",
										"type": "Expression"
									},
									"pRunId": {
										"value": "@pipeline().RunId",
										"type": "Expression"
									}
								}
							}
						}
					]
				}
			}
		],
		"parameters": {
			"pMetadataDBSchema": {
				"type": "string",
				"defaultValue": "dbo"
			},
			"pAssetList": {
				"type": "string"
			},
			"pFeedId": {
				"type": "string"
			},
			"pDependentFeeds": {
				"type": "string"
			},
			"pETLRunLogId": {
				"type": "string"
			},
			"pETLRunLogStartDate": {
				"type": "string"
			},
			"pPSASchema": {
				"type": "string"
			},
			"pPSATableName": {
				"type": "string"
			},
			"pUserCreated": {
				"type": "string"
			}
		},
		"variables": {
			"vGetFeedsQuery": {
				"type": "String"
			},
			"vDependantFeedStatus": {
				"type": "Array"
			}
		},
		"folder": {
			"name": "IncrementalCurate/PSAToServe/FeedProcess"
		},
		"annotations": []
	}
}