{
	"name": "ProcessAssetsCleansed",
	"properties": {
		"activities": [
			{
				"name": "SetAssetStatusToPrepareLoad",
				"description": "Set Asset status to PrepareLoad in IF metadata",
				"type": "Lookup",
				"dependsOn": [],
				"policy": {
					"timeout": "7.00:00:00",
					"retry": 0,
					"retryIntervalInSeconds": 30,
					"secureOutput": false,
					"secureInput": false
				},
				"userProperties": [],
				"typeProperties": {
					"source": {
						"type": "AzureSqlSource",
						"sqlReaderStoredProcedureName": {
							"value": "@concat(pipeline().parameters.pIngestionDB,'.','AssetStatusChange')",
							"type": "Expression"
						},
						"storedProcedureParameters": {
							"pAssetID": {
								"type": "String",
								"value": {
									"value": "@pipeline().parameters.pAssetID",
									"type": "Expression"
								}
							},
							"pDTCreated": {
								"type": "Datetime",
								"value": {
									"value": "@utcnow()",
									"type": "Expression"
								}
							},
							"pStatusID": {
								"type": "String",
								"value": "24021"
							},
							"pUserCreated": {
								"type": "String",
								"value": {
									"value": "@pipeline().parameters.pUser",
									"type": "Expression"
								}
							}
						},
						"queryTimeout": "02:00:00",
						"partitionOption": "None"
					},
					"dataset": {
						"referenceName": "azdbdna_ds_metadata",
						"type": "DatasetReference"
					}
				}
			},
			{
				"name": "CheckIfSourceFileExists",
				"description": "Check if the assets exists in the path",
				"type": "GetMetadata",
				"dependsOn": [
					{
						"activity": "TagAssetToETLRunLogId",
						"dependencyConditions": [
							"Succeeded"
						]
					}
				],
				"policy": {
					"timeout": "7.00:00:00",
					"retry": 0,
					"retryIntervalInSeconds": 30,
					"secureOutput": false,
					"secureInput": false
				},
				"userProperties": [],
				"typeProperties": {
					"dataset": {
						"referenceName": "azcsvfile_cleansed_adl_delimited",
						"type": "DatasetReference",
						"parameters": {
							"pContainer": {
								"value": "@pipeline().parameters.pContainer",
								"type": "Expression"
							},
							"pFolderPath": {
								"value": "@pipeline().parameters.pAssetLocation",
								"type": "Expression"
							},
							"pFileName": {
								"value": "@pipeline().parameters.pAssetName",
								"type": "Expression"
							},
							"pEncodingType": {
								"value": "@pipeline().parameters.pEncoding",
								"type": "Expression"
							}
						}
					},
					"fieldList": [
						"exists"
					],
					"storeSettings": {
						"type": "AzureBlobFSReadSettings",
						"recursive": true
					},
					"formatSettings": {
						"type": "DelimitedTextReadSettings"
					}
				}
			},
			{
				"name": "TagAssetToETLRunLogId",
				"description": "Tag the asset to the current ETL Runlog ID",
				"type": "Lookup",
				"dependsOn": [
					{
						"activity": "SetAssetStatusToPrepareLoad",
						"dependencyConditions": [
							"Succeeded"
						]
					}
				],
				"policy": {
					"timeout": "7.00:00:00",
					"retry": 0,
					"retryIntervalInSeconds": 30,
					"secureOutput": false,
					"secureInput": false
				},
				"userProperties": [],
				"typeProperties": {
					"source": {
						"type": "AzureSqlSource",
						"sqlReaderStoredProcedureName": {
							"value": "@concat(pipeline().parameters.pIngestionDB,'.','ETLRunLogAssetAddOrUpdate')",
							"type": "Expression"
						},
						"storedProcedureParameters": {
							"pAssetID": {
								"type": "String",
								"value": {
									"value": "@pipeline().parameters.pAssetID",
									"type": "Expression"
								}
							},
							"pDTCreated": {
								"type": "Datetime",
								"value": {
									"value": "@utcnow()",
									"type": "Expression"
								}
							},
							"pETLRunLogID": {
								"type": "String",
								"value": {
									"value": "@pipeline().parameters.pRunLogID",
									"type": "Expression"
								}
							},
							"pUserCreated": {
								"type": "String",
								"value": {
									"value": "@pipeline().parameters.pUser",
									"type": "Expression"
								}
							}
						},
						"queryTimeout": "02:00:00",
						"partitionOption": "None"
					},
					"dataset": {
						"referenceName": "azdbdna_ds_metadata",
						"type": "DatasetReference"
					}
				}
			},
			{
				"name": "CheckIfAssetFilterNeeded",
				"description": "Check if any filtering is needed for the given asset",
				"type": "IfCondition",
				"dependsOn": [
					{
						"activity": "CheckIfSourceFileExists",
						"dependencyConditions": [
							"Succeeded"
						]
					},
					{
						"activity": "InitStagingFilePath",
						"dependencyConditions": [
							"Succeeded"
						]
					}
				],
				"userProperties": [],
				"typeProperties": {
					"expression": {
						"value": "@equals(pipeline().parameters.pFilterFlag, 'Y')",
						"type": "Expression"
					},
					"ifTrueActivities": [
						{
							"name": "ProcessAssetFiltering",
							"description": "Execute Asset Filter Operation",
							"type": "ExecutePipeline",
							"dependsOn": [],
							"userProperties": [],
							"typeProperties": {
								"pipeline": {
									"referenceName": "AssetRecordsFilter",
									"type": "PipelineReference"
								},
								"waitOnCompletion": true,
								"parameters": {
									"pContainer": {
										"value": "@pipeline().parameters.pContainer",
										"type": "Expression"
									},
									"pFolder": {
										"value": "@pipeline().parameters.pAssetLocation",
										"type": "Expression"
									},
									"pFileName": {
										"value": "@pipeline().parameters.pAssetName",
										"type": "Expression"
									},
									"pSchema": {
										"value": "@pipeline().parameters.pLoadTargetSchema",
										"type": "Expression"
									},
									"pEncoding": {
										"value": "@pipeline().parameters.pEncoding",
										"type": "Expression"
									},
									"pAssetId": {
										"value": "@pipeline().parameters.pAssetID",
										"type": "Expression"
									},
									"pPosition": {
										"value": "@concat(pipeline().parameters.pFilterKeyStart, ',', pipeline().parameters.pFilterKeyEnd)",
										"type": "Expression"
									},
									"pValue": {
										"value": "@pipeline().parameters.pFilterValue",
										"type": "Expression"
									},
									"pRunLogId": {
										"value": "@pipeline().parameters.pRunLogID",
										"type": "Expression"
									},
									"pFilterInFlag": {
										"value": "@pipeline().parameters.pFilterInFlag",
										"type": "Expression"
									}
								}
							}
						},
						{
							"name": "SetStagingFilePath",
							"description": "Set the staging path for the pre-processed asset",
							"type": "SetVariable",
							"dependsOn": [
								{
									"activity": "ProcessAssetFiltering",
									"dependencyConditions": [
										"Succeeded"
									]
								}
							],
							"userProperties": [],
							"typeProperties": {
								"variableName": "vStagingFilePath",
								"value": {
									"value": "@concat('FilteredAsset/', pipeline().parameters.pRunLogId, '/', pipeline().parameters.pAssetID)",
									"type": "Expression"
								}
							}
						}
					]
				}
			},
			{
				"name": "SetAssetPath",
				"description": "Set Final Asset path after pre-processing",
				"type": "SetVariable",
				"dependsOn": [
					{
						"activity": "PreProcessTypeSwitch",
						"dependencyConditions": [
							"Succeeded"
						]
					}
				],
				"userProperties": [],
				"typeProperties": {
					"variableName": "vAssetPath",
					"value": {
						"value": "@if(equals(variables('vStagingFilePath'), 'N'), pipeline().parameters.pAssetLocation, variables('vStagingFilePath'))",
						"type": "Expression"
					}
				}
			},
			{
				"name": "SetContainer",
				"description": "Set Final Container Name after pre-processing",
				"type": "SetVariable",
				"dependsOn": [
					{
						"activity": "PreProcessTypeSwitch",
						"dependencyConditions": [
							"Succeeded"
						]
					}
				],
				"userProperties": [],
				"typeProperties": {
					"variableName": "vContainer",
					"value": {
						"value": "@if(equals(variables('vStagingFilePath'), 'N'), pipeline().parameters.pContainer, 'psahopper')",
						"type": "Expression"
					}
				}
			},
			{
				"name": "SetAssetStatusToLoad",
				"description": "Update Asset Status to Load",
				"type": "Lookup",
				"dependsOn": [
					{
						"activity": "CopyPatternSwitch",
						"dependencyConditions": [
							"Succeeded"
						]
					}
				],
				"policy": {
					"timeout": "7.00:00:00",
					"retry": 0,
					"retryIntervalInSeconds": 30,
					"secureOutput": false,
					"secureInput": false
				},
				"userProperties": [],
				"typeProperties": {
					"source": {
						"type": "AzureSqlSource",
						"sqlReaderStoredProcedureName": {
							"value": "@concat(pipeline().parameters.pIngestionDB,'.','AssetStatusChange')",
							"type": "Expression"
						},
						"storedProcedureParameters": {
							"pAssetID": {
								"type": "String",
								"value": {
									"value": "@pipeline().parameters.pAssetID",
									"type": "Expression"
								}
							},
							"pDTCreated": {
								"type": "Datetime",
								"value": {
									"value": "@utcnow()",
									"type": "Expression"
								}
							},
							"pStatusID": {
								"type": "String",
								"value": "24022"
							},
							"pUserCreated": {
								"type": "String",
								"value": {
									"value": "@pipeline().parameters.pUser",
									"type": "Expression"
								}
							}
						},
						"queryTimeout": "02:00:00",
						"partitionOption": "None"
					},
					"dataset": {
						"referenceName": "azdbdna_ds_metadata",
						"type": "DatasetReference"
					}
				}
			},
			{
				"name": "InitAssetPath",
				"description": "Initialize Asset path for pre-processing",
				"type": "SetVariable",
				"dependsOn": [],
				"userProperties": [],
				"typeProperties": {
					"variableName": "vAssetPath",
					"value": {
						"value": "N",
						"type": "Expression"
					}
				}
			},
			{
				"name": "InitContainer",
				"description": "Initialize Container Name for pre-processing",
				"type": "SetVariable",
				"dependsOn": [
					{
						"activity": "InitAssetPath",
						"dependencyConditions": [
							"Succeeded"
						]
					}
				],
				"userProperties": [],
				"typeProperties": {
					"variableName": "vContainer",
					"value": {
						"value": "N",
						"type": "Expression"
					}
				}
			},
			{
				"name": "InitStagingFilePath",
				"description": "Set the staging path for the pre-processed asset",
				"type": "SetVariable",
				"dependsOn": [
					{
						"activity": "InitContainer",
						"dependencyConditions": [
							"Succeeded"
						]
					}
				],
				"userProperties": [],
				"typeProperties": {
					"variableName": "vStagingFilePath",
					"value": {
						"value": "N",
						"type": "Expression"
					}
				}
			},
			{
				"name": "PreProcessTypeSwitch",
				"description": "Pre-Process Files based on the processing type",
				"type": "Switch",
				"dependsOn": [
					{
						"activity": "CheckIfAssetFilterNeeded",
						"dependencyConditions": [
							"Succeeded"
						]
					},
					{
						"activity": "GetAzureClientSecret",
						"dependencyConditions": [
							"Succeeded"
						]
					}
				],
				"userProperties": [],
				"typeProperties": {
					"on": {
						"value": "@pipeline().parameters.pFileProcess",
						"type": "Expression"
					},
					"cases": [
						{
							"value": "FOOTER",
							"activities": [
								{
									"name": "TrailerRemoval",
									"description": "Process Delimited file to remove Trailer if any",
									"type": "Custom",
									"dependsOn": [],
									"policy": {
										"timeout": "7.00:00:00",
										"retry": 0,
										"retryIntervalInSeconds": 30,
										"secureOutput": false,
										"secureInput": true
									},
									"userProperties": [],
									"typeProperties": {
										"command": "/bin/bash -c \"python3 batch_process_csv_file.py\"",
										"resourceLinkedService": {
											"referenceName": "azbatch_blob",
											"type": "LinkedServiceReference"
										},
										"folderPath": "scripts",
										"extendedProperties": {
											"inputContainer": {
												"value": "@if(equals(variables('vContainer'), 'N'), pipeline().parameters.pContainer, 'psahopper')",
												"type": "Expression"
											},
											"outputContainer": "psahopper",
											"inputFilePath": {
												"value": "@concat(if(equals(variables('vStagingFilePath'), 'N'), pipeline().parameters.pAssetLocation, variables('vStagingFilePath')), '/', pipeline().parameters.pAssetName)",
												"type": "Expression"
											},
											"outputFilePath": {
												"value": "@concat('DelimitedAsset/', pipeline().parameters.pRunLogId, '/', pipeline().parameters.pAssetID, '/', pipeline().parameters.pAssetName)",
												"type": "Expression"
											},
											"skipHeader": {
												"value": "@pipeline().parameters.pNumRowsHeader",
												"type": "Expression"
											},
											"skipFooter": {
												"value": "@pipeline().parameters.pNumRowsFooter",
												"type": "Expression"
											},
											"adlsSecretKey": {
												"value": "@variables('vAdlsSecretKey')",
												"type": "Expression"
											},
											"uploadChunkSize": {
												"value": "@variables('vUploadChunkSize')",
												"type": "Expression"
											},
											"azureClientId": {
												"value": "@variables('vAzureClientId')",
												"type": "Expression"
											},
											"azureTenantId": {
												"value": "@variables('vAzureTenantId')",
												"type": "Expression"
											},
											"azureClientSecret": {
												"value": "@activity('GetAzureClientSecret').output.value",
												"type": "Expression"
											}
										},
										"referenceObjects": {
											"linkedServices": [
												{
													"referenceName": "azsadna_cleansed_adl",
													"type": "LinkedServiceReference"
												},
												{
													"referenceName": "azkvdna_mvp_secretstore",
													"type": "LinkedServiceReference"
												}
											],
											"datasets": []
										}
									},
									"linkedServiceName": {
										"referenceName": "azbatch_fxlen",
										"type": "LinkedServiceReference"
									}
								},
								{
									"name": "SetStagingFilePathAfterTR",
									"description": "Set the staging path for the pre-processed asset",
									"type": "SetVariable",
									"dependsOn": [
										{
											"activity": "TrailerRemoval",
											"dependencyConditions": [
												"Succeeded"
											]
										}
									],
									"userProperties": [],
									"typeProperties": {
										"variableName": "vStagingFilePath",
										"value": {
											"value": "@concat('DelimitedAsset/', pipeline().parameters.pRunLogId, '/', pipeline().parameters.pAssetID)",
											"type": "Expression"
										}
									}
								},
								{
									"name": "SetCopyPatternFooter",
									"type": "SetVariable",
									"dependsOn": [
										{
											"activity": "SetStagingFilePathAfterTR",
											"dependencyConditions": [
												"Succeeded"
											]
										}
									],
									"userProperties": [],
									"typeProperties": {
										"variableName": "vCopyPattern",
										"value": "ADDPARAM"
									}
								}
							]
						},
						{
							"value": "FIXEDWIDTH",
							"activities": [
								{
									"name": "GenerateDelimitedFile",
									"description": "Process Fixed Width file and generate delimited file",
									"type": "Custom",
									"dependsOn": [],
									"policy": {
										"timeout": "7.00:00:00",
										"retry": 0,
										"retryIntervalInSeconds": 30,
										"secureOutput": false,
										"secureInput": true
									},
									"userProperties": [],
									"typeProperties": {
										"command": "/bin/bash -c \"python3 batch_process.py\"",
										"resourceLinkedService": {
											"referenceName": "azbatch_blob",
											"type": "LinkedServiceReference"
										},
										"folderPath": "scripts",
										"extendedProperties": {
											"inputContainer": {
												"value": "@if(equals(variables('vContainer'), 'N'), pipeline().parameters.pContainer, 'psahopper')",
												"type": "Expression"
											},
											"outputContainer": "psahopper",
											"inputFilePath": {
												"value": "@concat(if(equals(variables('vStagingFilePath'), 'N'), pipeline().parameters.pAssetLocation, variables('vStagingFilePath')), '/', pipeline().parameters.pAssetName)",
												"type": "Expression"
											},
											"outputFilePath": {
												"value": "@concat('FixedWidthAsset/', pipeline().parameters.pRunLogId, '/', pipeline().parameters.pAssetID, '/', pipeline().parameters.pAssetName)",
												"type": "Expression"
											},
											"delimiter": "|",
											"metadataJson": {
												"value": "@json(concat('{ \"Attribute\" : ', pipeline().parameters.pEntityAttributes, ' }'))",
												"type": "Expression"
											},
											"chunkSize": {
												"value": "@variables('vChunkSize')",
												"type": "Expression"
											},
											"skipHeader": {
												"value": "@pipeline().parameters.pNumRowsHeader",
												"type": "Expression"
											},
											"skipFooter": {
												"value": "@pipeline().parameters.pNumRowsFooter",
												"type": "Expression"
											},
											"adlsSecretKey": {
												"value": "@variables('vAdlsSecretKey')",
												"type": "Expression"
											},
											"azureClientId": {
												"value": "@variables('vAzureClientId')",
												"type": "Expression"
											},
											"azureTenantId": {
												"value": "@variables('vAzureTenantId')",
												"type": "Expression"
											},
											"azureClientSecret": {
												"value": "@activity('GetAzureClientSecret').output.value",
												"type": "Expression"
											}
										},
										"referenceObjects": {
											"linkedServices": [
												{
													"referenceName": "azsadna_cleansed_adl",
													"type": "LinkedServiceReference"
												},
												{
													"referenceName": "azkvdna_mvp_secretstore",
													"type": "LinkedServiceReference"
												}
											],
											"datasets": []
										}
									},
									"linkedServiceName": {
										"referenceName": "azbatch_fxlen",
										"type": "LinkedServiceReference"
									}
								},
								{
									"name": "SetStagingFilePathAfterFWP",
									"description": "Set the staging path for the pre-processed asset",
									"type": "SetVariable",
									"dependsOn": [
										{
											"activity": "GenerateDelimitedFile",
											"dependencyConditions": [
												"Succeeded"
											]
										}
									],
									"userProperties": [],
									"typeProperties": {
										"variableName": "vStagingFilePath",
										"value": {
											"value": "@concat('FixedWidthAsset/', pipeline().parameters.pRunLogId, '/', pipeline().parameters.pAssetID)",
											"type": "Expression"
										}
									}
								},
								{
									"name": "SetCopyPatternFixedWidth",
									"type": "SetVariable",
									"dependsOn": [
										{
											"activity": "SetStagingFilePathAfterFWP",
											"dependencyConditions": [
												"Succeeded"
											]
										}
									],
									"userProperties": [],
									"typeProperties": {
										"variableName": "vCopyPattern",
										"value": "ADDPARAM"
									}
								}
							]
						},
						{
							"value": "HEADER",
							"activities": [
								{
									"name": "RemoveHeader",
									"description": "Remove header records",
									"type": "Copy",
									"dependsOn": [],
									"policy": {
										"timeout": "7.00:00:00",
										"retry": 0,
										"retryIntervalInSeconds": 30,
										"secureOutput": false,
										"secureInput": false
									},
									"userProperties": [],
									"typeProperties": {
										"source": {
											"type": "DelimitedTextSource",
											"additionalColumns": [
												{
													"name": "etl_runlog_id",
													"value": {
														"value": "@pipeline().parameters.pRunLogID",
														"type": "Expression"
													}
												},
												{
													"name": "asset_id",
													"value": {
														"value": "@pipeline().parameters.pAssetID",
														"type": "Expression"
													}
												},
												{
													"name": "record_source_id",
													"value": {
														"value": "@pipeline().parameters.pSystemOfRecordID",
														"type": "Expression"
													}
												}
											],
											"storeSettings": {
												"type": "AzureBlobFSReadSettings",
												"recursive": true
											},
											"formatSettings": {
												"type": "DelimitedTextReadSettings",
												"skipLineCount": {
													"value": "@int(pipeline().parameters.pNumRowsHeader)",
													"type": "Expression"
												}
											}
										},
										"sink": {
											"type": "DelimitedTextSink",
											"storeSettings": {
												"type": "AzureBlobFSWriteSettings"
											},
											"formatSettings": {
												"type": "DelimitedTextWriteSettings",
												"quoteAllText": true,
												"fileExtension": ".txt"
											}
										},
										"enableStaging": false
									},
									"inputs": [
										{
											"referenceName": "azcsvfile_cleansed_adl_delimited_dynamic",
											"type": "DatasetReference",
											"parameters": {
												"pContainer": {
													"value": "@if(equals(variables('vContainer'), 'N'), pipeline().parameters.pContainer, 'psahopper')",
													"type": "Expression"
												},
												"pFolderPath": {
													"value": "@concat(if(equals(variables('vStagingFilePath'), 'N'), pipeline().parameters.pAssetLocation, variables('vStagingFilePath')))",
													"type": "Expression"
												},
												"pFileName": {
													"value": "@pipeline().parameters.pAssetName",
													"type": "Expression"
												},
												"pEncodingType": {
													"value": "@pipeline().parameters.pEncoding",
													"type": "Expression"
												},
												"pDelimiter": {
													"value": "@pipeline().parameters.pFieldDelimiter",
													"type": "Expression"
												},
												"pEscapeChar": {
													"value": "@pipeline().parameters.pEscapeChar",
													"type": "Expression"
												},
												"pQuoteChar": {
													"value": "@pipeline().parameters.pFieldWrapper",
													"type": "Expression"
												},
												"pNullChar": {
													"value": "@if(equals(pipeline().parameters.pNullConvChar, 'NOVAL'), null, pipeline().parameters.pNullConvChar)",
													"type": "Expression"
												}
											}
										}
									],
									"outputs": [
										{
											"referenceName": "azcsvfile_cleansed_adl_delimited_dynamic",
											"type": "DatasetReference",
											"parameters": {
												"pContainer": {
													"value": "psahopper",
													"type": "Expression"
												},
												"pFolderPath": {
													"value": "@concat('DelimitedAsset/', pipeline().parameters.pRunLogId, '/', pipeline().parameters.pAssetID)",
													"type": "Expression"
												},
												"pFileName": {
													"value": "@pipeline().parameters.pAssetName",
													"type": "Expression"
												},
												"pEncodingType": {
													"value": "@pipeline().parameters.pEncoding",
													"type": "Expression"
												},
												"pDelimiter": {
													"value": "@pipeline().parameters.pFieldDelimiter",
													"type": "Expression"
												},
												"pEscapeChar": {
													"value": "@pipeline().parameters.pEscapeChar",
													"type": "Expression"
												},
												"pQuoteChar": {
													"value": "@pipeline().parameters.pFieldWrapper",
													"type": "Expression"
												},
												"pNullChar": {
													"value": "@if(equals(pipeline().parameters.pNullConvChar, 'NOVAL'), null, pipeline().parameters.pNullConvChar)",
													"type": "Expression"
												}
											}
										}
									]
								},
								{
									"name": "SetCopyPatternHeader",
									"type": "SetVariable",
									"dependsOn": [
										{
											"activity": "SetStagingFilePathAfterHR",
											"dependencyConditions": [
												"Succeeded"
											]
										}
									],
									"userProperties": [],
									"typeProperties": {
										"variableName": "vCopyPattern",
										"value": {
											"value": "@if(and(equals(pipeline().parameters.pEscapeChar, null), equals(pipeline().parameters.pFieldWrapper, null)), 'NOADDPARAM', 'WITHCHAR')",
											"type": "Expression"
										}
									}
								},
								{
									"name": "SetStagingFilePathAfterHR",
									"description": "Set the staging path for the pre-processed asset",
									"type": "SetVariable",
									"dependsOn": [
										{
											"activity": "RemoveHeader",
											"dependencyConditions": [
												"Succeeded"
											]
										}
									],
									"userProperties": [],
									"typeProperties": {
										"variableName": "vStagingFilePath",
										"value": {
											"value": "@concat('DelimitedAsset/', pipeline().parameters.pRunLogId, '/', pipeline().parameters.pAssetID)",
											"type": "Expression"
										}
									}
								}
							]
						}
					]
				}
			},
			{
				"name": "CopyPatternSwitch",
				"description": "Move Data to Load layer based on copy pattern",
				"type": "Switch",
				"dependsOn": [
					{
						"activity": "SetAssetPath",
						"dependencyConditions": [
							"Succeeded"
						]
					},
					{
						"activity": "SetContainer",
						"dependencyConditions": [
							"Succeeded"
						]
					},
					{
						"activity": "GetMaxPSARowId",
						"dependencyConditions": [
							"Succeeded"
						]
					}
				],
				"userProperties": [],
				"typeProperties": {
					"on": {
						"value": "@variables('vCopyPattern')",
						"type": "Expression"
					},
					"cases": [
						{
							"value": "ADDPARAM",
							"activities": [
								{
									"name": "MoveDatatoLoadWithAddParam",
									"description": "Load assets to Load layer tables",
									"type": "Copy",
									"dependsOn": [],
									"policy": {
										"timeout": "7.00:00:00",
										"retry": 0,
										"retryIntervalInSeconds": 30,
										"secureOutput": false,
										"secureInput": false
									},
									"userProperties": [],
									"typeProperties": {
										"source": {
											"type": "DelimitedTextSource",
											"additionalColumns": [
												{
													"name": "etl_runlog_id",
													"value": {
														"value": "@pipeline().parameters.pRunLogID",
														"type": "Expression"
													}
												},
												{
													"name": "asset_id",
													"value": {
														"value": "@pipeline().parameters.pAssetID",
														"type": "Expression"
													}
												},
												{
													"name": "record_source_id",
													"value": {
														"value": "@pipeline().parameters.pSystemOfRecordID",
														"type": "Expression"
													}
												}
											],
											"storeSettings": {
												"type": "AzureBlobFSReadSettings",
												"recursive": true
											},
											"formatSettings": {
												"type": "DelimitedTextReadSettings"
											}
										},
										"sink": {
											"type": "SqlDWSink",
											"preCopyScript": {
												"value": "@{concat('DBCC CHECKIDENT (''', pipeline().parameters.pLoadTargetSchema, '.', pipeline().parameters.pLoadTargetTable, ''', RESEED,', activity('GetMaxPSARowId').output.firstRow.max_id, ')')}",
												"type": "Expression"
											},
											"allowPolyBase": true,
											"polyBaseSettings": {
												"rejectValue": 0,
												"rejectType": "value",
												"useTypeDefault": true
											},
											"disableMetricsCollection": false
										},
										"enableStaging": true,
										"stagingSettings": {
											"linkedServiceName": {
												"referenceName": "StagingStorage",
												"type": "LinkedServiceReference"
											},
											"path": {
												"value": "@concat('staging/',pipeline().parameters.pAssetID)",
												"type": "Expression"
											}
										},
										"translator": {
											"value": "@json(concat('{ \"type\": \"TabularTranslator\", \"mappings\" : ', pipeline().parameters.pMapping, ' }'))",
											"type": "Expression"
										}
									},
									"inputs": [
										{
											"referenceName": "azcsvfile_cleansed_adl_delimited_dynamic",
											"type": "DatasetReference",
											"parameters": {
												"pContainer": {
													"value": "@variables('vContainer')",
													"type": "Expression"
												},
												"pFolderPath": {
													"value": "@variables('vAssetPath')",
													"type": "Expression"
												},
												"pFileName": {
													"value": "@pipeline().parameters.pAssetName",
													"type": "Expression"
												},
												"pEncodingType": {
													"value": "@pipeline().parameters.pEncoding",
													"type": "Expression"
												},
												"pDelimiter": {
													"value": "@if(equals(pipeline().parameters.pFieldDelimiter, null), '|', pipeline().parameters.pFieldDelimiter)",
													"type": "Expression"
												},
												"pEscapeChar": {
													"value": "@pipeline().parameters.pEscapeChar",
													"type": "Expression"
												},
												"pQuoteChar": {
													"value": "@pipeline().parameters.pFieldWrapper",
													"type": "Expression"
												},
												"pNullChar": {
													"value": "@if(equals(pipeline().parameters.pNullConvChar, 'NOVAL'), null, pipeline().parameters.pNullConvChar)",
													"type": "Expression"
												}
											}
										}
									],
									"outputs": [
										{
											"referenceName": "azsyndna_ds",
											"type": "DatasetReference",
											"parameters": {
												"pSynTable": {
													"value": "@pipeline().parameters.pLoadTargetTable",
													"type": "Expression"
												},
												"pSynSchema": {
													"value": "@pipeline().parameters.pLoadTargetSchema",
													"type": "Expression"
												}
											}
										}
									]
								}
							]
						},
						{
							"value": "NOADDPARAM",
							"activities": [
								{
									"name": "MoveDatatoLoadWithNoAddParam",
									"description": "Load assets to Load layer tables",
									"type": "Copy",
									"dependsOn": [],
									"policy": {
										"timeout": "7.00:00:00",
										"retry": 0,
										"retryIntervalInSeconds": 30,
										"secureOutput": false,
										"secureInput": false
									},
									"userProperties": [],
									"typeProperties": {
										"source": {
											"type": "DelimitedTextSource",
											"storeSettings": {
												"type": "AzureBlobFSReadSettings",
												"recursive": true
											},
											"formatSettings": {
												"type": "DelimitedTextReadSettings"
											}
										},
										"sink": {
											"type": "SqlDWSink",
											"preCopyScript": {
												"value": "@{concat('DBCC CHECKIDENT (''', pipeline().parameters.pLoadTargetSchema, '.', pipeline().parameters.pLoadTargetTable, ''', RESEED,', activity('GetMaxPSARowId').output.firstRow.max_id, ')')}",
												"type": "Expression"
											},
											"allowPolyBase": true,
											"polyBaseSettings": {
												"rejectValue": 0,
												"rejectType": "value",
												"useTypeDefault": true
											},
											"disableMetricsCollection": false
										},
										"enableStaging": false,
										"translator": {
											"value": "@json(concat('{ \"type\": \"TabularTranslator\", \"mappings\" : ', pipeline().parameters.pMapping, ' }'))",
											"type": "Expression"
										}
									},
									"inputs": [
										{
											"referenceName": "azcsvfile_cleansed_adl_dynamic_delimiter",
											"type": "DatasetReference",
											"parameters": {
												"pContainer": {
													"value": "@variables('vContainer')",
													"type": "Expression"
												},
												"pFolderPath": {
													"value": "@variables('vAssetPath')",
													"type": "Expression"
												},
												"pFileName": {
													"value": "@pipeline().parameters.pAssetName",
													"type": "Expression"
												},
												"pEncodingType": {
													"value": "@pipeline().parameters.pEncoding",
													"type": "Expression"
												},
												"pDelimiter": {
													"value": "@if(equals(pipeline().parameters.pFieldDelimiter, null), '|', pipeline().parameters.pFieldDelimiter)",
													"type": "Expression"
												}
											}
										}
									],
									"outputs": [
										{
											"referenceName": "azsyndna_ds",
											"type": "DatasetReference",
											"parameters": {
												"pSynTable": {
													"value": "@pipeline().parameters.pLoadTargetTable",
													"type": "Expression"
												},
												"pSynSchema": {
													"value": "@pipeline().parameters.pLoadTargetSchema",
													"type": "Expression"
												}
											}
										}
									]
								}
							]
						},
						{
							"value": "WITHCHAR",
							"activities": [
								{
									"name": "MoveDatatoLoadWithChar",
									"description": "Load assets to Load layer tables",
									"type": "Copy",
									"dependsOn": [],
									"policy": {
										"timeout": "7.00:00:00",
										"retry": 0,
										"retryIntervalInSeconds": 30,
										"secureOutput": false,
										"secureInput": false
									},
									"userProperties": [],
									"typeProperties": {
										"source": {
											"type": "DelimitedTextSource",
											"storeSettings": {
												"type": "AzureBlobFSReadSettings",
												"recursive": true
											},
											"formatSettings": {
												"type": "DelimitedTextReadSettings"
											}
										},
										"sink": {
											"type": "SqlDWSink",
											"preCopyScript": {
												"value": "@{concat('DBCC CHECKIDENT (''', pipeline().parameters.pLoadTargetSchema, '.', pipeline().parameters.pLoadTargetTable, ''', RESEED,', activity('GetMaxPSARowId').output.firstRow.max_id, ')')}",
												"type": "Expression"
											},
											"allowPolyBase": true,
											"polyBaseSettings": {
												"rejectValue": 0,
												"rejectType": "value",
												"useTypeDefault": true
											},
											"disableMetricsCollection": false
										},
										"enableStaging": true,
										"stagingSettings": {
											"linkedServiceName": {
												"referenceName": "StagingStorage",
												"type": "LinkedServiceReference"
											},
											"path": {
												"value": "@concat('staging/',pipeline().parameters.pAssetID)",
												"type": "Expression"
											}
										},
										"translator": {
											"value": "@json(concat('{ \"type\": \"TabularTranslator\", \"mappings\" : ', pipeline().parameters.pMapping, ' }'))",
											"type": "Expression"
										}
									},
									"inputs": [
										{
											"referenceName": "azcsvfile_cleansed_adl_delimited_dynamic",
											"type": "DatasetReference",
											"parameters": {
												"pContainer": {
													"value": "@variables('vContainer')",
													"type": "Expression"
												},
												"pFolderPath": {
													"value": "@variables('vAssetPath')",
													"type": "Expression"
												},
												"pFileName": {
													"value": "@pipeline().parameters.pAssetName",
													"type": "Expression"
												},
												"pEncodingType": {
													"value": "@pipeline().parameters.pEncoding",
													"type": "Expression"
												},
												"pDelimiter": {
													"value": "@if(equals(pipeline().parameters.pFieldDelimiter, null), '|', pipeline().parameters.pFieldDelimiter)",
													"type": "Expression"
												},
												"pEscapeChar": {
													"value": "@pipeline().parameters.pEscapeChar",
													"type": "Expression"
												},
												"pQuoteChar": {
													"value": "@pipeline().parameters.pFieldWrapper",
													"type": "Expression"
												},
												"pNullChar": {
													"value": "null",
													"type": "Expression"
												}
											}
										}
									],
									"outputs": [
										{
											"referenceName": "azsyndna_ds",
											"type": "DatasetReference",
											"parameters": {
												"pSynTable": {
													"value": "@pipeline().parameters.pLoadTargetTable",
													"type": "Expression"
												},
												"pSynSchema": {
													"value": "@pipeline().parameters.pLoadTargetSchema",
													"type": "Expression"
												}
											}
										}
									]
								}
							]
						}
					]
				}
			},
			{
				"name": "GetMaxPSARowId",
				"type": "Lookup",
				"dependsOn": [],
				"policy": {
					"timeout": "7.00:00:00",
					"retry": 0,
					"retryIntervalInSeconds": 30,
					"secureOutput": false,
					"secureInput": false
				},
				"userProperties": [],
				"typeProperties": {
					"source": {
						"type": "SqlDWSource",
						"sqlReaderQuery": {
							"value": "@concat('select isnull(max(row_id),0)+1 max_id from psa.', pipeline().parameters.pPSATable)",
							"type": "Expression"
						},
						"queryTimeout": "02:00:00",
						"partitionOption": "None"
					},
					"dataset": {
						"referenceName": "azsyndna_ds",
						"type": "DatasetReference",
						"parameters": {
							"pSynTable": "N",
							"pSynSchema": "N"
						}
					}
				}
			},
			{
				"name": "GetAzureClientSecret",
				"description": "Get Azure Client Secret ",
				"type": "WebActivity",
				"dependsOn": [],
				"policy": {
					"timeout": "7.00:00:00",
					"retry": 0,
					"retryIntervalInSeconds": 30,
					"secureOutput": true,
					"secureInput": false
				},
				"userProperties": [],
				"typeProperties": {
					"url": {
						"value": "@variables('vKVUrl')",
						"type": "Expression"
					},
					"connectVia": {
						"referenceName": "dna-ir01",
						"type": "IntegrationRuntimeReference"
					},
					"method": "GET",
					"authentication": {
						"type": "MSI",
						"resource": "https://vault.azure.net"
					}
				}
			},
			{
				"name": "ProcessAssetsLoad",
				"type": "ExecutePipeline",
				"dependsOn": [
					{
						"activity": "SetAssetStatusToLoad",
						"dependencyConditions": [
							"Succeeded"
						]
					}
				],
				"userProperties": [],
				"typeProperties": {
					"pipeline": {
						"referenceName": "ProcessAssetsLoad",
						"type": "PipelineReference"
					},
					"waitOnCompletion": true,
					"parameters": {
						"pAssetID": {
							"value": "@pipeline().parameters.pAssetID",
							"type": "Expression"
						},
						"pIngestionDB": {
							"value": "@pipeline().parameters.pIngestionDB",
							"type": "Expression"
						},
						"pUser": {
							"value": "@pipeline().parameters.pUser",
							"type": "Expression"
						},
						"pStoredProcedure": {
							"value": "@pipeline().parameters.pDeltaSP",
							"type": "Expression"
						},
						"pPSATableName": {
							"value": "@pipeline().parameters.pPSATable",
							"type": "Expression"
						},
						"pBusinessKeys": {
							"value": "@pipeline().parameters.pBusinessKey",
							"type": "Expression"
						},
						"pFileType": {
							"value": "@pipeline().parameters.pIncrementalType",
							"type": "Expression"
						},
						"pRunLogID": {
							"value": "@pipeline().parameters.pRunLogID",
							"type": "Expression"
						},
						"pRunLogStartDate": {
							"value": "@pipeline().parameters.pRunLogStartDate",
							"type": "Expression"
						},
						"pFeedID": {
							"value": "@pipeline().parameters.pFeedID",
							"type": "Expression"
						}
					}
				}
			}
		],
		"parameters": {
			"pAssetID": {
				"type": "string"
			},
			"pPSATable": {
				"type": "string"
			},
			"pContainer": {
				"type": "string"
			},
			"pAssetLocation": {
				"type": "string"
			},
			"pAssetName": {
				"type": "string"
			},
			"pEncoding": {
				"type": "string"
			},
			"pFilterFlag": {
				"type": "string"
			},
			"pIngestionDB": {
				"type": "string"
			},
			"pUser": {
				"type": "string"
			},
			"pRunLogID": {
				"type": "string"
			},
			"pLoadTargetSchema": {
				"type": "string"
			},
			"pFilterKeyStart": {
				"type": "string"
			},
			"pFilterKeyEnd": {
				"type": "string"
			},
			"pFilterValue": {
				"type": "string"
			},
			"pFilterInFlag": {
				"type": "string"
			},
			"pNumRowsHeader": {
				"type": "string"
			},
			"pNumRowsFooter": {
				"type": "string"
			},
			"pEntityAttributes": {
				"type": "string"
			},
			"pFieldDelimiter": {
				"type": "string"
			},
			"pEscapeChar": {
				"type": "string"
			},
			"pFieldWrapper": {
				"type": "string"
			},
			"pNullConvChar": {
				"type": "string"
			},
			"pSystemOfRecordID": {
				"type": "string"
			},
			"pLoadTargetTable": {
				"type": "string"
			},
			"pDeltaSP": {
				"type": "string"
			},
			"pBusinessKey": {
				"type": "string"
			},
			"pIncrementalType": {
				"type": "string"
			},
			"pRunLogStartDate": {
				"type": "string"
			},
			"pFeedID": {
				"type": "string"
			},
			"pMapping": {
				"type": "string"
			},
			"pFileProcess": {
				"type": "string"
			}
		},
		"variables": {
			"vStagingFilePath": {
				"type": "String",
				"defaultValue": "N"
			},
			"vAssetPath": {
				"type": "String"
			},
			"vContainer": {
				"type": "String",
				"defaultValue": "N"
			},
			"vAdlsSecretKey": {
				"type": "String",
				"defaultValue": "aznednapredl01-key"
			},
			"vCopyPattern": {
				"type": "String",
				"defaultValue": "ADDPARAM"
			},
			"vUploadChunkSize": {
				"type": "String",
				"defaultValue": "500"
			},
			"vChunkSize": {
				"type": "String",
				"defaultValue": "100000"
			},
			"vAzureClientId": {
				"type": "String",
				"defaultValue": "9a7e5f84-558c-4a9e-9493-1cd52663872d"
			},
			"vAzureTenantId": {
				"type": "String",
				"defaultValue": "92cb778e-8ba7-4f34-a011-4ba6e7366996"
			},
			"vKVUrl": {
				"type": "String",
				"defaultValue": "https://npro-dnappapps-ne-kv01.vault.azure.net/secrets/sp-batch-secret/da894bfd2cb4442b89c770b507ae348d?api-version=7.0"
			}
		},
		"folder": {
			"name": "IncrementalCurate/CleansedToPSA/FeedProcess"
		},
		"annotations": []
	}
}