{
	"name": "ProcessAssetsLoad",
	"properties": {
		"activities": [
			{
				"name": "MoveDataToPSA",
				"description": "Process assets at Load layer for the given feed and perform delta capture and load to PSA table",
				"type": "SqlServerStoredProcedure",
				"dependsOn": [
					{
						"activity": "SetAssetStatusToPreparePSA",
						"dependencyConditions": [
							"Succeeded"
						]
					}
				],
				"policy": {
					"timeout": "7.00:00:00",
					"retry": 0,
					"retryIntervalInSeconds": 30,
					"secureOutput": false,
					"secureInput": false
				},
				"userProperties": [],
				"typeProperties": {
					"storedProcedureName": {
						"value": "@pipeline().parameters.pStoredProcedure",
						"type": "Expression"
					},
					"storedProcedureParameters": {
						"tableName": {
							"value": {
								"value": "@pipeline().parameters.pPSATableName",
								"type": "Expression"
							}
						},
						"businessKeys": {
							"value": {
								"value": "@pipeline().parameters.pBusinessKeys",
								"type": "Expression"
							}
						},
						"fileType ": {
							"value": {
								"value": "@pipeline().parameters.pFileType",
								"type": "Expression"
							}
						}
					}
				},
				"linkedServiceName": {
					"referenceName": "azsyndna_curated_dw",
					"type": "LinkedServiceReference"
				}
			},
			{
				"name": "SetAssetStatusToPreparePSA",
				"description": "Set Asset status to PrepareLoad in IF metadata",
				"type": "Lookup",
				"dependsOn": [],
				"policy": {
					"timeout": "7.00:00:00",
					"retry": 0,
					"retryIntervalInSeconds": 30,
					"secureOutput": false,
					"secureInput": false
				},
				"userProperties": [],
				"typeProperties": {
					"source": {
						"type": "AzureSqlSource",
						"sqlReaderStoredProcedureName": {
							"value": "@concat(pipeline().parameters.pIngestionDB,'.','AssetStatusChange')",
							"type": "Expression"
						},
						"storedProcedureParameters": {
							"pAssetID": {
								"type": "String",
								"value": {
									"value": "@pipeline().parameters.pAssetID",
									"type": "Expression"
								}
							},
							"pDTCreated": {
								"type": "Datetime",
								"value": {
									"value": "@utcnow()",
									"type": "Expression"
								}
							},
							"pStatusID": {
								"type": "String",
								"value": "24023"
							},
							"pUserCreated": {
								"type": "String",
								"value": {
									"value": "@pipeline().parameters.pUser",
									"type": "Expression"
								}
							}
						},
						"queryTimeout": "02:00:00",
						"partitionOption": "None"
					},
					"dataset": {
						"referenceName": "azdbdna_ds_metadata",
						"type": "DatasetReference"
					}
				}
			},
			{
				"name": "SetAssetStatusToPSA",
				"description": "Set Asset status to PSA in IF metadata",
				"type": "Lookup",
				"dependsOn": [
					{
						"activity": "MoveDataToPSA",
						"dependencyConditions": [
							"Succeeded"
						]
					}
				],
				"policy": {
					"timeout": "7.00:00:00",
					"retry": 0,
					"retryIntervalInSeconds": 30,
					"secureOutput": false,
					"secureInput": false
				},
				"userProperties": [],
				"typeProperties": {
					"source": {
						"type": "AzureSqlSource",
						"sqlReaderStoredProcedureName": {
							"value": "@concat(pipeline().parameters.pIngestionDB,'.','AssetStatusChange')",
							"type": "Expression"
						},
						"storedProcedureParameters": {
							"pAssetID": {
								"type": "String",
								"value": {
									"value": "@pipeline().parameters.pAssetID",
									"type": "Expression"
								}
							},
							"pDTCreated": {
								"type": "Datetime",
								"value": {
									"value": "@utcnow()",
									"type": "Expression"
								}
							},
							"pStatusID": {
								"type": "String",
								"value": "24024"
							},
							"pUserCreated": {
								"type": "String",
								"value": {
									"value": "@pipeline().parameters.pUser",
									"type": "Expression"
								}
							}
						},
						"queryTimeout": "02:00:00",
						"partitionOption": "None"
					},
					"dataset": {
						"referenceName": "azdbdna_ds_metadata",
						"type": "DatasetReference"
					}
				}
			}
		],
		"parameters": {
			"pAssetID": {
				"type": "string"
			},
			"pIngestionDB": {
				"type": "string"
			},
			"pUser": {
				"type": "string"
			},
			"pStoredProcedure": {
				"type": "string"
			},
			"pPSATableName": {
				"type": "string"
			},
			"pBusinessKeys": {
				"type": "string"
			},
			"pFileType": {
				"type": "string"
			},
			"pRunLogID": {
				"type": "string"
			},
			"pRunLogStartDate": {
				"type": "string"
			},
			"pFeedID": {
				"type": "string"
			}
		},
		"folder": {
			"name": "IncrementalCurate/CleansedToPSA/FeedProcess"
		},
		"annotations": []
	}
}