{
	"name": "Proceed FileMovement",
	"properties": {
		"activities": [
			{
				"name": "Proceed Check",
				"type": "Lookup",
				"dependsOn": [],
				"policy": {
					"timeout": "7.00:00:00",
					"retry": 0,
					"retryIntervalInSeconds": 30,
					"secureOutput": false,
					"secureInput": false
				},
				"userProperties": [],
				"typeProperties": {
					"source": {
						"type": "AzureSqlSource",
						"sqlReaderStoredProcedureName": "[pr_ref].[update_mb_flag]",
						"storedProcedureParameters": {
							"env": {
								"type": "String",
								"value": {
									"value": "@pipeline().parameters.env",
									"type": "Expression"
								}
							},
							"flag": {
								"type": "String",
								"value": "ON"
							},
							"key": {
								"type": "String",
								"value": {
									"value": "@pipeline().parameters.flagName",
									"type": "Expression"
								}
							},
							"proceed_flag": {
								"type": "String",
								"value": null
							},
							"project": {
								"type": "String",
								"value": {
									"value": "@pipeline().parameters.project",
									"type": "Expression"
								}
							}
						},
						"queryTimeout": "02:00:00",
						"partitionOption": "None"
					},
					"dataset": {
						"referenceName": "azsqldna_projectref",
						"type": "DatasetReference",
						"parameters": {
							"schema": "pr_ref",
							"table": "GDHDynamicADFParams"
						}
					},
					"firstRowOnly": true
				}
			},
			{
				"name": "If Condition1",
				"type": "IfCondition",
				"dependsOn": [
					{
						"activity": "Proceed Check",
						"dependencyConditions": [
							"Succeeded"
						]
					}
				],
				"userProperties": [],
				"typeProperties": {
					"expression": {
						"value": "@equals(substring(string(activity('Proceed Check').output.firstRow.proceed_flag),0,1),'1')\n\n",
						"type": "Expression"
					},
					"ifTrueActivities": [
						{
							"name": "moveFilesIterate",
							"type": "ExecutePipeline",
							"dependsOn": [],
							"userProperties": [],
							"typeProperties": {
								"pipeline": {
									"referenceName": "moveFilesIterate",
									"type": "PipelineReference"
								},
								"waitOnCompletion": true,
								"parameters": {
									"src": {
										"value": "@pipeline().parameters.srcPath",
										"type": "Expression"
									},
									"dst": {
										"value": "@pipeline().parameters.dstPath",
										"type": "Expression"
									},
									"stAccntEndPoint": {
										"value": "@pipeline().parameters.SAEndPoint",
										"type": "Expression"
									},
									"srcContainer": {
										"value": "@pipeline().parameters.srcContainer",
										"type": "Expression"
									},
									"dstContainer": {
										"value": "@pipeline().parameters.dstContainer",
										"type": "Expression"
									},
									"feedMapFlag": {
										"value": "@pipeline().parameters.feedMapFlag",
										"type": "Expression"
									},
									"project": {
										"value": "@pipeline().parameters.project",
										"type": "Expression"
									},
									"env": {
										"value": "@pipeline().parameters.env",
										"type": "Expression"
									},
									"flagName": {
										"value": "@pipeline().parameters.flagName",
										"type": "Expression"
									},
									"count": {
										"value": "@pipeline().parameters.count",
										"type": "Expression"
									},
									"incOrHistorical": {
										"value": "@pipeline().parameters.incOrHistorical",
										"type": "Expression"
									}
								}
							}
						},
						{
							"name": "Flag Reset",
							"type": "Lookup",
							"dependsOn": [
								{
									"activity": "moveFilesIterate",
									"dependencyConditions": [
										"Failed",
										"Succeeded"
									]
								}
							],
							"policy": {
								"timeout": "0.00:20:00",
								"retry": 0,
								"retryIntervalInSeconds": 30,
								"secureOutput": false,
								"secureInput": false
							},
							"userProperties": [],
							"typeProperties": {
								"source": {
									"type": "AzureSqlSource",
									"sqlReaderStoredProcedureName": "[pr_ref].[update_mb_flag]",
									"storedProcedureParameters": {
										"env": {
											"type": "String",
											"value": {
												"value": "@pipeline().parameters.env",
												"type": "Expression"
											}
										},
										"flag": {
											"type": "String",
											"value": "OFF"
										},
										"key": {
											"type": "String",
											"value": {
												"value": "@pipeline().parameters.flagName",
												"type": "Expression"
											}
										},
										"proceed_flag": {
											"type": "String",
											"value": null
										},
										"project": {
											"type": "String",
											"value": {
												"value": "@pipeline().parameters.project",
												"type": "Expression"
											}
										}
									},
									"queryTimeout": "02:00:00",
									"partitionOption": "None"
								},
								"dataset": {
									"referenceName": "azsqldna_projectref",
									"type": "DatasetReference",
									"parameters": {
										"schema": "pr_ref",
										"table": "GDHDynamicADFParams"
									}
								},
								"firstRowOnly": true
							}
						},
						{
							"name": "Fail",
							"type": "Fail",
							"dependsOn": [
								{
									"activity": "moveFilesIterate",
									"dependencyConditions": [
										"Failed"
									]
								}
							],
							"userProperties": [],
							"typeProperties": {
								"message": "Error on Moving Files",
								"errorCode": "ER_FILE_MOVEMENT"
							}
						}
					]
				}
			},
			{
				"name": "Flag Reset on Failure",
				"type": "Lookup",
				"dependsOn": [
					{
						"activity": "Proceed Check",
						"dependencyConditions": [
							"Failed"
						]
					}
				],
				"policy": {
					"timeout": "0.00:20:00",
					"retry": 0,
					"retryIntervalInSeconds": 30,
					"secureOutput": false,
					"secureInput": false
				},
				"userProperties": [],
				"typeProperties": {
					"source": {
						"type": "AzureSqlSource",
						"sqlReaderStoredProcedureName": "[pr_ref].[update_mb_flag]",
						"storedProcedureParameters": {
							"env": {
								"type": "String",
								"value": {
									"value": "@pipeline().parameters.env",
									"type": "Expression"
								}
							},
							"flag": {
								"type": "String",
								"value": "OFF"
							},
							"key": {
								"type": "String",
								"value": {
									"value": "@pipeline().parameters.flagName",
									"type": "Expression"
								}
							},
							"proceed_flag": {
								"type": "String",
								"value": null
							},
							"project": {
								"type": "String",
								"value": {
									"value": "@pipeline().parameters.project",
									"type": "Expression"
								}
							}
						},
						"queryTimeout": "02:00:00",
						"partitionOption": "None"
					},
					"dataset": {
						"referenceName": "azsqldna_projectref",
						"type": "DatasetReference",
						"parameters": {
							"schema": "pr_ref",
							"table": "GDHDynamicADFParams"
						}
					},
					"firstRowOnly": true
				}
			}
		],
		"parameters": {
			"env": {
				"type": "string",
				"defaultValue": "'pp'"
			},
			"project": {
				"type": "string",
				"defaultValue": "'ODH'"
			},
			"flagName": {
				"type": "string",
				"defaultValue": "'mb_flag'"
			},
			"flagValue": {
				"type": "string",
				"defaultValue": "'OFF'"
			},
			"proceedFlag": {
				"type": "string",
				"defaultValue": "NULL"
			},
			"srcPath": {
				"type": "string"
			},
			"dstPath": {
				"type": "string"
			},
			"srcContainer": {
				"type": "string"
			},
			"dstContainer": {
				"type": "string"
			},
			"SAEndPoint": {
				"type": "string"
			},
			"feedMapFlag": {
				"type": "string"
			},
			"count": {
				"type": "string"
			},
			"incOrHistorical": {
				"type": "string"
			}
		},
		"folder": {
			"name": "Microbatch"
		},
		"annotations": []
	}
}