{
	"name": "ProcessFeeds",
	"properties": {
		"activities": [
			{
				"name": "FetchFeedIDs",
				"description": "Fetches all the Feed Ids configured against the given Batch Id.",
				"type": "Lookup",
				"dependsOn": [],
				"policy": {
					"timeout": "7.00:00:00",
					"retry": 0,
					"retryIntervalInSeconds": 30,
					"secureOutput": false,
					"secureInput": false
				},
				"userProperties": [],
				"typeProperties": {
					"source": {
						"type": "SqlDWSource",
						"sqlReaderQuery": {
							"value": "@replace('SELECT feed_id FROM [psa].[cf_batch] WHERE batch_id =''$BatchId'' AND active_flag = ''1'' ORDER BY order_of_execution','$BatchId',pipeline().parameters.pBatchId)",
							"type": "Expression"
						},
						"queryTimeout": "02:00:00",
						"partitionOption": "None"
					},
					"dataset": {
						"referenceName": "azsyndna_ds",
						"type": "DatasetReference",
						"parameters": {
							"pSynTable": "N",
							"pSynSchema": "N"
						}
					},
					"firstRowOnly": false
				}
			},
			{
				"name": "IterateFeedIDs",
				"description": "Iterates through the FeedIds and fetches its details from the metadata.",
				"type": "ForEach",
				"dependsOn": [
					{
						"activity": "FetchFeedIDs",
						"dependencyConditions": [
							"Succeeded"
						]
					}
				],
				"userProperties": [],
				"typeProperties": {
					"items": {
						"value": "@activity('FetchFeedIDs').output.value",
						"type": "Expression"
					},
					"isSequential": true,
					"activities": [
						{
							"name": "ValidateFeedCount",
							"description": "Validates whether any Feed details were fetched.",
							"type": "IfCondition",
							"dependsOn": [
								{
									"activity": "CheckPrevETLAuditStatus",
									"dependencyConditions": [
										"Succeeded"
									]
								}
							],
							"userProperties": [],
							"typeProperties": {
								"expression": {
									"value": "@and(variables('vFeedValidFlag'),if(equals(activity('GetPrevETLAuditStatus').output.firstRow.Status,'0'), True, False))",
									"type": "Expression"
								},
								"ifFalseActivities": [
									{
										"name": "NoFeedsToProcess",
										"type": "Wait",
										"dependsOn": [],
										"userProperties": [],
										"typeProperties": {
											"waitTimeInSeconds": 1
										}
									}
								],
								"ifTrueActivities": [
									{
										"name": "ExecuteValidFeedProcess",
										"description": "Executes the ValidFeedProcess pipeline.",
										"type": "ExecutePipeline",
										"dependsOn": [],
										"userProperties": [],
										"typeProperties": {
											"pipeline": {
												"referenceName": "ProcessValidFeeds",
												"type": "PipelineReference"
											},
											"waitOnCompletion": true,
											"parameters": {
												"pMetadataDBSchema": {
													"value": "@pipeline().parameters.pMetadataDBSchema",
													"type": "Expression"
												},
												"pUserCreated": {
													"value": "@pipeline().parameters.pUserCreated",
													"type": "Expression"
												},
												"pFeedId": {
													"value": "@string(item().feed_id)",
													"type": "Expression"
												},
												"pAssets": {
													"value": "@activity('GetFeedDetails').output.firstRow",
													"type": "Expression"
												}
											}
										}
									}
								]
							}
						},
						{
							"name": "GetPrevETLAuditStatus",
							"description": "Gets the ETL Audit Status  of the Feed from the previous run.",
							"type": "Lookup",
							"dependsOn": [],
							"policy": {
								"timeout": "7.00:00:00",
								"retry": 0,
								"retryIntervalInSeconds": 30,
								"secureOutput": false,
								"secureInput": false
							},
							"userProperties": [],
							"typeProperties": {
								"source": {
									"type": "SqlDWSource",
									"sqlReaderQuery": {
										"value": "@replace('DECLARE @status_id NVARCHAR(20)\nDECLARE @feed_status NVARCHAR(20)\nDECLARE @audit_count NVARCHAR(20)\nDECLARE @feed_id NVARCHAR(20) = ''$FeedId''\n\nSELECT @audit_count = COUNT(*) FROM psa.cf_etl_audit WHERE feed_id = @feed_id\nIF @audit_count > 0\nBEGIN\n\tSELECT @status_id = id FROM psa.cf_feed_load_status WHERE status = ''STARTED'' AND active_flag = ''1''\n\tSELECT TOP 1 @feed_status =  feed_status_id FROM psa.cf_etl_audit WHERE feed_id = @feed_id ORDER BY dt_created DESC\n\tIF @status_id <>  @feed_status\n\t\tBEGIN\n\t\t\tSELECT ''0'' as Status\n\t\tEND\n\tELSE\n\t\tBEGIN\n\t\t\tSELECT ''-1'' as Status\n\t\tEND\nEND\nELSE\n\tBEGIN\n\t\t\tSELECT ''0'' as Status\n\tEND', '$FeedId', string(item().feed_id))",
										"type": "Expression"
									},
									"queryTimeout": "02:00:00",
									"partitionOption": "None"
								},
								"dataset": {
									"referenceName": "azsyndna_ds",
									"type": "DatasetReference",
									"parameters": {
										"pSynTable": "N",
										"pSynSchema": "N"
									}
								}
							}
						},
						{
							"name": "CheckPrevETLAuditStatus",
							"description": "Validates the ETL Audit Status  of the Feed from the previous run.",
							"type": "IfCondition",
							"dependsOn": [
								{
									"activity": "GetPrevETLAuditStatus",
									"dependencyConditions": [
										"Succeeded"
									]
								}
							],
							"userProperties": [],
							"typeProperties": {
								"expression": {
									"value": "@if(equals(activity('GetPrevETLAuditStatus').output.firstRow.Status,'0'), True, False)",
									"type": "Expression"
								},
								"ifFalseActivities": [
									{
										"name": "PrevETLAuditEntryCheckFailed",
										"type": "Wait",
										"dependsOn": [],
										"userProperties": [],
										"typeProperties": {
											"waitTimeInSeconds": 1
										}
									}
								],
								"ifTrueActivities": [
									{
										"name": "GetFeedDetails",
										"description": "Fetches the Feed details from the metadata database.",
										"type": "Lookup",
										"dependsOn": [
											{
												"activity": "SetFeedsQuery",
												"dependencyConditions": [
													"Succeeded"
												]
											}
										],
										"policy": {
											"timeout": "7.00:00:00",
											"retry": 0,
											"retryIntervalInSeconds": 30,
											"secureOutput": false,
											"secureInput": false
										},
										"userProperties": [],
										"typeProperties": {
											"source": {
												"type": "AzureSqlSource",
												"sqlReaderQuery": {
													"value": "@replace(replace(replace(variables('vGetFeedsQuery'), '$pFeedID', string(item().feed_id)),  '$schemaName', pipeline().parameters.pMetadataDBSchema),'$projectID',pipeline().parameters.pProjectId)",
													"type": "Expression"
												},
												"queryTimeout": "02:00:00",
												"partitionOption": "None"
											},
											"dataset": {
												"referenceName": "azdbdna_ds_metadata",
												"type": "DatasetReference"
											}
										}
									},
									{
										"name": "SetFeedsQuery",
										"description": "Query to fetch the Feed details from the metadata database.",
										"type": "SetVariable",
										"dependsOn": [],
										"userProperties": [],
										"typeProperties": {
											"variableName": "vGetFeedsQuery",
											"value": "DECLARE @RC int\nDECLARE @pAssetID nvarchar(20)\nDECLARE @pFeedID nvarchar(20) = '$pFeedID'\nDECLARE @pAssetStatusID nvarchar(20) ='24024'\nDECLARE @pProjectID nvarchar(20) ='$projectID'\nDECLARE @pSourceRangeID nvarchar(20) = '403'\nDECLARE @pTargetLayer nvarchar(128) --= 'PSA'\nDECLARE @pLatestAssetFlag nchar(1) = '1'\n\n\nDECLARE @AssetListJSON table(AssetListJSON nvarchar(max), ProcedureStatus int, ProcedureMessage nvarchar(max))\n \nINSERT INTO @AssetListJSON(AssetListJSON, ProcedureStatus, ProcedureMessage)\nEXECUTE @RC = [$schemaName].[AssetToProcessGet]\n   @pAssetID\n  ,@pFeedID\n  ,@pAssetStatusID\n  ,@pProjectID\n  ,@pSourceRangeID\n  ,@pTargetLayer\n  ,@pLatestAssetFlag;\n\n\nWITH AssetList (AssetList)\nAS (\nSELECT JSON_QUERY(AssetListJSON, '$.AssetList') AssetList\nFROM @AssetListJSON\n),\nAssetListArray(AssetList) \nAS (\nSELECT AssetList\nFROM AssetList\n),\nAssetListTable \nAS (\nSELECT \nAssetID\n, FeedID\n, AssetName\n, PSATargetSchema\n, PSATargetTable\n, FeedStatusName\nFROM AssetListArray ala \nCROSS APPLY OPENJSON(AssetList) \nWITH (\n  AssetID            int                '$.AssetID'\n, FeedID             int                '$.FeedID'\n, AssetName          nvarchar(100)    '$.AssetName'\n, AssetLocation      nvarchar(500)    '$.AssetLocation'\n, RunLogId           int                '$.RunLogId'\n, StatusID           int                '$.StatusID'\n, StatusName         nvarchar(100)    '$.StatusName'\n, PSATargetSchema    nvarchar(100)    '$.PSATargetSchema'\n, PSATargetTable     nvarchar(100)    '$.PSATargetTable'\n, FeedStatusName     nvarchar(50)     '$.FeedStatusName'\n) \n),AssetListFeedID \nAS (\nSELECT FeedID\n    , PSATargetSchema\n    , PSATargetTable\n    , FeedStatusName\nFROM AssetListTable\nGROUP BY FeedID\n    , PSATargetSchema\n    , PSATargetTable\n    , FeedStatusName\n)\nSELECT \n    FeedID = alfi.FeedID\n    , alfi.PSATargetSchema\n    , alfi.PSATargetTable\n    , alfi.FeedStatusName\n    , AssetList = (\n    SELECT \n        alt.AssetID\n    FROM \n        AssetListTable alt\n    WHERE\n        alt.FeedID = alfi.FeedID\n    ORDER BY alt.AssetName\n    for json path\n    )\nFROM AssetListFeedID alfi"
										}
									},
									{
										"name": "SetFeedValidFlag",
										"type": "SetVariable",
										"dependsOn": [
											{
												"activity": "GetFeedDetails",
												"dependencyConditions": [
													"Succeeded"
												]
											}
										],
										"userProperties": [],
										"typeProperties": {
											"variableName": "vFeedValidFlag",
											"value": {
												"value": "@if(contains(activity('GetFeedDetails').output, 'firstRow'), True, False)",
												"type": "Expression"
											}
										}
									}
								]
							}
						}
					]
				}
			}
		],
		"parameters": {
			"pBatchId": {
				"type": "string",
				"defaultValue": "100"
			},
			"pMetadataDBSchema": {
				"type": "string",
				"defaultValue": "dbo"
			},
			"pUserCreated": {
				"type": "string",
				"defaultValue": "CuratedUser"
			},
			"pProjectId": {
				"type": "string"
			}
		},
		"variables": {
			"vGetFeedsQuery": {
				"type": "String"
			},
			"vFeedValidFlag": {
				"type": "Boolean"
			}
		},
		"folder": {
			"name": "IncrementalCurate/PSAToServe/FeedProcess"
		},
		"annotations": []
	}
}