{
	"name": "ProcessActiveFeeds",
	"properties": {
		"activities": [
			{
				"name": "GetDependantFeeds",
				"description": "Gets the Dependant Feed Ids from the metadata.",
				"type": "Lookup",
				"dependsOn": [],
				"policy": {
					"timeout": "7.00:00:00",
					"retry": 0,
					"retryIntervalInSeconds": 30,
					"secureOutput": false,
					"secureInput": false
				},
				"userProperties": [],
				"typeProperties": {
					"source": {
						"type": "SqlDWSource",
						"sqlReaderQuery": {
							"value": "@replace('SELECT TRIM(depends_on) as DependsOn FROM [psa].[cf_feed_configuration] where feed_id = ''$FeedId''', '$FeedId', pipeline().parameters.pFeedId)",
							"type": "Expression"
						},
						"queryTimeout": "02:00:00",
						"partitionOption": "None"
					},
					"dataset": {
						"referenceName": "azsyndna_ds",
						"type": "DatasetReference",
						"parameters": {
							"pSynTable": "N",
							"pSynSchema": "N"
						}
					},
					"firstRowOnly": true
				}
			},
			{
				"name": "ValidateDependantFeedCount",
				"type": "IfCondition",
				"dependsOn": [
					{
						"activity": "GetDependantFeeds",
						"dependencyConditions": [
							"Succeeded"
						]
					}
				],
				"userProperties": [],
				"typeProperties": {
					"expression": {
						"value": "@empty(activity('GetDependantFeeds').output.firstRow.DependsOn)",
						"type": "Expression"
					},
					"ifFalseActivities": [
						{
							"name": "ExecuteProcessDependantFeeds",
							"description": "Executes the ProcessDependantFeeds pipeline.",
							"type": "ExecutePipeline",
							"dependsOn": [],
							"userProperties": [],
							"typeProperties": {
								"pipeline": {
									"referenceName": "ProcessDependantFeeds",
									"type": "PipelineReference"
								},
								"waitOnCompletion": true,
								"parameters": {
									"pMetadataDBSchema": {
										"value": "@pipeline().parameters.pMetadataDBSchema",
										"type": "Expression"
									},
									"pAssetList": {
										"value": "@json(pipeline().parameters.pAssets.AssetList)",
										"type": "Expression"
									},
									"pFeedId": {
										"value": "@pipeline().parameters.pFeedId",
										"type": "Expression"
									},
									"pDependentFeeds": {
										"value": "@activity('GetDependantFeeds').output.firstRow.DependsOn",
										"type": "Expression"
									},
									"pETLRunLogId": {
										"value": "@pipeline().parameters.pETLRunLogId",
										"type": "Expression"
									},
									"pETLRunLogStartDate": {
										"value": "@pipeline().parameters.pETLRunLogStartDate",
										"type": "Expression"
									},
									"pPSASchema": {
										"value": "@pipeline().parameters.pAssets.PSATargetSchema",
										"type": "Expression"
									},
									"pPSATableName": {
										"value": "@pipeline().parameters.pAssets.PSATargetTable",
										"type": "Expression"
									},
									"pUserCreated": {
										"value": "@pipeline().parameters.pUserCreated",
										"type": "Expression"
									}
								}
							}
						}
					],
					"ifTrueActivities": [
						{
							"name": "ExecuteProcessAssets",
							"description": "Executes the ProcessAssets pipeline.",
							"type": "ExecutePipeline",
							"dependsOn": [],
							"userProperties": [],
							"typeProperties": {
								"pipeline": {
									"referenceName": "ProcessAssets",
									"type": "PipelineReference"
								},
								"waitOnCompletion": true,
								"parameters": {
									"pMetadataDBSchema": {
										"value": "@pipeline().parameters.pMetadataDBSchema",
										"type": "Expression"
									},
									"pFeedId": {
										"value": "@pipeline().parameters.pFeedId",
										"type": "Expression"
									},
									"pAssets": {
										"value": "@json(pipeline().parameters.pAssets.AssetList)",
										"type": "Expression"
									},
									"pETLRunLogId": {
										"value": "@pipeline().parameters.pETLRunLogId",
										"type": "Expression"
									},
									"pETLRunLogStartDate": {
										"value": "@pipeline().parameters.pETLRunLogStartDate",
										"type": "Expression"
									},
									"pPSASchema": {
										"value": "@pipeline().parameters.pAssets.PSATargetSchema",
										"type": "Expression"
									},
									"pPSATableName": {
										"value": "@pipeline().parameters.pAssets.PSATargetTable",
										"type": "Expression"
									},
									"pUserCreated": {
										"value": "@pipeline().parameters.pUserCreated",
										"type": "Expression"
									}
								}
							}
						},
						{
							"name": "ExecuteAssetProcessFailure",
							"type": "ExecutePipeline",
							"dependsOn": [
								{
									"activity": "ExecuteProcessAssets",
									"dependencyConditions": [
										"Failed"
									]
								}
							],
							"userProperties": [],
							"typeProperties": {
								"pipeline": {
									"referenceName": "AssetProcessFailure",
									"type": "PipelineReference"
								},
								"waitOnCompletion": true,
								"parameters": {
									"pAssetList": {
										"value": "@string(pipeline().parameters.pAssets.AssetList)",
										"type": "Expression"
									},
									"pIngestionDB": {
										"value": "@pipeline().parameters.pMetadataDBSchema",
										"type": "Expression"
									},
									"pUser": {
										"value": "@pipeline().parameters.pUserCreated",
										"type": "Expression"
									},
									"pRunLogID": {
										"value": "@pipeline().parameters.pETLRunLogId",
										"type": "Expression"
									},
									"pRunLogstartDate": {
										"value": "@pipeline().parameters.pETLRunLogStartDate",
										"type": "Expression"
									},
									"pFeedID": {
										"value": "@pipeline().parameters.pFeedId",
										"type": "Expression"
									},
									"pStatusID": "24029",
									"pPipeline": {
										"value": "@pipeline().Pipeline",
										"type": "Expression"
									},
									"pRunId": {
										"value": "@pipeline().RunId",
										"type": "Expression"
									}
								}
							}
						}
					]
				}
			}
		],
		"parameters": {
			"pFeedId": {
				"type": "string"
			},
			"pMetadataDBSchema": {
				"type": "string"
			},
			"pAssets": {
				"type": "object"
			},
			"pETLRunLogId": {
				"type": "string"
			},
			"pETLRunLogStartDate": {
				"type": "string"
			},
			"pUserCreated": {
				"type": "string"
			}
		},
		"folder": {
			"name": "IncrementalCurate/PSAToServe/FeedProcess"
		},
		"annotations": []
	}
}