{
	"name": "Queueing pipeline",
	"properties": {
		"description": "Checks statusof IF, EF and Databricks",
		"activities": [
			{
				"name": "Checking Active Databrick Jobs",
				"type": "WebActivity",
				"dependsOn": [
					{
						"activity": "Populate_Param",
						"dependencyConditions": [
							"Succeeded"
						]
					}
				],
				"policy": {
					"timeout": "7.00:00:00",
					"retry": 0,
					"retryIntervalInSeconds": 30,
					"secureOutput": false,
					"secureInput": false
				},
				"userProperties": [],
				"typeProperties": {
					"url": {
						"value": "@concat(variables('v_Databrick_Instance'),'/api/2.0/jobs/runs/list?active_only=true&offset=0&limit=150')",
						"type": "Expression"
					},
					"connectVia": {
						"referenceName": "dna-ir01",
						"type": "IntegrationRuntimeReference"
					},
					"method": "GET",
					"authentication": {
						"type": "MSI",
						"resource": "2ff814a6-3304-4ab8-85cb-cd0e6f879c1d"
					}
				}
			},
			{
				"name": "Check Active Execution Status",
				"type": "IfCondition",
				"dependsOn": [
					{
						"activity": "Checking IFnEF Status",
						"dependencyConditions": [
							"Succeeded"
						]
					},
					{
						"activity": "Set Final count",
						"dependencyConditions": [
							"Succeeded"
						]
					},
					{
						"activity": "Checking GA IFnEF Status",
						"dependencyConditions": [
							"Succeeded"
						]
					}
				],
				"userProperties": [],
				"typeProperties": {
					"expression": {
						"value": "@and(less(int(variables('v_final_count')),100),less(activity('Checking GA IFnEF Status').output.value[0].run_count,11))",
						"type": "Expression"
					},
					"ifTrueActivities": [
						{
							"name": "FileCheck",
							"type": "ExecutePipeline",
							"dependsOn": [],
							"userProperties": [],
							"typeProperties": {
								"pipeline": {
									"referenceName": "FileCheck",
									"type": "PipelineReference"
								},
								"waitOnCompletion": true,
								"parameters": {
									"Folderpath": {
										"value": "@pipeline().parameters.Folderpath",
										"type": "Expression"
									},
									"prelandingcont": {
										"value": "@variables('v_prelanding')",
										"type": "Expression"
									},
									"count": {
										"value": "@variables('v_count')",
										"type": "Expression"
									},
									"Project_name": {
										"value": "@pipeline().parameters.Project_name",
										"type": "Expression"
									},
									"Environment": {
										"value": "@pipeline().parameters.Environment",
										"type": "Expression"
									},
									"File_type": {
										"value": "@pipeline().parameters.File_type",
										"type": "Expression"
									}
								}
							}
						}
					]
				}
			},
			{
				"name": "Lookup_Parameters",
				"description": "lookup the parameter table to retrieve input parameters",
				"type": "Lookup",
				"dependsOn": [],
				"policy": {
					"timeout": "0.00:19:00",
					"retry": 0,
					"retryIntervalInSeconds": 30,
					"secureOutput": false,
					"secureInput": false
				},
				"userProperties": [],
				"typeProperties": {
					"source": {
						"type": "SqlDWSource",
						"sqlReaderQuery": {
							"value": "SELECT * FROM dc_metadata.GDHDynamicADFParams where Project_name = '@{pipeline().parameters.Project_Name}' and Environment = '@{pipeline().parameters.Environment}' ",
							"type": "Expression"
						},
						"queryTimeout": "02:00:00",
						"partitionOption": "None"
					},
					"dataset": {
						"referenceName": "azsyndna_dataset",
						"type": "DatasetReference"
					},
					"firstRowOnly": false
				}
			},
			{
				"name": "Populate_Param",
				"description": "Initialises variables",
				"type": "ForEach",
				"dependsOn": [
					{
						"activity": "Lookup_Parameters",
						"dependencyConditions": [
							"Succeeded"
						]
					}
				],
				"userProperties": [],
				"typeProperties": {
					"items": {
						"value": "@activity('Lookup_Parameters').output.value",
						"type": "Expression"
					},
					"activities": [
						{
							"name": "Paramaters",
							"type": "Switch",
							"dependsOn": [],
							"userProperties": [],
							"typeProperties": {
								"on": {
									"value": "@item().Param_key",
									"type": "Expression"
								},
								"cases": [
									{
										"value": "databrick_instance",
										"activities": [
											{
												"name": "SetStorageAccount",
												"type": "SetVariable",
												"dependsOn": [],
												"userProperties": [],
												"typeProperties": {
													"variableName": "v_databrick_instance",
													"value": {
														"value": "@item().param_value",
														"type": "Expression"
													}
												}
											}
										]
									},
									{
										"value": "prelandingcont",
										"activities": [
											{
												"name": "Setprelandingcont",
												"description": "",
												"type": "SetVariable",
												"dependsOn": [],
												"userProperties": [],
												"typeProperties": {
													"variableName": "v_prelanding",
													"value": {
														"value": "@item().param_value",
														"type": "Expression"
													}
												}
											}
										]
									},
									{
										"value": "count",
										"activities": [
											{
												"name": "Setcount",
												"type": "SetVariable",
												"dependsOn": [],
												"userProperties": [],
												"typeProperties": {
													"variableName": "v_count",
													"value": {
														"value": "@item().param_value",
														"type": "Expression"
													}
												}
											}
										]
									},
									{
										"value": "concurrency",
										"activities": [
											{
												"name": "Setconcurrency",
												"description": "",
												"type": "SetVariable",
												"dependsOn": [],
												"userProperties": [],
												"typeProperties": {
													"variableName": "v_concurrency",
													"value": {
														"value": "@item().param_value",
														"type": "Expression"
													}
												}
											}
										]
									}
								]
							}
						}
					]
				}
			},
			{
				"name": "Checking IFnEF Status",
				"type": "Lookup",
				"dependsOn": [],
				"policy": {
					"timeout": "7.00:00:00",
					"retry": 0,
					"retryIntervalInSeconds": 30,
					"secureOutput": false,
					"secureInput": false
				},
				"userProperties": [],
				"typeProperties": {
					"source": {
						"type": "AzureSqlSource",
						"sqlReaderQuery": {
							"value": "SELECT count(*) as run_count from \n(\nSELECT a.AssetID,a.DTEffectiveFrom from dbo.Assetstatus a join dbo.Asset b on a.AssetID = b.AssetID\nwhere  StatusID IN ('24045') and AssetCurrentLocation IN ('dispatch%') and DTEffectiveFrom <= GETDATE() and DTEffectiveFrom > DATEADD(mi,-10,GETDATE())\nUNION \nSELECT a.AssetID,a.DTEffectiveFrom from dbo.Assetstatus a join dbo.Asset b on a.AssetID = b.AssetID\nwhere  StatusID IN ('24011') and DTEffectiveFrom <= GETDATE() and DTEffectiveFrom > DATEADD(mi,-10,GETDATE()) \n) sub ",
							"type": "Expression"
						},
						"queryTimeout": "02:00:00",
						"partitionOption": "None"
					},
					"dataset": {
						"referenceName": "azdbdna_ds_metadata",
						"type": "DatasetReference"
					},
					"firstRowOnly": false
				}
			},
			{
				"name": "Check Databrick Status",
				"type": "IfCondition",
				"dependsOn": [
					{
						"activity": "Checking Active Databrick Jobs",
						"dependencyConditions": [
							"Succeeded"
						]
					}
				],
				"userProperties": [],
				"typeProperties": {
					"expression": {
						"value": "@contains(activity('Checking Active Databrick Jobs').output,'runs')",
						"type": "Expression"
					},
					"ifFalseActivities": [
						{
							"name": "Set db job count",
							"type": "SetVariable",
							"dependsOn": [],
							"userProperties": [],
							"typeProperties": {
								"variableName": "v_db_job_count",
								"value": {
									"value": "0",
									"type": "Expression"
								}
							}
						}
					],
					"ifTrueActivities": [
						{
							"name": "Set databrick job count",
							"type": "SetVariable",
							"dependsOn": [],
							"userProperties": [],
							"typeProperties": {
								"variableName": "v_db_job_count",
								"value": {
									"value": "@string(length(activity('Checking Active Databrick Jobs').output.runs))",
									"type": "Expression"
								}
							}
						}
					]
				}
			},
			{
				"name": "Set Final count",
				"type": "SetVariable",
				"dependsOn": [
					{
						"activity": "Check Databrick Status",
						"dependencyConditions": [
							"Succeeded"
						]
					},
					{
						"activity": "Checking GA status in IF",
						"dependencyConditions": [
							"Succeeded"
						]
					}
				],
				"userProperties": [],
				"typeProperties": {
					"variableName": "v_final_count",
					"value": {
						"value": "@string(add(int(variables('v_db_job_count')),mul(int(activity('Checking GA status in IF').output.value[0].run_count),5)))",
						"type": "Expression"
					}
				}
			},
			{
				"name": "Checking GA status in IF",
				"type": "Lookup",
				"dependsOn": [],
				"policy": {
					"timeout": "7.00:00:00",
					"retry": 0,
					"retryIntervalInSeconds": 30,
					"secureOutput": false,
					"secureInput": false
				},
				"userProperties": [],
				"typeProperties": {
					"source": {
						"type": "AzureSqlSource",
						"sqlReaderQuery": {
							"value": "SELECT count(*) as run_count from \n(\nSELECT a.AssetID,a.DTEffectiveFrom from dbo.Assetstatus a join dbo.Asset b on a.AssetID = b.AssetID\nwhere  StatusID IN ('24013') and AssetName LIKE '%ga_sessions%' and DTEffectiveFrom <= GETDATE() and DTEffectiveFrom > DATEADD(mi,-5,GETDATE())\nUNION \nSELECT a.AssetID,a.DTEffectiveFrom from dbo.Assetstatus a join dbo.Asset b on a.AssetID = b.AssetID\nwhere  StatusID IN ('24011') and AssetName LIKE '%ga_sessions%' and DTEffectiveFrom <= GETDATE() and DTEffectiveFrom > DATEADD(mi,-30,GETDATE()) \n) sub",
							"type": "Expression"
						},
						"queryTimeout": "02:00:00",
						"partitionOption": "None"
					},
					"dataset": {
						"referenceName": "azdbdna_ds_metadata",
						"type": "DatasetReference"
					},
					"firstRowOnly": false
				}
			},
			{
				"name": "Checking GA IFnEF Status",
				"type": "Lookup",
				"dependsOn": [],
				"policy": {
					"timeout": "7.00:00:00",
					"retry": 0,
					"retryIntervalInSeconds": 30,
					"secureOutput": false,
					"secureInput": false
				},
				"userProperties": [],
				"typeProperties": {
					"source": {
						"type": "AzureSqlSource",
						"sqlReaderQuery": {
							"value": "SELECT count(*) as run_count from \n(\nSELECT a.AssetID,a.DTEffectiveFrom from dbo.Assetstatus a join dbo.Asset b on a.AssetID = b.AssetID\nwhere  StatusID IN ('24045') and AssetCurrentLocation IN ('dispatch%') and AssetName LIKE '%ga_sessions%' \nand DTEffectiveFrom <= GETDATE() and DTEffectiveFrom > DATEADD(mi,-15,GETDATE())\nUNION \nSELECT a.AssetID,a.DTEffectiveFrom from dbo.Assetstatus a join dbo.Asset b on a.AssetID = b.AssetID\nwhere  StatusID IN ('24011') and AssetName LIKE '%ga_sessions%' and DTEffectiveFrom <= GETDATE() and DTEffectiveFrom > DATEADD(mi,-15,GETDATE()) \n) sub\n",
							"type": "Expression"
						},
						"queryTimeout": "02:00:00",
						"partitionOption": "None"
					},
					"dataset": {
						"referenceName": "azdbdna_ds_metadata",
						"type": "DatasetReference"
					},
					"firstRowOnly": false
				}
			}
		],
		"parameters": {
			"Project_name": {
				"type": "string"
			},
			"Environment": {
				"type": "string"
			},
			"Folderpath": {
				"type": "string"
			},
			"File_type": {
				"type": "string"
			}
		},
		"variables": {
			"v_prelanding": {
				"type": "String"
			},
			"v_count": {
				"type": "String"
			},
			"v_landing_storage_account": {
				"type": "String"
			},
			"v_filename_array": {
				"type": "Array"
			},
			"v_databrick_instance": {
				"type": "String"
			},
			"v_concurrency": {
				"type": "String"
			},
			"v_db_job_count": {
				"type": "String"
			},
			"v_final_count": {
				"type": "String"
			}
		},
		"folder": {
			"name": "Google Analytics/Source File Microbatching"
		},
		"annotations": []
	}
}