{
	"name": "RPIDNA_LEIT_Bounce",
	"properties": {
		"activities": [
			{
				"name": "Check File Type",
				"type": "Switch",
				"dependsOn": [
					{
						"activity": "Set File_Type",
						"dependencyConditions": [
							"Succeeded"
						]
					},
					{
						"activity": "Set Source Folder",
						"dependencyConditions": [
							"Succeeded"
						]
					}
				],
				"userProperties": [],
				"typeProperties": {
					"on": {
						"value": "@variables('l_file_type')",
						"type": "Expression"
					},
					"cases": [
						{
							"value": "PRODUCT",
							"activities": [
								{
									"name": "Set SA Product",
									"type": "SetVariable",
									"dependsOn": [],
									"userProperties": [],
									"typeProperties": {
										"variableName": "l_destination_SA",
										"value": "LEIT/LEXDH/Liz_Earle_Retail_Product/Incremental"
									}
								}
							]
						},
						{
							"value": "SALES",
							"activities": [
								{
									"name": "Set SA Sales",
									"type": "SetVariable",
									"dependsOn": [],
									"userProperties": [],
									"typeProperties": {
										"variableName": "l_destination_SA",
										"value": "LEIT/LEXDH/Liz_Earle_Retail_and_Invoice_Sales/Incremental"
									}
								}
							]
						},
						{
							"value": "STORE",
							"activities": [
								{
									"name": "Set SA_Store",
									"type": "SetVariable",
									"dependsOn": [],
									"userProperties": [],
									"typeProperties": {
										"variableName": "l_destination_SA",
										"value": "LEIT/LEXDH/LEIT_LEX_SALES_Store/Incremental"
									}
								}
							]
						}
					]
				}
			},
			{
				"name": "Set File_Type",
				"type": "SetVariable",
				"dependsOn": [
					{
						"activity": "Set Container",
						"dependencyConditions": [
							"Succeeded"
						]
					}
				],
				"userProperties": [],
				"typeProperties": {
					"variableName": "l_file_type",
					"value": {
						"value": "@if(startswith(pipeline().parameters.l_filename,'LEIT_LEX_SALES_Product_'),'PRODUCT',if(startswith(pipeline().parameters.l_filename,'LEIT_LEX_SALES_Store_'),'STORE','SALES'))",
						"type": "Expression"
					}
				}
			},
			{
				"name": "Copy File",
				"type": "Copy",
				"dependsOn": [
					{
						"activity": "Check File Type",
						"dependencyConditions": [
							"Succeeded"
						]
					}
				],
				"policy": {
					"timeout": "7.00:00:00",
					"retry": 0,
					"retryIntervalInSeconds": 30,
					"secureOutput": false,
					"secureInput": false
				},
				"userProperties": [],
				"typeProperties": {
					"source": {
						"type": "BinarySource",
						"storeSettings": {
							"type": "AzureBlobStorageReadSettings",
							"recursive": true,
							"deleteFilesAfterCompletion": true
						},
						"formatSettings": {
							"type": "BinaryReadSettings"
						}
					},
					"sink": {
						"type": "BinarySink",
						"storeSettings": {
							"type": "AzureBlobStorageWriteSettings"
						}
					},
					"enableStaging": false
				},
				"inputs": [
					{
						"referenceName": "azbinfile_bounce_blob",
						"type": "DatasetReference",
						"parameters": {
							"pContainer": {
								"value": "@variables('l_container')",
								"type": "Expression"
							},
							"pFolderPath": {
								"value": "@variables('l_source_SA')",
								"type": "Expression"
							},
							"pFileName": {
								"value": "@pipeline().parameters.l_filename",
								"type": "Expression"
							}
						}
					}
				],
				"outputs": [
					{
						"referenceName": "azbinfile_landing_bounce",
						"type": "DatasetReference",
						"parameters": {
							"pContainer": {
								"value": "@variables('l_container')",
								"type": "Expression"
							},
							"pFolderPath": {
								"value": "@variables('l_destination_SA')",
								"type": "Expression"
							},
							"pFileName": {
								"value": "@pipeline().parameters.l_filename",
								"type": "Expression"
							}
						}
					}
				]
			},
			{
				"name": "Set Container",
				"type": "SetVariable",
				"dependsOn": [],
				"userProperties": [],
				"typeProperties": {
					"variableName": "l_container",
					"value": "landing"
				}
			},
			{
				"name": "Set Source Folder",
				"type": "SetVariable",
				"dependsOn": [
					{
						"activity": "Set Container",
						"dependencyConditions": [
							"Succeeded"
						]
					}
				],
				"userProperties": [],
				"typeProperties": {
					"variableName": "l_source_SA",
					"value": {
						"value": "@replace(pipeline().parameters.l_source_dir,variables('l_container'),'')",
						"type": "Expression"
					}
				}
			}
		],
		"parameters": {
			"l_source_dir": {
				"type": "string"
			},
			"l_filename": {
				"type": "string"
			}
		},
		"variables": {
			"l_file_type": {
				"type": "String"
			},
			"l_destination_SA": {
				"type": "String"
			},
			"l_container": {
				"type": "String"
			},
			"l_source_SA": {
				"type": "String"
			}
		},
		"folder": {
			"name": "RPIDNA/Bounce"
		},
		"annotations": []
	}
}