{
	"name": "RunPythonScript",
	"properties": {
		"description": "Calls the RunPythonScript Runbook via a WebHook activity.",
		"activities": [
			{
				"name": "WebHook_RunPythonScript",
				"description": "Calls RunPythonScript Runbook.",
				"type": "WebHook",
				"dependsOn": [
					{
						"activity": "LogSystemLog-Start",
						"dependencyConditions": [
							"Succeeded"
						]
					}
				],
				"userProperties": [],
				"typeProperties": {
					"url": {
						"value": "@pipeline().parameters.WebHookPython",
						"type": "Expression"
					},
					"method": "POST",
					"headers": {
						"message": "StartedbyWBA"
					},
					"body": {
						"value": "@json(concat('{ \"inputFilename\": \"',pipeline().parameters.inputFilename,'\"'\n           ,', \"StorageAccountName\": \"',pipeline().parameters.StorageAccountName,'\"'\n           ,', \"StorageContainerName\": \"',pipeline().parameters.StorageContainerName,'\"'\n           ,', \"InputFilePath\": \"',pipeline().parameters.InputFilePath,'\"'\n           ,', \"OutputFileName\": \"',pipeline().parameters.OutputFileName,'\"'\n           ,', \"OutputFilePath\": \"',pipeline().parameters.OutputFilePath,'\"'\n           ,', \"Retailer\": \"',pipeline().parameters.Retailer,'\"'\n           ,'}'))",
						"type": "Expression"
					},
					"timeout": "00:59:00"
				}
			},
			{
				"name": "LogSystemLog-Start",
				"type": "ExecutePipeline",
				"dependsOn": [],
				"userProperties": [],
				"typeProperties": {
					"pipeline": {
						"referenceName": "Log_System_Log",
						"type": "PipelineReference"
					},
					"waitOnCompletion": true,
					"parameters": {
						"log_type": "INFORMATION",
						"log_message": {
							"value": "@concat('Starting Pipeline Name:',pipeline().Pipeline,';Data Factory Name:',pipeline().DataFactory,';Pipeline Run ID:',pipeline().RunId,';Pipeline Trigger ID:',pipeline().TriggerId,';Pipeline Trigger Name:',pipeline().TriggerName,';Pipeline Trigger Time:',pipeline().TriggerTime,';Pipeline Trigger Type:',pipeline().TriggerType)",
							"type": "Expression"
						}
					}
				}
			},
			{
				"name": "LogSystemLog-End",
				"type": "ExecutePipeline",
				"dependsOn": [
					{
						"activity": "IF delete check",
						"dependencyConditions": [
							"Succeeded"
						]
					}
				],
				"userProperties": [],
				"typeProperties": {
					"pipeline": {
						"referenceName": "Log_System_Log",
						"type": "PipelineReference"
					},
					"waitOnCompletion": true,
					"parameters": {
						"log_type": "INFORMATION",
						"log_message": {
							"value": "@concat('Ending Pipeline Name:',pipeline().Pipeline,';Data Factory Name:',pipeline().DataFactory,';Pipeline Run ID:',pipeline().RunId,';Pipeline Trigger ID:',pipeline().TriggerId,';Pipeline Trigger Name:',pipeline().TriggerName,';Pipeline Trigger Time:',pipeline().TriggerTime,';Pipeline Trigger Type:',pipeline().TriggerType)",
							"type": "Expression"
						}
					}
				}
			},
			{
				"name": "LogSystemLog-Error-WebHook",
				"type": "ExecutePipeline",
				"dependsOn": [
					{
						"activity": "WebHook_RunPythonScript",
						"dependencyConditions": [
							"Failed"
						]
					}
				],
				"userProperties": [],
				"typeProperties": {
					"pipeline": {
						"referenceName": "Log_System_Log",
						"type": "PipelineReference"
					},
					"waitOnCompletion": true,
					"parameters": {
						"log_type": "ERROR",
						"log_message": {
							"value": "@concat('Error in Pipeline Name:',pipeline().Pipeline,';Data Factory Name:',pipeline().DataFactory,';Pipeline Run ID:',pipeline().RunId,';Pipeline Trigger ID:',pipeline().TriggerId,';Pipeline Trigger Name:',pipeline().TriggerName,';Pipeline Trigger Time:',pipeline().TriggerTime,';Pipeline Trigger Type:',pipeline().TriggerType,'; Error from last activity: ', activity('WebHook_RunPythonScript').output.error.message)",
							"type": "Expression"
						}
					}
				}
			},
			{
				"name": "IF delete check",
				"type": "IfCondition",
				"dependsOn": [
					{
						"activity": "WebHook_RunPythonScript",
						"dependencyConditions": [
							"Succeeded"
						]
					}
				],
				"userProperties": [],
				"typeProperties": {
					"expression": {
						"value": "@pipeline().parameters.DeleteSourceFile",
						"type": "Expression"
					},
					"ifTrueActivities": [
						{
							"name": "Delete Source File",
							"type": "ExecutePipeline",
							"dependsOn": [],
							"userProperties": [],
							"typeProperties": {
								"pipeline": {
									"referenceName": "Delete_File_From_ADLS2_Storage",
									"type": "PipelineReference"
								},
								"waitOnCompletion": true,
								"parameters": {
									"InputFilename": {
										"value": "@pipeline().parameters.InputFilename",
										"type": "Expression"
									},
									"StorageContainerName": {
										"value": "@pipeline().parameters.StorageContainerName",
										"type": "Expression"
									},
									"StorageAccountServiceEndPoint": {
										"value": "@pipeline().parameters.StorageAccountServiceEndPoint",
										"type": "Expression"
									},
									"InputFilePath": {
										"value": "@pipeline().parameters.InputFilePath",
										"type": "Expression"
									}
								}
							}
						},
						{
							"name": "LogSystemLog-Error-DeleteSourceFile",
							"type": "ExecutePipeline",
							"dependsOn": [
								{
									"activity": "Delete Source File",
									"dependencyConditions": [
										"Failed"
									]
								}
							],
							"userProperties": [],
							"typeProperties": {
								"pipeline": {
									"referenceName": "Log_System_Log",
									"type": "PipelineReference"
								},
								"waitOnCompletion": true,
								"parameters": {
									"log_type": "ERROR",
									"log_message": {
										"value": "@concat('Error in Pipeline Name:',pipeline().Pipeline,';Data Factory Name:',pipeline().DataFactory,';Pipeline Run ID:',pipeline().RunId,';Pipeline Trigger ID:',pipeline().TriggerId,';Pipeline Trigger Name:',pipeline().TriggerName,';Pipeline Trigger Time:',pipeline().TriggerTime,';Pipeline Trigger Type:',pipeline().TriggerType)",
										"type": "Expression"
									}
								}
							}
						}
					]
				}
			}
		],
		"parameters": {
			"InputFilename": {
				"type": "string"
			},
			"StorageAccountName": {
				"type": "string"
			},
			"StorageContainerName": {
				"type": "string"
			},
			"DeleteSourceFile": {
				"type": "bool"
			},
			"StorageAccountServiceEndPoint": {
				"type": "string"
			},
			"OutputFilename": {
				"type": "string"
			},
			"InputFilePath": {
				"type": "string"
			},
			"WebHookPython": {
				"type": "string"
			},
			"OutputFilePath": {
				"type": "string"
			},
			"Retailer": {
				"type": "string",
				"defaultValue": "Ulta"
			}
		},
		"folder": {
			"name": "HRW_Common"
		},
		"annotations": []
	},
	"type": "Microsoft.DataFactory/factories/pipelines"
}