{
	"name": "ServeLoad",
	"properties": {
		"activities": [
			{
				"name": "GetDQParams",
				"description": "Fetches the required DQ parameters from the metadata.",
				"type": "Lookup",
				"dependsOn": [
					{
						"activity": "SetDQParamsQuery",
						"dependencyConditions": [
							"Succeeded"
						]
					}
				],
				"policy": {
					"timeout": "7.00:00:00",
					"retry": 0,
					"retryIntervalInSeconds": 30,
					"secureOutput": false,
					"secureInput": false
				},
				"userProperties": [],
				"typeProperties": {
					"source": {
						"type": "AzureSqlSource",
						"sqlReaderQuery": {
							"value": "@replace(replace(variables('vGetDQPropsQuery'),'$FeedID',pipeline().parameters.pFeedId), '$Schema',pipeline().parameters.pDBSchema)",
							"type": "Expression"
						},
						"queryTimeout": "02:00:00",
						"partitionOption": "None"
					},
					"dataset": {
						"referenceName": "azdbdna_ds_metadata",
						"type": "DatasetReference"
					}
				}
			},
			{
				"name": "SetDQParamsQuery",
				"description": "Query to fetch the DQ parameters from the metadata database.",
				"type": "SetVariable",
				"dependsOn": [],
				"userProperties": [],
				"typeProperties": {
					"variableName": "vGetDQPropsQuery",
					"value": "DECLARE @pFeedID nvarchar(20) = $FeedID\nDECLARE @tablevar table(FeedEntityDetails nvarchar(max), ProcedureStatus int, ProcedureMessage nvarchar(max))\nDECLARE @feedEntity nvarchar(max)\n\nBEGIN\nINSERT INTO @tablevar(FeedEntityDetails, ProcedureStatus, ProcedureMessage) \nEXECUTE [$Schema].[FeedEntityParametersGet] @pFeedID\nSELECT @feedEntity = FeedEntityDetails from @tablevar\nSELECT @feedEntity =JSON_QUERY(@feedEntity, '$.FeedEntity[0]')\nSELECT \n    A.EntityID,\n    A.BusinessKey\nFROM OPENJSON(@feedEntity)  \n  WITH (\n    EntityID NVARCHAR(50) '$.EntityID',\n    BusinessKey NVARCHAR(150) '$.BusinessKey'\n  ) A\nEND"
				}
			},
			{
				"name": "GetServeLoadSPName",
				"description": "Fetches the name of the 'PSA to Serve Load' stored procedure from the framework metadata.",
				"type": "Lookup",
				"dependsOn": [],
				"policy": {
					"timeout": "7.00:00:00",
					"retry": 0,
					"retryIntervalInSeconds": 30,
					"secureOutput": false,
					"secureInput": false
				},
				"userProperties": [],
				"typeProperties": {
					"source": {
						"type": "SqlDWSource",
						"sqlReaderQuery": {
							"value": "@replace('SELECT TRIM(sp_name) as spName \nFROM [psa].[cf_stored_proc] sp\nINNER JOIN [psa].[cf_feed_configuration] fc\nON sp.sp_id = fc.curation_sp AND\nsp.active_flag = fc.active_flag\nWHERE fc.feed_id = $FeedId\nAND sp.active_flag = 1 ','$FeedId',pipeline().parameters.pFeedId)",
							"type": "Expression"
						},
						"queryTimeout": "02:00:00",
						"partitionOption": "None"
					},
					"dataset": {
						"referenceName": "azsyndna_ds",
						"type": "DatasetReference",
						"parameters": {
							"pSynTable": "N",
							"pSynSchema": "N"
						}
					}
				}
			},
			{
				"name": "ValidateDQParamCount",
				"description": "Validates whether the DQ parameters lookup fetches any rows.",
				"type": "IfCondition",
				"dependsOn": [
					{
						"activity": "GetDQParams",
						"dependencyConditions": [
							"Succeeded"
						]
					}
				],
				"userProperties": [],
				"typeProperties": {
					"expression": {
						"value": "@if(contains(activity('GetDQParams').output, 'firstRow'), True, False)",
						"type": "Expression"
					},
					"ifFalseActivities": [
						{
							"name": "FetchDQParamCountFailed",
							"type": "Wait",
							"dependsOn": [],
							"userProperties": [],
							"typeProperties": {
								"waitTimeInSeconds": 1
							}
						}
					],
					"ifTrueActivities": [
						{
							"name": "DQMissingLookup",
							"description": "Executes Data Quality stored procedure check to evaluate the missing lookup keys.",
							"type": "SqlServerStoredProcedure",
							"dependsOn": [
								{
									"activity": "GetPSAEntityID",
									"dependencyConditions": [
										"Succeeded"
									]
								}
							],
							"policy": {
								"timeout": "7.00:00:00",
								"retry": 0,
								"retryIntervalInSeconds": 30,
								"secureOutput": false,
								"secureInput": false
							},
							"userProperties": [],
							"typeProperties": {
								"storedProcedureName": "[psa].[sp_cf_ref_lookup]",
								"storedProcedureParameters": {
									"EntityId": {
										"value": {
											"value": "@activity('GetPSAEntityID').output.firstRow.TargetEntityID",
											"type": "Expression"
										},
										"type": "String"
									},
									"RuleType": {
										"value": "MissingLookupKeys",
										"type": "String"
									},
									"TableName": {
										"value": {
											"value": "@pipeline().parameters.pPSATableName",
											"type": "Expression"
										},
										"type": "String"
									}
								}
							},
							"linkedServiceName": {
								"referenceName": "azsyndna_curated_dw",
								"type": "LinkedServiceReference"
							}
						},
						{
							"name": "DQReprocess",
							"description": "Executes the Data Quality reprocess stored procedure.",
							"type": "SqlServerStoredProcedure",
							"dependsOn": [
								{
									"activity": "DQFramework",
									"dependencyConditions": [
										"Succeeded"
									]
								}
							],
							"policy": {
								"timeout": "7.00:00:00",
								"retry": 0,
								"retryIntervalInSeconds": 30,
								"secureOutput": false,
								"secureInput": false
							},
							"userProperties": [],
							"typeProperties": {
								"storedProcedureName": "[psa].[sp_cf_ref_reprocess]",
								"storedProcedureParameters": {
									"BusinessKeys": {
										"value": {
											"value": "@activity('GetDQParams').output.firstRow.BusinessKey\n",
											"type": "Expression"
										},
										"type": "String"
									},
									"TableName": {
										"value": {
											"value": "@pipeline().parameters.pPSATableName",
											"type": "Expression"
										},
										"type": "String"
									}
								}
							},
							"linkedServiceName": {
								"referenceName": "azsyndna_curated_dw",
								"type": "LinkedServiceReference"
							}
						},
						{
							"name": "GetPSAEntityID",
							"description": "Retrieve PSA Entity Id using ClenasedEntityID",
							"type": "Lookup",
							"dependsOn": [],
							"policy": {
								"timeout": "7.00:00:00",
								"retry": 0,
								"retryIntervalInSeconds": 30,
								"secureOutput": false,
								"secureInput": false
							},
							"userProperties": [],
							"typeProperties": {
								"source": {
									"type": "SqlDWSource",
									"sqlReaderQuery": {
										"value": "@concat('select TargetEntityID from psa.MappingEntity me join psa.Entity e on me.TargetEntityID = e.EntityId where me.SourceEntityID = ', activity('GetDQParams').output.firstRow.EntityID, ' and e.SchemaName = ', '''psa''')",
										"type": "Expression"
									},
									"queryTimeout": "02:00:00",
									"partitionOption": "None"
								},
								"dataset": {
									"referenceName": "azsyndna_ds",
									"type": "DatasetReference",
									"parameters": {
										"pSynTable": "N",
										"pSynSchema": "N"
									}
								}
							}
						},
						{
							"name": "DQFramework",
							"description": "Executes the DQ Framework stored procedure.",
							"type": "SqlServerStoredProcedure",
							"dependsOn": [
								{
									"activity": "DQMissingLookup",
									"dependencyConditions": [
										"Succeeded"
									]
								}
							],
							"policy": {
								"timeout": "7.00:00:00",
								"retry": 0,
								"retryIntervalInSeconds": 30,
								"secureOutput": false,
								"secureInput": false
							},
							"userProperties": [],
							"typeProperties": {
								"storedProcedureName": "[psa].[sp_ApplyDQ]",
								"storedProcedureParameters": {
									"pCleansedEntityID": {
										"value": {
											"value": "@activity('GetDQParams').output.firstRow.EntityID",
											"type": "Expression"
										},
										"type": "Int64"
									},
									"pPSAEntityID": {
										"value": {
											"value": "@activity('GetPSAEntityID').output.firstRow.TargetEntityID",
											"type": "Expression"
										},
										"type": "Int64"
									},
									"pETLRunlogId": {
										"value": null,
										"type": "Int64"
									}
								}
							},
							"linkedServiceName": {
								"referenceName": "azsyndna_curated_dw",
								"type": "LinkedServiceReference"
							}
						}
					]
				}
			},
			{
				"name": "ValidateServeLoadSPName",
				"description": "Validates whether the GetServeLoadSPName lookup fetches any rows.",
				"type": "IfCondition",
				"dependsOn": [
					{
						"activity": "GetServeLoadSPName",
						"dependencyConditions": [
							"Succeeded"
						]
					},
					{
						"activity": "ValidateDQParamCount",
						"dependencyConditions": [
							"Succeeded"
						]
					}
				],
				"userProperties": [],
				"typeProperties": {
					"expression": {
						"value": "@if(contains(activity('GetServeLoadSPName').output, 'firstRow'), True, False)",
						"type": "Expression"
					},
					"ifFalseActivities": [
						{
							"name": "FetchServeLoadSPNameFailed",
							"description": "",
							"type": "Wait",
							"dependsOn": [],
							"userProperties": [],
							"typeProperties": {
								"waitTimeInSeconds": 1
							}
						}
					],
					"ifTrueActivities": [
						{
							"name": "ExecuteServeLoad",
							"description": "Executes the stored procedure to load the data in the PSA table to ite respective Serve Tables.",
							"type": "SqlServerStoredProcedure",
							"dependsOn": [],
							"policy": {
								"timeout": "7.00:00:00",
								"retry": 0,
								"retryIntervalInSeconds": 30,
								"secureOutput": false,
								"secureInput": false
							},
							"userProperties": [],
							"typeProperties": {
								"storedProcedureName": {
									"value": "@activity('GetServeLoadSPName').output.firstRow.spName",
									"type": "Expression"
								},
								"storedProcedureParameters": {
									"tableName": {
										"value": {
											"value": "@pipeline().parameters.pPSATableName",
											"type": "Expression"
										},
										"type": "String"
									},
									"serveETLRunLogID": {
										"value": {
											"value": "@pipeline().parameters.pETLRunLogID",
											"type": "Expression"
										},
										"type": "String"
									},
									"psaEntityId": {
										"value": {
											"value": "@activity('GetPSAEntityID').output.firstRow.TargetEntityID",
											"type": "Expression"
										},
										"type": "String"
									}
								}
							},
							"linkedServiceName": {
								"referenceName": "azsyndna_curated_dw",
								"type": "LinkedServiceReference"
							}
						}
					]
				}
			}
		],
		"parameters": {
			"pFeedId": {
				"type": "string",
				"defaultValue": "165"
			},
			"pDBSchema": {
				"type": "string",
				"defaultValue": "dbo"
			},
			"pETLRunLogID": {
				"type": "string",
				"defaultValue": "325"
			},
			"pPSATableName": {
				"type": "string",
				"defaultValue": "uk_btc_mdm_article"
			}
		},
		"variables": {
			"vGetDQPropsQuery": {
				"type": "String"
			}
		},
		"folder": {
			"name": "IncrementalCurate/PSAToServe/TaskTemplates"
		},
		"annotations": []
	}
}