{
	"name": "STEP_PreProcess",
	"properties": {
		"activities": [
			{
				"name": "ParameterLookup",
				"description": "lookup the parameter table to retrieve input parameters",
				"type": "Lookup",
				"dependsOn": [],
				"policy": {
					"timeout": "7.00:00:00",
					"retry": 0,
					"retryIntervalInSeconds": 30,
					"secureOutput": false,
					"secureInput": false
				},
				"userProperties": [],
				"typeProperties": {
					"source": {
						"type": "SqlDWSource",
						"sqlReaderQuery": {
							"value": "SELECT * FROM dc_metadata.GDHDynamicADFParams where Project_name = '@{pipeline().parameters.pParamList.Project_Name}' and Environment = '@{pipeline().parameters.pParamList.Environment}' ",
							"type": "Expression"
						},
						"queryTimeout": "02:00:00",
						"partitionOption": "None"
					},
					"dataset": {
						"referenceName": "azsyndna_dataset",
						"type": "DatasetReference"
					},
					"firstRowOnly": false
				}
			},
			{
				"name": "PopulatingParam",
				"description": "Populates variables with values in synapse table",
				"type": "ForEach",
				"dependsOn": [
					{
						"activity": "ParameterLookup",
						"dependencyConditions": [
							"Succeeded"
						]
					}
				],
				"userProperties": [],
				"typeProperties": {
					"items": {
						"value": "@activity('ParameterLookup').output.value",
						"type": "Expression"
					},
					"activities": [
						{
							"name": "Paramaters",
							"type": "Switch",
							"dependsOn": [],
							"userProperties": [],
							"typeProperties": {
								"on": {
									"value": "@item().Param_key",
									"type": "Expression"
								},
								"cases": [
									{
										"value": "OutputFilePath",
										"activities": [
											{
												"name": "SetOutputFilePath",
												"type": "SetVariable",
												"dependsOn": [],
												"userProperties": [],
												"typeProperties": {
													"variableName": "OutputFilePath",
													"value": {
														"value": "@item().param_value",
														"type": "Expression"
													}
												}
											}
										]
									},
									{
										"value": "InputFilePath",
										"activities": [
											{
												"name": "SetInputFilePath",
												"description": "",
												"type": "SetVariable",
												"dependsOn": [],
												"userProperties": [],
												"typeProperties": {
													"variableName": "InputFilePath",
													"value": {
														"value": "@item().Param_value",
														"type": "Expression"
													}
												}
											}
										]
									},
									{
										"value": "StorageAccountName",
										"activities": [
											{
												"name": "SetStorageAccountName",
												"type": "SetVariable",
												"dependsOn": [],
												"userProperties": [],
												"typeProperties": {
													"variableName": "StorageAccountName",
													"value": {
														"value": "@item().param_value",
														"type": "Expression"
													}
												}
											}
										]
									},
									{
										"value": "StorageContainerName",
										"activities": [
											{
												"name": "SetStorageContainerName",
												"type": "SetVariable",
												"dependsOn": [],
												"userProperties": [],
												"typeProperties": {
													"variableName": "StorageContainerName",
													"value": {
														"value": "@item().param_value",
														"type": "Expression"
													}
												}
											}
										]
									},
									{
										"value": "RejectPath",
										"activities": [
											{
												"name": "SetRejectPath",
												"type": "SetVariable",
												"dependsOn": [],
												"userProperties": [],
												"typeProperties": {
													"variableName": "RejectPath",
													"value": {
														"value": "@item().param_value",
														"type": "Expression"
													}
												}
											}
										]
									},
									{
										"value": "count",
										"activities": [
											{
												"name": "count",
												"type": "SetVariable",
												"dependsOn": [],
												"userProperties": [],
												"typeProperties": {
													"variableName": "count",
													"value": {
														"value": "@item().param_value",
														"type": "Expression"
													}
												}
											}
										]
									},
									{
										"value": "DecryptionKeyVault",
										"activities": [
											{
												"name": "SetDecryptionKeyVault",
												"type": "SetVariable",
												"dependsOn": [],
												"userProperties": [],
												"typeProperties": {
													"variableName": "DecryptionKeyVault",
													"value": {
														"value": "@item().Param_value",
														"type": "Expression"
													}
												}
											}
										]
									},
									{
										"value": "DecryptionSecretName",
										"activities": [
											{
												"name": "SetDecryptionSecretName",
												"type": "SetVariable",
												"dependsOn": [],
												"userProperties": [],
												"typeProperties": {
													"variableName": "DecryptionSecretName",
													"value": {
														"value": "@item().Param_value",
														"type": "Expression"
													}
												}
											}
										]
									},
									{
										"value": "WebhookURL",
										"activities": [
											{
												"name": "SetWebhookURL",
												"type": "SetVariable",
												"dependsOn": [],
												"userProperties": [],
												"typeProperties": {
													"variableName": "WebHookURL",
													"value": {
														"value": "@item().Param_value",
														"type": "Expression"
													}
												}
											}
										]
									},
									{
										"value": "StorageAccSerEndpoint",
										"activities": [
											{
												"name": "setStorageAccSerEndpoint",
												"type": "SetVariable",
												"dependsOn": [],
												"userProperties": [],
												"typeProperties": {
													"variableName": "StorageAccSerEndpoint",
													"value": {
														"value": "@item().Param_value",
														"type": "Expression"
													}
												}
											}
										]
									},
									{
										"value": "TargetRejectPath",
										"activities": [
											{
												"name": "setTargetRejectPath",
												"type": "SetVariable",
												"dependsOn": [],
												"userProperties": [],
												"typeProperties": {
													"variableName": "TargetRejectPath",
													"value": {
														"value": "@item().Param_value",
														"type": "Expression"
													}
												}
											}
										]
									},
									{
										"value": "OutputStorageContainerName",
										"activities": [
											{
												"name": "SetOutputStorageContainerName",
												"type": "SetVariable",
												"dependsOn": [],
												"userProperties": [],
												"typeProperties": {
													"variableName": "OutputStorageContainerName",
													"value": {
														"value": "@item().param_value",
														"type": "Expression"
													}
												}
											}
										]
									},
									{
										"value": "TempPath",
										"activities": [
											{
												"name": "SetTempPath",
												"type": "SetVariable",
												"dependsOn": [],
												"userProperties": [],
												"typeProperties": {
													"variableName": "TempPath",
													"value": {
														"value": "@item().Param_value",
														"type": "Expression"
													}
												}
											}
										]
									},
									{
										"value": "Retailer",
										"activities": [
											{
												"name": "SetRetailer",
												"type": "SetVariable",
												"dependsOn": [],
												"userProperties": [],
												"typeProperties": {
													"variableName": "Retailer",
													"value": {
														"value": "@item().Param_value",
														"type": "Expression"
													}
												}
											}
										]
									},
									{
										"value": "ArchivePath",
										"activities": [
											{
												"name": "SetArchivePath",
												"type": "SetVariable",
												"dependsOn": [],
												"userProperties": [],
												"typeProperties": {
													"variableName": "ArchivePath",
													"value": {
														"value": "@item().Param_value",
														"type": "Expression"
													}
												}
											}
										]
									},
									{
										"value": "SourceFilePattern",
										"activities": [
											{
												"name": "SetSourceFilePattern",
												"type": "SetVariable",
												"dependsOn": [],
												"userProperties": [],
												"typeProperties": {
													"variableName": "SourceFilePattern",
													"value": {
														"value": "@item().Param_value",
														"type": "Expression"
													}
												}
											}
										]
									},
									{
										"value": "RejectFilePattern",
										"activities": [
											{
												"name": "SetRejectFilePattern",
												"type": "SetVariable",
												"dependsOn": [],
												"userProperties": [],
												"typeProperties": {
													"variableName": "RejectFilePattern",
													"value": {
														"value": "@item().Param_value",
														"type": "Expression"
													}
												}
											}
										]
									},
									{
										"value": "TargetFilePattern",
										"activities": [
											{
												"name": "SetTargetFilePattern",
												"type": "SetVariable",
												"dependsOn": [],
												"userProperties": [],
												"typeProperties": {
													"variableName": "TargetFilePattern",
													"value": {
														"value": "@item().Param_value",
														"type": "Expression"
													}
												}
											}
										]
									}
								]
							}
						}
					]
				}
			},
			{
				"name": "STEPmovetoReject",
				"type": "ExecutePipeline",
				"dependsOn": [
					{
						"activity": "IfFileExists",
						"dependencyConditions": [
							"Succeeded"
						]
					}
				],
				"userProperties": [],
				"typeProperties": {
					"pipeline": {
						"referenceName": "STEPmovetoReject",
						"type": "PipelineReference"
					},
					"waitOnCompletion": true,
					"parameters": {
						"container": {
							"value": "@variables('StorageContainerName')",
							"type": "Expression"
						},
						"rejectpath": {
							"value": "@variables('RejectPath')",
							"type": "Expression"
						},
						"targetrejectpath": {
							"value": "@variables('TargetRejectPath')",
							"type": "Expression"
						},
						"targetcontainername": {
							"value": "@variables('OutputStorageContainerName')",
							"type": "Expression"
						}
					}
				}
			},
			{
				"name": "GetFileNames",
				"type": "GetMetadata",
				"dependsOn": [
					{
						"activity": "PopulatingParam",
						"dependencyConditions": [
							"Succeeded"
						]
					}
				],
				"policy": {
					"timeout": "7.00:00:00",
					"retry": 0,
					"retryIntervalInSeconds": 30,
					"secureOutput": false,
					"secureInput": false
				},
				"userProperties": [],
				"typeProperties": {
					"dataset": {
						"referenceName": "azbinfile_landing_blob",
						"type": "DatasetReference",
						"parameters": {
							"container": {
								"value": "@variables('StorageContainerName')",
								"type": "Expression"
							},
							"Folderpath": {
								"value": "@variables('InputFilePath')",
								"type": "Expression"
							}
						}
					},
					"fieldList": [
						"exists",
						"childItems"
					],
					"storeSettings": {
						"type": "AzureBlobStorageReadSettings",
						"recursive": true,
						"enablePartitionDiscovery": false
					},
					"formatSettings": {
						"type": "BinaryReadSettings"
					}
				}
			},
			{
				"name": "Set vFileList",
				"type": "SetVariable",
				"dependsOn": [
					{
						"activity": "GetFileNames",
						"dependencyConditions": [
							"Succeeded"
						]
					}
				],
				"userProperties": [],
				"typeProperties": {
					"variableName": "vFileList",
					"value": {
						"value": "@if(activity('GetFileNames').output.exists,take(activity('GetFileNames').output.childItems, int(variables('count'))),null)",
						"type": "Expression"
					}
				}
			},
			{
				"name": "IterateFiles",
				"type": "ForEach",
				"dependsOn": [
					{
						"activity": "Set vFileList",
						"dependencyConditions": [
							"Succeeded"
						]
					}
				],
				"userProperties": [],
				"typeProperties": {
					"items": {
						"value": "@variables('vFileList')",
						"type": "Expression"
					},
					"isSequential": false,
					"batchCount": 25,
					"activities": [
						{
							"name": "CopyFileToTemp",
							"type": "Copy",
							"dependsOn": [],
							"policy": {
								"timeout": "7.00:00:00",
								"retry": 0,
								"retryIntervalInSeconds": 30,
								"secureOutput": false,
								"secureInput": false
							},
							"userProperties": [],
							"typeProperties": {
								"source": {
									"type": "BinarySource",
									"storeSettings": {
										"type": "AzureBlobStorageReadSettings",
										"recursive": true,
										"deleteFilesAfterCompletion": true
									},
									"formatSettings": {
										"type": "BinaryReadSettings"
									}
								},
								"sink": {
									"type": "BinarySink",
									"storeSettings": {
										"type": "AzureBlobStorageWriteSettings"
									}
								},
								"enableStaging": false
							},
							"inputs": [
								{
									"referenceName": "azbinfile_landing_bounce",
									"type": "DatasetReference",
									"parameters": {
										"pContainer": {
											"value": "@variables('StorageContainerName')",
											"type": "Expression"
										},
										"pFolderPath": {
											"value": "@variables('InputFilePath')",
											"type": "Expression"
										},
										"pFileName": {
											"value": "@item().name",
											"type": "Expression"
										}
									}
								}
							],
							"outputs": [
								{
									"referenceName": "azbinfile_landing_bounce",
									"type": "DatasetReference",
									"parameters": {
										"pContainer": {
											"value": "@variables('StorageContainerName')",
											"type": "Expression"
										},
										"pFolderPath": {
											"value": "@variables('TempPath')",
											"type": "Expression"
										},
										"pFileName": {
											"value": "@item().name",
											"type": "Expression"
										}
									}
								}
							]
						}
					]
				}
			},
			{
				"name": "IfFileExists",
				"type": "IfCondition",
				"dependsOn": [
					{
						"activity": "IterateFiles",
						"dependencyConditions": [
							"Succeeded"
						]
					}
				],
				"userProperties": [],
				"typeProperties": {
					"expression": {
						"value": "@activity('GetFileNames').output.exists",
						"type": "Expression"
					},
					"ifFalseActivities": [
						{
							"name": "NoFilesToPreprocess",
							"type": "Wait",
							"dependsOn": [],
							"userProperties": [],
							"typeProperties": {
								"waitTimeInSeconds": 1
							}
						}
					],
					"ifTrueActivities": [
						{
							"name": "PreProcessFile",
							"type": "WebHook",
							"dependsOn": [],
							"userProperties": [],
							"typeProperties": {
								"url": {
									"value": "@variables('WebHookURL')",
									"type": "Expression"
								},
								"method": "POST",
								"headers": {
									"message": "StartedbyWBA"
								},
								"body": {
									"value": "@json(concat('{ \"StorageAccountName\": \"',variables('StorageAccountName'),'\"'\n           ,', \"StorageContainerName\": \"',variables('StorageContainerName'),'\"'\n           ,', \"InputFilePath\": \"',variables('TempPath'),'\"'\n           ,', \"OutputFileName\": \"',variables('OutputFilename'),'\"'\n           ,', \"OutputFilePath\": \"',variables('OutputFilePath'),'\"'\n           ,', \"Retailer\": \"',variables('Retailer'),'\"'\n           ,', \"ArchivePath\": \"',variables('ArchivePath'),'\"'\n           ,', \"RejectPath\": \"',variables('RejectPath'),'\"'\n\t\t   ,', \"TargetFilePattern\": \"',variables('TargetFilePattern'),'\"'\n\t\t   ,', \"SourceFilePattern\": \"',variables('SourceFilePattern'),'\"'\n\t\t   ,', \"RejectFilePattern\": \"',variables('RejectFilePattern'),'\"'\n\t\t   ,', \"KeyVaultName\": \"',variables('DecryptionKeyVault'),'\"'\n           ,', \"SecretName\": \"',variables('DecryptionSecretName'),'\"'\n           ,'}'))",
									"type": "Expression"
								},
								"timeout": "23:55:00"
							}
						}
					]
				}
			}
		],
		"parameters": {
			"pParamList": {
				"type": "object"
			}
		},
		"variables": {
			"vFileList": {
				"type": "Array"
			},
			"count": {
				"type": "String"
			},
			"StorageContainerName": {
				"type": "String"
			},
			"InputFilePath": {
				"type": "String"
			},
			"RejectPath": {
				"type": "String"
			},
			"OutputFilePath": {
				"type": "String"
			},
			"StorageAccountName": {
				"type": "String"
			},
			"OutputStorageContainerName": {
				"type": "String"
			},
			"DecryptionKeyVault": {
				"type": "String"
			},
			"WebHookURL": {
				"type": "String"
			},
			"DecryptionSecretName": {
				"type": "String"
			},
			"StorageAccSerEndpoint": {
				"type": "String"
			},
			"TargetRejectPath": {
				"type": "String"
			},
			"TempPath": {
				"type": "String"
			},
			"Retailer": {
				"type": "String"
			},
			"OutputFilename": {
				"type": "String"
			},
			"TargetFilePattern": {
				"type": "String"
			},
			"ArchivePath": {
				"type": "String"
			},
			"RejectFilePattern": {
				"type": "String"
			},
			"SourceFilePattern": {
				"type": "String"
			}
		},
		"folder": {
			"name": "STEP"
		},
		"annotations": []
	}
}