{
	"name": "STEP_xml_csv",
	"properties": {
		"description": "Sets up required parameters for conversion of incremental and history avro files to csv files",
		"activities": [
			{
				"name": "genericRunPythonCode",
				"description": "executes python code using Azure Runbook",
				"type": "ExecutePipeline",
				"dependsOn": [
					{
						"activity": "IfDeleteSourceFile",
						"dependencyConditions": [
							"Succeeded"
						]
					}
				],
				"userProperties": [],
				"typeProperties": {
					"pipeline": {
						"referenceName": "genericRunPythonCode",
						"type": "PipelineReference"
					},
					"waitOnCompletion": true,
					"parameters": {
						"Environment": {
							"value": "@pipeline().parameters.Environment",
							"type": "Expression"
						},
						"Project_Name": {
							"value": "@pipeline().parameters.Project_Name",
							"type": "Expression"
						},
						"InputFilename": {
							"value": "@substring(pipeline().parameters.Filename,0,sub(length(pipeline().parameters.Filename),4))",
							"type": "Expression"
						}
					}
				}
			},
			{
				"name": "Parameter_Lookup",
				"description": "lookup the parameter table to retrieve input parameters",
				"type": "Lookup",
				"dependsOn": [],
				"policy": {
					"timeout": "7.00:00:00",
					"retry": 0,
					"retryIntervalInSeconds": 30,
					"secureOutput": false,
					"secureInput": false
				},
				"userProperties": [],
				"typeProperties": {
					"source": {
						"type": "SqlDWSource",
						"sqlReaderQuery": {
							"value": "SELECT * FROM dc_metadata.GDHDynamicADFParams where Project_name = '@{pipeline().parameters.Project_Name}' and Environment = '@{pipeline().parameters.Environment}' ",
							"type": "Expression"
						},
						"queryTimeout": "02:00:00",
						"partitionOption": "None"
					},
					"dataset": {
						"referenceName": "azsyndna_dataset",
						"type": "DatasetReference"
					},
					"firstRowOnly": false
				}
			},
			{
				"name": "Populating_Param",
				"description": "Populates variables with values in synapse table",
				"type": "ForEach",
				"dependsOn": [
					{
						"activity": "Parameter_Lookup",
						"dependencyConditions": [
							"Succeeded"
						]
					}
				],
				"userProperties": [],
				"typeProperties": {
					"items": {
						"value": "@activity('Parameter_Lookup').output.value",
						"type": "Expression"
					},
					"activities": [
						{
							"name": "Paramaters",
							"type": "Switch",
							"dependsOn": [],
							"userProperties": [],
							"typeProperties": {
								"on": {
									"value": "@item().Param_key",
									"type": "Expression"
								},
								"cases": [
									{
										"value": "OutputFilePath",
										"activities": [
											{
												"name": "SetOutputFilePath",
												"type": "SetVariable",
												"dependsOn": [],
												"userProperties": [],
												"typeProperties": {
													"variableName": "OutputFilePath",
													"value": {
														"value": "@item().param_value",
														"type": "Expression"
													}
												}
											}
										]
									},
									{
										"value": "InputFilePath",
										"activities": [
											{
												"name": "SetInputFilePath",
												"description": "",
												"type": "SetVariable",
												"dependsOn": [],
												"userProperties": [],
												"typeProperties": {
													"variableName": "InputFilePath",
													"value": {
														"value": "@item().param_value",
														"type": "Expression"
													}
												}
											}
										]
									},
									{
										"value": "StorageAccountName",
										"activities": [
											{
												"name": "SetStorageAccountName",
												"type": "SetVariable",
												"dependsOn": [],
												"userProperties": [],
												"typeProperties": {
													"variableName": "StorageAccountName",
													"value": {
														"value": "@item().param_value",
														"type": "Expression"
													}
												}
											}
										]
									},
									{
										"value": "StorageContainerName",
										"activities": [
											{
												"name": "SetStorageContainerName",
												"type": "SetVariable",
												"dependsOn": [],
												"userProperties": [],
												"typeProperties": {
													"variableName": "StorageContainerName",
													"value": {
														"value": "@item().param_value",
														"type": "Expression"
													}
												}
											}
										]
									},
									{
										"value": "RejectPath",
										"activities": [
											{
												"name": "SetRejectPath",
												"type": "SetVariable",
												"dependsOn": [],
												"userProperties": [],
												"typeProperties": {
													"variableName": "RejectPath",
													"value": {
														"value": "@item().param_value",
														"type": "Expression"
													}
												}
											}
										]
									},
									{
										"value": "DecryptionRequired",
										"activities": [
											{
												"name": "SetDecryptionRequired",
												"type": "SetVariable",
												"dependsOn": [],
												"userProperties": [],
												"typeProperties": {
													"variableName": "DecryptionRequired",
													"value": {
														"value": "@item().Param_value",
														"type": "Expression"
													}
												}
											}
										]
									},
									{
										"value": "DecryptionFolder",
										"activities": [
											{
												"name": "SetDecryptionFolder",
												"type": "SetVariable",
												"dependsOn": [],
												"userProperties": [],
												"typeProperties": {
													"variableName": "DecryptionFolder",
													"value": {
														"value": "@item().Param_value",
														"type": "Expression"
													}
												}
											}
										]
									},
									{
										"value": "DecryptionKeyVault",
										"activities": [
											{
												"name": "SetDecryptionKeyVault",
												"type": "SetVariable",
												"dependsOn": [],
												"userProperties": [],
												"typeProperties": {
													"variableName": "DecryptionKeyVault",
													"value": {
														"value": "@item().Param_value",
														"type": "Expression"
													}
												}
											}
										]
									},
									{
										"value": "DecryptionSecretName",
										"activities": [
											{
												"name": "SetDecryptionSecretName",
												"type": "SetVariable",
												"dependsOn": [],
												"userProperties": [],
												"typeProperties": {
													"variableName": "DecryptionSecretName",
													"value": {
														"value": "@item().Param_value",
														"type": "Expression"
													}
												}
											}
										]
									},
									{
										"value": "DecryptionWebhookURL",
										"activities": [
											{
												"name": "SetDecryptionWebhookURL",
												"type": "SetVariable",
												"dependsOn": [],
												"userProperties": [],
												"typeProperties": {
													"variableName": "DecryptionWebhookURL",
													"value": {
														"value": "@item().Param_value",
														"type": "Expression"
													}
												}
											}
										]
									},
									{
										"value": "StorageAccSerEndpoint",
										"activities": [
											{
												"name": "setStorageAccSerEndpoint",
												"type": "SetVariable",
												"dependsOn": [],
												"userProperties": [],
												"typeProperties": {
													"variableName": "StorageAccSerEndpoint",
													"value": {
														"value": "@item().Param_value",
														"type": "Expression"
													}
												}
											}
										]
									},
									{
										"value": "TargetRejectPath",
										"activities": [
											{
												"name": "setTargetRejectPath",
												"type": "SetVariable",
												"dependsOn": [],
												"userProperties": [],
												"typeProperties": {
													"variableName": "TargetRejectPath",
													"value": {
														"value": "@item().Param_value",
														"type": "Expression"
													}
												}
											}
										]
									},
									{
										"value": "OutputStorageContainerName",
										"activities": [
											{
												"name": "SetOutputStorageContainerName",
												"type": "SetVariable",
												"dependsOn": [],
												"userProperties": [],
												"typeProperties": {
													"variableName": "OutputStorageContainerName",
													"value": {
														"value": "@item().param_value",
														"type": "Expression"
													}
												}
											}
										]
									},
									{
										"value": "DeleteSourceFile",
										"activities": [
											{
												"name": "SetDeleteSourceFile",
												"type": "SetVariable",
												"dependsOn": [],
												"userProperties": [],
												"typeProperties": {
													"variableName": "DeleteSourceFile",
													"value": {
														"value": "@item().param_value",
														"type": "Expression"
													}
												}
											}
										]
									}
								]
							}
						}
					]
				}
			},
			{
				"name": "DecryptGPGFile",
				"type": "ExecutePipeline",
				"dependsOn": [
					{
						"activity": "Populating_Param",
						"dependencyConditions": [
							"Succeeded"
						]
					}
				],
				"userProperties": [],
				"typeProperties": {
					"pipeline": {
						"referenceName": "DecryptGPGFile",
						"type": "PipelineReference"
					},
					"waitOnCompletion": true,
					"parameters": {
						"InputFilename": {
							"value": "@pipeline().parameters.Filename",
							"type": "Expression"
						},
						"StorageAccountName": {
							"value": "@variables('StorageAccountName')",
							"type": "Expression"
						},
						"StorageContainerName": {
							"value": "@variables('StorageContainerName')",
							"type": "Expression"
						},
						"StorageAccountServiceEndPoint": {
							"value": "@variables('StorageAccSerEndpoint')",
							"type": "Expression"
						},
						"OutputFilename": {
							"value": "@substring(pipeline().parameters.Filename,0,sub(length(pipeline().parameters.Filename),4))",
							"type": "Expression"
						},
						"KeyVaultName": {
							"value": "@variables('DecryptionKeyVault')",
							"type": "Expression"
						},
						"SecretName": {
							"value": "@variables('DecryptionSecretName')",
							"type": "Expression"
						},
						"InputFilePath": {
							"value": "@variables('InputFilePath')",
							"type": "Expression"
						},
						"WebHookDecryptGPGFile": {
							"value": "@variables('DecryptionWebhookURL')",
							"type": "Expression"
						}
					}
				}
			},
			{
				"name": "STEPmovetoReject",
				"type": "ExecutePipeline",
				"dependsOn": [
					{
						"activity": "genericRunPythonCode",
						"dependencyConditions": [
							"Succeeded"
						]
					}
				],
				"userProperties": [],
				"typeProperties": {
					"pipeline": {
						"referenceName": "STEPmovetoReject",
						"type": "PipelineReference"
					},
					"waitOnCompletion": true,
					"parameters": {
						"container": {
							"value": "@variables('StorageContainerName')",
							"type": "Expression"
						},
						"rejectpath": {
							"value": "@variables('RejectPath')",
							"type": "Expression"
						},
						"targetrejectpath": {
							"value": "@variables('TargetRejectPath')",
							"type": "Expression"
						},
						"targetcontainername": {
							"value": "@variables('OutputStorageContainerName')",
							"type": "Expression"
						}
					}
				}
			},
			{
				"name": "IfDeleteSourceFile",
				"description": "Deletes source file if DeleteSourceFile flag is '1'",
				"type": "IfCondition",
				"dependsOn": [
					{
						"activity": "DecryptGPGFile",
						"dependencyConditions": [
							"Succeeded"
						]
					}
				],
				"userProperties": [],
				"typeProperties": {
					"expression": {
						"value": "@equals(variables('DeleteSourceFile'),'1')",
						"type": "Expression"
					},
					"ifTrueActivities": [
						{
							"name": "DeleteSourceFile",
							"type": "Delete",
							"dependsOn": [],
							"policy": {
								"timeout": "7.00:00:00",
								"retry": 0,
								"retryIntervalInSeconds": 30,
								"secureOutput": false,
								"secureInput": false
							},
							"userProperties": [],
							"typeProperties": {
								"dataset": {
									"referenceName": "azbinfile_landing_bounce",
									"type": "DatasetReference",
									"parameters": {
										"pContainer": {
											"value": "@variables('StorageContainerName')",
											"type": "Expression"
										},
										"pFolderPath": {
											"value": "@variables('InputFilePath')",
											"type": "Expression"
										},
										"pFileName": {
											"value": "@pipeline().parameters.Filename",
											"type": "Expression"
										}
									}
								},
								"enableLogging": false,
								"storeSettings": {
									"type": "AzureBlobStorageReadSettings",
									"recursive": true,
									"enablePartitionDiscovery": false
								}
							}
						}
					]
				}
			}
		],
		"concurrency": 1,
		"parameters": {
			"Filename": {
				"type": "string"
			},
			"Project_Name": {
				"type": "string"
			},
			"Environment": {
				"type": "string"
			}
		},
		"variables": {
			"StorageContainerName": {
				"type": "String"
			},
			"InputFilePath": {
				"type": "String"
			},
			"RejectPath": {
				"type": "String"
			},
			"OutputFilePath": {
				"type": "String"
			},
			"StorageAccountName": {
				"type": "String"
			},
			"OutputStorageContainerName": {
				"type": "String"
			},
			"DecryptionRequired": {
				"type": "String"
			},
			"DecryptionFolder": {
				"type": "String"
			},
			"DecryptionKeyVault": {
				"type": "String"
			},
			"DecryptionWebhookURL": {
				"type": "String"
			},
			"DecryptionSecretName": {
				"type": "String"
			},
			"StorageAccSerEndpoint": {
				"type": "String"
			},
			"TargetRejectPath": {
				"type": "String"
			},
			"DeleteSourceFile": {
				"type": "String"
			},
			"v_param_list": {
				"type": "String"
			},
			"v_FileName": {
				"type": "String"
			},
			"v_Environment": {
				"type": "String"
			},
			"v_ProjectName": {
				"type": "String"
			}
		},
		"folder": {
			"name": "STEP"
		},
		"annotations": []
	}
}