{
    "name": "STEPmovetoLanding",
    "properties": {
        "description": "Copies converted file from intermediate output folder to corresponding landing path",
        "activities": [
            {
                "name": "GetCSVfiles",
                "description": "Retrieves CSV files in intermediate output folder",
                "type": "GetMetadata",
                "dependsOn": [],
                "policy": {
                    "timeout": "7.00:00:00",
                    "retry": 0,
                    "retryIntervalInSeconds": 30,
                    "secureOutput": false,
                    "secureInput": false
                },
                "userProperties": [],
                "typeProperties": {
                    "dataset": {
                        "referenceName": "STEP_filesDS",
                        "type": "DatasetReference",
                        "parameters": {
                            "container": {
                                "value": "@pipeline().parameters.container",
                                "type": "Expression"
                            },
                            "folderPath": {
                                "value": "@pipeline().parameters.outputpath",
                                "type": "Expression"
                            }
                        }
                    },
                    "fieldList": [
                        "childItems",
                        "exists"
                    ],
                    "storeSettings": {
                        "type": "AzureBlobStorageReadSettings",
                        "recursive": true,
                        "enablePartitionDiscovery": false
                    },
                    "formatSettings": {
                        "type": "BinaryReadSettings"
                    }
                }
            },
            {
                "name": "IfFileExists",
                "description": "Checks whether CSV file exists",
                "type": "IfCondition",
                "dependsOn": [
                    {
                        "activity": "GetCSVfiles",
                        "dependencyConditions": [
                            "Succeeded"
                        ]
                    }
                ],
                "userProperties": [],
                "typeProperties": {
                    "expression": {
                        "value": "@equals(activity('GetCSVfiles').output.exists,true)",
                        "type": "Expression"
                    },
                    "ifTrueActivities": [
                        {
                            "name": "SetFileList",
                            "description": "generates CSV files ",
                            "type": "SetVariable",
                            "dependsOn": [
                                {
                                    "activity": "FilterCSVfiles",
                                    "dependencyConditions": [
                                        "Succeeded"
                                    ]
                                }
                            ],
                            "userProperties": [],
                            "typeProperties": {
                                "variableName": "Files",
                                "value": {
                                    "value": "@activity('FilterCSVFiles').output.value",
                                    "type": "Expression"
                                }
                            }
                        },
                        {
                            "name": "STEP_copytoLanding",
                            "description": "copies files to respective landing locations",
                            "type": "ExecutePipeline",
                            "dependsOn": [
                                {
                                    "activity": "SetFileList",
                                    "dependencyConditions": [
                                        "Succeeded"
                                    ]
                                }
                            ],
                            "userProperties": [],
                            "typeProperties": {
                                "pipeline": {
                                    "referenceName": "STEP_copytoLanding",
                                    "type": "PipelineReference"
                                },
                                "waitOnCompletion": true,
                                "parameters": {
                                    "Filelist": {
                                        "value": "@variables('Files')",
                                        "type": "Expression"
                                    },
                                    "container": {
                                        "value": "@pipeline().parameters.container",
                                        "type": "Expression"
                                    },
                                    "outputpath": {
                                        "value": "@pipeline().parameters.outputpath",
                                        "type": "Expression"
                                    },
                                    "targetcontainername": {
                                        "value": "@pipeline().parameters.targetcontainername",
                                        "type": "Expression"
                                    }
                                }
                            }
                        },
                        {
                            "name": "FilterCSVfiles",
                            "description": "Filter CSV files",
                            "type": "Filter",
                            "dependsOn": [],
                            "userProperties": [],
                            "typeProperties": {
                                "items": {
                                    "value": "@activity('GetCSVfiles').output.childItems",
                                    "type": "Expression"
                                },
                                "condition": {
                                    "value": "@equals(startswith(item().name,'GB_Product_Master_STEP'),true)",
                                    "type": "Expression"
                                }
                            }
                        }
                    ]
                }
            }
        ],
        "parameters": {
            "container": {
                "type": "string"
            },
            "outputpath": {
                "type": "string"
            },
            "targetcontainername": {
                "type": "string"
            }
        },
        "variables": {
            "Files": {
                "type": "Array"
            }
        },
        "folder": {
            "name": "STEP"
        },
        "annotations": []
    }
}