{
	"name": "STEP_Cleansed_to_PSA_Wrapper",
	"properties": {
		"activities": [
			{
				"name": "Wait",
				"type": "Wait",
				"dependsOn": [],
				"userProperties": [],
				"typeProperties": {
					"waitTimeInSeconds": 60
				}
			},
			{
				"name": "Execute Cleansed to PSA STEP",
				"type": "ExecutePipeline",
				"dependsOn": [
					{
						"activity": "Wait",
						"dependencyConditions": [
							"Succeeded"
						]
					}
				],
				"userProperties": [],
				"typeProperties": {
					"pipeline": {
						"referenceName": "CF_ValidFeedsProcess",
						"type": "PipelineReference"
					},
					"waitOnCompletion": true,
					"parameters": {
						"pFeedID": {
							"value": "@pipeline().parameters.pParamList.pFeedID",
							"type": "Expression"
						},
						"pIngestionDB": {
							"value": "@pipeline().parameters.pParamList.pIngestionDB",
							"type": "Expression"
						},
						"pCurationUser": {
							"value": "@pipeline().parameters.pParamList.pCurationUser",
							"type": "Expression"
						},
						"pProjectID": {
							"value": "@pipeline().parameters.pParamList.pProjectID",
							"type": "Expression"
						},
						"pAssetID": {
							"value": "@pipeline().parameters.pParamList.pAssetID",
							"type": "Expression"
						}
					}
				}
			}
		],
		"concurrency": 1,
		"parameters": {
			"pParamList": {
				"type": "object",
				"defaultValue": {
					"pFeedID": "1447",
					"pIngestionDB": "dbo",
					"pCurationUser": "CurationUser",
					"pProjectID": "1800051725",
					"pAssetID": "''"
				}
			}
		},
		"folder": {
			"name": "STEP"
		},
		"annotations": []
	}
}