{
    "name": "STEP_copytoLanding",
    "properties": {
        "activities": [
            {
                "name": "ForEachCSVfile",
                "description": "Getting each CSV",
                "type": "ForEach",
                "dependsOn": [],
                "userProperties": [],
                "typeProperties": {
                    "items": {
                        "value": "@pipeline().parameters.Filelist",
                        "type": "Expression"
                    },
                    "isSequential": true,
                    "activities": [
                        {
                            "name": "LookupOutputPath",
                            "description": "Retrieves the landing path corresponding to current CSV file",
                            "type": "Lookup",
                            "dependsOn": [
                                {
                                    "activity": "SetCurrentFileName",
                                    "dependencyConditions": [
                                        "Succeeded"
                                    ]
                                }
                            ],
                            "policy": {
                                "timeout": "7.00:00:00",
                                "retry": 0,
                                "retryIntervalInSeconds": 30,
                                "secureOutput": false,
                                "secureInput": false
                            },
                            "userProperties": [],
                            "typeProperties": {
                                "source": {
                                    "type": "SqlDWSource",
                                    "sqlReaderQuery": {
                                        "value": "SELECT Param_value FROM [dc_metadata].[GDHDynamicADFParams] where param_key IN  (CONCAT(SUBSTRING('@{variables('currentFile')}',0,patindex('%[0-9]%','@{variables('currentFile')}')),'%.csv'))",
                                        "type": "Expression"
                                    },
                                    "queryTimeout": "02:00:00",
                                    "partitionOption": "None"
                                },
                                "dataset": {
                                    "referenceName": "azsyndna_dataset",
                                    "type": "DatasetReference"
                                },
                                "firstRowOnly": false
                            }
                        },
                        {
                            "name": "SetLandingPath",
                            "description": "sets current landing path",
                            "type": "SetVariable",
                            "dependsOn": [
                                {
                                    "activity": "LookupOutputPath",
                                    "dependencyConditions": [
                                        "Succeeded"
                                    ]
                                }
                            ],
                            "userProperties": [],
                            "typeProperties": {
                                "variableName": "landingpath",
                                "value": {
                                    "value": "@activity('LookupOutputPath').output.value[0].Param_value",
                                    "type": "Expression"
                                }
                            }
                        },
                        {
                            "name": "SetCurrentFileName",
                            "description": "Sets current Filename",
                            "type": "SetVariable",
                            "dependsOn": [],
                            "userProperties": [],
                            "typeProperties": {
                                "variableName": "currentFile",
                                "value": {
                                    "value": "@item().name",
                                    "type": "Expression"
                                }
                            }
                        },
                        {
                            "name": "CopytoLanding",
                            "description": "Copies CSV file to corresponding landing path",
                            "type": "Copy",
                            "dependsOn": [
                                {
                                    "activity": "SetLandingPath",
                                    "dependencyConditions": [
                                        "Succeeded"
                                    ]
                                }
                            ],
                            "policy": {
                                "timeout": "7.00:00:00",
                                "retry": 0,
                                "retryIntervalInSeconds": 30,
                                "secureOutput": false,
                                "secureInput": false
                            },
                            "userProperties": [],
                            "typeProperties": {
                                "source": {
                                    "type": "BinarySource",
                                    "storeSettings": {
                                        "type": "AzureBlobStorageReadSettings",
                                        "recursive": true,
                                        "deleteFilesAfterCompletion": true
                                    },
                                    "formatSettings": {
                                        "type": "BinaryReadSettings"
                                    }
                                },
                                "sink": {
                                    "type": "BinarySink",
                                    "storeSettings": {
                                        "type": "AzureBlobStorageWriteSettings"
                                    }
                                },
                                "enableStaging": false
                            },
                            "inputs": [
                                {
                                    "referenceName": "Step_file",
                                    "type": "DatasetReference",
                                    "parameters": {
                                        "Filename": {
                                            "value": "@variables('currentFile')",
                                            "type": "Expression"
                                        },
                                        "Container": {
                                            "value": "@pipeline().parameters.container",
                                            "type": "Expression"
                                        },
                                        "Folderpath": {
                                            "value": "@pipeline().parameters.outputpath",
                                            "type": "Expression"
                                        }
                                    }
                                }
                            ],
                            "outputs": [
                                {
                                    "referenceName": "azbinfile_landing_bounce",
                                    "type": "DatasetReference",
                                    "parameters": {
                                        "pContainer": {
                                            "value": "@pipeline().parameters.targetcontainername",
                                            "type": "Expression"
                                        },
                                        "pFolderPath": {
                                            "value": "@variables('LandingPath')",
                                            "type": "Expression"
                                        },
                                        "pFileName": {
                                            "value": "@variables('currentFile')",
                                            "type": "Expression"
                                        }
                                    }
                                }
                            ]
                        }
                    ]
                }
            }
        ],
        "parameters": {
            "Filelist": {
                "type": "array"
            },
            "container": {
                "type": "string"
            },
            "outputpath": {
                "type": "string"
            },
            "targetcontainername": {
                "type": "string"
            }
        },
        "variables": {
            "currentFile": {
                "type": "String"
            },
            "landingpath": {
                "type": "String"
            }
        },
        "folder": {
            "name": "STEP"
        },
        "annotations": []
    }
}