{
    "name": "STEP_copytoReject",
    "properties": {
        "activities": [
            {
                "name": "ForEachRejectFile",
                "description": "Traversing through rejected files",
                "type": "ForEach",
                "dependsOn": [],
                "userProperties": [],
                "typeProperties": {
                    "items": {
                        "value": "@pipeline().parameters.filelist",
                        "type": "Expression"
                    },
                    "isSequential": true,
                    "activities": [
                        {
                            "name": "SetCurrentFile",
                            "type": "SetVariable",
                            "dependsOn": [],
                            "userProperties": [],
                            "typeProperties": {
                                "variableName": "currentFile",
                                "value": {
                                    "value": "@item().name",
                                    "type": "Expression"
                                }
                            }
                        },
                        {
                            "name": "MovetoReject",
                            "description": "Copies rejected file to corresponding landing path",
                            "type": "Copy",
                            "dependsOn": [
                                {
                                    "activity": "SetCurrentFile",
                                    "dependencyConditions": [
                                        "Succeeded"
                                    ]
                                }
                            ],
                            "policy": {
                                "timeout": "7.00:00:00",
                                "retry": 0,
                                "retryIntervalInSeconds": 30,
                                "secureOutput": false,
                                "secureInput": false
                            },
                            "userProperties": [],
                            "typeProperties": {
                                "source": {
                                    "type": "BinarySource",
                                    "storeSettings": {
                                        "type": "AzureBlobStorageReadSettings",
                                        "recursive": true,
                                        "deleteFilesAfterCompletion": true
                                    },
                                    "formatSettings": {
                                        "type": "BinaryReadSettings"
                                    }
                                },
                                "sink": {
                                    "type": "BinarySink",
                                    "storeSettings": {
                                        "type": "AzureBlobStorageWriteSettings"
                                    }
                                },
                                "enableStaging": false
                            },
                            "inputs": [
                                {
                                    "referenceName": "azbinfile_landing_bounce",
                                    "type": "DatasetReference",
                                    "parameters": {
                                        "pContainer": {
                                            "value": "@pipeline().parameters.container",
                                            "type": "Expression"
                                        },
                                        "pFolderPath": {
                                            "value": "@pipeline().parameters.rejectpath",
                                            "type": "Expression"
                                        },
                                        "pFileName": {
                                            "value": "@variables('currentFile')",
                                            "type": "Expression"
                                        }
                                    }
                                }
                            ],
                            "outputs": [
                                {
                                    "referenceName": "azbinfile_landing_bounce",
                                    "type": "DatasetReference",
                                    "parameters": {
                                        "pContainer": {
                                            "value": "@pipeline().parameters.targetcontainername",
                                            "type": "Expression"
                                        },
                                        "pFolderPath": {
                                            "value": "@pipeline().parameters.targetrejectpath",
                                            "type": "Expression"
                                        },
                                        "pFileName": {
                                            "value": "@variables('currentFile')",
                                            "type": "Expression"
                                        }
                                    }
                                }
                            ]
                        }
                    ]
                }
            }
        ],
        "parameters": {
            "container": {
                "type": "string"
            },
            "rejectpath": {
                "type": "string"
            },
            "filelist": {
                "type": "array"
            },
            "targetrejectpath": {
                "type": "string"
            },
            "targetcontainername": {
                "type": "string"
            }
        },
        "variables": {
            "currentFile": {
                "type": "String"
            }
        },
        "folder": {
            "name": "STEP"
        },
        "annotations": []
    }
}