{
	"name": "STEP_JSON_ParamerList_Parser",
	"properties": {
		"description": "Parses the JSON parameter and fetches variables",
		"activities": [
			{
				"name": "Set _paramList",
				"type": "SetVariable",
				"dependsOn": [],
				"userProperties": [],
				"typeProperties": {
					"variableName": "v_param_list",
					"value": {
						"value": "@string(pipeline().parameters.pParamList)",
						"type": "Expression"
					}
				}
			},
			{
				"name": "Set_Filename",
				"type": "SetVariable",
				"dependsOn": [
					{
						"activity": "Set _paramList",
						"dependencyConditions": [
							"Succeeded"
						]
					}
				],
				"userProperties": [],
				"typeProperties": {
					"variableName": "v_FileName",
					"value": {
						"value": "@json(variables('v_param_list')).Filename",
						"type": "Expression"
					}
				}
			},
			{
				"name": "Set_Environment",
				"type": "SetVariable",
				"dependsOn": [
					{
						"activity": "Set _paramList",
						"dependencyConditions": [
							"Succeeded"
						]
					}
				],
				"userProperties": [],
				"typeProperties": {
					"variableName": "v_Environment",
					"value": {
						"value": "@json(variables('v_param_list')).Environment",
						"type": "Expression"
					}
				}
			},
			{
				"name": "Set_ProjectName",
				"type": "SetVariable",
				"dependsOn": [
					{
						"activity": "Set _paramList",
						"dependencyConditions": [
							"Succeeded"
						]
					}
				],
				"userProperties": [],
				"typeProperties": {
					"variableName": "v_ProjectName",
					"value": {
						"value": "@json(variables('v_param_list')).project_name",
						"type": "Expression"
					}
				}
			},
			{
				"name": "STEP_xml_csv",
				"type": "ExecutePipeline",
				"dependsOn": [
					{
						"activity": "Set_Filename",
						"dependencyConditions": [
							"Succeeded"
						]
					},
					{
						"activity": "Set_Environment",
						"dependencyConditions": [
							"Succeeded"
						]
					},
					{
						"activity": "Set_ProjectName",
						"dependencyConditions": [
							"Succeeded"
						]
					}
				],
				"userProperties": [],
				"typeProperties": {
					"pipeline": {
						"referenceName": "STEP_xml_csv",
						"type": "PipelineReference"
					},
					"waitOnCompletion": true,
					"parameters": {
						"Filename": {
							"value": "@variables('v_FileName')",
							"type": "Expression"
						},
						"Project_Name": {
							"value": "@variables('v_ProjectName')",
							"type": "Expression"
						},
						"Environment": {
							"value": "@variables('v_Environment')",
							"type": "Expression"
						}
					}
				}
			}
		],
		"concurrency": 1,
		"parameters": {
			"pParamList": {
				"type": "string"
			}
		},
		"variables": {
			"v_FileName": {
				"type": "String"
			},
			"v_Environment": {
				"type": "String"
			},
			"v_ProjectName": {
				"type": "String"
			},
			"v_param_list": {
				"type": "String"
			}
		},
		"folder": {
			"name": "STEP"
		},
		"annotations": []
	}
}