{
	"name": "TPM_cleansed_psa_wrapper",
	"properties": {
		"activities": [
			{
				"name": "Get_curationfeeds_TPM",
				"type": "Lookup",
				"dependsOn": [],
				"policy": {
					"timeout": "7.00:00:00",
					"retry": 0,
					"retryIntervalInSeconds": 30,
					"secureOutput": false,
					"secureInput": false
				},
				"userProperties": [],
				"typeProperties": {
					"source": {
						"type": "SqlDWSource",
						"sqlReaderQuery": "select feed_id from psa.cf_feed_configuration where psa_table_name in ('RPIDNA_GBSAP_SAP_TVV5T','RPIDNA_GBSAP_SAP_TVV4T','RPIDNA_GBSAP_SAP_MBEW')",
						"queryTimeout": "02:00:00",
						"partitionOption": "None"
					},
					"dataset": {
						"referenceName": "azsyndna_ds",
						"type": "DatasetReference",
						"parameters": {
							"pSynTable": "n",
							"pSynSchema": "psa"
						}
					},
					"firstRowOnly": false
				}
			},
			{
				"name": "forEachTPMfeeds",
				"type": "ForEach",
				"dependsOn": [
					{
						"activity": "Get_curationfeeds_TPM",
						"dependencyConditions": [
							"Succeeded"
						]
					}
				],
				"userProperties": [],
				"typeProperties": {
					"items": {
						"value": "@activity('Get_curationfeeds_TPM').output.value",
						"type": "Expression"
					},
					"isSequential": false,
					"activities": [
						{
							"name": "ExecuteCFforTPMFeeds",
							"type": "ExecutePipeline",
							"dependsOn": [],
							"userProperties": [],
							"typeProperties": {
								"pipeline": {
									"referenceName": "CF_ValidFeedsProcess",
									"type": "PipelineReference"
								},
								"waitOnCompletion": true,
								"parameters": {
									"pFeedID": {
										"value": "@string(item().feed_id)",
										"type": "Expression"
									},
									"pIngestionDB": "dbo",
									"pCurationUser": "CurationUser",
									"pProjectID": "1800051174",
									"pAssetID": "''"
								}
							}
						}
					]
				}
			}
		],
		"folder": {
			"name": "TPM"
		},
		"annotations": []
	}
}