{
	"name": "ValidAssetProcess",
	"properties": {
		"activities": [
			{
				"name": "CheckIfAssetExists",
				"description": "Check if any assets to be loaded to Curated layer",
				"type": "IfCondition",
				"dependsOn": [
					{
						"activity": "RetrieveAssets",
						"dependencyConditions": [
							"Succeeded"
						]
					}
				],
				"userProperties": [],
				"typeProperties": {
					"expression": {
						"value": "@greater(activity('RetrieveAssets').output.count,0)",
						"type": "Expression"
					},
					"ifFalseActivities": [
						{
							"name": "NoValidAssetToProcess",
							"type": "Wait",
							"dependsOn": [],
							"userProperties": [],
							"typeProperties": {
								"waitTimeInSeconds": 1
							}
						}
					],
					"ifTrueActivities": [
						{
							"name": "AssetSchemaMapping",
							"type": "ExecutePipeline",
							"dependsOn": [],
							"userProperties": [],
							"typeProperties": {
								"pipeline": {
									"referenceName": "AssetSchemaMapping",
									"type": "PipelineReference"
								},
								"waitOnCompletion": true,
								"parameters": {
									"pAssetList": {
										"value": "@activity('RetrieveAssets').output.value",
										"type": "Expression"
									},
									"pIngestionDB": {
										"value": "@variables('vDBSchema')",
										"type": "Expression"
									}
								}
							}
						}
					]
				}
			},
			{
				"name": "RetrieveAssets",
				"description": "Gets the list of assets from the Ingestion metadata, that are to be curated.\n\nCalls the [apitemp].[AssetToProcessGet] Stored Procedure with args\n\npAssetID(blank)\npAssetStatusID(24014 for getting cleansed)\npFeedID(blank - to get all the feeds that are to be processed)\npProjectID(blank)\npSourceRangeID(402)\npTargetLayer(PSA - to get all those to be processed till PSA)",
				"type": "Lookup",
				"dependsOn": [
					{
						"activity": "AssetToProcessGet",
						"dependencyConditions": [
							"Succeeded"
						]
					}
				],
				"policy": {
					"timeout": "7.00:00:00",
					"retry": 0,
					"retryIntervalInSeconds": 30,
					"secureOutput": false,
					"secureInput": false
				},
				"userProperties": [],
				"typeProperties": {
					"source": {
						"type": "AzureSqlSource",
						"sqlReaderQuery": {
							"value": "@replace(replace(replace(variables('vJsonQuery'),'$tablename',pipeline().parameters.pTableName),'$schemaName',variables('vDBSchema')),'$assetsToProcessCount',pipeline().parameters.pAssetToProcessCount)",
							"type": "Expression"
						},
						"queryTimeout": "02:00:00",
						"partitionOption": "None"
					},
					"dataset": {
						"referenceName": "azdbdna_ds_metadata",
						"type": "DatasetReference"
					},
					"firstRowOnly": false
				}
			},
			{
				"name": "AssetToProcessGet",
				"description": "Set AssetToProcessGet Query variable",
				"type": "SetVariable",
				"dependsOn": [],
				"userProperties": [],
				"typeProperties": {
					"variableName": "vJsonQuery",
					"value": "DECLARE @RC int\nDECLARE @tablevar table(AssetListJSON nvarchar(max), ProcedureStatus int, ProcedureMessage nvarchar(max))\nDECLARE @json nvarchar(max)\nbegin \ninsert into @tablevar(AssetListJSON, ProcedureStatus, ProcedureMessage)\n\tEXECUTE [$schemaName].[AssetToProcessGet]  '', '', '24014', '', '402', 'PSA', '1'\nSELECT @json = AssetListJSON from @tablevar\nSELECT @json =JSON_QUERY(@json, '$.AssetList')\nSELECT \n\ttop $assetsToProcessCount\n\tA.FeedId as FeedID,\n    A.AssetId as AssetID,\n    SUBSTRING(A.AssetLocation,CHARINDEX('/', A.AssetLocation, 1)+1,CHARINDEX('/', A.AssetLocation, 2)-2) as Container,\n    SUBSTRING(A.AssetLocation,CHARINDEX('/', A.AssetLocation, 2)+1,LEN(A.AssetLocation)-CHARINDEX('/', A.AssetLocation, 2) - 1) as AssetLocation,\n    A.AssetName as AssetName,\n    A.LoadSchema as LoadSchema,\n    A.LoadTargetTable as LoadTargetTable,\n    A.PSASchema as PSASchema,\n    A.PSATargetTable as PSATargetTable,\n    A.SystemOfRecordID as SystemOfRecordID,\n    'UTF-8' as EncodingType  FROM OPENJSON(@json)  \n  WITH (\n    FeedID NVARCHAR(50) '$.FeedID',\n\tAssetID NVARCHAR(50) '$.AssetID',\n\tAssetName NVARCHAR(150) '$.AssetName',\n\tAssetLocation  NVARCHAR(150) '$.AssetLocation',\n\tLoadSchema NVARCHAR(150) '$.LoadTargetSchema',\n\tLoadTargetTable  NVARCHAR(150) '$.LoadTargetTable',\n\tPSASchema NVARCHAR(150) '$.PSATargetSchema',\n\tPSATargetTable  NVARCHAR(150) '$.PSATargetTable',\n\tSystemOfRecordID  NVARCHAR(150) '$.SystemOfRecordID'\t\n  ) A where A.LoadTargetTable='$tablename'\nend"
				}
			}
		],
		"parameters": {
			"pTableName": {
				"type": "string",
				"defaultValue": "rawuk_btc_ix_spc_product"
			},
			"pAssetToProcessCount": {
				"type": "string",
				"defaultValue": "1"
			}
		},
		"variables": {
			"vJsonQuery": {
				"type": "String"
			},
			"vDBSchema": {
				"type": "String",
				"defaultValue": "dbo"
			}
		},
		"folder": {
			"name": "HistoryCurate/CleansedToPSA/FeedProcess"
		},
		"annotations": []
	},
	"type": "Microsoft.DataFactory/factories/pipelines"
}