{
	"name": "ValidateRules",
	"properties": {
		"activities": [
			{
				"name": "DQNullForMandatoryField",
				"description": "Data Quality Check that checks for NULL in the mandatory fields required in the Server layer.",
				"type": "SqlServerStoredProcedure",
				"dependsOn": [],
				"policy": {
					"timeout": "7.00:00:00",
					"retry": 0,
					"retryIntervalInSeconds": 30,
					"secureOutput": false,
					"secureInput": false
				},
				"userProperties": [],
				"typeProperties": {
					"storedProcedureName": {
						"value": "@concat(pipeline().parameters.pAssets[0].PSASchema,'.sp_DQNullCheck')",
						"type": "Expression"
					},
					"storedProcedureParameters": {
						"RecordSourceId": {
							"value": {
								"value": "@pipeline().parameters.pAssets[0].SystemOfRecordID",
								"type": "Expression"
							},
							"type": "String"
						},
						"RuleType": {
							"value": "NullForMandatoryField",
							"type": "String"
						},
						"TableName": {
							"value": {
								"value": "@pipeline().parameters.pAssets[0].PSATargetTable",
								"type": "Expression"
							},
							"type": "String"
						}
					}
				},
				"linkedServiceName": {
					"referenceName": "azsyndna_curated_dw",
					"type": "LinkedServiceReference"
				}
			},
			{
				"name": "DQNullForMandatoryFailed",
				"type": "Wait",
				"dependsOn": [
					{
						"activity": "DQNullForMandatoryField",
						"dependencyConditions": [
							"Failed"
						]
					}
				],
				"userProperties": [],
				"typeProperties": {
					"waitTimeInSeconds": 1
				}
			},
			{
				"name": "DQMissingLookupKeys",
				"description": "Data Quality Check that checks for Missing Lookup Keys.",
				"type": "SqlServerStoredProcedure",
				"dependsOn": [
					{
						"activity": "DQIncompatibleDataType",
						"dependencyConditions": [
							"Succeeded"
						]
					}
				],
				"policy": {
					"timeout": "7.00:00:00",
					"retry": 0,
					"retryIntervalInSeconds": 30,
					"secureOutput": false,
					"secureInput": false
				},
				"userProperties": [],
				"typeProperties": {
					"storedProcedureName": {
						"value": "@concat(pipeline().parameters.pAssets[0].PSASchema,'.sp_DQCheck')",
						"type": "Expression"
					},
					"storedProcedureParameters": {
						"RuleType": {
							"value": "MissingLookupKeys",
							"type": "String"
						},
						"TableName": {
							"value": {
								"value": "@pipeline().parameters.pAssets[0].PSATargetTable",
								"type": "Expression"
							},
							"type": "String"
						}
					}
				},
				"linkedServiceName": {
					"referenceName": "azsyndna_curated_dw",
					"type": "LinkedServiceReference"
				}
			},
			{
				"name": "ExecuteMovePSAToServe",
				"description": "Execute AssetMovePSAToServe pipeline.",
				"type": "ExecutePipeline",
				"dependsOn": [
					{
						"activity": "DQMissingLookupKeys",
						"dependencyConditions": [
							"Succeeded"
						]
					}
				],
				"userProperties": [],
				"typeProperties": {
					"pipeline": {
						"referenceName": "AssetMovePSAToServe",
						"type": "PipelineReference"
					},
					"waitOnCompletion": true,
					"parameters": {
						"pAssets": {
							"value": "@pipeline().parameters.pAssets",
							"type": "Expression"
						},
						"pServeETLRunLogId": {
							"value": "@pipeline().parameters.pServeETLRunLogId",
							"type": "Expression"
						}
					}
				}
			},
			{
				"name": "DQMissingLookupKeysFailed",
				"type": "Wait",
				"dependsOn": [
					{
						"activity": "DQMissingLookupKeys",
						"dependencyConditions": [
							"Failed"
						]
					}
				],
				"userProperties": [],
				"typeProperties": {
					"waitTimeInSeconds": 1
				}
			},
			{
				"name": "DQIncompatibleDataType",
				"description": "Data Quality Check that checks for Incompatible Data Types.",
				"type": "SqlServerStoredProcedure",
				"dependsOn": [
					{
						"activity": "DQNullForMandatoryField",
						"dependencyConditions": [
							"Succeeded"
						]
					}
				],
				"policy": {
					"timeout": "7.00:00:00",
					"retry": 0,
					"retryIntervalInSeconds": 30,
					"secureOutput": false,
					"secureInput": false
				},
				"userProperties": [],
				"typeProperties": {
					"storedProcedureName": {
						"value": "@concat(pipeline().parameters.pAssets[0].PSASchema,'.sp_DQDatatypeCheck')",
						"type": "Expression"
					},
					"storedProcedureParameters": {
						"RuleType": {
							"value": "IncompatibleDataType",
							"type": "String"
						},
						"TableName": {
							"value": {
								"value": "@pipeline().parameters.pAssets[0].PSATargetTable",
								"type": "Expression"
							},
							"type": "String"
						}
					}
				},
				"linkedServiceName": {
					"referenceName": "azsyndna_curated_dw",
					"type": "LinkedServiceReference"
				}
			},
			{
				"name": "DQIncompatibleDataTypeFaileed",
				"type": "Wait",
				"dependsOn": [
					{
						"activity": "DQIncompatibleDataType",
						"dependencyConditions": [
							"Failed"
						]
					}
				],
				"userProperties": [],
				"typeProperties": {
					"waitTimeInSeconds": 1
				}
			}
		],
		"parameters": {
			"pAssets": {
				"type": "array"
			},
			"pServeETLRunLogId": {
				"type": "string"
			}
		},
		"variables": {
			"vLookUpReferenceCheckFlag": {
				"type": "Boolean"
			},
			"vDQCheckLookupFlag": {
				"type": "Boolean"
			}
		},
		"folder": {
			"name": "HistoryCurate/PSAToServe/TaskTemplates"
		},
		"annotations": []
	}
}