{
	"name": "ValidAssetsProcess",
	"properties": {
		"activities": [
			{
				"name": "CheckIfAssetExists",
				"description": "Check if any assets are to be loaded into the Serve layer",
				"type": "IfCondition",
				"dependsOn": [
					{
						"activity": "RetrieveAssets",
						"dependencyConditions": [
							"Succeeded"
						]
					}
				],
				"userProperties": [],
				"typeProperties": {
					"expression": {
						"value": "@greater(activity('RetrieveAssets').output.count,0)",
						"type": "Expression"
					},
					"ifFalseActivities": [
						{
							"name": "NoValidAssetToProcess",
							"type": "Wait",
							"dependsOn": [],
							"userProperties": [],
							"typeProperties": {
								"waitTimeInSeconds": 1
							}
						}
					],
					"ifTrueActivities": [
						{
							"name": "GenerateETLRunLogIdServe",
							"description": "Call Stored Procedure '[dbo].[ETLRunLogAddOrUpdate]'\nArguments:\npDTCreated(CurrentTime)\npDTEnd(Blank)\npDTStart(Blank)\npETLProcessName(PipelineName)\npETLProcessRunID(PipelineId)\npETLRunLogID(Blank)\npETLRunLogStatusID(25001-Running)\npKeepValueFlag(0)\npUserCreated('CuratedUser')\n\n\nTHIS ACTIVITY WILL RETURN BACK A 'ETLRunLogID'",
							"type": "Lookup",
							"dependsOn": [
								{
									"activity": "SetETLRunLogStartDate",
									"dependencyConditions": [
										"Succeeded"
									]
								}
							],
							"policy": {
								"timeout": "7.00:00:00",
								"retry": 0,
								"retryIntervalInSeconds": 30,
								"secureOutput": false,
								"secureInput": false
							},
							"userProperties": [],
							"typeProperties": {
								"source": {
									"type": "AzureSqlSource",
									"sqlReaderStoredProcedureName": {
										"value": "@concat(variables('vDBSchema'),'.','ETLRunLogAddOrUpdate')",
										"type": "Expression"
									},
									"storedProcedureParameters": {
										"pDTCreated": {
											"type": "Datetime",
											"value": {
												"value": "@variables('vETLRunLogServeStartDate')",
												"type": "Expression"
											}
										},
										"pDTEnd": {
											"type": "String",
											"value": ""
										},
										"pDTStart": {
											"type": "Datetime",
											"value": {
												"value": "@variables('vETLRunLogServeStartDate')",
												"type": "Expression"
											}
										},
										"pETLProcessName": {
											"type": "String",
											"value": {
												"value": "@pipeline().Pipeline",
												"type": "Expression"
											}
										},
										"pETLProcessRunID": {
											"type": "String",
											"value": {
												"value": "@pipeline().RunId",
												"type": "Expression"
											}
										},
										"pETLRunLogID": {
											"type": "String",
											"value": ""
										},
										"pETLRunLogStatusID": {
											"type": "String",
											"value": "25001"
										},
										"pKeepValueFlag": {
											"type": "String",
											"value": "0"
										},
										"pUserCreated": {
											"type": "String",
											"value": {
												"value": "@variables('vUserCreated')",
												"type": "Expression"
											}
										}
									},
									"queryTimeout": "02:00:00",
									"partitionOption": "None"
								},
								"dataset": {
									"referenceName": "azdbdna_ds_metadata",
									"type": "DatasetReference"
								},
								"firstRowOnly": true
							}
						},
						{
							"name": "SetETLRunLogStartDate",
							"description": "Set ETLRunLogStartDate variable",
							"type": "SetVariable",
							"dependsOn": [],
							"userProperties": [],
							"typeProperties": {
								"variableName": "vETLRunLogServeStartDate",
								"value": {
									"value": "@utcnow()",
									"type": "Expression"
								}
							}
						},
						{
							"name": "SetETLRunLogIdFlag",
							"description": "Sets the ETLRunLogIdFlag to True, if an ETLRunLogId is generated successfully by the prior activity.",
							"type": "SetVariable",
							"dependsOn": [
								{
									"activity": "GenerateETLRunLogIdServe",
									"dependencyConditions": [
										"Succeeded"
									]
								}
							],
							"userProperties": [],
							"typeProperties": {
								"variableName": "vETLRunLogIdFlag",
								"value": {
									"value": "@if(equals(activity('GenerateETLRunLogIdServe').output.firstRow.ProcedureStatus,'0'),true,false)",
									"type": "Expression"
								}
							}
						}
					]
				}
			},
			{
				"name": "RetrieveAssets",
				"description": "Gets the list of assets from the Ingestion metadata, that are to be loaded into the Serve layer.\n\nCalls the [apitemp].[AssetToProcessGet] Stored Procedure with args\n\npAssetID(blank)\npAssetStatusID(24014 for getting cleansed)\npFeedID(blank - to get all the feeds that are to be processed)\npProjectID(blank)\npSourceRangeID(402)\npTargetLayer(PSA - to get all those to be processed till PSA)",
				"type": "Lookup",
				"dependsOn": [
					{
						"activity": "AssetToProcessGet",
						"dependencyConditions": [
							"Succeeded"
						]
					}
				],
				"policy": {
					"timeout": "7.00:00:00",
					"retry": 0,
					"retryIntervalInSeconds": 30,
					"secureOutput": false,
					"secureInput": false
				},
				"userProperties": [],
				"typeProperties": {
					"source": {
						"type": "AzureSqlSource",
						"sqlReaderQuery": {
							"value": "@replace(replace(variables('vJsonQuery'),'$tablename',pipeline().parameters.pTableName),'$schemaName',variables('vDBSchema'))",
							"type": "Expression"
						},
						"queryTimeout": "02:00:00",
						"partitionOption": "None"
					},
					"dataset": {
						"referenceName": "azdbdna_ds_metadata",
						"type": "DatasetReference"
					},
					"firstRowOnly": false
				}
			},
			{
				"name": "AssetToProcessGet",
				"description": "Set AssetToProcessGetQuery variable",
				"type": "SetVariable",
				"dependsOn": [],
				"userProperties": [],
				"typeProperties": {
					"variableName": "vJsonQuery",
					"value": "DECLARE @RC int\nDECLARE @pAssetID nvarchar(20)\nDECLARE @pFeedID nvarchar(20)\nDECLARE @pAssetStatusID nvarchar(20) = '24024'\nDECLARE @pProjectID nvarchar(20)\nDECLARE @pSourceRangeID nvarchar(20) = '402'\nDECLARE @pTargetLayer nvarchar(20) = 'PSA'\nDECLARE @tablevar table(AssetListJSON nvarchar(max), ProcedureStatus int, ProcedureMessage nvarchar(max))\nDECLARE @json nvarchar(max)\nbegin \ninsert into @tablevar(AssetListJSON, ProcedureStatus, ProcedureMessage)\nEXECUTE [$schemaName].[AssetToProcessGet]  @pAssetID, @pFeedID, @pAssetStatusID, @pProjectID, @pSourceRangeID, @pTargetLayer, 1\nSELECT @json = AssetListJSON from @tablevar\nSELECT @json =JSON_QUERY(@json, '$.AssetList')\nSELECT A.FeedId as FeedID,\n    A.AssetId as AssetID,\n    A.AssetName as AssetName,\n    A.PSASchema as PSASchema,\n    A.PSATargetTable as PSATargetTable,\n    A.SystemOfRecordID as SystemOfRecordID\n\tFROM OPENJSON(@json)  \n  WITH (\n    FeedID NVARCHAR(50) '$.FeedID',\n\tAssetID NVARCHAR(50) '$.AssetID',\n\tAssetName NVARCHAR(150) '$.AssetName',\n\tPSASchema NVARCHAR(150) '$.PSATargetSchema',\n\tPSATargetTable  NVARCHAR(150) '$.PSATargetTable',\n\tSystemOfRecordID  NVARCHAR(150) '$.SystemOfRecordID'\t\n  ) A where A.PSATargetTable='$tablename'\nend"
				}
			},
			{
				"name": "CheckValidETLRunLogID",
				"description": "Checks the value of ETLRunLogIdFlag, and continues further processing if the value is set to True.",
				"type": "IfCondition",
				"dependsOn": [
					{
						"activity": "CheckIfAssetExists",
						"dependencyConditions": [
							"Succeeded"
						]
					}
				],
				"userProperties": [],
				"typeProperties": {
					"expression": {
						"value": "@if(equals(variables('vETLRunLogIdFlag'),true),true,false)",
						"type": "Expression"
					},
					"ifFalseActivities": [
						{
							"name": "GenerateETLRunLogIDFailed",
							"type": "Wait",
							"dependsOn": [],
							"userProperties": [],
							"typeProperties": {
								"waitTimeInSeconds": 1
							}
						}
					],
					"ifTrueActivities": [
						{
							"name": "ExecuteAssetsProcessPSA",
							"description": "Execute AssetProcessPSA pipeline. ",
							"type": "ExecutePipeline",
							"dependsOn": [],
							"userProperties": [],
							"typeProperties": {
								"pipeline": {
									"referenceName": "AssetsProcessPSA",
									"type": "PipelineReference"
								},
								"waitOnCompletion": true,
								"parameters": {
									"pAssets": {
										"value": "@activity('RetrieveAssets').output.value",
										"type": "Expression"
									},
									"pIngestionSchema": {
										"value": "@variables('vDBSchema')",
										"type": "Expression"
									},
									"pUserCreated": "CurationUser",
									"pETLRunLogIDServe": {
										"value": "@activity('GenerateETLRunLogIdServe').output.firstRow.ETLRunLogID",
										"type": "Expression"
									},
									"pCreatedDate": {
										"value": "@variables('vETLRunLogServeStartDate')",
										"type": "Expression"
									}
								}
							}
						}
					]
				}
			}
		],
		"parameters": {
			"pTableName": {
				"type": "string",
				"defaultValue": "rawuk_btc_ix_spc_product"
			}
		},
		"variables": {
			"vJsonQuery": {
				"type": "String"
			},
			"vDBSchema": {
				"type": "String",
				"defaultValue": "dbo"
			},
			"vETLRunLogServeStartDate": {
				"type": "String"
			},
			"vUserCreated": {
				"type": "String",
				"defaultValue": "CurationUser"
			},
			"vETLRunLogIdFlag": {
				"type": "Boolean"
			}
		},
		"folder": {
			"name": "HistoryCurate/PSAToServe/FeedProcess"
		},
		"annotations": []
	}
}