{
	"name": "Wrapper_Cleansed_Fact",
	"properties": {
		"description": "Pipeline triggered based on file event to move data from cleansed to Fact",
		"activities": [
			{
				"name": "InvokeCleansedToPSA",
				"description": "calling CleansedToPSA pipeline",
				"type": "ExecutePipeline",
				"dependsOn": [
					{
						"activity": "WaitForMetadataSync",
						"dependencyConditions": [
							"Succeeded"
						]
					}
				],
				"userProperties": [],
				"typeProperties": {
					"pipeline": {
						"referenceName": "CF_ValidFeedsProcess",
						"type": "PipelineReference"
					},
					"waitOnCompletion": true,
					"parameters": {
						"pFeedID": {
							"value": "@pipeline().parameters.pFeedID",
							"type": "Expression"
						},
						"pIngestionDB": {
							"value": "@variables('pIngestionDB')",
							"type": "Expression"
						},
						"pCurationUser": {
							"value": "@variables('pCurationUser')",
							"type": "Expression"
						},
						"pProjectID": {
							"value": "@variables('pProjectID')",
							"type": "Expression"
						},
						"pAssetID": {
							"value": "@variables('pAssetID')",
							"type": "Expression"
						}
					}
				}
			},
			{
				"name": "Populate LAB_IR_FACT_International_Retail_Sales",
				"description": "Populates the table LAB_IR_FACT_International_Retail_Sales",
				"type": "SqlServerStoredProcedure",
				"dependsOn": [
					{
						"activity": "InvokeCleansedToPSA",
						"dependencyConditions": [
							"Succeeded"
						]
					}
				],
				"policy": {
					"timeout": "7.00:00:00",
					"retry": 0,
					"retryIntervalInSeconds": 30,
					"secureOutput": false,
					"secureInput": false
				},
				"userProperties": [],
				"typeProperties": {
					"storedProcedureName": "[psa].[sp_PSA_Fact]",
					"storedProcedureParameters": {
						"viewName": {
							"value": {
								"value": "@pipeline().parameters.pViewName",
								"type": "Expression"
							},
							"type": "String"
						},
						"targetTableName": {
							"value": {
								"value": "@variables('pTargetTable')",
								"type": "Expression"
							},
							"type": "String"
						},
						"businessKey": {
							"value": {
								"value": "@variables('pBusinessKey')",
								"type": "Expression"
							},
							"type": "String"
						}
					}
				},
				"linkedServiceName": {
					"referenceName": "azsyndna_curated_dw",
					"type": "LinkedServiceReference"
				}
			},
			{
				"name": "Refresh-PowerBI-table",
				"type": "SqlServerStoredProcedure",
				"dependsOn": [
					{
						"activity": "Populate LAB_IR_FACT_International_Retail_Sales",
						"dependencyConditions": [
							"Succeeded"
						]
					}
				],
				"policy": {
					"timeout": "7.00:00:00",
					"retry": 0,
					"retryIntervalInSeconds": 30,
					"secureOutput": false,
					"secureInput": false
				},
				"userProperties": [],
				"typeProperties": {
					"storedProcedureName": "[lab_ir].[refresh_AGG_International_Retail_SalesV01]"
				},
				"linkedServiceName": {
					"referenceName": "azsyndna_curated_dw",
					"type": "LinkedServiceReference"
				}
			},
			{
				"name": "WaitForMetadataSync",
				"description": "Wait for 5 minutes for ingestion to update metadata before this pipeline initiates trigger ",
				"type": "Wait",
				"dependsOn": [],
				"userProperties": [],
				"typeProperties": {
					"waitTimeInSeconds": 300
				}
			}
		],
		"concurrency": 1,
		"parameters": {
			"pFeedID": {
				"type": "string"
			},
			"pViewName": {
				"type": "string"
			}
		},
		"variables": {
			"vFeedFetchQry": {
				"type": "String"
			},
			"pIngestionDB": {
				"type": "String",
				"defaultValue": "dbo"
			},
			"pCurationUser": {
				"type": "String",
				"defaultValue": "CurationUser"
			},
			"pProjectID": {
				"type": "String",
				"defaultValue": "68"
			},
			"pAssetID": {
				"type": "String",
				"defaultValue": "''"
			},
			"pBusinessKey": {
				"type": "String",
				"defaultValue": "Analysis_Date,Country,Measure,Category"
			},
			"pTargetTable": {
				"type": "String",
				"defaultValue": "lab_ir.FACT_International_Retail_Sales"
			}
		},
		"folder": {
			"name": "InternationalSales"
		},
		"annotations": []
	}
}