{
	"project_name": "BUKOPMS",
	"config_type": "etl",
	"description": "",
	"data_source": [],
	"report_path": "/mnt/idf-reports/BTUKOPTIT/BUKOPMS/BTCOPT_PRACTICE_ORGANIZATION_FRANCHISE_INFO_BUKOPMS_Incr/Incremental/CurateADLS/",
	"cards": [
		{
			"card_id": "card_0",
			"card_dependencies": [],
			"label": "Read_Delta 0",
			"card_type": "read_delta",
			"description": "reading standard location",
			"data_path": "/mnt/idf-curatestandard/BTUKOPTIT/BUKOPMS/BTCOPT_PRACTICE_ORGANIZATION_FRANCHISE_INFO_BUKOPMS_Incr/Incremental",
			"output_table": "ODHPracticeFranchise1"
		},
		{
			"card_id": "card_1",
			"card_dependencies": [
				"card_0"
			],
			"label": "Apply_Filter 1",
			"card_type": "apply_filter",
			"description": "filtering records with RunDateTime",
			"input_table": "ODHPracticeFranchise1",
			"output_table": "ODHPracticeFranchise2",
			"filter": [],
			"unmatch_data": false
		},
		{
			"card_id": "card_2",
			"card_dependencies": [],
			"label": "Read_Delta 13",
			"card_type": "read_delta",
			"description": "reading standard backup location",
			"data_path": "/mnt/idf-curatestandard/BTUKOPTIT/BUKOPMS/BTCOPT_PRACTICE_ORGANIZATION_FRANCHISE_INFO_BUKOPMS_Incr/BackUp",
			"output_table": "ODHPracticeFranchise21"
		},
		{
			"card_id": "card_3",
			"card_dependencies": [
				"card_1",
				"card_2"
			],
			"label": "Read_Table 12",
			"card_type": "read_table",
			"description": "Union with backup table",
			"query": "select * from ODHPracticeFranchise2 union select * from ODHPracticeFranchise21",
			"temp_table_name": "ODHPracticeFranchise72",
			"partition_column_list": ""
		},
		{
			"card_id": "card_4",
			"card_dependencies": [
				"card_3"
			],
			"label": "Read_Table 100",
			"card_type": "read_table",
			"description": "Making null void null",
			"query": "select nullif(CurateStandardRowKey,'null') as CurateStandardRowKey,nullif(ID,'null') as  ID,nullif(STREET,'null') as STREET,nullif(COUNTY,'null') as COUNTY,nullif(POST_CODE,'null') as POST_CODE,nullif(CITY,'null') as CITY,nullif(COUNTRY,'null') as COUNTRY,nullif(FRANCHISE_NUMBER,'null') as FRANCHISE_NUMBER,nullif(FRANCHISE_BUSINESS_NAME,'null') as FRANCHISE_BUSINESS_NAME,nullif(FRANCHISE_DIRECTOR,'null') as FRANCHISE_DIRECTOR,nullif(CREATION_TIMESTAMP,'null') as CREATION_TIMESTAMP,nullif(LASTUPDATE_TIMESTAMP,'null') as LASTUPDATE_TIMESTAMP,nullif(DELETED,'null') as DELETED,nullif(ID_PRACTICE,'null') as ID_PRACTICE,nullif(OPERATION,'null') as OPERATION,nullif(TIMESTAMP,'null') as TIMESTAMP,nullif(TRANSACTIONID,'null') as TRANSACTIONID,nullif(RunDateTime,'null') as RunDateTime,nullif(Year,'null') as Year,nullif(Month,'null') as Month,nullif(Day,'null') as Day from ODHPracticeFranchise72",
			"temp_table_name": "ODHPracticeFranchise22",
			"partition_column_list": ""
		},
		{
			"card_id": "card_5",
			"card_dependencies": [
				"card_4"
			],
			"label": "Read_Table 61",
			"card_type": "read_table",
			"description": "Populating etlrunlogid",
			"query": "select s.*,r.ETLRunId as DLETLRunLogID from ODHPracticeFranchise22 s join (select max(cast(ETLRunId as int)) as ETLRunId from RPI_LOGGING.RPI_cOMMON_LOGGING where processstage='CurateStandard' and feedname = 'BTCOPT_PRACTICE_ORGANIZATION_FRANCHISE_INFO_BUKOPMS_Incr') r on (1=1)",
			"temp_table_name": "ODHPracticeFranchise11",
			"partition_column_list": ""
		},
		{
            "card_id": "card_6",
            "card_dependencies": [],
            "label": "Read_Table 2",
            "card_type": "read_table",
            "description": "Read ADLS table",
            "query": "Select * from curate_enterprise.reflovsetinfo",
            "temp_table_name": "reflovsetinfo",
            "partition_column_list": ""
        },
		{
			"card_id": "card_7",
			"card_dependencies": [
				"card_5"
			],
			"label": "Read_Table 4",
			"card_type": "read_table",
			"description": "fetching latest records",
			"query": "select * from (select row_number() OVER(PARTITION BY ID order BY timestamp desc,case when operation='DELETE' then 1 when operation='UPDATE' then 2 when operation='INSERT' then 3 when operation='REFRESH' then 4 end asc) as rn,row_number() OVER(PARTITION BY ID,timestamp,operation order BY timestamp desc,operation desc) as rnk,* FROM ODHPracticeFranchise11)t where t.rnk = 1",
			"temp_table_name": "ODHPracticeFranchise5",
			"partition_column_list": ""
		},
		{
			"card_id": "card_77",
			"card_dependencies": [
				"card_5"
			],
			"label": "Read_Table 4",
			"card_type": "read_table",
			"description": "fetching latest records",
			"query": "select * from (select row_number() OVER(PARTITION BY COUNTRY order BY timestamp desc,case when operation='DELETE' then 1 when operation='UPDATE' then 2 when operation='INSERT' then 3 when operation='REFRESH' then 4 end asc) as rn,row_number() OVER(PARTITION BY COUNTRY,timestamp,operation order BY timestamp desc,operation desc) as rnk,* FROM ODHPracticeFranchise11)t where t.rnk = 1",
			"temp_table_name": "ODHPracticeFranchise55",
			"partition_column_list": ""
		},
		{
			"card_id": "card_8",
			"card_dependencies": [
				"card_77"
			],
			"label": "Read_Table 3",
			"card_type": "read_table",
			"description": "REFCountry",
			"query": "select 'GB' as  CountryCode,'GB' as CountryName ,'United Kingdom' as STDCountryName , 'GBR' as STDCountryCode,'GBR' as ISOCountryCode, 'BUKOPMS' as RecordSourceCode,cast(r.LOVId as int) as LOVRecordsourceid,current_timestamp as RunDateTime,current_timestamp as DLCreateDateTime,current_timestamp as DLUpdateDateTime,cast('1900-01-01 00:00:00.000' as timestamp) as DLSCDStartDateTime,cast('9999-12-31 00:00:00.000' as timestamp) as DLSCDEndDateTime,'Y' as DLSCDActiveFlag, cast(s.DLETLRunLogID as int) as DLETLRunLogID, null as DLCurateStandardRowKey from ODHPracticeFranchise55 s join (select LOVId from reflovsetinfo where lovkey='BUKOPMS' and lovsetname='System of Record' and LOVRecordsourceid='12012') r on(1=1) ",
			"temp_table_name": "REFCountry3",
			"partition_column_list": ""
		},
		{
			"card_id": "card_9",
			"card_dependencies": [
				"card_8"
			],
			"label": "Read_Table 15",
			"card_type": "read_table",
			"description": "Inserts",
			"query": "insert into curate_enterprise.REFCountry select cast(ss.REFCountryId as bigint ) + row_number() over (order by source.CountryCode,source.lovrecordsourceid desc) REFCountryId, source.CountryCode, source.CountryName,source.STDCountryname ,source.STDCountryCode,source.ISOCountryCode,source.RecordSourceCode,cast(source.LOVRecordSourceId as int) ,current_timestamp as RunDateTime,current_timestamp as DLCreateDateTime,current_timestamp as DLUpdateDateTime,cast('1900-01-01 00:00:00.000' as timestamp) as DLSCDStartDateTime,cast('9999-12-31 00:00:00.000' as timestamp) as DLSCDEndDateTime,'Y' as DLSCDActiveFlag,cast(source.DLETLRunLogID as int),cast(nullif(DLCurateStandardRowKey,'null') as bigint)as DLCurateStandardRowKey from ( select s.* from REFCountry3 s LEFT JOIN (select ifnull(CountryCode,'') as CountryCode ,LovRecordsourceid,DLSCDActiveFlag from curate_enterprise.REFCountry) t ON ifnull(s.CountryCode,'')=ifnull(t.CountryCode,'') AND t.lovrecordsourceid=s.lovrecordsourceid AND t.DLSCDActiveFlag='Y' WHERE t.CountryCode IS NULL ) source , (select ifnull(max(cast(REFCountryId as bigint)),0) REFCountryId  from  curate_enterprise.REFCountry)ss",
			"temp_table_name": "REFCountry2",
			"partition_column_list": ""
		},
		{
			"card_id": "card_10",
			"card_dependencies": [
				"card_77"
			],
			"label": "Read_Table 3",
			"card_type": "read_table",
			"description": "REFCountry",
			"query": "select s.COUNTRY as  CountryCode,'UNKNOWN' as CountryName ,'UNKNOWN' as STDCountryName , 'UNKNOWN' as STDCountryCode,'NA' as ISOCountryCode, 'BUKOPMS' as RecordSourceCode,cast(r.LOVId as int) as LOVRecordsourceid,current_timestamp as RunDateTime,current_timestamp as DLCreateDateTime,current_timestamp as DLUpdateDateTime,cast('1900-01-01 00:00:00.000' as timestamp) as DLSCDStartDateTime,cast('9999-12-31 00:00:00.000' as timestamp) as DLSCDEndDateTime,'Y' as DLSCDActiveFlag, cast(s.DLETLRunLogID as int) as DLETLRunLogID, null as DLCurateStandardRowKey from ODHPracticeFranchise55 s join (select LOVId from reflovsetinfo where lovkey='BUKOPMS' and lovsetname='System of Record' and LOVRecordsourceid='12012') r on(1=1)",
			"temp_table_name": "REFCountry4",
			"partition_column_list": ""
		},
		{
			"card_id": "card_11",
			"card_dependencies": [
				"card_10",
				"card_9"
			],
			"label": "Read_Table 15",
			"card_type": "read_table",
			"description": "Inserts",
			"query": "insert into curate_enterprise.REFCountry select cast(ss.REFCountryId as bigint ) + row_number() over (order by source.CountryCode,source.lovrecordsourceid desc) REFCountryId, source.CountryCode, source.CountryName,source.STDCountryname ,source.STDCountryCode,source.ISOCountryCode,source.RecordSourceCode,cast(source.LOVRecordSourceId as int) ,current_timestamp as RunDateTime,current_timestamp as DLCreateDateTime,current_timestamp as DLUpdateDateTime,cast('1900-01-01 00:00:00.000' as timestamp) as DLSCDStartDateTime,cast('9999-12-31 00:00:00.000' as timestamp) as DLSCDEndDateTime,'Y' as DLSCDActiveFlag,cast(source.DLETLRunLogID as int),cast(nullif(DLCurateStandardRowKey,'null') as bigint)as DLCurateStandardRowKey from ( select s.* from REFCountry4 s LEFT JOIN (select ifnull(CountryCode,'') as CountryCode ,DLSCDActiveFlag ,LOVRecordSourceId from curate_enterprise.REFCountry) t ON ifnull(s.CountryCode,'')=ifnull(t.CountryCode,'') AND t.lovrecordsourceid=s.lovrecordsourceid AND t.DLSCDActiveFlag='Y' WHERE t.CountryCode IS NULL ) source , (select ifnull(max(cast(REFCountryId as bigint)),0) REFCountryId  from  curate_enterprise.REFCountry)ss",
			"temp_table_name": "REFCountry9",
			"partition_column_list": ""
		},
		{
			"card_id": "card_12",
			"card_dependencies": [
				"card_6",
				"card_7",
				"card_9",
				"card_11"
			],
			"label": "Read_Table 38",
			"card_type": "read_table",
			"description": "ODHPracticeFranchise",
			"query": "select distinct cast(md5(concat_ws('^|~',s.ID,r.LOVId)) as string) as ODHPracticeFranchiseId,s.ID as  SRCFranchiseId,a.PracticeSiteRoleId,s.STREET as Street,s.COUNTY as County,s.POST_CODE as PostCode,s.CITY as City,b.REFCountryId,c.STDCountryCode,s.COUNTRY as SRCCountryCode,s.FRANCHISE_NUMBER as FranchiseNumber,s.FRANCHISE_BUSINESS_NAME as FranchiseBusinessName,s.FRANCHISE_DIRECTOR as FranchiseDirector,s.CREATION_TIMESTAMP as CreationTimeStamp,s.LASTUPDATE_TIMESTAMP as LastUpdateTimeStamp,s.DELETED as Deleted,'BUKOPMS' as RecordSourceCode,s.CurateStandardRowKey as DLCurateStandardRowKey,r.LOVId as LOVRecordSourceId,s.DLETLRunLogID,current_timestamp as RunDateTime,case when s.rn=1 and ifnull(s.operation,'null')<>'DELETE' then 'Y' when s.rn=1 and ifnull(s.operation,'null')='DELETE' then 'D' else 'N' end as DLSCDActiveFlag from ODHPracticeFranchise5 s left join (select PracticeSiteRoleId,SRCPracticeId from curate_enterprise.ODHPractice where RecordSourceCode= 'BUKOPMS' and DLSCDActiveFlag='Y')a on a.SRCPracticeId=s.ID_PRACTICE left join (select REFCountryId,CountryCode from curate_enterprise.REFCountry where RecordSourceCode= 'BUKOPMS' and DLSCDActiveFlag='Y')b on b.CountryCode=s.COUNTRY left join (select STDCountryCode,CountryCode from curate_enterprise.REFCountry where RecordSourceCode='BUKOPMS' and DLSCDActiveFlag='Y')c on c.CountryCode=s.COUNTRY left join (select LOVId from reflovsetinfo where lovkey = 'BUKOPMS' and lovsetname='System of Record' and LOVrecordsourceid=12012)r  on (1=1) where a.PracticeSiteRoleId is not null",
			"temp_table_name": "ODHPracticeFranchise6",
			"partition_column_list": ""
		},
		{
			"card_id": "card_13",
			"card_dependencies": [
				"card_12"
			],
			"label": "Read_Table 25",
			"card_type": "read_table",
			"description": "Filtering Records and Casting to correct DataType",
			"query": "select cast(ODHPracticeFranchiseId as string) ,cast(SRCFranchiseId as string) ,cast(PracticeSiteRoleId as string) ,cast(Street as string) ,cast(County as string) ,cast(PostCode as string) ,cast(City as string) ,cast(REFCountryId as string) ,cast(STDCountryCode as string) ,cast(SRCCountryCode as string) ,cast(FranchiseNumber as string) ,cast(FranchiseBusinessName as string) ,cast(FranchiseDirector as string) ,cast(CreationTimeStamp as timestamp) ,cast(LastUpdateTimeStamp as timestamp) ,cast(Deleted as string),cast(RecordSourceCode as string   ) ,cast(LOVRecordSourceId as    int ) ,cast(RunDateTime as timestamp) ,cast(DLETLRunLogID as int ) ,cast(DLCurateStandardRowKey as bigint),DLSCDActiveFlag  from ODHPracticeFranchise6 where ODHPracticeFranchiseId is not null and SRCFranchiseId is not null and PracticeSiteRoleId is not null",
			"temp_table_name": "ODHPracticeFranchise7",
			"partition_column_list": ""
		},
		{
			"card_id": "card_14",
			"card_dependencies": [
				"card_13"
			],
			"label": "Read_Table 40",
			"card_type": "read_table",
			"description": "Updates",
			"query": "MERGE INTO curate_enterprise.ODHPracticeFranchise T USING (SELECT case when s.dlscdactiveflag='Y' then s.ODHPracticeFranchiseId else 'DEACTIVATE' end as mergeKey, s.* FROM ODHPracticeFranchise7 s where s.dlscdactiveflag<>'D' UNION ALL SELECT 'UPDATE' as mergeKey, source.* FROM ODHPracticeFranchise7 source JOIN curate_enterprise.ODHPracticeFranchise Target ON source.ODHPracticeFranchiseId = Target.ODHPracticeFranchiseId WHERE Target.DLSCDActiveFlag = 'Y' and source.DLSCDActiveFlag = 'Y') src ON T.ODHPracticeFranchiseId = src.mergeKey AND T.DLSCDActiveFlag = 'Y' when matched THEN UPDATE SET DLSCDActiveFlag = 'N', DLSCDEndDateTime = src.RunDateTime ,DLUpdateDateTime = src.RunDateTime WHEN not MATCHED AND src.mergeKey <> 'UPDATE' and src.mergekey <> 'DEACTIVATE' THEN INSERT(ODHPracticeFranchiseId,SRCFranchiseId ,PracticeSiteRoleId ,Street ,County ,PostCode ,City ,REFCountryId ,STDCountryCode ,SRCCountryCode ,FranchiseNumber ,FranchiseBusinessName ,FranchiseDirector ,CreationTimeStamp ,LastUpdateTimeStamp ,Deleted,RecordSourceCode,LOVRecordSourceId  ,RunDateTime,DLCreateDateTime,DLUpdateDateTime,DLSCDStartDateTime,DLSCDEndDateTime,DLSCDActiveFlag,DLETLRunLogID,DLCurateStandardRowKey) VALUES(src.ODHPracticeFranchiseId,src.SRCFranchiseId ,src.PracticeSiteRoleId ,src.Street ,src.County ,src.PostCode ,src.City ,src.REFCountryId ,src.STDCountryCode ,src.SRCCountryCode ,src.FranchiseNumber ,src.FranchiseBusinessName ,src.FranchiseDirector ,src.CreationTimeStamp ,src.LastUpdateTimeStamp ,src.Deleted,src.RecordSourceCode,src.LOVRecordSourceId ,src.RunDateTime,src.RunDateTime,src.RunDateTime,'1900-01-01 00:00:00.000','9999-12-31 00:00:00.000',src.DLSCDActiveFlag,src.DLETLRunLogID,src.DLCurateStandardRowKey) WHEN not MATCHED AND src.mergeKey = 'UPDATE' THEN INSERT(ODHPracticeFranchiseId,SRCFranchiseId ,PracticeSiteRoleId ,Street ,County ,PostCode ,City ,REFCountryId ,STDCountryCode ,SRCCountryCode ,FranchiseNumber ,FranchiseBusinessName ,FranchiseDirector ,CreationTimeStamp ,LastUpdateTimeStamp ,Deleted ,RecordSourceCode,LOVRecordSourceId,RunDateTime,DLCreateDateTime,DLUpdateDateTime,DLSCDStartDateTime,DLSCDEndDateTime,DLSCDActiveFlag,DLETLRunLogID,DLCurateStandardRowKey) VALUES(src.ODHPracticeFranchiseId,src.SRCFranchiseId ,src.PracticeSiteRoleId ,src.Street ,src.County ,src.PostCode ,src.City ,src.REFCountryId ,src.STDCountryCode ,src.SRCCountryCode ,src.FranchiseNumber ,src.FranchiseBusinessName ,src.FranchiseDirector ,src.CreationTimeStamp ,src.LastUpdateTimeStamp ,src.Deleted,src.RecordSourceCode,src.LOVRecordSourceId ,src.RunDateTime,src.RunDateTime,src.RunDateTime,src.RunDateTime,'9999-12-31 00:00:00.000',src.DLSCDActiveFlag,src.DLETLRunLogID,src.DLCurateStandardRowKey) WHEN not MATCHED AND src.mergeKey = 'DEACTIVATE' THEN INSERT(ODHPracticeFranchiseId,SRCFranchiseId ,PracticeSiteRoleId ,Street ,County ,PostCode ,City ,REFCountryId ,STDCountryCode ,SRCCountryCode ,FranchiseNumber ,FranchiseBusinessName ,FranchiseDirector ,CreationTimeStamp ,LastUpdateTimeStamp ,Deleted ,RecordSourceCode,LOVRecordSourceId,RunDateTime,DLCreateDateTime,DLUpdateDateTime,DLSCDStartDateTime,DLSCDEndDateTime,DLSCDActiveFlag,DLETLRunLogID,DLCurateStandardRowKey) VALUES(src.ODHPracticeFranchiseId,src.SRCFranchiseId ,src.PracticeSiteRoleId ,src.Street ,src.County ,src.PostCode ,src.City ,src.REFCountryId ,src.STDCountryCode ,src.SRCCountryCode ,src.FranchiseNumber ,src.FranchiseBusinessName ,src.FranchiseDirector ,src.CreationTimeStamp ,src.LastUpdateTimeStamp ,src.Deleted,src.RecordSourceCode,src.LOVRecordSourceId ,src.RunDateTime,src.RunDateTime,src.RunDateTime,src.RunDateTime,src.RunDateTime,src.DLSCDActiveFlag,src.DLETLRunLogID,src.DLCurateStandardRowKey)",
			"temp_table_name": "ODHPracticeFranchise_update",
			"partition_column_list": ""
		},
		{
			"card_id": "card_14033",
			"card_dependencies": [
				"card_14"
			],
			"label": "Read_Table 14033",
			"card_type": "read_table",
			"description": "Updates",
			"query": "MERGE INTO curate_enterprise.ODHPracticeFranchise T USING (SELECT s.ODHPracticeFranchiseId as MergeKey,s.* FROM ODHPracticeFranchise7 s where s.dlscdactiveflag='D' UNION ALL SELECT 'UPDATE' as mergeKey, source.* FROM ODHPracticeFranchise7 source JOIN curate_enterprise.ODHPracticeFranchise Target ON source.ODHPracticeFranchiseId = Target.ODHPracticeFranchiseId WHERE Target.DLSCDActiveFlag = 'Y' and source.dlscdactiveflag='D') src ON T.ODHPracticeFranchiseId = src.mergeKey AND T.DLSCDActiveFlag = 'Y' when matched THEN UPDATE SET DLSCDActiveFlag = 'N', DLSCDEndDateTime = src.RunDateTime ,DLUpdateDateTime = src.RunDateTime WHEN not MATCHED AND src.mergeKey = 'UPDATE' THEN INSERT(ODHPracticeFranchiseId,SRCFranchiseId ,PracticeSiteRoleId ,Street ,County ,PostCode ,City ,REFCountryId ,STDCountryCode ,SRCCountryCode ,FranchiseNumber ,FranchiseBusinessName ,FranchiseDirector ,CreationTimeStamp ,LastUpdateTimeStamp ,Deleted ,RecordSourceCode,LOVRecordSourceId,RunDateTime,DLCreateDateTime,DLUpdateDateTime,DLSCDStartDateTime,DLSCDEndDateTime,DLSCDActiveFlag,DLETLRunLogID,DLCurateStandardRowKey)  VALUES(src.ODHPracticeFranchiseId,src.SRCFranchiseId ,src.PracticeSiteRoleId ,src.Street ,src.County ,src.PostCode ,src.City ,src.REFCountryId ,src.STDCountryCode ,src.SRCCountryCode ,src.FranchiseNumber ,src.FranchiseBusinessName ,src.FranchiseDirector ,src.CreationTimeStamp ,src.LastUpdateTimeStamp ,src.Deleted,src.RecordSourceCode,src.LOVRecordSourceId,src.RunDateTime,src.RunDateTime,src.RunDateTime,src.RunDateTime,src.RunDateTime,'N',src.DLETLRunLogID,src.DLCurateStandardRowKey) WHEN not MATCHED AND src.mergeKey <> 'UPDATE' THEN INSERT(ODHPracticeFranchiseId,SRCFranchiseId ,PracticeSiteRoleId ,Street ,County ,PostCode ,City ,REFCountryId ,STDCountryCode ,SRCCountryCode ,FranchiseNumber ,FranchiseBusinessName ,FranchiseDirector ,CreationTimeStamp ,LastUpdateTimeStamp ,Deleted ,RecordSourceCode,LOVRecordSourceId,RunDateTime,DLCreateDateTime,DLUpdateDateTime,DLSCDStartDateTime,DLSCDEndDateTime,DLSCDActiveFlag,DLETLRunLogID,DLCurateStandardRowKey)  VALUES(src.ODHPracticeFranchiseId,src.SRCFranchiseId ,src.PracticeSiteRoleId ,src.Street ,src.County ,src.PostCode ,src.City ,src.REFCountryId ,src.STDCountryCode ,src.SRCCountryCode ,src.FranchiseNumber ,src.FranchiseBusinessName ,src.FranchiseDirector ,src.CreationTimeStamp ,src.LastUpdateTimeStamp ,src.Deleted,src.RecordSourceCode,src.LOVRecordSourceId,src.RunDateTime,src.RunDateTime,src.RunDateTime,src.RunDateTime,src.RunDateTime,'N',src.DLETLRunLogID,src.DLCurateStandardRowKey)",
			"temp_table_name": "ODHPracticeFranchise14033",
			"partition_column_list": ""
		},
		{
			"card_id": "card_15",
			"card_dependencies": [
				"card_4",
				"card_12",
				"card_14033"
			],
			"label": "Write_Delta 11",
			"card_type": "write_delta",
			"description": "Write backup Standard",
			"query": "select * from ODHPracticeFranchise22 where ID not in (select SRCFranchiseId from ODHPracticeFranchise6)",
			"data_path": "/mnt/idf-curatestandard/BTUKOPTIT/BUKOPMS/BTCOPT_PRACTICE_ORGANIZATION_FRANCHISE_INFO_BUKOPMS_Incr/BackUp",
			"partition_key_columns": "",
			"mode": "OVERWRITE",
			"type": "GENERAL"
		}
	]
}
