{
	"name": "az_csvfile_cleansed_adl_egress",
	"properties": {
		"linkedServiceName": {
			"referenceName": "azsanegdh_generic_adls2",
			"type": "LinkedServiceReference",
			"parameters": {
				"StorageAccountServiceEndPoint": {
					"value": "@dataset().pSAEndpoint",
					"type": "Expression"
				}
			}
		},
		"parameters": {
			"pContainer": {
				"type": "string"
			},
			"pFilePath": {
				"type": "string"
			},
			"pFileName": {
				"type": "string"
			},
			"pSAEndpoint": {
				"type": "string"
			}
		},
		"annotations": [],
		"type": "DelimitedText",
		"typeProperties": {
			"location": {
				"type": "AzureBlobFSLocation",
				"fileName": {
					"value": "@dataset().pFileName",
					"type": "Expression"
				},
				"folderPath": {
					"value": "@dataset().pFilePath",
					"type": "Expression"
				},
				"fileSystem": {
					"value": "@dataset().pContainer",
					"type": "Expression"
				}
			},
			"columnDelimiter": "|",
			"escapeChar": "",
			"firstRowAsHeader": false,
			"quoteChar": ""
		},
		"schema": []
	}
}