{
	"name": "azavrofile_cleansed_adl",
	"properties": {
		"linkedServiceName": {
			"referenceName": "azsadna_cleansed_adl",
			"type": "LinkedServiceReference"
		},
		"parameters": {
			"container": {
				"type": "string"
			},
			"directory": {
				"type": "string"
			},
			"filename": {
				"type": "string"
			}
		},
		"annotations": [],
		"type": "Avro",
		"typeProperties": {
			"location": {
				"type": "AzureBlobFSLocation",
				"fileName": {
					"value": "@dataset().filename",
					"type": "Expression"
				},
				"folderPath": {
					"value": "@dataset().directory",
					"type": "Expression"
				},
				"fileSystem": {
					"value": "@dataset().container",
					"type": "Expression"
				}
			}
		},
		"schema": {}
	}
}