{
	"name": "azbinfile_landing_bounce",
	"properties": {
		"linkedServiceName": {
			"referenceName": "azsadna_landing_blob",
			"type": "LinkedServiceReference"
		},
		"parameters": {
			"pContainer": {
				"type": "string"
			},
			"pFolderPath": {
				"type": "string"
			},
			"pFileName": {
				"type": "string"
			}
		},
		"annotations": [],
		"type": "Binary",
		"typeProperties": {
			"location": {
				"type": "AzureBlobStorageLocation",
				"fileName": {
					"value": "@dataset().pFileName",
					"type": "Expression"
				},
				"folderPath": {
					"value": "@dataset().pFolderPath",
					"type": "Expression"
				},
				"container": {
					"value": "@dataset().pContainer",
					"type": "Expression"
				}
			}
		}
	}
}