{
	"name": "azbinfile_landing_blob",
	"properties": {
		"linkedServiceName": {
			"referenceName": "azsadna_landing_blob",
			"type": "LinkedServiceReference"
		},
		"parameters": {
			"container": {
				"type": "string"
			},
			"Folderpath": {
				"type": "string"
			}
		},
		"annotations": [],
		"type": "Binary",
		"typeProperties": {
			"location": {
				"type": "AzureBlobStorageLocation",
				"folderPath": {
					"value": "@dataset().Folderpath",
					"type": "Expression"
				},
				"container": {
					"value": "@dataset().container",
					"type": "Expression"
				}
			}
		}
	}
}