{
    "name": "azbinfile_generic_blob",
    "properties": {
        "linkedServiceName": {
            "referenceName": "azsanegdh_generic_blob",
            "type": "LinkedServiceReference",
            "parameters": {
                "StorageAccountServiceEndPoint": {
                    "value": "@dataset().pStorageAccountServiceEndPoint",
                    "type": "Expression"
                }
            }
        },
        "parameters": {
            "pFilePath": {
                "type": "string"
            },
            "pContainer": {
                "type": "string"
            },
            "pStorageAccountServiceEndPoint": {
                "type": "string"
            }
        },
        "annotations": [],
        "type": "Binary",
        "typeProperties": {
            "location": {
                "type": "AzureBlobStorageLocation",
                "folderPath": {
                    "value": "@dataset().pFilePath",
                    "type": "Expression"
                },
                "container": {
                    "value": "@dataset().pContainer",
                    "type": "Expression"
                }
            }
        }
    }
}