{
	"name": "azbin_generic_blob",
	"properties": {
		"linkedServiceName": {
			"referenceName": "azsanegdh_generic_blob",
			"type": "LinkedServiceReference",
			"parameters": {
				"StorageAccountServiceEndPoint": {
					"value": "@dataset().SAEndPoint",
					"type": "Expression"
				}
			}
		},
		"parameters": {
			"container": {
				"type": "string"
			},
			"directory": {
				"type": "string"
			},
			"fileName": {
				"type": "string"
			},
			"SAEndPoint": {
				"type": "string"
			}
		},
		"annotations": [],
		"type": "Binary",
		"typeProperties": {
			"location": {
				"type": "AzureBlobStorageLocation",
				"fileName": {
					"value": "@dataset().fileName",
					"type": "Expression"
				},
				"folderPath": {
					"value": "@dataset().directory",
					"type": "Expression"
				},
				"container": {
					"value": "@dataset().container",
					"type": "Expression"
				}
			}
		}
	}
}