{
	"name": "azcsvfile_extract_adl_delimited",
	"properties": {
		"linkedServiceName": {
			"referenceName": "azsadna_landing_blob",
			"type": "LinkedServiceReference"
		},
		"parameters": {
			"pContainer": {
				"type": "string"
			},
			"pDirectory": {
				"type": "string"
			},
			"pFileName": {
				"type": "string"
			},
			"pEscape": {
				"type": "string"
			},
			"pQuote": {
				"type": "string"
			},
			"pDelim": {
				"type": "string",
				"defaultValue": ","
			}
		},
		"annotations": [],
		"type": "DelimitedText",
		"typeProperties": {
			"location": {
				"type": "AzureBlobStorageLocation",
				"fileName": {
					"value": "@dataset().pFileName",
					"type": "Expression"
				},
				"folderPath": {
					"value": "@dataset().pDirectory",
					"type": "Expression"
				},
				"container": {
					"value": "@dataset().pContainer",
					"type": "Expression"
				}
			},
			"columnDelimiter": {
				"value": "@dataset().pDelim",
				"type": "Expression"
			},
			"escapeChar": {
				"value": "@dataset().pEscape",
				"type": "Expression"
			},
			"firstRowAsHeader": true,
			"quoteChar": {
				"value": "@dataset().pQuote",
				"type": "Expression"
			}
		},
		"schema": []
	}
}