{
	"name": "azcsvfile_cleansed_adl_section",
	"properties": {
		"linkedServiceName": {
			"referenceName": "azsadna_cleansed_adl",
			"type": "LinkedServiceReference"
		},
		"parameters": {
			"pContainer": {
				"type": "string"
			},
			"pFolderPath": {
				"type": "string"
			},
			"pFileName": {
				"type": "string"
			},
			"pEncodingType": {
				"type": "string"
			}
		},
		"annotations": [],
		"type": "DelimitedText",
		"typeProperties": {
			"location": {
				"type": "AzureBlobFSLocation",
				"fileName": {
					"value": "@dataset().pFileName",
					"type": "Expression"
				},
				"folderPath": {
					"value": "@dataset().pFolderPath",
					"type": "Expression"
				},
				"fileSystem": {
					"value": "@dataset().pContainer",
					"type": "Expression"
				}
			},
			"columnDelimiter": "§",
			"encodingName": {
				"value": "@dataset().pEncodingType",
				"type": "Expression"
			},
			"escapeChar": "\\",
			"quoteChar": "\""
		},
		"schema": []
	}
}