{
	"name": "azcsvfile_staging_blob",
	"properties": {
		"linkedServiceName": {
			"referenceName": "StagingStorage",
			"type": "LinkedServiceReference"
		},
		"parameters": {
			"pFilePath": {
				"type": "string"
			}
		},
		"annotations": [],
		"type": "DelimitedText",
		"typeProperties": {
			"location": {
				"type": "AzureBlobStorageLocation",
				"folderPath": {
					"value": "@dataset().pFilePath",
					"type": "Expression"
				},
				"container": "staging"
			},
			"columnDelimiter": ",",
			"escapeChar": "\\",
			"quoteChar": "\""
		},
		"schema": []
	}
}