{
	"name": "azcsvfile_cleansed_adl_delimited_dynamic",
	"properties": {
		"linkedServiceName": {
			"referenceName": "azsadna_cleansed_adl",
			"type": "LinkedServiceReference"
		},
		"parameters": {
			"pContainer": {
				"type": "string"
			},
			"pFolderPath": {
				"type": "string"
			},
			"pFileName": {
				"type": "string"
			},
			"pEncodingType": {
				"type": "string"
			},
			"pDelimiter": {
				"type": "string"
			},
			"pEscapeChar": {
				"type": "string"
			},
			"pQuoteChar": {
				"type": "string"
			},
			"pNullChar": {
				"type": "string"
			}
		},
		"annotations": [],
		"type": "DelimitedText",
		"typeProperties": {
			"location": {
				"type": "AzureBlobFSLocation",
				"fileName": {
					"value": "@dataset().pFileName",
					"type": "Expression"
				},
				"folderPath": {
					"value": "@dataset().pFolderPath",
					"type": "Expression"
				},
				"fileSystem": {
					"value": "@dataset().pContainer",
					"type": "Expression"
				}
			},
			"columnDelimiter": {
				"value": "@dataset().pDelimiter",
				"type": "Expression"
			},
			"encodingName": {
				"value": "@dataset().pEncodingType",
				"type": "Expression"
			},
			"escapeChar": {
				"value": "@{\n\tif(equals(dataset().pEscapeChar,'null'),\n\t\t'',\n\t\tdataset().pEscapeChar\n\t)\n}",
				"type": "Expression"
			},
			"nullValue": {
				"value": "@dataset().pNullChar",
				"type": "Expression"
			},
			"quoteChar": {
				"value": "@{\n\tif(equals(dataset().pQuoteChar,'null'),\n\t\t'',\n\t\tdataset().pQuoteChar\n\t)\n}",
				"type": "Expression"
			}
		},
		"schema": []
	}
}