{
	"name": "azdbdna_rprs_odsdb",
	"properties": {
		"linkedServiceName": {
			"referenceName": "azsqldbdna_rprs_ods",
			"type": "LinkedServiceReference"
		},
		"parameters": {
			"schema": {
				"type": "string"
			},
			"tablename": {
				"type": "string"
			}
		},
		"annotations": [],
		"type": "AzureSqlTable",
		"schema": [
			{
				"name": "POGDBKey",
				"type": "nvarchar"
			},
			{
				"name": "POGDBFamilyKey",
				"type": "nvarchar"
			},
			{
				"name": "POGStatus1",
				"type": "nvarchar"
			},
			{
				"name": "POGDBStatus",
				"type": "nvarchar"
			},
			{
				"name": "POGPendingDate",
				"type": "nvarchar"
			},
			{
				"name": "POGDBDateEffectiveFrom",
				"type": "nvarchar"
			},
			{
				"name": "POGDBDateEffectiveTo",
				"type": "nvarchar"
			},
			{
				"name": "POGName",
				"type": "nvarchar"
			},
			{
				"name": "POGDBKey1",
				"type": "nvarchar"
			},
			{
				"name": "POGDBKey2",
				"type": "nvarchar"
			},
			{
				"name": "POGDBKey3",
				"type": "nvarchar"
			},
			{
				"name": "POGDBKey4",
				"type": "nvarchar"
			},
			{
				"name": "POGDBKey5",
				"type": "nvarchar"
			},
			{
				"name": "POGDBKey6",
				"type": "nvarchar"
			},
			{
				"name": "POGDBKey7",
				"type": "nvarchar"
			},
			{
				"name": "POGDBKey8",
				"type": "nvarchar"
			},
			{
				"name": "POGDBKey9",
				"type": "nvarchar"
			},
			{
				"name": "POGDBKey10",
				"type": "nvarchar"
			},
			{
				"name": "POGDBKey1Desc",
				"type": "nvarchar"
			},
			{
				"name": "POGDBKey2Desc",
				"type": "nvarchar"
			},
			{
				"name": "POGDBKey3Desc",
				"type": "nvarchar"
			},
			{
				"name": "POGDBKey4Desc",
				"type": "nvarchar"
			},
			{
				"name": "POGDBKey5Desc",
				"type": "nvarchar"
			},
			{
				"name": "POGDBKey6Desc",
				"type": "nvarchar"
			},
			{
				"name": "POGDBKey7Desc",
				"type": "nvarchar"
			},
			{
				"name": "POGDBKey8Desc",
				"type": "nvarchar"
			},
			{
				"name": "POGDBKey9Desc",
				"type": "nvarchar"
			},
			{
				"name": "POGDBKey10Desc",
				"type": "nvarchar"
			},
			{
				"name": "POGDepartment",
				"type": "nvarchar"
			},
			{
				"name": "POGCategory",
				"type": "nvarchar"
			},
			{
				"name": "POGWidth",
				"type": "nvarchar"
			},
			{
				"name": "POGHeight",
				"type": "nvarchar"
			},
			{
				"name": "POGDepth",
				"type": "nvarchar"
			},
			{
				"name": "POGNumberOfSegments",
				"type": "nvarchar"
			},
			{
				"name": "POGNumberOfStores",
				"type": "nvarchar"
			},
			{
				"name": "POGNumberOfProductsAllocated",
				"type": "nvarchar"
			},
			{
				"name": "POGNumberOfSubplanogramSpaces",
				"type": "nvarchar"
			},
			{
				"name": "POGUseAsSubplanogram",
				"type": "nvarchar"
			},
			{
				"name": "POGDesc1",
				"type": "nvarchar"
			},
			{
				"name": "POGDesc2",
				"type": "nvarchar"
			},
			{
				"name": "POGDesc3",
				"type": "nvarchar"
			},
			{
				"name": "POGDesc4",
				"type": "nvarchar"
			},
			{
				"name": "POGDesc5",
				"type": "nvarchar"
			},
			{
				"name": "POGDesc6",
				"type": "nvarchar"
			},
			{
				"name": "POGDesc7",
				"type": "nvarchar"
			},
			{
				"name": "POGDesc8",
				"type": "nvarchar"
			},
			{
				"name": "POGDesc9",
				"type": "nvarchar"
			},
			{
				"name": "POGDesc10",
				"type": "nvarchar"
			},
			{
				"name": "POGDesc11",
				"type": "nvarchar"
			},
			{
				"name": "POGDesc12",
				"type": "nvarchar"
			},
			{
				"name": "POGDesc13",
				"type": "nvarchar"
			},
			{
				"name": "POGDesc14",
				"type": "nvarchar"
			},
			{
				"name": "POGDesc15",
				"type": "nvarchar"
			},
			{
				"name": "POGDesc16",
				"type": "nvarchar"
			},
			{
				"name": "POGDesc17",
				"type": "nvarchar"
			},
			{
				"name": "POGDesc18",
				"type": "nvarchar"
			},
			{
				"name": "POGDesc19",
				"type": "nvarchar"
			},
			{
				"name": "POGDesc20",
				"type": "nvarchar"
			},
			{
				"name": "POGDesc21",
				"type": "nvarchar"
			},
			{
				"name": "POGDesc22",
				"type": "nvarchar"
			},
			{
				"name": "POGDesc23",
				"type": "nvarchar"
			},
			{
				"name": "POGDesc24",
				"type": "nvarchar"
			},
			{
				"name": "POGDesc25",
				"type": "nvarchar"
			},
			{
				"name": "POGDesc26",
				"type": "nvarchar"
			},
			{
				"name": "POGDesc27",
				"type": "nvarchar"
			},
			{
				"name": "POGDesc28",
				"type": "nvarchar"
			},
			{
				"name": "POGDesc29",
				"type": "nvarchar"
			},
			{
				"name": "POGDesc30",
				"type": "nvarchar"
			},
			{
				"name": "POGDesc31",
				"type": "nvarchar"
			},
			{
				"name": "POGDesc32",
				"type": "nvarchar"
			},
			{
				"name": "POGDesc33",
				"type": "nvarchar"
			},
			{
				"name": "POGDesc34",
				"type": "nvarchar"
			},
			{
				"name": "POGDesc35",
				"type": "nvarchar"
			},
			{
				"name": "POGDesc36",
				"type": "nvarchar"
			},
			{
				"name": "POGDesc37",
				"type": "nvarchar"
			},
			{
				"name": "POGDesc38",
				"type": "nvarchar"
			},
			{
				"name": "POGDesc39",
				"type": "nvarchar"
			},
			{
				"name": "POGDesc40",
				"type": "nvarchar"
			},
			{
				"name": "POGDesc41",
				"type": "nvarchar"
			},
			{
				"name": "POGDesc42",
				"type": "nvarchar"
			},
			{
				"name": "POGDesc43",
				"type": "nvarchar"
			},
			{
				"name": "POGDesc44",
				"type": "nvarchar"
			},
			{
				"name": "POGDesc45",
				"type": "nvarchar"
			},
			{
				"name": "POGDesc46",
				"type": "nvarchar"
			},
			{
				"name": "POGDesc47",
				"type": "nvarchar"
			},
			{
				"name": "POGDesc48",
				"type": "nvarchar"
			},
			{
				"name": "POGDesc49",
				"type": "nvarchar"
			},
			{
				"name": "POGDesc50",
				"type": "nvarchar"
			},
			{
				"name": "POGValue1",
				"type": "nvarchar"
			},
			{
				"name": "POGValue2",
				"type": "nvarchar"
			},
			{
				"name": "POGValue3",
				"type": "nvarchar"
			},
			{
				"name": "POGValue4",
				"type": "nvarchar"
			},
			{
				"name": "POGValue5",
				"type": "nvarchar"
			},
			{
				"name": "POGValue6",
				"type": "nvarchar"
			},
			{
				"name": "POGValue7",
				"type": "nvarchar"
			},
			{
				"name": "POGValue8",
				"type": "nvarchar"
			},
			{
				"name": "POGValue9",
				"type": "nvarchar"
			},
			{
				"name": "POGValue10",
				"type": "nvarchar"
			},
			{
				"name": "POGValue11",
				"type": "nvarchar"
			},
			{
				"name": "POGValue12",
				"type": "nvarchar"
			},
			{
				"name": "POGValue13",
				"type": "nvarchar"
			},
			{
				"name": "POGValue14",
				"type": "nvarchar"
			},
			{
				"name": "POGValue15",
				"type": "nvarchar"
			},
			{
				"name": "POGValue16",
				"type": "nvarchar"
			},
			{
				"name": "POGValue17",
				"type": "nvarchar"
			},
			{
				"name": "POGValue18",
				"type": "nvarchar"
			},
			{
				"name": "POGValue19",
				"type": "nvarchar"
			},
			{
				"name": "POGValue20",
				"type": "nvarchar"
			},
			{
				"name": "POGValue21",
				"type": "nvarchar"
			},
			{
				"name": "POGValue22",
				"type": "nvarchar"
			},
			{
				"name": "POGValue23",
				"type": "nvarchar"
			},
			{
				"name": "POGValue24",
				"type": "nvarchar"
			},
			{
				"name": "POGValue25",
				"type": "nvarchar"
			},
			{
				"name": "POGValue26",
				"type": "nvarchar"
			},
			{
				"name": "POGValue27",
				"type": "nvarchar"
			},
			{
				"name": "POGValue28",
				"type": "nvarchar"
			},
			{
				"name": "POGValue29",
				"type": "nvarchar"
			},
			{
				"name": "POGValue30",
				"type": "nvarchar"
			},
			{
				"name": "POGValue31",
				"type": "nvarchar"
			},
			{
				"name": "POGValue32",
				"type": "nvarchar"
			},
			{
				"name": "POGValue33",
				"type": "nvarchar"
			},
			{
				"name": "POGValue34",
				"type": "nvarchar"
			},
			{
				"name": "POGValue35",
				"type": "nvarchar"
			},
			{
				"name": "POGValue36",
				"type": "nvarchar"
			},
			{
				"name": "POGValue37",
				"type": "nvarchar"
			},
			{
				"name": "POGValue38",
				"type": "nvarchar"
			},
			{
				"name": "POGValue39",
				"type": "nvarchar"
			},
			{
				"name": "POGValue40",
				"type": "nvarchar"
			},
			{
				"name": "POGValue41",
				"type": "nvarchar"
			},
			{
				"name": "POGValue42",
				"type": "nvarchar"
			},
			{
				"name": "POGValue43",
				"type": "nvarchar"
			},
			{
				"name": "POGValue44",
				"type": "nvarchar"
			},
			{
				"name": "POGValue45",
				"type": "nvarchar"
			},
			{
				"name": "POGValue46",
				"type": "nvarchar"
			},
			{
				"name": "POGValue47",
				"type": "nvarchar"
			},
			{
				"name": "POGValue48",
				"type": "nvarchar"
			},
			{
				"name": "POGValue49",
				"type": "nvarchar"
			},
			{
				"name": "POGValue50",
				"type": "nvarchar"
			},
			{
				"name": "SalesPlanFlag",
				"type": "nvarchar"
			},
			{
				"name": "CreatedOn",
				"type": "nvarchar"
			},
			{
				"name": "BatchNo",
				"type": "nvarchar"
			}
		],
		"typeProperties": {
			"schema": {
				"value": "@dataset().schema",
				"type": "Expression"
			},
			"table": {
				"value": "@dataset().tablename",
				"type": "Expression"
			}
		}
	}
}