{
	"name": "azds_rprs_delta_adls",
	"properties": {
		"linkedServiceName": {
			"referenceName": "azsanegdh_generic_adls2",
			"type": "LinkedServiceReference",
			"parameters": {
				"StorageAccountServiceEndPoint": {
					"value": "@dataset().storageaccountserviceendpoint",
					"type": "Expression"
				}
			}
		},
		"parameters": {
			"ds_param_filename": {
				"type": "string"
			},
			"ds_folder_path": {
				"type": "string"
			},
			"ds_container_name": {
				"type": "string"
			},
			"storageaccountserviceendpoint": {
				"type": "string"
			}
		},
		"annotations": [],
		"type": "DelimitedText",
		"typeProperties": {
			"location": {
				"type": "AzureBlobFSLocation",
				"fileName": {
					"value": "@dataset().ds_param_filename",
					"type": "Expression"
				},
				"folderPath": {
					"value": "@dataset().ds_folder_path",
					"type": "Expression"
				},
				"fileSystem": {
					"value": "@dataset().ds_container_name",
					"type": "Expression"
				}
			},
			"columnDelimiter": ",",
			"escapeChar": "\\",
			"firstRowAsHeader": true,
			"quoteChar": "\""
		},
		"schema": []
	}
}