{
	"name": "azjsonfile_cleansed_adl",
	"properties": {
		"linkedServiceName": {
			"referenceName": "azsadna_cleansed_adl",
			"type": "LinkedServiceReference"
		},
		"parameters": {
			"pFolder": {
				"type": "string"
			},
			"pFileName": {
				"type": "string"
			},
			"pEncoding": {
				"type": "string"
			}
		},
		"annotations": [],
		"type": "Json",
		"typeProperties": {
			"location": {
				"type": "AzureBlobFSLocation",
				"fileName": {
					"value": "@dataset().pFileName",
					"type": "Expression"
				},
				"folderPath": {
					"value": "@dataset().pFolder",
					"type": "Expression"
				},
				"fileSystem": {
					"value": "cleansed",
					"type": "Expression"
				}
			},
			"encodingName": {
				"value": "@dataset().pEncoding",
				"type": "Expression"
			}
		}
	}
}