{
	"name": "azjsonfile_psahopper_adl",
	"properties": {
		"linkedServiceName": {
			"referenceName": "azsadna_cleansed_adl",
			"type": "LinkedServiceReference"
		},
		"parameters": {
			"pFolder": {
				"type": "string"
			},
			"pFileName": {
				"type": "string"
			}
		},
		"annotations": [],
		"type": "Json",
		"typeProperties": {
			"location": {
				"type": "AzureBlobFSLocation",
				"fileName": {
					"value": "@dataset().pFileName",
					"type": "Expression"
				},
				"folderPath": {
					"value": "@dataset().pFolder",
					"type": "Expression"
				},
				"fileSystem": {
					"value": "psahopper",
					"type": "Expression"
				}
			}
		}
	}
}