{
	"name": "azpathcheck_collection_adls",
	"properties": {
		"linkedServiceName": {
			"referenceName": "azsanegdh_generic_adls2",
			"type": "LinkedServiceReference",
			"parameters": {
				"StorageAccountServiceEndPoint": {
					"value": "@dataset().pSAEndpoint",
					"type": "Expression"
				}
			}
		},
		"parameters": {
			"pContainer": {
				"type": "string"
			},
			"pFolderPath": {
				"type": "string"
			},
			"pSAEndpoint": {
				"type": "string"
			}
		},
		"annotations": [],
		"type": "Binary",
		"typeProperties": {
			"location": {
				"type": "AzureBlobFSLocation",
				"folderPath": {
					"value": "@dataset().pFolderPath",
					"type": "Expression"
				},
				"fileSystem": {
					"value": "@dataset().pContainer",
					"type": "Expression"
				}
			}
		}
	}
}