{
	"name": "azsanegdh_generic_adls2",
	"properties": {
		"description": "Generic ADLS2 Storage Account",
		"linkedServiceName": {
			"referenceName": "azsanegdh_generic_adls2",
			"type": "LinkedServiceReference",
			"parameters": {
				"StorageAccountServiceEndPoint": {
					"value": "@dataset().StorageAccountServiceEndPoint",
					"type": "Expression"
				}
			}
		},
		"parameters": {
			"path": {
				"type": "String"
			},
			"filename": {
				"type": "String"
			},
			"StorageAccountServiceEndPoint": {
				"type": "string"
			}
		},
		"annotations": [],
		"type": "AzureBlobFSFile",
		"structure": [
			{
				"name": "Prop_0",
				"type": "String"
			},
			{
				"name": "Prop_1",
				"type": "String"
			},
			{
				"name": "Prop_2",
				"type": "String"
			},
			{
				"name": "Prop_3",
				"type": "String"
			},
			{
				"name": "Prop_4",
				"type": "String"
			},
			{
				"name": "Prop_5",
				"type": "String"
			},
			{
				"name": "Prop_6",
				"type": "String"
			},
			{
				"name": "Prop_7",
				"type": "String"
			},
			{
				"name": "Prop_8",
				"type": "String"
			},
			{
				"name": "Prop_9",
				"type": "String"
			},
			{
				"name": "Prop_10",
				"type": "String"
			},
			{
				"name": "Prop_11",
				"type": "String"
			},
			{
				"name": "Prop_12",
				"type": "String"
			},
			{
				"name": "Prop_13",
				"type": "String"
			},
			{
				"name": "Prop_14",
				"type": "String"
			},
			{
				"name": "Prop_15",
				"type": "String"
			},
			{
				"name": "Prop_16",
				"type": "String"
			},
			{
				"name": "Prop_17",
				"type": "String"
			},
			{
				"name": "Prop_18",
				"type": "String"
			},
			{
				"name": "Prop_19",
				"type": "String"
			},
			{
				"name": "Prop_20",
				"type": "String"
			},
			{
				"name": "Prop_21",
				"type": "String"
			},
			{
				"name": "Prop_22",
				"type": "String"
			},
			{
				"name": "Prop_23",
				"type": "String"
			},
			{
				"name": "Prop_24",
				"type": "String"
			},
			{
				"name": "Prop_25",
				"type": "String"
			},
			{
				"name": "Prop_26",
				"type": "String"
			},
			{
				"name": "Prop_27",
				"type": "String"
			},
			{
				"name": "Prop_28",
				"type": "String"
			},
			{
				"name": "Prop_29",
				"type": "String"
			},
			{
				"name": "Prop_30",
				"type": "String"
			},
			{
				"name": "Prop_31",
				"type": "String"
			},
			{
				"name": "Prop_32",
				"type": "String"
			},
			{
				"name": "Prop_33",
				"type": "String"
			}
		],
		"typeProperties": {
			"format": {
				"type": "TextFormat",
				"columnDelimiter": "|",
				"treatEmptyAsNull": true
			},
			"fileName": {
				"value": "@dataset().filename",
				"type": "Expression"
			},
			"folderPath": {
				"value": "@dataset().path",
				"type": "Expression"
			}
		}
	},
	"type": "Microsoft.DataFactory/factories/datasets"
}