{
	"name": "azsanegdh_generic_blob",
	"properties": {
		"description": "Generic dataset pointing to Blob Storage for azsanegdh",
		"linkedServiceName": {
			"referenceName": "azsanegdh_generic_blob",
			"type": "LinkedServiceReference",
			"parameters": {
				"StorageAccountServiceEndPoint": {
					"value": "@dataset().StorageAccountServiceEndPoint",
					"type": "Expression"
				}
			}
		},
		"parameters": {
			"path": {
				"type": "String"
			},
			"filename": {
				"type": "String"
			},
			"StorageAccountServiceEndPoint": {
				"type": "string"
			}
		},
		"annotations": [],
		"type": "AzureBlob",
		"typeProperties": {
			"fileName": {
				"value": "@dataset().filename",
				"type": "Expression"
			},
			"folderPath": {
				"value": "@dataset().path",
				"type": "Expression"
			},
			"key": {
				"value": "@dataset().filename",
				"type": "Expression"
			},
			"bucketName": {
				"value": "@dataset().path",
				"type": "Expression"
			}
		}
	},
	"type": "Microsoft.DataFactory/factories/datasets"
}