{
	"name": "azsqldna_projectref",
	"properties": {
		"linkedServiceName": {
			"referenceName": "azsqldbdna_projectref",
			"type": "LinkedServiceReference"
		},
		"parameters": {
			"schema": {
				"type": "string",
				"defaultValue": "pr_ref"
			},
			"table": {
				"type": "string",
				"defaultValue": "GDHDynamicADFParams"
			}
		},
		"annotations": [],
		"type": "AzureSqlTable",
		"schema": [
			{
				"name": "Project_Name",
				"type": "varchar"
			},
			{
				"name": "Job_name",
				"type": "varchar"
			},
			{
				"name": "Environment",
				"type": "char"
			},
			{
				"name": "Process_Name",
				"type": "varchar"
			},
			{
				"name": "Param_key",
				"type": "varchar"
			},
			{
				"name": "Param_value",
				"type": "varchar"
			}
		],
		"typeProperties": {
			"schema": {
				"value": "@dataset().schema",
				"type": "Expression"
			},
			"table": {
				"value": "@dataset().table",
				"type": "Expression"
			}
		}
	}
}