{
	"name": "azsyndna_dataset",
	"properties": {
		"linkedServiceName": {
			"referenceName": "azsyndna_curated_dw",
			"type": "LinkedServiceReference"
		},
		"annotations": [],
		"type": "AzureSqlDWTable",
		"schema": [
			{
				"name": "Project_Name",
				"type": "nvarchar"
			},
			{
				"name": "Job_name",
				"type": "nvarchar"
			},
			{
				"name": "Environment",
				"type": "char"
			},
			{
				"name": "Process_Name",
				"type": "nvarchar"
			},
			{
				"name": "Param_key",
				"type": "nvarchar"
			},
			{
				"name": "Param_value",
				"type": "nvarchar"
			}
		],
		"typeProperties": {
			"schema": "psa",
			"table": "dnaDynamicADFParams"
		}
	}
}