{
	"name": "azsyndna_ds",
	"properties": {
		"linkedServiceName": {
			"referenceName": "azsyndna_curated_dw",
			"type": "LinkedServiceReference"
		},
		"parameters": {
			"pSynTable": {
				"type": "string"
			},
			"pSynSchema": {
				"type": "string"
			}
		},
		"annotations": [],
		"type": "AzureSqlDWTable",
		"schema": [],
		"typeProperties": {
			"schema": {
				"value": "@dataset().pSynSchema",
				"type": "Expression"
			},
			"table": {
				"value": "@dataset().pSynTable",
				"type": "Expression"
			}
		}
	}
}