{
	"name": "azzipfile_landing_blob",
	"properties": {
		"linkedServiceName": {
			"referenceName": "azsadna_landing_blob",
			"type": "LinkedServiceReference"
		},
		"parameters": {
			"p_container": {
				"type": "string"
			},
			"p_folderpath": {
				"type": "string"
			},
			"p_filename": {
				"type": "string"
			}
		},
		"annotations": [],
		"type": "Binary",
		"typeProperties": {
			"location": {
				"type": "AzureBlobStorageLocation",
				"fileName": {
					"value": "@dataset().p_filename",
					"type": "Expression"
				},
				"folderPath": {
					"value": "@dataset().p_folderpath",
					"type": "Expression"
				},
				"container": {
					"value": "@dataset().p_container",
					"type": "Expression"
				}
			},
			"compression": {
				"type": "ZipDeflate"
			}
		}
	}
}