{
	"name": "dpi_file",
	"properties": {
		"linkedServiceName": {
			"referenceName": "azsadna_generic_blob",
			"type": "LinkedServiceReference"
		},
		"parameters": {
			"Filename": {
				"type": "string"
			},
			"Container": {
				"type": "string"
			},
			"Folderpath": {
				"type": "string"
			}
		},
		"annotations": [],
		"type": "Binary",
		"typeProperties": {
			"location": {
				"type": "AzureBlobStorageLocation",
				"fileName": {
					"value": "@dataset().Filename",
					"type": "Expression"
				},
				"folderPath": {
					"value": "@dataset().Folderpath",
					"type": "Expression"
				},
				"container": {
					"value": "@dataset().Container",
					"type": "Expression"
				}
			}
		}
	}
}