{
	"name": "DPIeventhubds",
	"properties": {
		"linkedServiceName": {
			"referenceName": "azsadna_eventhub_blob",
			"type": "LinkedServiceReference"
		},
		"parameters": {
			"container": {
				"type": "string"
			},
			"folderpath": {
				"type": "string"
			},
			"filename": {
				"type": "string"
			}
		},
		"annotations": [],
		"type": "Binary",
		"typeProperties": {
			"location": {
				"type": "AzureBlobStorageLocation",
				"fileName": {
					"value": "@dataset().filename",
					"type": "Expression"
				},
				"folderPath": {
					"value": "@dataset().folderpath",
					"type": "Expression"
				},
				"container": {
					"value": "@dataset().container",
					"type": "Expression"
				}
			}
		}
	}
}