{
	"name": "DPItxtFile",
	"properties": {
		"linkedServiceName": {
			"referenceName": "azsadna_generic_blob",
			"type": "LinkedServiceReference"
		},
		"parameters": {
			"Container": {
				"type": "string"
			},
			"Filename": {
				"type": "string"
			}
		},
		"annotations": [],
		"type": "DelimitedText",
		"typeProperties": {
			"location": {
				"type": "AzureBlobStorageLocation",
				"fileName": {
					"value": "@dataset().Filename",
					"type": "Expression"
				},
				"container": {
					"value": "@dataset().Container",
					"type": "Expression"
				}
			},
			"columnDelimiter": ",",
			"escapeChar": "\\",
			"quoteChar": "\""
		},
		"schema": [
			{
				"type": "String"
			}
		]
	}
}