{
	"name": "GDH_EDI_DataSet",
	"properties": {
		"linkedServiceName": {
			"referenceName": "azsanegdh_generic_adls2",
			"type": "LinkedServiceReference",
			"parameters": {
				"StorageAccountServiceEndPoint": {
					"value": "@dataset().StorageAccountServiceEndPoint",
					"type": "Expression"
				}
			}
		},
		"parameters": {
			"FileContainerName": {
				"type": "string",
				"defaultValue": "@variables('AzureContainerName')"
			},
			"FileSourceFileName": {
				"type": "string",
				"defaultValue": "@variables('SourceFileName')"
			},
			"FileDelimiter": {
				"type": "string",
				"defaultValue": "@variables('Delimiter')"
			},
			"StorageAccountServiceEndPoint": {
				"type": "string"
			},
			"CompressionType": {
				"type": "string"
			}
		},
		"annotations": [],
		"type": "DelimitedText",
		"typeProperties": {
			"location": {
				"type": "AzureBlobFSLocation",
				"fileName": {
					"value": "@dataset().FileSourceFileName",
					"type": "Expression"
				},
				"fileSystem": {
					"value": "@dataset().FileContainerName",
					"type": "Expression"
				}
			},
			"columnDelimiter": {
				"value": "@dataset().FileDelimiter",
				"type": "Expression"
			},
			"compressionCodec": {
				"value": "@dataset().CompressionType",
				"type": "Expression"
			},
			"escapeChar": "\\",
			"firstRowAsHeader": true,
			"quoteChar": "\""
		},
		"schema": []
	}
}