{
	"name": "le_zipfile",
	"properties": {
		"linkedServiceName": {
			"referenceName": "azsadna_landing_blob",
			"type": "LinkedServiceReference"
		},
		"parameters": {
			"pContainer": {
				"type": "string"
			},
			"pBlobPath": {
				"type": "string"
			}
		},
		"annotations": [],
		"type": "Binary",
		"typeProperties": {
			"location": {
				"type": "AzureBlobStorageLocation",
				"folderPath": {
					"value": "@dataset().pBlobPath",
					"type": "Expression"
				},
				"container": {
					"value": "@dataset().pContainer",
					"type": "Expression"
				}
			},
			"compression": {
				"type": "ZipDeflate"
			}
		}
	}
}