{
	"name": "lizearle_feed_property",
	"properties": {
		"linkedServiceName": {
			"referenceName": "azsadna_landing_blob",
			"type": "LinkedServiceReference"
		},
		"parameters": {
			"fileName": {
				"type": "string"
			},
			"blobName": {
				"type": "string",
				"defaultValue": "myblob"
			},
			"blobPath": {
				"type": "string",
				"defaultValue": "tempdaily/zip"
			}
		},
		"annotations": [],
		"type": "DelimitedText",
		"typeProperties": {
			"location": {
				"type": "AzureBlobStorageLocation",
				"fileName": {
					"value": "@dataset().fileName",
					"type": "Expression"
				},
				"folderPath": {
					"value": "@dataset().blobPath",
					"type": "Expression"
				},
				"container": {
					"value": "@dataset().blobName",
					"type": "Expression"
				}
			},
			"columnDelimiter": "=",
			"encodingName": "UTF-8",
			"escapeChar": "\\",
			"firstRowAsHeader": true,
			"quoteChar": ""
		},
		"schema": []
	}
}