{
	"name": "LizEarleDBAccount",
	"properties": {
		"linkedServiceName": {
			"referenceName": "azsyndna_curated_dw",
			"type": "LinkedServiceReference"
		},
		"parameters": {
			"schemaName": {
				"type": "string",
				"defaultValue": "psa"
			},
			"tableName": {
				"type": "string"
			}
		},
		"annotations": [],
		"type": "AzureSqlDWTable",
		"schema": [],
		"typeProperties": {
			"schema": {
				"value": "@dataset().schemaName",
				"type": "Expression"
			},
			"table": {
				"value": "dataset().tableName",
				"type": "Expression"
			}
		}
	}
}