{
    "name": "onprem_voltage_foldercheck",
    "properties": {
        "linkedServiceName": {
            "referenceName": "onprem_voltage_sftp",
            "type": "LinkedServiceReference",
            "parameters": {
                "pSecretName": {
                    "value": "@dataset().pSecretName",
                    "type": "Expression"
                }
            }
        },
        "parameters": {
            "pFilePath": {
                "type": "string"
            },
            "pSecretName": {
                "type": "string"
            }
        },
        "annotations": [],
        "type": "DelimitedText",
        "typeProperties": {
            "location": {
                "type": "SftpLocation",
                "folderPath": {
                    "value": "@dataset().pFilePath",
                    "type": "Expression"
                }
            },
            "columnDelimiter": ",",
            "rowDelimiter": "\n",
            "escapeChar": "",
            "quoteChar": ""
        },
        "schema": []
    }
}