{
    "name": "onprem_voltage_sftp_ds",
    "properties": {
        "linkedServiceName": {
            "referenceName": "onprem_voltage_sftp",
            "type": "LinkedServiceReference",
            "parameters": {
                "pSecretName": {
                    "value": "@dataset().pSecretName",
                    "type": "Expression"
                }
            }
        },
        "parameters": {
            "pFilePath": {
                "type": "string"
            },
            "pFileName": {
                "type": "string"
            },
            "pSecretName": {
                "type": "string"
            }
        },
        "annotations": [],
        "type": "DelimitedText",
        "typeProperties": {
            "location": {
                "type": "SftpLocation",
                "fileName": {
                    "value": "@dataset().pFileName",
                    "type": "Expression"
                },
                "folderPath": {
                    "value": "@dataset().pFilePath",
                    "type": "Expression"
                }
            },
            "columnDelimiter": "|",
            "escapeChar": "",
            "quoteChar": ""
        },
        "schema": []
    }
}