{
    "name": "STEP_filesDS",
    "properties": {
        "linkedServiceName": {
            "referenceName": "azsadna_landing_blob",
            "type": "LinkedServiceReference"
        },
        "parameters": {
            "container": {
                "type": "string"
            },
            "folderPath": {
                "type": "string"
            }
        },
        "annotations": [],
        "type": "Binary",
        "typeProperties": {
            "location": {
                "type": "AzureBlobStorageLocation",
                "folderPath": {
                    "value": "@dataset().folderPath",
                    "type": "Expression"
                },
                "container": {
                    "value": "@dataset().container",
                    "type": "Expression"
                }
            }
        }
    }
}