{
  "project_name": "BUKOPMS",
  "config_type": "etl",
  "description": "",
  "data_source": [],
  "report_path": "/mnt/idf-reports/BTUKOPTIT/BUKOPMS/BTCOPT_PATIENT_PATIENT_ADDRESS_DETAILS_BUKOPMS_Incr/Incremental/CurateADLS/",
  "cards": [
    {
      "card_id": "card_0",
      "card_dependencies": [],
      "label": "Read_Delta 0",
      "card_type": "read_delta",
      "description": "reading standard location",
      "data_path": "/mnt/idf-curatestandard/BTUKOPTIT/BUKOPMS/BTCOPT_PATIENT_PATIENT_CONTACT_DETAILS_BUKOPMS_Incr/Incremental",
      "output_table": "contact"
    },
    {
      "card_id": "card_1",
      "card_dependencies": [
        "card_0"
      ],
      "label": "Apply_Filter 1",
      "card_type": "apply_filter",
      "description": "filtering records with RunDateTime",
      "input_table": "contact",
      "output_table": "contact1",
      "filter": [],
      "unmatch_data": false
    },
    {
            "card_id": "card_2",
            "card_dependencies": [],
            "label": "Read_Table 2",
            "card_type": "read_table",
            "description": "Read ADLS table",
            "query": "Select * from curate_enterprise.reflovsetinfo",
            "temp_table_name": "reflovsetinfo",
            "partition_column_list": ""
    },
    {
      "card_id": "card_3",
      "card_dependencies": [],
      "label": "Read_Delta 3",
      "card_type": "read_delta",
      "description": "reading standard backup location",
      "data_path": "/mnt/idf-curatestandard/BTUKOPTIT/BUKOPMS/BTCOPT_PATIENT_PATIENT_CONTACT_DETAILS_BUKOPMS_Incr/BackUp",
      "output_table": "contactbackup"
    },
    {
      "card_id": "card_4",
      "card_dependencies": [
        "card_3",
        "card_1"
      ],
      "label": "Read_Table 4",
      "card_type": "read_table",
      "description": "Union with backup table",
      "query": "select * from contact1 where destination = 'MAIN' union select * from contactbackup where destination = 'MAIN'",
      "temp_table_name": "contactbackupunion",
      "partition_column_list": ""
    },
    {
      "card_id": "card_444",
      "card_dependencies": [
        "card_4",
        "card_1"
      ],
      "label": "Read_Table 4",
      "card_type": "read_table",
      "description": "nullif logic",
      "query": "select nullif( CurateStandardRowKey  ,'null') as  CurateStandardRowKey ,nullif( id ,'null') as  id,nullif( patient_code ,'null') as  patient_code,nullif( destination ,'null') as  destination,nullif( entity_type ,'null') as  entity_type,nullif( deleted ,'null') as  deleted,nullif( id_address_horizon ,'null') as  id_address_horizon,nullif( description ,'null') as  description,nullif( entity_code ,'null') as  entity_code,nullif( operation ,'null') as  operation,nullif( timestamp ,'null') as  timestamp,nullif( transactionid ,'null') as  transactionid,nullif( RunDateTime ,'null') as  RunDateTime,nullif( Year ,'null') as  Year,nullif( Month ,'null') as  Month,nullif( Day ,'null') as  Day from contactbackupunion",
      "temp_table_name": "contactbackupunion1",
      "partition_column_list": ""
    },
    {
      "card_id": "card_5",
      "card_dependencies": [
        "card_444"
      ],
      "label": "Read_Table 4",
      "card_type": "read_table",
      "description": "fetching latest records",
      "query": "select * from (select row_number() OVER(PARTITION BY patient_code ORDER BY timestamp desc,case when operation='DELETE' then 1 when operation='UPDATE' then 2 when operation='INSERT' then 3 when operation='REFRESH' then 4 end asc) as rn,row_number() OVER(PARTITION BY patient_code,timestamp,operation order BY timestamp desc,operation desc) as rnk,* FROM contactbackupunion1)t where t.rnk = 1",
      "temp_table_name": "contactlatest",
      "partition_column_list": ""
    },
    {
      "card_id": "card_6",
      "card_dependencies": [
        "card_5"
      ],
      "label": "Read_Table 6",
      "card_type": "read_table",
      "description": "Populating etlrunlogid",
      "query": "select s.*,r.ETLRunId as ETLRunLogIdNew from contactlatest s join (select max(cast(ETLRunId as int)) as ETLRunId from RPI_LOGGING.RPI_COMMON_LOGGING where processstage='CurateStandard' and feedname = 'BTCOPT_PATIENT_PATIENT_CONTACT_DETAILS_BUKOPMS_Incr') r on (1=1)",
      "temp_table_name": "contactetl",
      "partition_column_list": ""
    },
    {
      "card_id": "card_10",
      "card_dependencies": [],
      "label": "Read_Delta 10",
      "card_type": "read_delta",
      "description": "reading standard location",
      "data_path": "/mnt/idf-curatestandard/BTUKOPTIT/BUKOPMS/BTCOPT_PATIENT_PATIENT_ADDRESS_DETAILS_BUKOPMS_Incr/Incremental",
      "output_table": "Address"
    },
    {
      "card_id": "card_11",
      "card_dependencies": [
        "card_10"
      ],
      "label": "Apply_Filter 11",
      "card_type": "apply_filter",
      "description": "filtering records with RunDateTime",
      "input_table": "Address",
      "output_table": "Address1",
      "filter": [],
      "unmatch_data": false
    },
    {
      "card_id": "card_12",
      "card_dependencies": [],
      "label": "Read_Delta 12",
      "card_type": "read_delta",
      "description": "reading standard backup location",
      "data_path": "/mnt/idf-curatestandard/BTUKOPTIT/BUKOPMS/BTCOPT_PATIENT_PATIENT_ADDRESS_DETAILS_BUKOPMS_Incr/BackUp",
      "output_table": "AddressBackup"
    },
    {
      "card_id": "card_13",
      "card_dependencies": [
        "card_12",
        "card_11"
      ],
      "label": "Read_Table 13",
      "card_type": "read_table",
      "description": "Union with backup table",
      "query": "select * from Address1 union select * from AddressBackup",
      "temp_table_name": "AddressBackupUnion",
      "partition_column_list": ""
    },
    {
      "card_id": "card_1333",
      "card_dependencies": [
        "card_13",
        "card_11"
      ],
      "label": "Read_Table 13",
      "card_type": "read_table",
      "description": "null logic",
      "query": "select nullif( CurateStandardRowKey ,'null') as  CurateStandardRowKey,nullif( id ,'null') as  id,nullif( address1 ,'null') as  address1,nullif( address2 ,'null') as  address2,nullif( address3 ,'null') as  address3,nullif( city ,'null') as  city,nullif( post_code ,'null') as  post_code,nullif( country ,'null') as  country,nullif( home_tel_number ,'null') as  home_tel_number,nullif( mobile_tel_number ,'null') as  mobile_tel_number,nullif( work_tel_number ,'null') as  work_tel_number,nullif( preferred_tel_number ,'null') as  preferred_tel_number,nullif( email ,'null') as  email,nullif( deleted ,'null') as  deleted,nullif( building_name ,'null') as  building_name,nullif( country_code ,'null') as  country_code,nullif( creation_timestamp ,'null') as  creation_timestamp,nullif( foreign_address ,'null') as  foreign_address,nullif( house_number ,'null') as  house_number,nullif( lastupdate_timestamp ,'null') as  lastupdate_timestamp,nullif( unit_description ,'null') as  unit_description,nullif( unit_number ,'null') as  unit_number,nullif( validated ,'null') as  validated,nullif( gone_away ,'null') as  gone_away,nullif( operation ,'null') as  operation,nullif( timestamp ,'null') as  timestamp,nullif( transactionid ,'null') as  transactionid,nullif( RunDateTime ,'null') as  RunDateTime,nullif( Year ,'null') as  Year,nullif( Month ,'null') as  Month,nullif( Day ,'null') as  Day from AddressBackupUnion",
      "temp_table_name": "AddressBackupUnion1",
      "partition_column_list": ""
    },
    {
      "card_id": "card_14",
      "card_dependencies": [
        "card_1333"
      ],
      "label": "Read_Table 14",
      "card_type": "read_table",
      "description": "fetching latest records",
      "query": "select * from (select row_number() OVER(PARTITION BY ID ORDER BY timestamp desc,case when operation='DELETE' then 1 when operation='UPDATE' then 2 when operation='INSERT' then 3 when operation='REFRESH' then 4 end asc) as rn,row_number() OVER(PARTITION BY ID,timestamp,operation order BY timestamp desc,operation desc) as rnk,* FROM AddressBackupUnion1)t where t.rnk = 1",
      "temp_table_name": "AddressLatest",
      "partition_column_list": ""
    },
    {
      "card_id": "card_15",
      "card_dependencies": [
        "card_14"
      ],
      "label": "Read_Table 18",
      "card_type": "read_table",
      "description": "Populating etlrunlogid",
      "query": "select s.*,r.ETLRunId as ETLRunLogIdNew from AddressLatest s join (select max(cast(ETLRunId as int)) as ETLRunId from RPI_LOGGING.RPI_COMMON_LOGGING where processstage='CurateStandard' and feedname = 'BTCOPT_PATIENT_PATIENT_ADDRESS_DETAILS_BUKOPMS_Incr') r on (1=1)",
      "temp_table_name": "Addressetl",
      "partition_column_list": ""
    },
    {
      "card_id": "card_20001",
      "card_dependencies": [
        "card_15"
      ],
      "label": "Read_Table 21",
      "card_type": "read_table",
      "description": "Inserts",
      "query": "select 'HOME_TELEPHONE_NUMBER' as Name,'Home Phone' as STDPhoneType,null as IsTextCapable ,'BUKOPMS' as RecordSourceCode,cast(r.LOVId as int) as LOVRecordSourceId,null as DLCurateStandardRowKey,cast(s.ETLRunLogIdNew as int) as DLETLRunLogID,current_timestamp as RunDateTime from Addressetl s join (select LOVId from reflovsetinfo where lovkey='BUKOPMS' and lovsetname='System of Record' and LOVRecordsourceid='12012') r on(1=1) union select 'WORK_TELEPHONE_NUMBER' as Name,'Work Phone' as STDPhoneType,null as IsTextCapable ,'BUKOPMS' as RecordSourceCode,cast(r.LOVId as int) as LOVRecordSourceId,null as DLCurateStandardRowKey,cast(s.ETLRunLogIdNew as int) as DLETLRunLogID,current_timestamp as RunDateTime from Addressetl s join (select LOVId from reflovsetinfo where lovkey='BUKOPMS' and lovsetname='System of Record' and LOVRecordsourceid='12012') r on(1=1) union select 'PREFERRED_TELEPHONE_NUMBER' as Name,'Preferred Phone' as STDPhoneType,null as IsTextCapable ,'BUKOPMS' as RecordSourceCode,cast(r.LOVId as int) as LOVRecordSourceId,null as DLCurateStandardRowKey,cast(s.ETLRunLogIdNew as int) as DLETLRunLogID,current_timestamp as RunDateTime from Addressetl s join (select LOVId from reflovsetinfo where lovkey='BUKOPMS' and lovsetname='System of Record' and LOVRecordsourceid='12012') r on(1=1) union select 'MOBILE_TELEPHONE_NUMBER' as Name,'Mobile Phone' as STDPhoneType,null as IsTextCapable ,'BUKOPMS' as RecordSourceCode,cast(r.LOVId as int) as LOVRecordSourceId,null as DLCurateStandardRowKey,cast(s.ETLRunLogIdNew as int) as DLETLRunLogID,current_timestamp as RunDateTime from Addressetl s join (select LOVId from reflovsetinfo where lovkey='BUKOPMS' and lovsetname='System of Record' and LOVRecordsourceid='12012') r on(1=1)",
      "temp_table_name": "REFPhoneType20001",
      "partition_column_list": ""
    },
    {
      "card_id": "card_21",
      "card_dependencies": [
        "card_20001"
      ],
      "label": "Read_Table 21",
      "card_type": "read_table",
      "description": "Inserts",
      "query": "insert into curate_enterprise.REFPhoneType select cast(ss.PhoneTypeId as bigint ) + row_number() over (order by source.NAME,source.lovrecordsourceid desc) PhoneTypeId, cast(source.NAME as string) ,cast(source.STDPhoneType as string) ,cast(nullif(source.ISTEXTCAPABLE , 'null') as string) as ISTEXTCAPABLE,cast(source.RecordSourceCode as string),cast(source.LOVRecordSourceId as int) ,current_timestamp as RunDateTime,current_timestamp as DLCreateDateTime,current_timestamp as DLUpdateDateTime,cast('1900-01-01 00:00:00.000' as timestamp) as DLSCDStartDateTime,cast('9999-12-31 00:00:00.000' as timestamp) as DLSCDEndDateTime,'Y' as DLSCDActiveFlag,cast(source.DLETLRunLogID as int),cast(nullif(DLCurateStandardRowKey,'null') as bigint)as DLCurateStandardRowKey from ( select s.* from REFPhoneType20001 s LEFT JOIN curate_enterprise.REFPhoneType t ON s.NAME=t.NAME AND t.lovrecordsourceid=s.lovrecordsourceid AND t.DLSCDActiveFlag='Y' WHERE t.NAME IS NULL) source, ( select ifnull(max(cast(PhoneTypeId as bigint)),0) PhoneTypeId  from  curate_enterprise.REFPhoneType )ss",
      "temp_table_name": "REFPhoneType",
      "partition_column_list": ""
    },
    {
      "card_id": "card_31",
      "card_dependencies": [
        "card_15"
      ],
      "label": "Read_Table 3",
      "card_type": "read_table",
      "description": "REFAddressType",
      "query": "select distinct 'Primary Address' as  AddressTypeName , 'Primary Address of the Entity'  as Description , 'Primary Address' as STDAddressTypename ,  'BUKOPMS' as RecordSourceCode, r.LovId as LOVRecordSourceId , 'null' as CurateStandardRowKey,a.Etlrunlogidnew as DLETLRunLogID from addressetl a  join (select LOVId from reflovsetinfo where lovkey='BUKOPMS' and lovsetname='System of Record' and LOVRecordsourceid='12012') r on(1=1)",
      "temp_table_name": "REFAddressType",
      "partition_column_list": ""
    },
    {
      "card_id": "card_32",
      "card_dependencies": [
        "card_31"
      ],
      "label": "Read_Table 32",
      "card_type": "read_table",
      "description": "Inserts",
      "query": "insert into curate_enterprise.REFAddressType select cast ((cast(ss.REFAddressTypeId as int ) + row_number() over (order by source.AddressTypeName,source.lovrecordsourceid desc) )as string )as  REFAddressTypeTypeId, cast(source.AddressTypeName as string), cast(source.Description as string), cast (source.STDAddressTypename as string) , cast(source.RecordSourceCode as string),cast(source.LOVRecordSourceId as int),current_timestamp as RunDateTime,current_timestamp as DLCreateDateTime,current_timestamp as DLUpdateDateTime,cast('1900-01-01 00:00:00.000' as timestamp) as DLSCDStartDateTime,cast('9999-12-31 00:00:00.000' as timestamp) as DLSCDEndDateTime,'Y' as DLSCDActiveFlag, cast(source.DLETLRunLogID as int), cast(nullif(source.CurateStandardRowKey,'null') as bigint) as DLCurateStandardRowKey from ( select s.* from REFAddressType s LEFT JOIN curate_enterprise.REFAddressType t ON s.AddressTypeName=t.AddressTypeName AND t.lovrecordsourceid=s.lovrecordsourceid AND t.DLSCDActiveFlag='Y' WHERE t.AddressTypeName is null or t.lovrecordsourceid is null ) source left join (select ifnull(max(cast(REFAddressTypeId as bigint)),0) as REFAddressTypeId  from  curate_enterprise.REFAddressType)ss",
      "temp_table_name": "REFAddressType1",
      "partition_column_list": ""
    },
    {
      "card_id": "card_15432",
      "card_dependencies": [
        "card_15"
      ],
      "label": "Read_Table 41",
      "card_type": "read_table",
      "description": "Inserts",
      "query": "select cast('GB' as string) as CountryCode,  cast('GB' as string) as countryname, cast ('United Kingdom' as string) as STDCountryname , 'GBR' as STDCountryCode, 'GBR' as ISOCountryCode , cast( 'BUKOPMS' as string ) as RecordSourceCode , cast(r.LOVId as int) as LOVRecordsourceid,current_timestamp as RunDateTime,current_timestamp as DLCreateDateTime,current_timestamp as DLUpdateDateTime,cast('1900-01-01 00:00:00.000' as timestamp) as DLSCDStartDateTime,cast('9999-12-31 00:00:00.000' as timestamp) as DLSCDEndDateTime,'Y' as DLSCDActiveFlag, cast(s.ETLRunLogIdNew as int) as DLETLRunLogID, null as DLCurateStandardRowKey from addressetl s join (select LOVId from reflovsetinfo where lovkey='BUKOPMS' and lovsetname='System of Record' and LOVRecordsourceid='12012') r on(1=1) union select cast('US' as string) as CountryCode, cast('US' as string) as countryname, cast ('United States of America' as string) as STDCountryname , 'USA' as STDCountryCode, 'USA' as ISOCountryCode , cast( 'BUKOPMS' as string ) as RecordSourceCode , cast(r.LOVId as int) as LOVRecordsourceid,current_timestamp as RunDateTime,current_timestamp as DLCreateDateTime,current_timestamp as DLUpdateDateTime,cast('1900-01-01 00:00:00.000' as timestamp) as DLSCDStartDateTime,cast('9999-12-31 00:00:00.000' as timestamp) as DLSCDEndDateTime,'Y' as DLSCDActiveFlag, cast(s.ETLRunLogIdNew as int) as DLETLRunLogID, null as DLCurateStandardRowKey from addressetl s join (select LOVId from reflovsetinfo where lovkey='BUKOPMS' and lovsetname='System of Record' and LOVRecordsourceid='12012') r on(1=1) union select cast('AF' as string) as CountryCode, cast('AF' as string) as countryname, cast ('Afghanistan' as string) as STDCountryname , 'AFG' as STDCountryCode, 'AFG' as ISOCountryCode , cast( 'BUKOPMS' as string ) as RecordSourceCode , cast(r.LOVId as int) as LOVRecordsourceid,current_timestamp as RunDateTime,current_timestamp as DLCreateDateTime,current_timestamp as DLUpdateDateTime,cast('1900-01-01 00:00:00.000' as timestamp) as DLSCDStartDateTime,cast('9999-12-31 00:00:00.000' as timestamp) as DLSCDEndDateTime,'Y' as DLSCDActiveFlag, cast(s.ETLRunLogIdNew as int) as DLETLRunLogID, null as DLCurateStandardRowKey from addressetl s join (select LOVId from reflovsetinfo where lovkey='BUKOPMS' and lovsetname='System of Record' and LOVRecordsourceid='12012') r on(1=1) union select cast('AD' as string) as CountryCode, cast('AD' as string) as countryname, cast ('Andorra' as string) as STDCountryname , 'AND' as STDCountryCode, 'AND' as ISOCountryCode , cast( 'BUKOPMS' as string ) as RecordSourceCode , cast(r.LOVId as int) as LOVRecordsourceid,current_timestamp as RunDateTime,current_timestamp as DLCreateDateTime,current_timestamp as DLUpdateDateTime,cast('1900-01-01 00:00:00.000' as timestamp) as DLSCDStartDateTime,cast('9999-12-31 00:00:00.000' as timestamp) as DLSCDEndDateTime,'Y' as DLSCDActiveFlag, cast(s.ETLRunLogIdNew as int) as DLETLRunLogID, null as DLCurateStandardRowKey from addressetl s join (select LOVId from reflovsetinfo where lovkey='BUKOPMS' and lovsetname='System of Record' and LOVRecordsourceid='12012') r on(1=1) union select cast('ES' as string) as CountryCode, cast('ES' as string) as countryname, cast ('Spain' as string) as STDCountryname , 'ESP' as STDCountryCode, 'ESP' as ISOCountryCode , cast( 'BUKOPMS' as string ) as RecordSourceCode , cast(r.LOVId as int) as LOVRecordsourceid,current_timestamp as RunDateTime,current_timestamp as DLCreateDateTime,current_timestamp as DLUpdateDateTime,cast('1900-01-01 00:00:00.000' as timestamp) as DLSCDStartDateTime,cast('9999-12-31 00:00:00.000' as timestamp) as DLSCDEndDateTime,'Y' as DLSCDActiveFlag, cast(s.ETLRunLogIdNew as int) as DLETLRunLogID, null as DLCurateStandardRowKey from addressetl s join (select LOVId from reflovsetinfo where lovkey='BUKOPMS' and lovsetname='System of Record' and LOVRecordsourceid='12012') r on(1=1) union select cast('CH' as string) as CountryCode, cast('CH' as string) as countryname, cast ('Switzerland' as string) as STDCountryname , 'CHE' as STDCountryCode, 'CHE' as ISOCountryCode , cast( 'BUKOPMS' as string ) as RecordSourceCode , cast(r.LOVId as int) as LOVRecordsourceid,current_timestamp as RunDateTime,current_timestamp as DLCreateDateTime,current_timestamp as DLUpdateDateTime,cast('1900-01-01 00:00:00.000' as timestamp) as DLSCDStartDateTime,cast('9999-12-31 00:00:00.000' as timestamp) as DLSCDEndDateTime,'Y' as DLSCDActiveFlag, cast(s.ETLRunLogIdNew as int) as DLETLRunLogID, null as DLCurateStandardRowKey from addressetl s join (select LOVId from reflovsetinfo where lovkey='BUKOPMS' and lovsetname='System of Record' and LOVRecordsourceid='12012') r on(1=1) union select cast('EG' as string) as CountryCode, cast('EG' as string) as countryname, cast ('Egypt' as string) as STDCountryname , 'EGY' as STDCountryCode, 'EGY' as ISOCountryCode , cast( 'BUKOPMS' as string ) as RecordSourceCode , cast(r.LOVId as int) as LOVRecordsourceid,current_timestamp as RunDateTime,current_timestamp as DLCreateDateTime,current_timestamp as DLUpdateDateTime,cast('1900-01-01 00:00:00.000' as timestamp) as DLSCDStartDateTime,cast('9999-12-31 00:00:00.000' as timestamp) as DLSCDEndDateTime,'Y' as DLSCDActiveFlag, cast(s.ETLRunLogIdNew as int) as DLETLRunLogID, null as DLCurateStandardRowKey from addressetl s join (select LOVId from reflovsetinfo where lovkey='BUKOPMS' and lovsetname='System of Record' and LOVRecordsourceid='12012') r on(1=1) union select cast('AL' as string) as CountryCode, cast('AL' as string) as countryname, cast ('Albania' as string) as STDCountryname , 'ALB' as STDCountryCode, 'ALB' as ISOCountryCode , cast( 'BUKOPMS' as string ) as RecordSourceCode , cast(r.LOVId as int) as LOVRecordsourceid,current_timestamp as RunDateTime,current_timestamp as DLCreateDateTime,current_timestamp as DLUpdateDateTime,cast('1900-01-01 00:00:00.000' as timestamp) as DLSCDStartDateTime,cast('9999-12-31 00:00:00.000' as timestamp) as DLSCDEndDateTime,'Y' as DLSCDActiveFlag, cast(s.ETLRunLogIdNew as int) as DLETLRunLogID, null as DLCurateStandardRowKey from addressetl s join (select LOVId from reflovsetinfo where lovkey='BUKOPMS' and lovsetname='System of Record' and LOVRecordsourceid='12012') r on(1=1) union select cast('IM' as string) as CountryCode, cast('IM' as string) as countryname, cast ('Isle of Man' as string) as STDCountryname , 'IMN' as STDCountryCode, 'IMN' as ISOCountryCode , cast( 'BUKOPMS' as string ) as RecordSourceCode , cast(r.LOVId as int) as LOVRecordsourceid,current_timestamp as RunDateTime,current_timestamp as DLCreateDateTime,current_timestamp as DLUpdateDateTime,cast('1900-01-01 00:00:00.000' as timestamp) as DLSCDStartDateTime,cast('9999-12-31 00:00:00.000' as timestamp) as DLSCDEndDateTime,'Y' as DLSCDActiveFlag, cast(s.ETLRunLogIdNew as int) as DLETLRunLogID, null as DLCurateStandardRowKey from addressetl s join (select LOVId from reflovsetinfo where lovkey='BUKOPMS' and lovsetname='System of Record' and LOVRecordsourceid='12012') r on(1=1) union select cast('AM' as string) as CountryCode, cast('AM' as string) as countryname, cast ('Armenia' as string) as STDCountryname , 'ARM' as STDCountryCode, 'ARM' as ISOCountryCode , cast( 'BUKOPMS' as string ) as RecordSourceCode , cast(r.LOVId as int) as LOVRecordsourceid,current_timestamp as RunDateTime,current_timestamp as DLCreateDateTime,current_timestamp as DLUpdateDateTime,cast('1900-01-01 00:00:00.000' as timestamp) as DLSCDStartDateTime,cast('9999-12-31 00:00:00.000' as timestamp) as DLSCDEndDateTime,'Y' as DLSCDActiveFlag, cast(s.ETLRunLogIdNew as int) as DLETLRunLogID, null as DLCurateStandardRowKey from addressetl s join (select LOVId from reflovsetinfo where lovkey='BUKOPMS' and lovsetname='System of Record' and LOVRecordsourceid='12012') r on(1=1) union select cast('IT' as string) as CountryCode, cast('IT' as string) as countryname, cast ('Italy' as string) as STDCountryname , 'ITA' as STDCountryCode, 'ITA' as ISOCountryCode , cast( 'BUKOPMS' as string ) as RecordSourceCode , cast(r.LOVId as int) as LOVRecordsourceid,current_timestamp as RunDateTime,current_timestamp as DLCreateDateTime,current_timestamp as DLUpdateDateTime,cast('1900-01-01 00:00:00.000' as timestamp) as DLSCDStartDateTime,cast('9999-12-31 00:00:00.000' as timestamp) as DLSCDEndDateTime,'Y' as DLSCDActiveFlag, cast(s.ETLRunLogIdNew as int) as DLETLRunLogID, null as DLCurateStandardRowKey from addressetl s join (select LOVId from reflovsetinfo where lovkey='BUKOPMS' and lovsetname='System of Record' and LOVRecordsourceid='12012') r on(1=1) union select cast('BE' as string) as CountryCode, cast('BE' as string) as countryname, cast ('Belgium' as string) as STDCountryname , 'BEL' as STDCountryCode, 'BEL' as ISOCountryCode , cast( 'BUKOPMS' as string ) as RecordSourceCode , cast(r.LOVId as int) as LOVRecordsourceid,current_timestamp as RunDateTime,current_timestamp as DLCreateDateTime,current_timestamp as DLUpdateDateTime,cast('1900-01-01 00:00:00.000' as timestamp) as DLSCDStartDateTime,cast('9999-12-31 00:00:00.000' as timestamp) as DLSCDEndDateTime,'Y' as DLSCDActiveFlag, cast(s.ETLRunLogIdNew as int) as DLETLRunLogID, null as DLCurateStandardRowKey from addressetl s join (select LOVId from reflovsetinfo where lovkey='BUKOPMS' and lovsetname='System of Record' and LOVRecordsourceid='12012') r on(1=1) union select cast('AR' as string) as CountryCode, cast('AR' as string) as countryname, cast ('Argentina' as string) as STDCountryname , 'ARG' as STDCountryCode, 'ARG' as ISOCountryCode , cast( 'BUKOPMS' as string ) as RecordSourceCode , cast(r.LOVId as int) as LOVRecordsourceid,current_timestamp as RunDateTime,current_timestamp as DLCreateDateTime,current_timestamp as DLUpdateDateTime,cast('1900-01-01 00:00:00.000' as timestamp) as DLSCDStartDateTime,cast('9999-12-31 00:00:00.000' as timestamp) as DLSCDEndDateTime,'Y' as DLSCDActiveFlag, cast(s.ETLRunLogIdNew as int) as DLETLRunLogID, null as DLCurateStandardRowKey from addressetl s join (select LOVId from reflovsetinfo where lovkey='BUKOPMS' and lovsetname='System of Record' and LOVRecordsourceid='12012') r on(1=1) union select cast('BB' as string) as CountryCode, cast('BB' as string) as countryname, cast ('Barbados' as string) as STDCountryname , 'BRB' as STDCountryCode, 'BRB' as ISOCountryCode , cast( 'BUKOPMS' as string ) as RecordSourceCode , cast(r.LOVId as int) as LOVRecordsourceid,current_timestamp as RunDateTime,current_timestamp as DLCreateDateTime,current_timestamp as DLUpdateDateTime,cast('1900-01-01 00:00:00.000' as timestamp) as DLSCDStartDateTime,cast('9999-12-31 00:00:00.000' as timestamp) as DLSCDEndDateTime,'Y' as DLSCDActiveFlag, cast(s.ETLRunLogIdNew as int) as DLETLRunLogID, null as DLCurateStandardRowKey from addressetl s join (select LOVId from reflovsetinfo where lovkey='BUKOPMS' and lovsetname='System of Record' and LOVRecordsourceid='12012') r on(1=1) union select cast('GN' as string) as CountryCode, cast('GN' as string) as countryname, cast ('Guinea' as string) as STDCountryname , 'GIN' as STDCountryCode, 'GIN' as ISOCountryCode , cast( 'BUKOPMS' as string ) as RecordSourceCode , cast(r.LOVId as int) as LOVRecordsourceid,current_timestamp as RunDateTime,current_timestamp as DLCreateDateTime,current_timestamp as DLUpdateDateTime,cast('1900-01-01 00:00:00.000' as timestamp) as DLSCDStartDateTime,cast('9999-12-31 00:00:00.000' as timestamp) as DLSCDEndDateTime,'Y' as DLSCDActiveFlag, cast(s.ETLRunLogIdNew as int) as DLETLRunLogID, null as DLCurateStandardRowKey from addressetl s join (select LOVId from reflovsetinfo where lovkey='BUKOPMS' and lovsetname='System of Record' and LOVRecordsourceid='12012') r on(1=1) union select cast('OM' as string) as CountryCode, cast('OM' as string) as countryname, cast ('Oman' as string) as STDCountryname , 'OMN' as STDCountryCode, 'OMN' as ISOCountryCode , cast( 'BUKOPMS' as string ) as RecordSourceCode , cast(r.LOVId as int) as LOVRecordsourceid,current_timestamp as RunDateTime,current_timestamp as DLCreateDateTime,current_timestamp as DLUpdateDateTime,cast('1900-01-01 00:00:00.000' as timestamp) as DLSCDStartDateTime,cast('9999-12-31 00:00:00.000' as timestamp) as DLSCDEndDateTime,'Y' as DLSCDActiveFlag, cast(s.ETLRunLogIdNew as int) as DLETLRunLogID, null as DLCurateStandardRowKey from addressetl s join (select LOVId from reflovsetinfo where lovkey='BUKOPMS' and lovsetname='System of Record' and LOVRecordsourceid='12012') r on(1=1) union select cast('GG' as string) as CountryCode, cast('GG' as string) as countryname, cast ('Guernsey' as string) as STDCountryname , 'GGY' as STDCountryCode, 'GGY' as ISOCountryCode , cast( 'BUKOPMS' as string ) as RecordSourceCode , cast(r.LOVId as int) as LOVRecordsourceid,current_timestamp as RunDateTime,current_timestamp as DLCreateDateTime,current_timestamp as DLUpdateDateTime,cast('1900-01-01 00:00:00.000' as timestamp) as DLSCDStartDateTime,cast('9999-12-31 00:00:00.000' as timestamp) as DLSCDEndDateTime,'Y' as DLSCDActiveFlag, cast(s.ETLRunLogIdNew as int) as DLETLRunLogID, null as DLCurateStandardRowKey from addressetl s join (select LOVId from reflovsetinfo where lovkey='BUKOPMS' and lovsetname='System of Record' and LOVRecordsourceid='12012') r on(1=1) union select cast('GT' as string) as CountryCode, cast('GT' as string) as countryname, cast ('Guatemala' as string) as STDCountryname , 'GTM' as STDCountryCode, 'GTM' as ISOCountryCode , cast( 'BUKOPMS' as string ) as RecordSourceCode , cast(r.LOVId as int) as LOVRecordsourceid,current_timestamp as RunDateTime,current_timestamp as DLCreateDateTime,current_timestamp as DLUpdateDateTime,cast('1900-01-01 00:00:00.000' as timestamp) as DLSCDStartDateTime,cast('9999-12-31 00:00:00.000' as timestamp) as DLSCDEndDateTime,'Y' as DLSCDActiveFlag, cast(s.ETLRunLogIdNew as int) as DLETLRunLogID, null as DLCurateStandardRowKey from addressetl s join (select LOVId from reflovsetinfo where lovkey='BUKOPMS' and lovsetname='System of Record' and LOVRecordsourceid='12012') r on(1=1) union select cast('NO' as string) as CountryCode, cast('NO' as string) as countryname, cast ('Norway' as string) as STDCountryname , 'NOR' as STDCountryCode, 'NOR' as ISOCountryCode , cast( 'BUKOPMS' as string ) as RecordSourceCode , cast(r.LOVId as int) as LOVRecordsourceid,current_timestamp as RunDateTime,current_timestamp as DLCreateDateTime,current_timestamp as DLUpdateDateTime,cast('1900-01-01 00:00:00.000' as timestamp) as DLSCDStartDateTime,cast('9999-12-31 00:00:00.000' as timestamp) as DLSCDEndDateTime,'Y' as DLSCDActiveFlag, cast(s.ETLRunLogIdNew as int) as DLETLRunLogID, null as DLCurateStandardRowKey from addressetl s join (select LOVId from reflovsetinfo where lovkey='BUKOPMS' and lovsetname='System of Record' and LOVRecordsourceid='12012') r on(1=1) union select cast('IE' as string) as CountryCode, cast('IE' as string) as countryname, cast ('Ireland' as string) as STDCountryname , 'IRL' as STDCountryCode, 'IRL' as ISOCountryCode , cast( 'BUKOPMS' as string ) as RecordSourceCode , cast(r.LOVId as int) as LOVRecordsourceid,current_timestamp as RunDateTime,current_timestamp as DLCreateDateTime,current_timestamp as DLUpdateDateTime,cast('1900-01-01 00:00:00.000' as timestamp) as DLSCDStartDateTime,cast('9999-12-31 00:00:00.000' as timestamp) as DLSCDEndDateTime,'Y' as DLSCDActiveFlag, cast(s.ETLRunLogIdNew as int) as DLETLRunLogID, null as DLCurateStandardRowKey from addressetl s join (select LOVId from reflovsetinfo where lovkey='BUKOPMS' and lovsetname='System of Record' and LOVRecordsourceid='12012') r on(1=1) union select cast('ZA' as string) as CountryCode, cast('ZA' as string) as countryname, cast ('South Africa' as string) as STDCountryname , 'ZAF' as STDCountryCode, 'ZAF' as ISOCountryCode , cast( 'BUKOPMS' as string ) as RecordSourceCode , cast(r.LOVId as int) as LOVRecordsourceid,current_timestamp as RunDateTime,current_timestamp as DLCreateDateTime,current_timestamp as DLUpdateDateTime,cast('1900-01-01 00:00:00.000' as timestamp) as DLSCDStartDateTime,cast('9999-12-31 00:00:00.000' as timestamp) as DLSCDEndDateTime,'Y' as DLSCDActiveFlag, cast(s.ETLRunLogIdNew as int) as DLETLRunLogID, null as DLCurateStandardRowKey from addressetl s join (select LOVId from reflovsetinfo where lovkey='BUKOPMS' and lovsetname='System of Record' and LOVRecordsourceid='12012') r on(1=1) union select cast('ZW' as string) as CountryCode, cast('ZW' as string) as countryname, cast ('Zimbabwe' as string) as STDCountryname , 'ZWE' as STDCountryCode, 'ZWE' as ISOCountryCode , cast( 'BUKOPMS' as string ) as RecordSourceCode , cast(r.LOVId as int) as LOVRecordsourceid,current_timestamp as RunDateTime,current_timestamp as DLCreateDateTime,current_timestamp as DLUpdateDateTime,cast('1900-01-01 00:00:00.000' as timestamp) as DLSCDStartDateTime,cast('9999-12-31 00:00:00.000' as timestamp) as DLSCDEndDateTime,'Y' as DLSCDActiveFlag, cast(s.ETLRunLogIdNew as int) as DLETLRunLogID, null as DLCurateStandardRowKey from addressetl s join (select LOVId from reflovsetinfo where lovkey='BUKOPMS' and lovsetname='System of Record' and LOVRecordsourceid='12012') r on(1=1) union select cast('AT' as string) as CountryCode, cast('AT' as string) as countryname, cast ('Austria' as string) as STDCountryname , 'AUT' as STDCountryCode, 'AUT' as ISOCountryCode , cast( 'BUKOPMS' as string ) as RecordSourceCode , cast(r.LOVId as int) as LOVRecordsourceid,current_timestamp as RunDateTime,current_timestamp as DLCreateDateTime,current_timestamp as DLUpdateDateTime,cast('1900-01-01 00:00:00.000' as timestamp) as DLSCDStartDateTime,cast('9999-12-31 00:00:00.000' as timestamp) as DLSCDEndDateTime,'Y' as DLSCDActiveFlag, cast(s.ETLRunLogIdNew as int) as DLETLRunLogID, null as DLCurateStandardRowKey from addressetl s join (select LOVId from reflovsetinfo where lovkey='BUKOPMS' and lovsetname='System of Record' and LOVRecordsourceid='12012') r on(1=1) union select cast('UG' as string) as CountryCode, cast('UG' as string) as countryname, cast ('Uganda' as string) as STDCountryname , 'UGA' as STDCountryCode, 'UGA' as ISOCountryCode , cast( 'BUKOPMS' as string ) as RecordSourceCode , cast(r.LOVId as int) as LOVRecordsourceid,current_timestamp as RunDateTime,current_timestamp as DLCreateDateTime,current_timestamp as DLUpdateDateTime,cast('1900-01-01 00:00:00.000' as timestamp) as DLSCDStartDateTime,cast('9999-12-31 00:00:00.000' as timestamp) as DLSCDEndDateTime,'Y' as DLSCDActiveFlag, cast(s.ETLRunLogIdNew as int) as DLETLRunLogID, null as DLCurateStandardRowKey from addressetl s join (select LOVId from reflovsetinfo where lovkey='BUKOPMS' and lovsetname='System of Record' and LOVRecordsourceid='12012') r on(1=1) union select cast('CN' as string) as CountryCode, cast('CN' as string) as countryname, cast ('China' as string) as STDCountryname , 'CHN' as STDCountryCode, 'CHN' as ISOCountryCode , cast( 'BUKOPMS' as string ) as RecordSourceCode , cast(r.LOVId as int) as LOVRecordsourceid,current_timestamp as RunDateTime,current_timestamp as DLCreateDateTime,current_timestamp as DLUpdateDateTime,cast('1900-01-01 00:00:00.000' as timestamp) as DLSCDStartDateTime,cast('9999-12-31 00:00:00.000' as timestamp) as DLSCDEndDateTime,'Y' as DLSCDActiveFlag, cast(s.ETLRunLogIdNew as int) as DLETLRunLogID, null as DLCurateStandardRowKey from addressetl s join (select LOVId from reflovsetinfo where lovkey='BUKOPMS' and lovsetname='System of Record' and LOVRecordsourceid='12012') r on(1=1) union select cast('IN' as string) as CountryCode, cast('IN' as string) as countryname, cast ('India' as string) as STDCountryname , 'IND' as STDCountryCode, 'IND' as ISOCountryCode , cast( 'BUKOPMS' as string ) as RecordSourceCode , cast(r.LOVId as int) as LOVRecordsourceid,current_timestamp as RunDateTime,current_timestamp as DLCreateDateTime,current_timestamp as DLUpdateDateTime,cast('1900-01-01 00:00:00.000' as timestamp) as DLSCDStartDateTime,cast('9999-12-31 00:00:00.000' as timestamp) as DLSCDEndDateTime,'Y' as DLSCDActiveFlag, cast(s.ETLRunLogIdNew as int) as DLETLRunLogID, null as DLCurateStandardRowKey from addressetl s join (select LOVId from reflovsetinfo where lovkey='BUKOPMS' and lovsetname='System of Record' and LOVRecordsourceid='12012') r on(1=1) union select cast('BD' as string) as CountryCode, cast('BD' as string) as countryname, cast ('Bangladesh' as string) as STDCountryname , 'BGD' as STDCountryCode, 'BGD' as ISOCountryCode , cast( 'BUKOPMS' as string ) as RecordSourceCode , cast(r.LOVId as int) as LOVRecordsourceid,current_timestamp as RunDateTime,current_timestamp as DLCreateDateTime,current_timestamp as DLUpdateDateTime,cast('1900-01-01 00:00:00.000' as timestamp) as DLSCDStartDateTime,cast('9999-12-31 00:00:00.000' as timestamp) as DLSCDEndDateTime,'Y' as DLSCDActiveFlag, cast(s.ETLRunLogIdNew as int) as DLETLRunLogID, null as DLCurateStandardRowKey from addressetl s join (select LOVId from reflovsetinfo where lovkey='BUKOPMS' and lovsetname='System of Record' and LOVRecordsourceid='12012') r on(1=1) union select cast('AU' as string) as CountryCode, cast('AU' as string) as countryname, cast ('Australia' as string) as STDCountryname , 'AUS' as STDCountryCode, 'AUS' as ISOCountryCode , cast( 'BUKOPMS' as string ) as RecordSourceCode , cast(r.LOVId as int) as LOVRecordsourceid,current_timestamp as RunDateTime,current_timestamp as DLCreateDateTime,current_timestamp as DLUpdateDateTime,cast('1900-01-01 00:00:00.000' as timestamp) as DLSCDStartDateTime,cast('9999-12-31 00:00:00.000' as timestamp) as DLSCDEndDateTime,'Y' as DLSCDActiveFlag, cast(s.ETLRunLogIdNew as int) as DLETLRunLogID, null as DLCurateStandardRowKey from addressetl s join (select LOVId from reflovsetinfo where lovkey='BUKOPMS' and lovsetname='System of Record' and LOVRecordsourceid='12012') r on(1=1) union select cast('UA' as string) as CountryCode, cast('UA' as string) as countryname, cast ('Ukraine' as string) as STDCountryname , 'UKR' as STDCountryCode, 'UKR' as ISOCountryCode , cast( 'BUKOPMS' as string ) as RecordSourceCode , cast(r.LOVId as int) as LOVRecordsourceid,current_timestamp as RunDateTime,current_timestamp as DLCreateDateTime,current_timestamp as DLUpdateDateTime,cast('1900-01-01 00:00:00.000' as timestamp) as DLSCDStartDateTime,cast('9999-12-31 00:00:00.000' as timestamp) as DLSCDEndDateTime,'Y' as DLSCDActiveFlag, cast(s.ETLRunLogIdNew as int) as DLETLRunLogID, null as DLCurateStandardRowKey from addressetl s join (select LOVId from reflovsetinfo where lovkey='BUKOPMS' and lovsetname='System of Record' and LOVRecordsourceid='12012') r on(1=1) union select cast('JP' as string) as CountryCode, cast('JP' as string) as countryname, cast ('Japan' as string) as STDCountryname , 'JPN' as STDCountryCode, 'JPN' as ISOCountryCode , cast( 'BUKOPMS' as string ) as RecordSourceCode , cast(r.LOVId as int) as LOVRecordsourceid,current_timestamp as RunDateTime,current_timestamp as DLCreateDateTime,current_timestamp as DLUpdateDateTime,cast('1900-01-01 00:00:00.000' as timestamp) as DLSCDStartDateTime,cast('9999-12-31 00:00:00.000' as timestamp) as DLSCDEndDateTime,'Y' as DLSCDActiveFlag, cast(s.ETLRunLogIdNew as int) as DLETLRunLogID, null as DLCurateStandardRowKey from addressetl s join (select LOVId from reflovsetinfo where lovkey='BUKOPMS' and lovsetname='System of Record' and LOVRecordsourceid='12012') r on(1=1) union select cast('Fr' as string) as CountryCode, cast('Fr' as string) as countryname, cast ('France' as string) as STDCountryname , 'FRA' as STDCountryCode, 'FRA' as ISOCountryCode , cast( 'BUKOPMS' as string ) as RecordSourceCode , cast(r.LOVId as int) as LOVRecordsourceid,current_timestamp as RunDateTime,current_timestamp as DLCreateDateTime,current_timestamp as DLUpdateDateTime,cast('1900-01-01 00:00:00.000' as timestamp) as DLSCDStartDateTime,cast('9999-12-31 00:00:00.000' as timestamp) as DLSCDEndDateTime,'Y' as DLSCDActiveFlag, cast(s.ETLRunLogIdNew as int) as DLETLRunLogID, null as DLCurateStandardRowKey from addressetl s join (select LOVId from reflovsetinfo where lovkey='BUKOPMS' and lovsetname='System of Record' and LOVRecordsourceid='12012') r on(1=1) union select cast('JE' as string) as CountryCode, cast('JE' as string) as countryname, cast ('Jersey' as string) as STDCountryname , 'JEY' as STDCountryCode, 'JEY' as ISOCountryCode , cast( 'BUKOPMS' as string ) as RecordSourceCode , cast(r.LOVId as int) as LOVRecordsourceid,current_timestamp as RunDateTime,current_timestamp as DLCreateDateTime,current_timestamp as DLUpdateDateTime,cast('1900-01-01 00:00:00.000' as timestamp) as DLSCDStartDateTime,cast('9999-12-31 00:00:00.000' as timestamp) as DLSCDEndDateTime,'Y' as DLSCDActiveFlag, cast(s.ETLRunLogIdNew as int) as DLETLRunLogID, null as DLCurateStandardRowKey from addressetl s join (select LOVId from reflovsetinfo where lovkey='BUKOPMS' and lovsetname='System of Record' and LOVRecordsourceid='12012') r on(1=1) union select cast('GW' as string) as CountryCode, cast('GW' as string) as countryname, cast ('Guinea-Bissau' as string) as STDCountryname , 'GNB' as STDCountryCode, 'GNB' as ISOCountryCode , cast( 'BUKOPMS' as string ) as RecordSourceCode , cast(r.LOVId as int) as LOVRecordsourceid,current_timestamp as RunDateTime,current_timestamp as DLCreateDateTime,current_timestamp as DLUpdateDateTime,cast('1900-01-01 00:00:00.000' as timestamp) as DLSCDStartDateTime,cast('9999-12-31 00:00:00.000' as timestamp) as DLSCDEndDateTime,'Y' as DLSCDActiveFlag, cast(s.ETLRunLogIdNew as int) as DLETLRunLogID, null as DLCurateStandardRowKey from addressetl s join (select LOVId from reflovsetinfo where lovkey='BUKOPMS' and lovsetname='System of Record' and LOVRecordsourceid='12012') r on(1=1) union select cast('AG' as string) as CountryCode, cast('AG' as string) as countryname, cast ('Antigua' as string) as STDCountryname , 'ATG' as STDCountryCode, 'ATG' as ISOCountryCode , cast( 'BUKOPMS' as string ) as RecordSourceCode , cast(r.LOVId as int) as LOVRecordsourceid,current_timestamp as RunDateTime,current_timestamp as DLCreateDateTime,current_timestamp as DLUpdateDateTime,cast('1900-01-01 00:00:00.000' as timestamp) as DLSCDStartDateTime,cast('9999-12-31 00:00:00.000' as timestamp) as DLSCDEndDateTime,'Y' as DLSCDActiveFlag, cast(s.ETLRunLogIdNew as int) as DLETLRunLogID, null as DLCurateStandardRowKey from addressetl s join (select LOVId from reflovsetinfo where lovkey='BUKOPMS' and lovsetname='System of Record' and LOVRecordsourceid='12012') r on(1=1)",
      "temp_table_name": "REFCountry400001",
      "partition_column_list": ""
    },
    {
      "card_id": "card_400001",
      "card_dependencies": [
        "card_15432"
      ],
      "label": "Read_Table 41",
      "card_type": "read_table",
      "description": "Inserts",
      "query": "insert into curate_enterprise.REFCountry select cast(ss.REFCountryId as bigint ) + row_number() over (order by source.CountryCode,source.lovrecordsourceid desc) REFCountryId, source.CountryCode, source.CountryName,source.STDCountryname ,source.STDCountryCode,source.ISOCountryCode,source.RecordSourceCode,cast(source.LOVRecordSourceId as int) ,current_timestamp as RunDateTime,current_timestamp as DLCreateDateTime,current_timestamp as DLUpdateDateTime,cast('1900-01-01 00:00:00.000' as timestamp) as DLSCDStartDateTime,cast('9999-12-31 00:00:00.000' as timestamp) as DLSCDEndDateTime,'Y' as DLSCDActiveFlag,cast(source.DLETLRunLogID as int),cast(nullif(DLCurateStandardRowKey,'null') as bigint)as DLCurateStandardRowKey from ( select s.* from REFCountry400001 s LEFT JOIN (select ifnull(CountryCode,'') as CountryCode ,LovRecordsourceid,DLSCDActiveFlag from curate_enterprise.REFCountry) t ON ifnull(s.CountryCode,'')=ifnull(t.CountryCode,'') AND t.lovrecordsourceid=s.lovrecordsourceid AND t.DLSCDActiveFlag='Y' WHERE t.CountryCode IS NULL ) source , (select ifnull(max(cast(REFCountryId as bigint)),0) REFCountryId  from  curate_enterprise.REFCountry)ss",
      "temp_table_name": "REFCountrycard_4000011",
      "partition_column_list": ""
    },
    {
      "card_id": "card_4000011",
      "card_dependencies": [
        "card_400001"
      ],
      "label": "Read_Table 41",
      "card_type": "read_table",
      "description": "Inserts",
      "query": "select distinct cast(s.Country as string) as CountryCode,  cast(s.country as string) as countryname, cast ('UNKNOWN' as string) as STDCountryname , null as STDCountryCode, null as ISOCountryCode , cast( 'BUKOPMS' as string ) as RecordSourceCode , cast(r.LOVId as int) as LOVRecordsourceid,current_timestamp as RunDateTime,current_timestamp as DLCreateDateTime,current_timestamp as DLUpdateDateTime,cast('1900-01-01 00:00:00.000' as timestamp) as DLSCDStartDateTime,cast('9999-12-31 00:00:00.000' as timestamp) as DLSCDEndDateTime,'Y' as DLSCDActiveFlag, cast(s.ETLRunLogIdNew as int) as DLETLRunLogID, null as DLCurateStandardRowKey from addressetl s join (select LOVId from reflovsetinfo where lovkey='BUKOPMS' and lovsetname='System of Record' and LOVRecordsourceid='12012') r on(1=1)",
      "temp_table_name": "REFCountry",
      "partition_column_list": ""
    },
    {
      "card_id": "card_41",
      "card_dependencies": [
        "card_4000011"
      ],
      "label": "Read_Table 41",
      "card_type": "read_table",
      "description": "Inserts",
      "query": "insert into curate_enterprise.REFCountry select cast(ss.REFCountryId as bigint ) + row_number() over (order by source.CountryCode,source.lovrecordsourceid desc) REFCountryId, source.CountryCode, source.CountryName,source.STDCountryname ,source.STDCountryCode,source.ISOCountryCode,source.RecordSourceCode,cast(source.LOVRecordSourceId as int) ,current_timestamp as RunDateTime,current_timestamp as DLCreateDateTime,current_timestamp as DLUpdateDateTime,cast('1900-01-01 00:00:00.000' as timestamp) as DLSCDStartDateTime,cast('9999-12-31 00:00:00.000' as timestamp) as DLSCDEndDateTime,'Y' as DLSCDActiveFlag,cast(source.DLETLRunLogID as int),cast(nullif(DLCurateStandardRowKey,'null') as bigint)as DLCurateStandardRowKey from ( select s.* from REFCountry s LEFT JOIN (select ifnull(CountryCode,'') as CountryCode,LovRecordsourceid,DLSCDActiveFlag from curate_enterprise.REFCountry) t ON ifnull(s.CountryCode,'')=ifnull(t.CountryCode,'') AND t.lovrecordsourceid=s.lovrecordsourceid AND t.DLSCDActiveFlag='Y' WHERE t.CountryCode IS NULL ) source , (select ifnull(max(cast(REFCountryId as bigint)),0) REFCountryId  from  curate_enterprise.REFCountry)ss",
      "temp_table_name": "REFCountry1",
      "partition_column_list": ""
    },
    {
      "card_id": "card_51",
      "card_dependencies": [
        "card_15"
      ],
      "label": "Read_Table 51",
      "card_type": "read_table",
      "description": "REFEmailType",
      "query": "select distinct 'EMAIL' as EmailTypeCode , 'EMAIL' as EmailTypeName ,  'EMAIL OF THE ENTITY' as EmailTypeDescription , 'EMAIL' as STDEmailType , 'BUKOPMS' as RecordSourceCode, r.LovId as LOVRecordSourceId , 'null' as CurateStandardRowKey,a.Etlrunlogidnew as DLETLRunLogID from addressetl a  join (select LOVId from reflovsetinfo where lovkey='BUKOPMS' and lovsetname='System of Record' and LOVRecordsourceid='12012') r on(1=1)",
      "temp_table_name": "REFEmailType",
      "partition_column_list": ""
    },
    {
      "card_id": "card_52",
      "card_dependencies": [
        "card_51"
      ],
      "label": "Read_Table 52",
      "card_type": "read_table",
      "description": "Inserts",
      "query": "insert into curate_enterprise.REFEmailType select cast ((cast(ss.REFEmailTypeId as int ) + row_number() over (order by source.EmailTypeCode ,source.EmailTypeName , source.LOVRecordSourceId desc) )as string )as  REFEmailTypeId, cast(source.EmailTypeCode as string), cast (source.EmailTypeName as string) , cast(source.EmailTypeDescription as string), cast(source.STDEmailType as string ) , cast(RecordSourceCode as string ) , cast(source.LOVRecordSourceId as int),current_timestamp as RunDateTime,current_timestamp as DLCreateDateTime,current_timestamp as DLUpdateDateTime,cast('1900-01-01 00:00:00.000' as timestamp) as DLSCDStartDateTime,cast('9999-12-31 00:00:00.000' as timestamp) as DLSCDEndDateTime,'Y' as DLSCDActiveFlag, cast(source.DLETLRunLogID as int), cast(nullif(source.CurateStandardRowKey,'null') as bigint) as DLCurateStandardRowKey from ( select s.* from REFEmailType s LEFT JOIN curate_enterprise.REFEmailType t ON s.EmailTypeCode=t.EmailTypeCode AND t.lovrecordsourceid=s.lovrecordsourceid And s.EmailTypeName = t.EmailTypeName AND t.DLSCDActiveFlag='Y' WHERE t.EmailTypeName is null and t.EmailTypeCode is null ) source , (select ifnull(max(cast(REFEmailTypeId as bigint)),0) as REFEmailTypeId  from  curate_enterprise.REFEmailType)ss",
      "temp_table_name": "REFEmailType1",
      "partition_column_list": ""
    },
    {
      "card_id": "card_61",
      "card_dependencies": [
        "card_15",
        "card_6",
        "card_32",
        "card_41"
      ],
      "label": "Read_Table 20",
      "card_type": "read_table",
      "description": "Applying Transformations",
      "query": "select distinct md5(concat_ws('^|~',x.PartyId , y.REFAddressTypeId ,r.LOVId))  as AddressId ,x.partyID as PartyId , y.REFAddressTypeId as REFAddressTypeId , z.REFCountryId as REFCountryId ,s.ID as SourceKey,'Primary Address' as AddressType,s.ADDRESS1 as Address1,s.ADDRESS2 as Address2,s.ADDRESS3 as Address3,'null' as Address4,s.HOUSE_NUMBER as HouseNumber,s.BUILDING_NAME as BuildingName,'null' as Street,'null' as Locality,'null' as County,'null' as Town,s.CITY as City,'null' as District,s.POST_CODE as Postcode,s.DELETED as Deleted,z.STDCountryName as STDCountryName,s.FOREIGN_ADDRESS as ForeignAddress,s.CREATION_TIMESTAMP as CreationTimeStamp,s.LASTUPDATE_TIMESTAMP as LastUpdateTimeStamp,s.UNIT_DESCRIPTION as UnitDescription,s.UNIT_NUMBER as UnitNumber,s.VALIDATED as Validated,'null' as NoFixedAbodeFlag,s.GONE_AWAY as GoneAway , 'BUKOPMS' as RecordSourceCode,r.LOVId as LOVRecordSourceId, s.CurateStandardRowKey as DLCurateStandardRowKey,s.ETLRunLogIdNew as DLETLRunLogID,current_timestamp as RunDateTime,case when s.rn=1 and ifnull(s.operation,'null')<>'DELETE' then 'Y' when s.rn=1 and ifnull(s.operation,'null')='DELETE' then 'D' else 'N' end as DLSCDActiveFlag from addressetl s inner join  contactetl ss on ss.ID_ADDRESS_HORIZON= s.ID  join (select LOVId from reflovsetinfo where lovkey='BUKOPMS' and lovsetname='System of Record' and LOVRecordsourceid='12012') r on(1=1) left join (select PartyId , SourcePartyCode from curate_enterprise.Party where RecordSourceCode = 'BUKOPMS' and DLSCDActiveFlag = 'Y' and PartyTypeName = 'Person' ) x on x.SourcePartyCode = ss.PATIENT_CODE  join (select REFAddressTypeId from curate_enterprise.REFAddressType where AddressTypeName='Primary Address' and RecordSourceCode='BUKOPMS' And DLSCDActiveFlag = 'Y') y on(1=1) left join (select REFCountryId ,STDCOUNTRYNAME, CountryCode from curate_enterprise.REFCountry where DLSCDActiveFlag = 'Y' and RecordSourceCode='BUKOPMS' ) z on z.CountryCode = s.country  where x.PartyId is not null and ss.destination = 'MAIN' ",
      "temp_table_name": "PartyAddress",
      "partition_column_list": ""
    },
    {
      "card_id": "card_62",
      "card_dependencies": [
        "card_61"
      ],
      "label": "Read_Table 25",
      "card_type": "read_table",
      "description": "Filtering Records",
      "query": "select cast (AddressId as string) , cast (PartyId as string) , cast (REFAddressTypeID as string) , cast (SourceKey as string) , cast (AddressType as string) , cast (Address1 as string) , cast (Address2 as string) , cast (Address3 as string) , cast (nullif(Address4,'null') as string) Address4 , cast (HouseNumber as string) , cast (BuildingName as string) , cast (nullif(Street,'null') as string) as Street, cast (nullif(Locality,'null') as string) as Locality , cast (nullif(County,'null') as string) as County , cast (nullif(Town,'null') as string) as Town , cast (City as string) , cast (nullif(District,'null') as string) as District , cast (PostCode as string) , cast (Deleted as string) , cast (REFCountryID as string) , cast (STDCountryName as string) , cast (ForeignAddress as string) , cast (CreationTimeStamp as timestamp) , cast (LastUpdateTimeStamp as timestamp) , cast (UnitDescription as string) , cast (UnitNumber as string) , cast (Validated as string) , cast (nullif(NoFixedABodeFlag,'null') as string) as NoFixedABodeFlag , cast (GoneAway as string) ,cast (RecordSourceCode as string),cast (LOVRecordSourceId as int) , RunDateTime,cast (DLETLRunLogID as int),cast (DLCurateStandardRowKey as bigint),DLSCDActiveFlag from PartyAddress where REFAddressTypeId is not null and REFCountryID is not null and SourceKey is not null ",
      "temp_table_name": "PartyAddress1",
      "partition_column_list": ""
    },
    {
      "card_id": "card_63",
      "card_dependencies": [
        "card_62"
      ],
      "label": "Read_Table 23",
      "card_type": "read_table",
      "description": "Insert in ADLS",
      "query": "MERGE INTO curate_enterprise.PartyAddress T USING ( SELECT case when s.dlscdactiveflag='Y' then s.AddressId else 'DEACTIVATE' end as mergeKey, s.* FROM PartyAddress1 s where s.dlscdactiveflag<>'D' UNION ALL SELECT 'UPDATE' as mergeKey, source.* FROM PartyAddress1 source JOIN curate_enterprise.PartyAddress Target ON source.AddressId = Target.AddressId and source.LOVRecordSourceId = Target.LOVRecordSourceId WHERE Target.DLSCDActiveFlag = 'Y' and source.DLSCDActiveFlag = 'Y') src ON T.AddressId = src.mergeKey AND T.DLSCDActiveFlag = 'Y' when matched THEN UPDATE SET DLSCDActiveFlag = 'N', DLSCDEndDateTime = src.RunDateTime ,DLUpdateDateTime = src.RunDateTime WHEN not MATCHED AND src.mergeKey <> 'UPDATE' and src.mergekey <> 'DEACTIVATE' THEN INSERT( AddressId , PartyId , REFAddressTypeID , SourceKey , AddressType , Address1 , Address2 , Address3 , Address4 , HouseNumber , BuildingName , Street , Locality , County , Town , City , District , PostCode , Deleted , REFCountryID , STDCountryName , ForeignAddress , CreationTimeStamp , LastUpdateTimeStamp, UnitDescription , UnitNumber , Validated , NoFixedABodeFlag , GoneAway ,RecordSourceCode, LOVRecordSourceId,RunDateTime, DLCreateDateTime,DLUpdateDateTime, DLSCDStartDateTime,DLSCDEndDateTime, DLSCDActiveFlag,DLETLRunLogID,DLCurateStandardRowKey)  VALUES(src.AddressId ,src.PartyId ,src.REFAddressTypeID ,src.SourceKey ,src.AddressType ,src.Address1 ,src.Address2 ,src.Address3 ,src.Address4 ,src.HouseNumber ,src.BuildingName ,src.Street ,src.Locality ,src.County ,src.Town ,src.City ,src.District ,src.PostCode ,src.Deleted ,src.REFCountryID ,src.STDCountryName ,src.ForeignAddress ,src.CreationTimeStamp ,src.LastUpdateTimeStamp,src.UnitDescription ,src.UnitNumber ,src.Validated ,src.NoFixedABodeFlag ,src.GoneAway  ,src.RecordSourceCode, src.LOVRecordSourceId, src.RunDateTime, src.RunDateTime, src.RunDateTime, '1900-01-01 00:00:00.000','9999-12-31 00:00:00.000',src.DLSCDActiveFlag,src.DLETLRunLogID,src.DLCurateStandardRowKey) WHEN not MATCHED AND src.mergeKey = 'UPDATE' THEN INSERT( AddressId , PartyId , REFAddressTypeID , SourceKey , AddressType , Address1 , Address2 , Address3 , Address4 , HouseNumber , BuildingName , Street , Locality , County , Town , City , District , PostCode , Deleted , REFCountryID , STDCountryName , ForeignAddress , CreationTimeStamp , LastUpdateTimeStamp, UnitDescription , UnitNumber , Validated , NoFixedABodeFlag , GoneAway ,RecordSourceCode ,LOVRecordSourceId, RunDateTime, DLCreateDateTime, DLUpdateDateTime, DLSCDStartDateTime , DLSCDEndDateTime, DLSCDActiveFlag, DLETLRunLogID,DLCurateStandardRowKey)  VALUES(src.AddressId ,src.PartyId ,src.REFAddressTypeID ,src.SourceKey ,src.AddressType ,src.Address1 ,src.Address2 ,src.Address3 ,src.Address4 ,src.HouseNumber ,src.BuildingName ,src.Street ,src.Locality ,src.County ,src.Town ,src.City ,src.District ,src.PostCode ,src.Deleted ,src.REFCountryID ,src.STDCountryName ,src.ForeignAddress ,src.CreationTimeStamp ,src.LastUpdateTimeStamp,src.UnitDescription ,src.UnitNumber ,src.Validated ,src.NoFixedABodeFlag ,src.GoneAway  , src.RecordSourceCode, src.LOVRecordSourceId, src.RunDateTime, src.RunDateTime, src.RunDateTime, src.RunDateTime, '9999-12-31 00:00:00.000',src.DLSCDActiveFlag,src.DLETLRunLogID,src.DLCurateStandardRowKey) WHEN not MATCHED AND src.mergeKey = 'DEACTIVATE' THEN INSERT( AddressId , PartyId , REFAddressTypeID , SourceKey , AddressType , Address1 , Address2 , Address3 , Address4 , HouseNumber , BuildingName , Street , Locality , County , Town , City , District , PostCode , Deleted , REFCountryID , STDCountryName , ForeignAddress , CreationTimeStamp , LastUpdateTimeStamp, UnitDescription , UnitNumber , Validated , NoFixedABodeFlag , GoneAway ,RecordSourceCode ,LOVRecordSourceId, RunDateTime, DLCreateDateTime, DLUpdateDateTime, DLSCDStartDateTime , DLSCDEndDateTime, DLSCDActiveFlag, DLETLRunLogID,DLCurateStandardRowKey)  VALUES(src.AddressId ,src.PartyId ,src.REFAddressTypeID ,src.SourceKey ,src.AddressType ,src.Address1 ,src.Address2 ,src.Address3 ,src.Address4 ,src.HouseNumber ,src.BuildingName ,src.Street ,src.Locality ,src.County ,src.Town ,src.City ,src.District ,src.PostCode ,src.Deleted ,src.REFCountryID ,src.STDCountryName ,src.ForeignAddress ,src.CreationTimeStamp ,src.LastUpdateTimeStamp,src.UnitDescription ,src.UnitNumber ,src.Validated ,src.NoFixedABodeFlag ,src.GoneAway  , src.RecordSourceCode, src.LOVRecordSourceId, src.RunDateTime, src.RunDateTime, src.RunDateTime, src.RunDateTime, src.RunDateTime,src.DLSCDActiveFlag,src.DLETLRunLogID,src.DLCurateStandardRowKey)",
      "temp_table_name": "PartyAddress2",
      "partition_column_list": ""
    },
    {
      "card_id": "card_63033",
      "card_dependencies": [
        "card_63"
      ],
      "label": "Read_Table 23",
      "card_type": "read_table",
      "description": "Insert in ADLS",
      "query": "MERGE INTO curate_enterprise.PartyAddress T USING (SELECT s.AddressId as MergeKey,s.* FROM PartyAddress1 s where s.dlscdactiveflag='D' UNION ALL SELECT 'UPDATE' as mergeKey, source.* FROM PartyAddress1 source JOIN curate_enterprise.PartyAddress Target ON source.AddressId = Target.AddressId WHERE Target.DLSCDActiveFlag = 'Y' and source.dlscdactiveflag='D') src ON T.AddressId = src.mergeKey AND T.DLSCDActiveFlag = 'Y' when matched THEN UPDATE SET DLSCDActiveFlag = 'N', DLSCDEndDateTime = src.RunDateTime ,DLUpdateDateTime = src.RunDateTime WHEN not MATCHED AND src.mergeKey = 'UPDATE' THEN INSERT( AddressId , PartyId , REFAddressTypeID , SourceKey , AddressType , Address1 , Address2 , Address3 , Address4 , HouseNumber , BuildingName , Street , Locality , County , Town , City , District , PostCode , Deleted , REFCountryID , STDCountryName , ForeignAddress , CreationTimeStamp , LastUpdateTimeStamp, UnitDescription , UnitNumber , Validated , NoFixedABodeFlag , GoneAway ,RecordSourceCode ,LOVRecordSourceId, RunDateTime, DLCreateDateTime, DLUpdateDateTime, DLSCDStartDateTime , DLSCDEndDateTime, DLSCDActiveFlag, DLETLRunLogID,DLCurateStandardRowKey)  VALUES(src.AddressId ,src.PartyId ,src.REFAddressTypeID ,src.SourceKey ,src.AddressType ,src.Address1 ,src.Address2 ,src.Address3 ,src.Address4 ,src.HouseNumber ,src.BuildingName ,src.Street ,src.Locality ,src.County ,src.Town ,src.City ,src.District ,src.PostCode ,src.Deleted ,src.REFCountryID ,src.STDCountryName ,src.ForeignAddress ,src.CreationTimeStamp ,src.LastUpdateTimeStamp,src.UnitDescription ,src.UnitNumber ,src.Validated ,src.NoFixedABodeFlag ,src.GoneAway  , src.RecordSourceCode,src.LOVRecordSourceId,src.RunDateTime,src.RunDateTime,src.RunDateTime,src.RunDateTime,src.RunDateTime,'N',src.DLETLRunLogID,src.DLCurateStandardRowKey) WHEN not MATCHED AND src.mergeKey <> 'UPDATE' THEN INSERT( AddressId , PartyId , REFAddressTypeID , SourceKey , AddressType , Address1 , Address2 , Address3 , Address4 , HouseNumber , BuildingName , Street , Locality , County , Town , City , District , PostCode , Deleted , REFCountryID , STDCountryName , ForeignAddress , CreationTimeStamp , LastUpdateTimeStamp, UnitDescription , UnitNumber , Validated , NoFixedABodeFlag , GoneAway ,RecordSourceCode ,LOVRecordSourceId, RunDateTime, DLCreateDateTime, DLUpdateDateTime, DLSCDStartDateTime , DLSCDEndDateTime, DLSCDActiveFlag, DLETLRunLogID,DLCurateStandardRowKey)  VALUES(src.AddressId ,src.PartyId ,src.REFAddressTypeID ,src.SourceKey ,src.AddressType ,src.Address1 ,src.Address2 ,src.Address3 ,src.Address4 ,src.HouseNumber ,src.BuildingName ,src.Street ,src.Locality ,src.County ,src.Town ,src.City ,src.District ,src.PostCode ,src.Deleted ,src.REFCountryID ,src.STDCountryName ,src.ForeignAddress ,src.CreationTimeStamp ,src.LastUpdateTimeStamp,src.UnitDescription ,src.UnitNumber ,src.Validated ,src.NoFixedABodeFlag ,src.GoneAway  , src.RecordSourceCode,src.LOVRecordSourceId,src.RunDateTime,src.RunDateTime,src.RunDateTime,src.RunDateTime,src.RunDateTime,'N',src.DLETLRunLogID,src.DLCurateStandardRowKey)",
      "temp_table_name": "PartyAddress63033",
      "partition_column_list": ""
    },
    {
      "card_id": "card_71",
      "card_dependencies": [
        "card_15",
        "card_6",
        "card_63033"
      ],
      "label": "Read_Table 71",
      "card_type": "read_table",
      "description": "Applying Transformations",
      "query": "select distinct md5(concat_ws('^|~',x.PersonId , y.AddressId ,r.LOVId))  as PatientContactId ,x.PersonId as PersonId , y.AddressId as AddressId ,s.ID as SRCPatientContactId,s.DESTINATION as Destination,s.ENTITY_TYPE as EntityType,s.DELETED as Deleted,s.DESCRIPTION as Description,s.ENTITY_CODE as EntityCode , 'BUKOPMS' as RecordSourceCode,r.LOVId as LOVRecordSourceId, s.CurateStandardRowKey as DLCurateStandardRowKey,s.ETLRunLogIdNew as DLETLRunLogID,current_timestamp as RunDateTime,case when s.rn=1 and ifnull(s.operation,'null')<>'DELETE' then 'Y' when s.rn=1 and ifnull(s.operation,'null')='DELETE' then 'D' else 'N' end as DLSCDActiveFlag from contactetl s  join (select LOVId from reflovsetinfo where lovkey='BUKOPMS' and lovsetname='System of Record' and LOVRecordsourceid='12012') r on(1=1) left join (select PersonId , CustomerNumber from curate_enterprise.Person where CustomerTypeName = 'ODH Patient' AND RecordSourceCode='BUKOPMS' and DLSCDActiveFlag = 'Y' ) x on x.CustomerNumber = s.PATIENT_CODE left join ( select a.AddressId , a.sourcekey , a.partyId , b.sourcepartycode from curate_enterprise.PartyAddress a inner join (select partyId , sourcepartycode from curate_enterprise.Party where RecordSourcecode = 'BUKOPMS' ) b on b.Partyid = a.PartyId where RecordSourcecode = 'BUKOPMS' ) y on  y.sourcepartycode = s.Patient_Code and y.sourcekey = s.ID_ADDRESS_HORIZON where personid is not null  ",
      "temp_table_name": "ODHPatientContact",
      "partition_column_list": ""
    },
    {
      "card_id": "card_72",
      "card_dependencies": [
        "card_71"
      ],
      "label": "Read_Table 72",
      "card_type": "read_table",
      "description": "Filtering Records",
      "query": "select cast(PatientContactId as string),cast(SRCPatientContactId as string),cast(PersonID as string),cast(AddressId as string),cast(Destination as string),cast(EntityType as string),cast(Deleted as string),cast(Description as string),cast(EntityCode as string),cast (RecordSourceCode as string),cast (LOVRecordSourceId as int) , RunDateTime,cast (DLETLRunLogID as int),cast (DLCurateStandardRowKey as bigint),DLSCDActiveFlag from ODHPatientContact where SRCPatientContactId is not null and AddressId is not null ",
      "temp_table_name": "ODHPatientContact1",
      "partition_column_list": ""
    },
    {
      "card_id": "card_73",
      "card_dependencies": [
        "card_72"
      ],
      "label": "Read_Table 23",
      "card_type": "read_table",
      "description": "Insert in ADLS",
      "query": "MERGE INTO curate_enterprise.ODHPatientContact T USING ( SELECT case when s.dlscdactiveflag='Y' then  s.PatientContactId else 'DEACTIVATE' end as mergeKey, s.* FROM ODHPatientContact1 s where s.dlscdactiveflag<>'D' UNION ALL SELECT 'UPDATE' as mergeKey, source.* FROM ODHPatientContact1 source JOIN curate_enterprise.ODHPatientContact Target ON source.PatientContactId = Target.PatientContactId and source.LOVRecordSourceId = Target.LOVRecordSourceId WHERE Target.DLSCDActiveFlag = 'Y' and source.DLSCDActiveFlag = 'Y') src ON T.PatientContactId = src.mergeKey AND T.DLSCDActiveFlag = 'Y' when matched THEN UPDATE SET DLSCDActiveFlag = 'N', DLSCDEndDateTime = src.RunDateTime ,DLUpdateDateTime = src.RunDateTime WHEN not MATCHED AND src.mergeKey <> 'UPDATE' and src.mergekey <> 'DEACTIVATE' THEN INSERT( PatientContactId , SRCPatientContactId, PersonID , AddressId , Destination, EntityType , Deleted , Description , EntityCode  ,RecordSourceCode, LOVRecordSourceId,RunDateTime, DLCreateDateTime,DLUpdateDateTime, DLSCDStartDateTime,DLSCDEndDateTime, DLSCDActiveFlag,DLETLRunLogID,DLCurateStandardRowKey)  VALUES(src.PatientContactId ,src.SRCPatientContactId,src.PersonID ,src.AddressId ,src.Destination,src.EntityType ,src.Deleted ,src.Description ,src.EntityCode  ,src.RecordSourceCode, src.LOVRecordSourceId, src.RunDateTime, src.RunDateTime, src.RunDateTime, '1900-01-01 00:00:00.000','9999-12-31 00:00:00.000',src.DLSCDActiveFlag,src.DLETLRunLogID,src.DLCurateStandardRowKey) WHEN not MATCHED AND src.mergeKey = 'UPDATE' THEN INSERT(  PatientContactId , SRCPatientContactId, PersonID , AddressId , Destination, EntityType , Deleted , Description , EntityCode ,RecordSourceCode ,LOVRecordSourceId, RunDateTime, DLCreateDateTime, DLUpdateDateTime, DLSCDStartDateTime , DLSCDEndDateTime, DLSCDActiveFlag, DLETLRunLogID,DLCurateStandardRowKey)  VALUES(src.PatientContactId ,src.SRCPatientContactId,src.PersonID ,src.AddressId ,src.Destination,src.EntityType ,src.Deleted ,src.Description ,src.EntityCode  , src.RecordSourceCode, src.LOVRecordSourceId, src.RunDateTime, src.RunDateTime, src.RunDateTime, src.RunDateTime, '9999-12-31 00:00:00.000',src.DLSCDActiveFlag,src.DLETLRunLogID,src.DLCurateStandardRowKey) WHEN not MATCHED AND src.mergeKey = 'DEACTIVATE' THEN INSERT(  PatientContactId , SRCPatientContactId, PersonID , AddressId , Destination, EntityType , Deleted , Description , EntityCode ,RecordSourceCode ,LOVRecordSourceId, RunDateTime, DLCreateDateTime, DLUpdateDateTime, DLSCDStartDateTime , DLSCDEndDateTime, DLSCDActiveFlag, DLETLRunLogID,DLCurateStandardRowKey)  VALUES(src.PatientContactId ,src.SRCPatientContactId,src.PersonID ,src.AddressId ,src.Destination,src.EntityType ,src.Deleted ,src.Description ,src.EntityCode  , src.RecordSourceCode, src.LOVRecordSourceId, src.RunDateTime, src.RunDateTime, src.RunDateTime, src.RunDateTime, src.RunDateTime,src.DLSCDActiveFlag,src.DLETLRunLogID,src.DLCurateStandardRowKey)",
      "temp_table_name": "ODHPatientContact2",
      "partition_column_list": ""
    },
    {
      "card_id": "card_73033",
      "card_dependencies": [
        "card_73"
      ],
      "label": "Read_Table 23",
      "card_type": "read_table",
      "description": "Insert in ADLS",
      "query": "MERGE INTO curate_enterprise.ODHPatientContact T USING (SELECT s.PatientContactId as MergeKey,s.* FROM ODHPatientContact1 s where s.dlscdactiveflag='D' UNION ALL SELECT 'UPDATE' as mergeKey, source.* FROM ODHPatientContact1 source JOIN curate_enterprise.ODHPatientContact Target ON source.PatientContactId = Target.PatientContactId WHERE Target.DLSCDActiveFlag = 'Y' and source.dlscdactiveflag='D') src ON T.PatientContactId = src.mergeKey AND T.DLSCDActiveFlag = 'Y' when matched THEN UPDATE SET DLSCDActiveFlag = 'N', DLSCDEndDateTime = src.RunDateTime ,DLUpdateDateTime = src.RunDateTime WHEN not MATCHED AND src.mergeKey = 'UPDATE' THEN INSERT(PatientContactId , SRCPatientContactId, PersonID , AddressId , Destination, EntityType , Deleted , Description , EntityCode ,RecordSourceCode ,LOVRecordSourceId, RunDateTime, DLCreateDateTime, DLUpdateDateTime, DLSCDStartDateTime , DLSCDEndDateTime, DLSCDActiveFlag, DLETLRunLogID,DLCurateStandardRowKey)  VALUES(src.PatientContactId ,src.SRCPatientContactId,src.PersonID ,src.AddressId ,src.Destination,src.EntityType ,src.Deleted ,src.Description ,src.EntityCode, src.RecordSourceCode,src.LOVRecordSourceId,src.RunDateTime,src.RunDateTime,src.RunDateTime,src.RunDateTime,src.RunDateTime,'N',src.DLETLRunLogID,src.DLCurateStandardRowKey) WHEN not MATCHED AND src.mergeKey <> 'UPDATE' THEN INSERT(PatientContactId , SRCPatientContactId, PersonID , AddressId , Destination, EntityType , Deleted , Description , EntityCode ,RecordSourceCode ,LOVRecordSourceId, RunDateTime, DLCreateDateTime, DLUpdateDateTime, DLSCDStartDateTime , DLSCDEndDateTime, DLSCDActiveFlag, DLETLRunLogID,DLCurateStandardRowKey)  VALUES(src.PatientContactId ,src.SRCPatientContactId,src.PersonID ,src.AddressId ,src.Destination,src.EntityType ,src.Deleted ,src.Description ,src.EntityCode  , src.RecordSourceCode,src.LOVRecordSourceId,src.RunDateTime,src.RunDateTime,src.RunDateTime,src.RunDateTime,src.RunDateTime,'N',src.DLETLRunLogID,src.DLCurateStandardRowKey)",
      "temp_table_name": "ODHPatientContact73033",
      "partition_column_list": ""
    },
    {
      "card_id": "card_81",
      "card_dependencies": [
        "card_15",
        "card_6",
        "card_52"
      ],
      "label": "Read_Table 71",
      "card_type": "read_table",
      "description": "Applying Transformations",
      "query": "select distinct md5(concat_ws('^|~',x.PartyId , y.REFEmailTypeId ,r.LOVId))  as EmailId,x.PartyId as PartyId,y.REFEmailTypeId as REFEmailTypeId,'EMAIL' as SRCEmailType,'EMAIL' as STDEmailType,s.Email as EmailAddress,'null' as EmailValidFlag,'null' as EmailCertainityFlag,'null' as EmailExtraInfoFlag,'null' as SourceEntityCreateTime,'null' as SourceEntityUpdateTime , 'BUKOPMS' as RecordSourceCode,r.LOVId as LOVRecordSourceId, s.CurateStandardRowKey as DLCurateStandardRowKey,s.ETLRunLogIdNew as DLETLRunLogID,current_timestamp as RunDateTime,case when s.rn=1 and ifnull(s.operation,'null')<>'DELETE' then 'Y' when s.rn=1 and ifnull(s.operation,'null')='DELETE' then 'D' else 'N' end as DLSCDActiveFlag from addressetl s  join contactetl t on t.ID_ADDRESS_HORIZON= s.ID  join (select LOVId from reflovsetinfo where lovkey='BUKOPMS' and lovsetname='System of Record' and LOVRecordsourceid='12012') r on(1=1) left join (select PartyId , SourcePartyCode from Curate_enterprise.Party where PartyTypeName=  'Person' and RecordSourceCode = 'BUKOPMS' and DLSCDActiveFlag = 'Y' ) x on x.SourcePartyCode = t.PATIENT_CODE  join (select REFEMailTypeid from Curate_enterprise.REFEmailType  where EmailTypeCode='EMAIL' and RecordSourceCode='BUKOPMS' and DLSCDActiveFlag = 'Y') y on (1=1) where x.PartyId is not null and t.destination = 'MAIN'  ",
      "temp_table_name": "PartyEmail",
      "partition_column_list": ""
    },
    {
      "card_id": "card_82",
      "card_dependencies": [
        "card_81"
      ],
      "label": "Read_Table 82",
      "card_type": "read_table",
      "description": "Filtering Records",
      "query": "select cast(EmailID as string) , cast(PartyId as string) , cast(REFEmailTypeID as string) , cast(SRCEmailType as string) , cast(STDEmailType as string) ,cast(EmailAddress as string) , cast(nullif(EmailValidFlag,'null') as string) as EmailValidFlag , cast(nullif(EmailCertainityFlag,'null') as string) as EmailCertainityFlag , cast(nullif(EmailExtraInfoFlag,'null') as string) as EmailExtraInfoFlag , cast(nullif(SourceEntityCreateTime,'null') as timestamp) as SourceEntityCreateTime, cast(nullif(SourceEntityUpdateTime,'null') as timestamp) as SourceEntityUpdateTime ,cast (RecordSourceCode as string),cast (LOVRecordSourceId as int) , RunDateTime,cast (DLETLRunLogID as int),cast (DLCurateStandardRowKey as bigint),DLSCDActiveFlag from PartyEmail where REFEmailTypeID is not null ",
      "temp_table_name": "PartyEmail1",
      "partition_column_list": ""
    },
    {
      "card_id": "card_83",
      "card_dependencies": [
        "card_82"
      ],
      "label": "Read_Table 83",
      "card_type": "read_table",
      "description": "Insert in ADLS",
      "query": "MERGE INTO curate_enterprise.PartyEmail T USING ( SELECT case when s.dlscdactiveflag='Y' then s.EmailId else 'DEACTIVATE' end as mergeKey, s.* FROM PartyEmail1 s where s.dlscdactiveflag<>'D' UNION ALL SELECT 'UPDATE' as mergeKey, source.* FROM PartyEmail1 source JOIN curate_enterprise.PartyEmail Target ON source.EmailId = Target.EmailId and source.LOVRecordSourceId = Target.LOVRecordSourceId WHERE Target.DLSCDActiveFlag = 'Y' and source.DLSCDActiveFlag = 'Y') src ON T.EmailId = src.mergeKey AND T.DLSCDActiveFlag = 'Y' when matched THEN UPDATE SET DLSCDActiveFlag = 'N', DLSCDEndDateTime = src.RunDateTime ,DLUpdateDateTime = src.RunDateTime WHEN not MATCHED AND src.mergeKey <> 'UPDATE' and src.mergekey <> 'DEACTIVATE' THEN INSERT(   EmailID , PartyId , REFEmailTypeID , SRCEmailType , STDEmailType , EmailAddress , EmailValidFlag , EmailCertainityFlag , EmailExtraInfoFlag , SourceEntityCreateTime, SourceEntityUpdateTime ,RecordSourceCode, LOVRecordSourceId,RunDateTime, DLCreateDateTime,DLUpdateDateTime, DLSCDStartDateTime,DLSCDEndDateTime, DLSCDActiveFlag,DLETLRunLogID,DLCurateStandardRowKey)  VALUES(src.EmailID ,src.PartyId ,src.REFEmailTypeID ,src.SRCEmailType ,src.STDEmailType ,src.EmailAddress ,src.EmailValidFlag ,src.EmailCertainityFlag ,src.EmailExtraInfoFlag ,src.SourceEntityCreateTime,src.SourceEntityUpdateTime  ,src.RecordSourceCode, src.LOVRecordSourceId, src.RunDateTime, src.RunDateTime, src.RunDateTime, '1900-01-01 00:00:00.000','9999-12-31 00:00:00.000',src.DLSCDActiveFlag,src.DLETLRunLogID,src.DLCurateStandardRowKey) WHEN not MATCHED AND src.mergeKey = 'UPDATE' THEN INSERT(   EmailID , PartyId , REFEmailTypeID , SRCEmailType , STDEmailType , EmailAddress , EmailValidFlag , EmailCertainityFlag , EmailExtraInfoFlag , SourceEntityCreateTime, SourceEntityUpdateTime ,RecordSourceCode ,LOVRecordSourceId, RunDateTime, DLCreateDateTime, DLUpdateDateTime, DLSCDStartDateTime , DLSCDEndDateTime, DLSCDActiveFlag, DLETLRunLogID,DLCurateStandardRowKey)  VALUES(src.EmailID ,src.PartyId ,src.REFEmailTypeID ,src.SRCEmailType ,src.STDEmailType ,src.EmailAddress ,src.EmailValidFlag ,src.EmailCertainityFlag ,src.EmailExtraInfoFlag ,src.SourceEntityCreateTime,src.SourceEntityUpdateTime , src.RecordSourceCode, src.LOVRecordSourceId, src.RunDateTime, src.RunDateTime, src.RunDateTime, src.RunDateTime, '9999-12-31 00:00:00.000',src.DLSCDActiveFlag,src.DLETLRunLogID,src.DLCurateStandardRowKey) WHEN not MATCHED AND src.mergeKey = 'DEACTIVATE' THEN INSERT(   EmailID , PartyId , REFEmailTypeID , SRCEmailType , STDEmailType , EmailAddress , EmailValidFlag , EmailCertainityFlag , EmailExtraInfoFlag , SourceEntityCreateTime, SourceEntityUpdateTime ,RecordSourceCode ,LOVRecordSourceId, RunDateTime, DLCreateDateTime, DLUpdateDateTime, DLSCDStartDateTime , DLSCDEndDateTime, DLSCDActiveFlag, DLETLRunLogID,DLCurateStandardRowKey)  VALUES(src.EmailID ,src.PartyId ,src.REFEmailTypeID ,src.SRCEmailType ,src.STDEmailType ,src.EmailAddress ,src.EmailValidFlag ,src.EmailCertainityFlag ,src.EmailExtraInfoFlag ,src.SourceEntityCreateTime,src.SourceEntityUpdateTime , src.RecordSourceCode, src.LOVRecordSourceId, src.RunDateTime, src.RunDateTime, src.RunDateTime, src.RunDateTime, src.RunDateTime,src.DLSCDActiveFlag,src.DLETLRunLogID,src.DLCurateStandardRowKey)",
      "temp_table_name": "PartyEmail2",
      "partition_column_list": ""
    },
    {
      "card_id": "card_83033",
      "card_dependencies": [
        "card_83"
      ],
      "label": "Read_Table 83033",
      "card_type": "read_table",
      "description": "Insert in ADLS",
      "query": "MERGE INTO curate_enterprise.PartyEmail T USING (SELECT s.EmailId as MergeKey,s.* FROM PartyEmail1 s where s.dlscdactiveflag='D' UNION ALL SELECT 'UPDATE' as mergeKey, source.* FROM PartyEmail1 source JOIN curate_enterprise.PartyEmail Target ON source.EmailId = Target.EmailId WHERE Target.DLSCDActiveFlag = 'Y' and source.dlscdactiveflag='D') src ON T.EmailId = src.mergeKey AND T.DLSCDActiveFlag = 'Y' when matched THEN UPDATE SET DLSCDActiveFlag = 'N', DLSCDEndDateTime = src.RunDateTime ,DLUpdateDateTime = src.RunDateTime WHEN not MATCHED AND src.mergeKey = 'UPDATE' THEN INSERT(EmailID , PartyId , REFEmailTypeID , SRCEmailType , STDEmailType , EmailAddress , EmailValidFlag , EmailCertainityFlag , EmailExtraInfoFlag , SourceEntityCreateTime, SourceEntityUpdateTime ,RecordSourceCode ,LOVRecordSourceId, RunDateTime, DLCreateDateTime, DLUpdateDateTime, DLSCDStartDateTime , DLSCDEndDateTime, DLSCDActiveFlag, DLETLRunLogID,DLCurateStandardRowKey)  VALUES(src.EmailID ,src.PartyId ,src.REFEmailTypeID ,src.SRCEmailType ,src.STDEmailType ,src.EmailAddress ,src.EmailValidFlag ,src.EmailCertainityFlag ,src.EmailExtraInfoFlag ,src.SourceEntityCreateTime,src.SourceEntityUpdateTime , src.RecordSourceCode,src.LOVRecordSourceId,src.RunDateTime,src.RunDateTime,src.RunDateTime,src.RunDateTime,src.RunDateTime,'N',src.DLETLRunLogID,src.DLCurateStandardRowKey) WHEN not MATCHED AND src.mergeKey <> 'UPDATE' THEN INSERT(EmailID , PartyId , REFEmailTypeID , SRCEmailType , STDEmailType , EmailAddress , EmailValidFlag , EmailCertainityFlag , EmailExtraInfoFlag , SourceEntityCreateTime, SourceEntityUpdateTime ,RecordSourceCode ,LOVRecordSourceId, RunDateTime, DLCreateDateTime, DLUpdateDateTime, DLSCDStartDateTime , DLSCDEndDateTime, DLSCDActiveFlag, DLETLRunLogID,DLCurateStandardRowKey)  VALUES(src.EmailID ,src.PartyId ,src.REFEmailTypeID ,src.SRCEmailType ,src.STDEmailType ,src.EmailAddress ,src.EmailValidFlag ,src.EmailCertainityFlag ,src.EmailExtraInfoFlag ,src.SourceEntityCreateTime,src.SourceEntityUpdateTime , src.RecordSourceCode,src.LOVRecordSourceId,src.RunDateTime,src.RunDateTime,src.RunDateTime,src.RunDateTime,src.RunDateTime,'N',src.DLETLRunLogID,src.DLCurateStandardRowKey)",
      "temp_table_name": "PartyEmail83033",
      "partition_column_list": ""
    },
    {
      "card_id": "card_91",
      "card_dependencies": [
        "card_15",
        "card_6",
        "card_21"
      ],
      "label": "Read_Table 91",
      "card_type": "read_table",
      "description": "Applying Transformations",
      "query": "select distinct md5(concat_ws('^|~',a.PartyId , b.PhoneTypeId ,r.LOVId))  as PhoneId ,a.PartyId as PartyId,b.PhoneTypeId as PhoneTypeId, 'HOME_TELEPHONE_NUMBER' as SRCPhoneType,'Home Phone' as PhoneType, ae.HOME_TEL_NUMBER as PhoneNumber,null as MobileValidFlag,null as PhoneValidFlag,null as PhoneCertainityFlag,null as PhoneExtraInfoFlag,null as DeleteIndicatorFlag,null as SourceInsertDate,null as SourceUpdateDate,null as SourceEntityCreateTime,null as SourceEntityUpdateTime , 'BUKOPMS' as RecordSourceCode,r.LOVId as LOVRecordSourceId, ae.CurateStandardRowKey as DLCurateStandardRowKey,ae.ETLRunLogIdNew as DLETLRunLogID,current_timestamp as RunDateTime,case when ae.rn=1 and ifnull(ae.operation,'null')<>'DELETE' then 'Y' when ae.rn=1 and ifnull(ae.operation,'null')='DELETE' then 'D' else 'N' end as DLSCDActiveFlag from addressetl ae join contactetl s on ae.id=s.id_address_horizon left join (select PartyId,SourcePartyCode from curate_enterprise.Party where PartyTypeName=  'Person' and RecordSourceCode = 'BUKOPMS' and dlscdactiveflag='Y') a on a.SourcePartyCode=s.patient_code left join (select PhoneTypeid from curate_enterprise.REFPhoneType where Name='HOME_TELEPHONE_NUMBER' and RecordSourceCode='BUKOPMS'  and dlscdactiveflag='Y') b on (1=1) join (select LOVId from reflovsetinfo where lovkey='BUKOPMS' and lovsetname='System of Record' and LOVRecordsourceid='12012') r on(1=1) where a.PartyId is not null and s.destination = 'MAIN' union select distinct md5(concat_ws('^|~',a.PartyId , b.PhoneTypeId ,r.LOVId))  as PhoneId ,a.PartyId as PartyId,b.PhoneTypeId as PhoneTypeId, 'WORK_TELEPHONE_NUMBER' as SRCPhoneType,'Work Phone' as PhoneType, ae.WORK_TEL_NUMBER as PhoneNumber,null as MobileValidFlag,null as PhoneValidFlag,null as PhoneCertainityFlag,null as PhoneExtraInfoFlag,null as DeleteIndicatorFlag,null as SourceInsertDate,null as SourceUpdateDate,null as SourceEntityCreateTime,null as SourceEntityUpdateTime , 'BUKOPMS' as RecordSourceCode,r.LOVId as LOVRecordSourceId, ae.CurateStandardRowKey as DLCurateStandardRowKey,ae.ETLRunLogIdNew as DLETLRunLogID,current_timestamp as RunDateTime,case when ae.rn=1 and ifnull(ae.operation,'null')<>'DELETE' then 'Y' when ae.rn=1 and ifnull(ae.operation,'null')='DELETE' then 'D' else 'N' end as DLSCDActiveFlag from addressetl ae join contactetl s on ae.id=s.id_address_horizon left join (select PartyId,SourcePartyCode from curate_enterprise.Party where PartyTypeName=  'Person' and RecordSourceCode = 'BUKOPMS' and dlscdactiveflag='Y') a on a.SourcePartyCode=s.patient_code left join (select PhoneTypeid from curate_enterprise.REFPhoneType where Name='WORK_TELEPHONE_NUMBER' and RecordSourceCode='BUKOPMS'  and dlscdactiveflag='Y') b on (1=1) join (select LOVId from reflovsetinfo where lovkey='BUKOPMS' and lovsetname='System of Record' and LOVRecordsourceid='12012') r on(1=1) where a.PartyId is not null and s.destination = 'MAIN' union select distinct md5(concat_ws('^|~',a.PartyId , b.PhoneTypeId ,r.LOVId))  as PhoneId ,a.PartyId as PartyId,b.PhoneTypeId as PhoneTypeId, 'PREFERRED_TELEPHONE_NUMBER' as SRCPhoneType,'Preferred Phone' as PhoneType, ae.PREFERRED_TEL_NUMBER as PhoneNumber,null as MobileValidFlag,null as PhoneValidFlag,null as PhoneCertainityFlag,null as PhoneExtraInfoFlag,null as DeleteIndicatorFlag,null as SourceInsertDate,null as SourceUpdateDate,null as SourceEntityCreateTime,null as SourceEntityUpdateTime , 'BUKOPMS' as RecordSourceCode,r.LOVId as LOVRecordSourceId, ae.CurateStandardRowKey as DLCurateStandardRowKey,ae.ETLRunLogIdNew as DLETLRunLogID,current_timestamp as RunDateTime,case when ae.rn=1 and ifnull(ae.operation,'null')<>'DELETE' then 'Y' when ae.rn=1 and ifnull(ae.operation,'null')='DELETE' then 'D' else 'N' end as DLSCDActiveFlag from addressetl ae join contactetl s on ae.id=s.id_address_horizon left join (select PartyId,SourcePartyCode from curate_enterprise.Party where PartyTypeName=  'Person' and RecordSourceCode = 'BUKOPMS' and dlscdactiveflag='Y') a  on a.SourcePartyCode=s.patient_code left join (select PhoneTypeid from curate_enterprise.REFPhoneType where Name='PREFERRED_TELEPHONE_NUMBER' and RecordSourceCode='BUKOPMS'  and dlscdactiveflag='Y') b on (1=1) join (select LOVId from reflovsetinfo where lovkey='BUKOPMS' and lovsetname='System of Record' and LOVRecordsourceid='12012') r on(1=1) where a.PartyId is not null and s.destination = 'MAIN' union select distinct md5(concat_ws('^|~',a.PartyId , b.PhoneTypeId ,r.LOVId))  as PhoneId ,a.PartyId as PartyId,b.PhoneTypeId as PhoneTypeId, 'MOBILE_TELEPHONE_NUMBER' as SRCPhoneType,'Mobile Phone' as PhoneType, ae.MOBILE_TEL_NUMBER as PhoneNumber,null as MobileValidFlag,null as PhoneValidFlag,null as PhoneCertainityFlag,null as PhoneExtraInfoFlag,null as DeleteIndicatorFlag,null as SourceInsertDate,null as SourceUpdateDate,null as SourceEntityCreateTime,null as SourceEntityUpdateTime , 'BUKOPMS' as RecordSourceCode,r.LOVId as LOVRecordSourceId, ae.CurateStandardRowKey as DLCurateStandardRowKey,ae.ETLRunLogIdNew as DLETLRunLogID,current_timestamp as RunDateTime,case when ae.rn=1 and ifnull(ae.operation,'null')<>'DELETE' then 'Y' when ae.rn=1 and ifnull(ae.operation,'null')='DELETE' then 'D' else 'N' end as DLSCDActiveFlag from addressetl ae join contactetl s on ae.id=s.id_address_horizon left join (select PartyId,SourcePartyCode from curate_enterprise.Party where PartyTypeName=  'Person' and RecordSourceCode = 'BUKOPMS' and dlscdactiveflag='Y') a on a.SourcePartyCode=s.patient_code left join (select PhoneTypeid from curate_enterprise.REFPhoneType where Name='MOBILE_TELEPHONE_NUMBER' and RecordSourceCode='BUKOPMS'  and dlscdactiveflag='Y') b on (1=1) join (select LOVId from reflovsetinfo where lovkey='BUKOPMS' and lovsetname='System of Record' and LOVRecordsourceid='12012') r on(1=1) where a.PartyId is not null and s.destination = 'MAIN'",
      "temp_table_name": "PartyPhone",
      "partition_column_list": ""
    },
    {
      "card_id": "card_92",
      "card_dependencies": [
        "card_91"
      ],
      "label": "Read_Table 92",
      "card_type": "read_table",
      "description": "Filtering Records",
      "query": "select cast(PhoneId as string) , cast(PartyId as string) , cast(PhoneTypeId as string) , cast(SRCPhoneType as string) , cast(PhoneType as string) , cast(PhoneNumber as string) , cast ( nullif(MobileValidFlag ,'null') as string) as MobileValidFlag , cast ( nullif(PhoneValidFlag ,'null') as string) as PhoneValidFlag , cast ( nullif(PhoneCertainityFlag ,'null') as string) PhoneCertainityFlag, cast ( nullif(PhoneExtraInfoFlag ,'null') as string ) as PhoneExtraInfoFlag , cast ( nullif(DeleteIndicatorFlag ,'null') as string ) as DeleteIndicatorFlag , cast ( nullif(SourceInsertDate ,'null') as timestamp ) as SourceInsertDate , cast ( nullif(SourceUpdateDate ,'null') as timestamp ) as SourceUpdateDate , cast ( nullif(SourceEntityCreateTime ,'null') as timestamp ) as SourceEntityCreateTime , cast ( nullif(SourceEntityUpdateTime ,'null') as timestamp) as SourceEntityUpdateTime,cast (RecordSourceCode as string),cast (LOVRecordSourceId as int) , RunDateTime,cast (DLETLRunLogID as int),cast (DLCurateStandardRowKey as bigint),DLSCDActiveFlag from PartyPhone where PhoneTypeId is not null  and PhoneId is not null and LOVRecordSourceId is not null",
      "temp_table_name": "PartyPhone1",
      "partition_column_list": ""
    },
    {
      "card_id": "card_93",
      "card_dependencies": [
        "card_92"
      ],
      "label": "Read_Table 93",
      "card_type": "read_table",
      "description": "Insert in ADLS",
      "query": "MERGE INTO curate_enterprise.PartyPhone T USING ( SELECT case when s.dlscdactiveflag='Y' then s.PhoneId else 'DEACTIVATE' end as mergeKey, s.* FROM PartyPhone1 s where s.dlscdactiveflag<>'D' UNION ALL SELECT 'UPDATE' as mergeKey, source.* FROM PartyPhone1 source JOIN curate_enterprise.PartyPhone Target ON source.PhoneId = Target.PhoneId and source.LOVRecordSourceId = Target.LOVRecordSourceId WHERE Target.DLSCDActiveFlag = 'Y' and source.DLSCDActiveFlag = 'Y') src ON T.PhoneId = src.mergeKey AND T.DLSCDActiveFlag = 'Y' when matched THEN UPDATE SET DLSCDActiveFlag = 'N', DLSCDEndDateTime = src.RunDateTime ,DLUpdateDateTime = src.RunDateTime WHEN not MATCHED AND src.mergeKey <> 'UPDATE' and src.mergekey <> 'DEACTIVATE' THEN INSERT(    PhoneId , PartyId , PhoneTypeId , SRCPhoneType , PhoneType , PhoneNumber , MobileValidFlag , PhoneValidFlag , PhoneCertainityFlag , PhoneExtraInfoFlag , DeleteIndicatorFlag , SourceInsertDate , SourceUpdateDate , SourceEntityCreateTime, SourceEntityUpdateTime ,RecordSourceCode, LOVRecordSourceId,RunDateTime, DLCreateDateTime,DLUpdateDateTime, DLSCDStartDateTime,DLSCDEndDateTime, DLSCDActiveFlag,DLETLRunLogID,DLCurateStandardRowKey)  VALUES(src.PhoneId ,src.PartyId ,src.PhoneTypeId ,src.SRCPhoneType ,src.PhoneType ,src.PhoneNumber ,src.MobileValidFlag ,src.PhoneValidFlag ,src.PhoneCertainityFlag ,src.PhoneExtraInfoFlag ,src.DeleteIndicatorFlag ,src.SourceInsertDate ,src.SourceUpdateDate ,src.SourceEntityCreateTime,src.SourceEntityUpdateTime  ,src.RecordSourceCode, src.LOVRecordSourceId, src.RunDateTime, src.RunDateTime, src.RunDateTime, '1900-01-01 00:00:00.000','9999-12-31 00:00:00.000',src.DLSCDActiveFlag,src.DLETLRunLogID,src.DLCurateStandardRowKey) WHEN not MATCHED AND src.mergeKey = 'UPDATE' THEN INSERT(   PhoneId , PartyId , PhoneTypeId , SRCPhoneType , PhoneType , PhoneNumber , MobileValidFlag , PhoneValidFlag , PhoneCertainityFlag , PhoneExtraInfoFlag , DeleteIndicatorFlag , SourceInsertDate , SourceUpdateDate , SourceEntityCreateTime, SourceEntityUpdateTime  ,RecordSourceCode ,LOVRecordSourceId, RunDateTime, DLCreateDateTime, DLUpdateDateTime, DLSCDStartDateTime , DLSCDEndDateTime, DLSCDActiveFlag, DLETLRunLogID,DLCurateStandardRowKey)  VALUES(src.PhoneId ,src.PartyId ,src.PhoneTypeId ,src.SRCPhoneType ,src.PhoneType ,src.PhoneNumber ,src.MobileValidFlag ,src.PhoneValidFlag ,src.PhoneCertainityFlag ,src.PhoneExtraInfoFlag ,src.DeleteIndicatorFlag ,src.SourceInsertDate ,src.SourceUpdateDate ,src.SourceEntityCreateTime,src.SourceEntityUpdateTime  , src.RecordSourceCode, src.LOVRecordSourceId, src.RunDateTime, src.RunDateTime, src.RunDateTime, src.RunDateTime, '9999-12-31 00:00:00.000',src.DLSCDActiveFlag,src.DLETLRunLogID,src.DLCurateStandardRowKey) WHEN not MATCHED AND src.mergeKey = 'DEACTIVATE' THEN INSERT(   PhoneId , PartyId , PhoneTypeId , SRCPhoneType , PhoneType , PhoneNumber , MobileValidFlag , PhoneValidFlag , PhoneCertainityFlag , PhoneExtraInfoFlag , DeleteIndicatorFlag , SourceInsertDate , SourceUpdateDate , SourceEntityCreateTime, SourceEntityUpdateTime  ,RecordSourceCode ,LOVRecordSourceId, RunDateTime, DLCreateDateTime, DLUpdateDateTime, DLSCDStartDateTime , DLSCDEndDateTime, DLSCDActiveFlag, DLETLRunLogID,DLCurateStandardRowKey)  VALUES(src.PhoneId ,src.PartyId ,src.PhoneTypeId ,src.SRCPhoneType ,src.PhoneType ,src.PhoneNumber ,src.MobileValidFlag ,src.PhoneValidFlag ,src.PhoneCertainityFlag ,src.PhoneExtraInfoFlag ,src.DeleteIndicatorFlag ,src.SourceInsertDate ,src.SourceUpdateDate ,src.SourceEntityCreateTime,src.SourceEntityUpdateTime  , src.RecordSourceCode, src.LOVRecordSourceId, src.RunDateTime, src.RunDateTime, src.RunDateTime, src.RunDateTime, src.RunDateTime,src.DLSCDActiveFlag,src.DLETLRunLogID,src.DLCurateStandardRowKey)",
      "temp_table_name": "PartyPhone2",
      "partition_column_list": ""
    },
    {
      "card_id": "card_93033",
      "card_dependencies": [
        "card_93"
      ],
      "label": "Read_Table 93033",
      "card_type": "read_table",
      "description": "Insert in ADLS",
      "query": "MERGE INTO curate_enterprise.PartyPhone T USING (SELECT s.PhoneId as MergeKey,s.* FROM PartyPhone1 s where s.dlscdactiveflag='D' UNION ALL SELECT 'UPDATE' as mergeKey, source.* FROM PartyPhone1 source JOIN curate_enterprise.PartyPhone Target ON source.PhoneId = Target.PhoneId WHERE Target.DLSCDActiveFlag = 'Y' and source.dlscdactiveflag='D') src ON T.PhoneId = src.mergeKey AND T.DLSCDActiveFlag = 'Y' when matched THEN UPDATE SET DLSCDActiveFlag = 'N', DLSCDEndDateTime = src.RunDateTime ,DLUpdateDateTime = src.RunDateTime WHEN not MATCHED AND src.mergeKey = 'UPDATE' THEN INSERT(PhoneId , PartyId , PhoneTypeId , SRCPhoneType , PhoneType , PhoneNumber , MobileValidFlag , PhoneValidFlag , PhoneCertainityFlag , PhoneExtraInfoFlag , DeleteIndicatorFlag , SourceInsertDate , SourceUpdateDate , SourceEntityCreateTime, SourceEntityUpdateTime ,RecordSourceCode, LOVRecordSourceId,RunDateTime, DLCreateDateTime,DLUpdateDateTime, DLSCDStartDateTime,DLSCDEndDateTime, DLSCDActiveFlag,DLETLRunLogID,DLCurateStandardRowKey)  VALUES(src.PhoneId ,src.PartyId ,src.PhoneTypeId ,src.SRCPhoneType ,src.PhoneType ,src.PhoneNumber ,src.MobileValidFlag ,src.PhoneValidFlag ,src.PhoneCertainityFlag ,src.PhoneExtraInfoFlag ,src.DeleteIndicatorFlag ,src.SourceInsertDate ,src.SourceUpdateDate ,src.SourceEntityCreateTime,src.SourceEntityUpdateTime  , src.RecordSourceCode,src.LOVRecordSourceId,src.RunDateTime,src.RunDateTime,src.RunDateTime,src.RunDateTime,src.RunDateTime,'N',src.DLETLRunLogID,src.DLCurateStandardRowKey) WHEN not MATCHED AND src.mergeKey <> 'UPDATE' THEN INSERT(PhoneId , PartyId , PhoneTypeId , SRCPhoneType , PhoneType , PhoneNumber , MobileValidFlag , PhoneValidFlag , PhoneCertainityFlag , PhoneExtraInfoFlag , DeleteIndicatorFlag , SourceInsertDate , SourceUpdateDate , SourceEntityCreateTime, SourceEntityUpdateTime ,RecordSourceCode, LOVRecordSourceId,RunDateTime, DLCreateDateTime,DLUpdateDateTime, DLSCDStartDateTime,DLSCDEndDateTime, DLSCDActiveFlag,DLETLRunLogID,DLCurateStandardRowKey)  VALUES(src.PhoneId ,src.PartyId ,src.PhoneTypeId ,src.SRCPhoneType ,src.PhoneType ,src.PhoneNumber ,src.MobileValidFlag ,src.PhoneValidFlag ,src.PhoneCertainityFlag ,src.PhoneExtraInfoFlag ,src.DeleteIndicatorFlag ,src.SourceInsertDate ,src.SourceUpdateDate ,src.SourceEntityCreateTime,src.SourceEntityUpdateTime  , src.RecordSourceCode,src.LOVRecordSourceId,src.RunDateTime,src.RunDateTime,src.RunDateTime,src.RunDateTime,src.RunDateTime,'N',src.DLETLRunLogID,src.DLCurateStandardRowKey)",
      "temp_table_name": "PartyPhone93033",
      "partition_column_list": ""
    },
    {
      "card_id": "card_13531",
      "card_dependencies": [
        "card_4",
        "card_71"
      ],
      "label": "Write_Delta 13531",
      "card_type": "write_delta",
      "description": "Write backup Standard",
      "query": "select * from contactbackupunion where Id not in (select SRCPatientContactId from ODHPatientContact)",
      "data_path": "/mnt/idf-curatestandard/BTUKOPTIT/BUKOPMS/BTCOPT_PATIENT_PATIENT_CONTACT_DETAILS_BUKOPMS_Incr/BackUp",
      "partition_key_columns": "",
      "mode": "OVERWRITE",
      "type": "GENERAL"
    },
    {
      "card_id": "card_12321",
      "card_dependencies": [
        "card_13",
        "card_61",
        "card_81",
        "card_91"
      ],
      "label": "Write_Delta 12321",
      "card_type": "write_delta",
      "description": "Write backup Standard",
      "query": "select * from AddressBackupUnion where Id not in (select sourcekey from PartyAddress) union select * from AddressBackupUnion where  Email not in (select EmailAddress from partyemail) union select * from AddressBackupUnion where HOME_TEL_NUMBER not in (select PhoneNumber from Partyphone) or WORK_TEL_NUMBER not in (select PhoneNumber from Partyphone ) or PREFERRED_TEL_NUMBER not in (select PhoneNumber from Partyphone)",
      "data_path": "/mnt/idf-curatestandard/BTUKOPTIT/BUKOPMS/BTCOPT_PATIENT_PATIENT_ADDRESS_DETAILS_BUKOPMS_Incr/BackUp",
      "partition_key_columns": "",
      "mode": "OVERWRITE",
      "type": "GENERAL"
    }
  ]
}