{
    "project_name": "BUKOPMS",
    "config_type": "etl",
    "description": "",
    "data_source": [],
    "report_path": "/mnt/idf-reports/BTUKOPTIT/BUKOPMS/BTCOPT_ORDER_ORDER_PAYMENTS_BUKOPMS_Incr/Incremental/CurateADLS/",
    "cards": [
        {
            "card_id": "card_0",
            "card_dependencies": [],
            "label": "Read_Delta 0",
            "card_type": "read_delta",
            "description": "reading standard location",
            "data_path": "/mnt/idf-curatestandard/BTUKOPTIT/BUKOPMS/BTCOPT_ORDER_ORDER_PAYMENTS_BUKOPMS_Incr/Incremental",
            "output_table": "odhcustomorderlinepayments11111"
        },
        {
            "card_id": "card_1",
            "card_dependencies": [
                "card_0"
            ],
            "label": "Apply_Filter 1",
            "card_type": "apply_filter",
            "description": "filtering records with RunDateTime",
            "input_table": "odhcustomorderlinepayments11111",
            "output_table": "odhcustomorderlinepayments2",
            "filter": [],
            "unmatch_data": false
        },
        {
            "card_id": "card_2",
            "card_dependencies": [],
            "label": "Read_Table 2",
            "card_type": "read_table",
            "description": "Read ADLS table",
            "query": "Select * from curate_enterprise.reflovsetinfo",
            "temp_table_name": "reflovsetinfo",
            "partition_column_list": ""
        },
        {
            "card_id": "card_13",
            "card_dependencies": [],
            "label": "Read_Delta 13",
            "card_type": "read_delta",
            "description": "reading standard backup location",
            "data_path": "/mnt/idf-curatestandard/BTUKOPTIT/BUKOPMS/BTCOPT_ORDER_ORDER_PAYMENTS_BUKOPMS_Incr/BackUp",
            "output_table": "odhcustomorderlinepayments12"
        },
        {
            "card_id": "card_12",
            "card_dependencies": [
                "card_13",
                "card_1"
            ],
            "label": "Read_Table 12",
            "card_type": "read_table",
            "description": "Union with backup table",
            "query": "select * from odhcustomorderlinepayments2 union select * from odhcustomorderlinepayments12",
            "temp_table_name": "odhcustomorderlinepayments11",
            "partition_column_list": ""
        },
        {
            "card_id": "card_28",
            "card_dependencies": [
                "card_12"
            ],
            "label": "Read_Table 28",
            "card_type": "read_table",
            "description": "Making null void null",
            "query": "select nullif(CurateStandardRowKey,'null') as CurateStandardRowKey,nullif(HORCUS_ORDERLINEPAYMENTS_ID,'null') as HORCUS_ORDERLINEPAYMENTS_ID,nullif(AD_CLIENT_ID,'null') as AD_CLIENT_ID,nullif(AD_ORG_ID,'null') as AD_ORG_ID,nullif(ISACTIVE,'null') as ISACTIVE,nullif(CREATED,'null') as CREATED,nullif(CREATEDBY,'null') as CREATEDBY,nullif(UPDATED,'null') as UPDATED,nullif(UPDATEDBY,'null') as UPDATEDBY,nullif(C_ORDERLINE_ID,'null') as C_ORDERLINE_ID,nullif(FIN_PAYMENTMETHOD_ID,'null') as FIN_PAYMENTMETHOD_ID,nullif(AMOUNT,'null') as AMOUNT,nullif(HORCUS_RECEIPT_HISTORY_ID,'null') as HORCUS_RECEIPT_HISTORY_ID,nullif(FIN_PAYMENT_ID,'null') as FIN_PAYMENT_ID,nullif(ISREALLOCATED,'null') as ISREALLOCATED,nullif(ADCARD_POINTS,'null') as ADCARD_POINTS,nullif(OPERATION,'null') as OPERATION,nullif(TIMESTAMP,'null') as TIMESTAMP,nullif(TRANSACTIONID,'null') as TRANSACTIONID from odhcustomorderlinepayments11",
            "temp_table_name": "odhcustomorderlinepayments28",
            "partition_column_list": ""
        },
        {
            "card_id": "card_4",
            "card_dependencies": [
                "card_28"
            ],
            "label": "Read_Table 4",
            "card_type": "read_table",
            "description": "fetching latest records",
            "query": "select * from (select row_number() OVER(PARTITION BY HORCUS_ORDERLINEPAYMENTS_ID order BY timestamp desc,case when operation='DELETE' then 1 when operation='UPDATE' then 2 when operation='INSERT' then 3 when operation='REFRESH' then 4 end asc)as rn,row_number() OVER(PARTITION BY  HORCUS_ORDERLINEPAYMENTS_ID,timestamp,operation order BY timestamp desc,operation desc) as rnk,* FROM odhcustomorderlinepayments28)t where t.rn = 1",
            "temp_table_name": "odhcustomorderlinepayments5",
            "partition_column_list": ""
        },
		{
            "card_id": "card_18",
            "card_dependencies": [
                "card_4"
            ],
            "label": "Read_Table 18",
            "card_type": "read_table",
            "description": "Populating etlrunlogid",
            "query": "select s.*,r.ETLRunId as ETLRunLogIdNew from odhcustomorderlinepayments5 s join (select max(cast(ETLRunId as int)) as ETLRunId from RPI_LOGGING.RPI_COMMON_LOGGING where processstage='CurateStandard' and feedname = 'BTCOPT_ORDER_ORDER_PAYMENTS_BUKOPMS_Incr') r on (1=1)",
            "temp_table_name": "odhcustomorderlinepaymentslog",
            "partition_column_list": ""
        },
        {
            "card_id": "card_3",
            "card_dependencies": [
                "card_2",
				"card_18"
            ],
            "label": "Read_Table 3",
            "card_type": "read_table",
            "description": "Applying Transformations",
            "query": "select md5(concat_ws('^|~',s.HORCUS_ORDERLINEPAYMENTS_ID,r.LOVId)) as HorcusOrderLinePaymentsId, s.HORCUS_ORDERLINEPAYMENTS_ID as SRCOrderLinePaymentsId,b.OrganisationId as OrganisationID, a.ClientId as ClientId,c.ODHOrderLineId as ODHOrderLineId,s.ISACTIVE as IsActive,s.CREATED as SourceCreated,s.CREATEDBY as SourceCreatedBy,s.UPDATED as SourceUpdated,s.UPDATEDBY as SourceUpdatedBy,d.PaymentMethodId as PaymentMethodID,e.ODHCustomReceiptHistoryId as ODHCustomReceiptHistoryId,f.FinPaymentId as FinPaymentId,s.AMOUNT as Amount,s.ISREALLOCATED as IsReallocated,s.ADCARD_POINTS as AdcardPoints,s.ETLRunLogIdNew as DLEtlRunLogId  ,s.CurateStandardRowKey as DLCurateStandardRowKey , 'BUKOPMS' as RecordSourceCode,cast(r.LOVId as int) as LOVRecordSourceId,current_timestamp as RunDateTime,case when s.rn=1 and ifnull(s.operation,'null')<>'DELETE' then 'Y' when s.rn=1 and ifnull(s.operation,'null')='DELETE' then 'D' else 'N' end as DLSCDActiveFlag from odhcustomorderlinepaymentslog s left join (select distinct ClientId,SRCClientId from curate_enterprise.ODHClient where RecordSourceCode='BUKOPMS' and DLSCDActiveFlag='Y' )a on a.SRCClientId=s.AD_CLIENT_ID left join (select distinct OrganisationId,SRCAdOrgId from curate_enterprise.ODHAdOrg where RecordSourceCode='BUKOPMS' and DLSCDActiveFlag='Y' )b on b.SRCAdOrgId=s.AD_ORG_ID left join (select distinct ODHOrderLineId,SRCOrderLineId from curate_enterprise.ODHOrderLine where RecordSourceCode='BUKOPMS' and DLSCDActiveFlag='Y' )c on c.SRCOrderLineId=s.C_ORDERLINE_ID left join (select distinct PaymentMethodId,SRCFinPaymentMethodId from curate_enterprise.ODHFinPaymentMethod where RecordSourceCode='BUKOPMS' and DLSCDActiveFlag='Y' )d on d.SRCFinPaymentMethodId=s.FIN_PAYMENTMETHOD_ID left join (select distinct ODHCustomReceiptHistoryId,SRCHorcusReceiptHistoryId from curate_enterprise.ODHCustomReceiptHistory where RecordSourceCode='BUKOPMS' and DLSCDActiveFlag='Y' )e on e.SRCHorcusReceiptHistoryId=s.HORCUS_RECEIPT_HISTORY_ID left join (select distinct FinPaymentId,SrcFinancialPaymentId from curate_enterprise.ODHFinancialPayment where RecordSourceCode='BUKOPMS' and DLSCDActiveFlag='Y' )f on f.SrcFinancialPaymentId=s.FIN_PAYMENT_ID join (select LOVId from reflovsetinfo where lovkey='BUKOPMS' and lovsetname='System of Record' and LOVRecordsourceid='12012') r on(1=1) where b.OrganisationId is not null and a.ClientId is not null and c.ODHOrderLineId is not null and d.PaymentMethodId is not null and e.ODHCustomReceiptHistoryId is not null and f.FinPaymentId is not null",
            "temp_table_name": "ODHCustomOrderLinePayments",
            "partition_column_list": ""
        },
        {
            "card_id": "card_25",
            "card_dependencies": [
                "card_3"
            ],
            "label": "Read_Table 25",
            "card_type": "read_table",
            "description": "Self Join",
            "query": "select cast(s.HorcusOrderLinePaymentsId as string),cast(s.SRCOrderLinePaymentsId as string),cast(s.OrganisationID as string),cast(s.ClientId as string),cast(s.ODHOrderLineId as string),cast(s.IsActive as string),cast(s.SourceCreated as timestamp),cast(s.SourceCreatedBy as string),cast(s.SourceUpdated as timestamp),cast(s.SourceUpdatedBy as string),cast(s.PaymentMethodID as string),cast(s.ODHCustomReceiptHistoryId as string),cast(s.FinPaymentId as string),cast(s.Amount as int),cast(s.IsReallocated as string),cast(s.AdcardPoints as int),cast(s.RecordSourceCode as string),cast(s.LOVRecordSourceId as int),cast(s.RunDateTime as timestamp),cast(s.DLCurateStandardRowKey as bigint),DLSCDActiveFlag,DLEtlRunLogId from ODHCustomOrderLinePayments s where s.HorcusOrderLinePaymentsId is not null and  s.SRCOrderLinePaymentsId is not null",
            "temp_table_name": "ODHCustomOrderLinePayments1",
            "partition_column_list": ""
        },
        {
            "card_id": "card_27",
            "card_dependencies": [
                "card_25"
            ],
            "label": "Read_Table 27",
            "card_type": "read_table",
            "description": "Insert in ADLS",
            "query": "MERGE INTO curate_enterprise.ODHCustomOrderLinePayments T USING (SELECT case when s.dlscdactiveflag='Y' then s.HorcusOrderLinePaymentsId else 'DEACTIVATE' end as mergeKey, s.* FROM ODHCustomOrderLinePayments1 s where s.dlscdactiveflag<>'D' UNION ALL SELECT 'UPDATE' as mergeKey, source.* FROM ODHCustomOrderLinePayments1 source JOIN curate_enterprise.ODHCustomOrderLinePayments Target ON source.HorcusOrderLinePaymentsId = Target.HorcusOrderLinePaymentsId WHERE Target.DLSCDActiveFlag = 'Y'and source.DLSCDActiveFlag = 'Y') src ON T.HorcusOrderLinePaymentsId = src.mergeKey AND T.DLSCDActiveFlag = 'Y' when matched THEN UPDATE SET DLSCDActiveFlag = 'N', DLSCDEndDateTime = src.RunDateTime ,DLUpdateDateTime = src.RunDateTime WHEN not MATCHED AND src.mergeKey <> 'UPDATE' and src.mergekey <> 'DEACTIVATE' THEN INSERT(HorcusOrderLinePaymentsId,SRCOrderLinePaymentsId,OrganisationID,ClientId,ODHOrderLineId,IsActive,SourceCreated,SourceCreatedBy,SourceUpdated,SourceUpdatedBy,PaymentMethodID,ODHCustomReceiptHistoryId,FinPaymentId,Amount,IsReallocated,AdcardPoints,RecordSourceCode,LOVRecordSourceId,RunDateTime,DLCreateDateTime,DLUpdateDateTime,DLSCDStartDateTime,DLSCDEndDateTime,DLSCDActiveFlag,DLETLRunLogID,DLCurateStandardRowKey)  VALUES(src.HorcusOrderLinePaymentsId,src.SRCOrderLinePaymentsId,src.OrganisationID,src.ClientId,src.ODHOrderLineId,src.IsActive,src.SourceCreated,src.SourceCreatedBy,src.SourceUpdated,src.SourceUpdatedBy,src.PaymentMethodID,src.ODHCustomReceiptHistoryId,src.FinPaymentId,src.Amount,src.IsReallocated,src.AdcardPoints,src.RecordSourceCode,src.LOVRecordSourceId,src.RunDateTime,src.RunDateTime,src.RunDateTime,'1900-01-01 00:00:00.000','9999-12-31 00:00:00.000','Y',src.DLETLRunLogID,src.DLCurateStandardRowKey) WHEN not MATCHED AND src.mergeKey = 'UPDATE' THEN INSERT(HorcusOrderLinePaymentsId,SRCOrderLinePaymentsId,OrganisationID,ClientId,ODHOrderLineId,IsActive,SourceCreated,SourceCreatedBy,SourceUpdated,SourceUpdatedBy,PaymentMethodID,ODHCustomReceiptHistoryId,FinPaymentId,Amount,IsReallocated,AdcardPoints,RecordSourceCode,LOVRecordSourceId,RunDateTime,DLCreateDateTime,DLUpdateDateTime,DLSCDStartDateTime,DLSCDEndDateTime,DLSCDActiveFlag,DLETLRunLogID,DLCurateStandardRowKey)  VALUES(src.HorcusOrderLinePaymentsId,src.SRCOrderLinePaymentsId,src.OrganisationID,src.ClientId,src.ODHOrderLineId,src.IsActive,src.SourceCreated,src.SourceCreatedBy,src.SourceUpdated,src.SourceUpdatedBy,src.PaymentMethodID,src.ODHCustomReceiptHistoryId,src.FinPaymentId,src.Amount,src.IsReallocated,src.AdcardPoints,src.RecordSourceCode,src.LOVRecordSourceId,src.RunDateTime,src.RunDateTime,src.RunDateTime,src.RunDateTime,'9999-12-31 00:00:00.000','Y',src.DLETLRunLogID,src.DLCurateStandardRowKey) WHEN not MATCHED AND src.mergeKey = 'DEACTIVATE' THEN INSERT(HorcusOrderLinePaymentsId,SRCOrderLinePaymentsId,OrganisationID,ClientId,ODHOrderLineId,IsActive,SourceCreated,SourceCreatedBy,SourceUpdated,SourceUpdatedBy,PaymentMethodID,ODHCustomReceiptHistoryId,FinPaymentId,Amount,IsReallocated,AdcardPoints,RecordSourceCode,LOVRecordSourceId,RunDateTime,DLCreateDateTime,DLUpdateDateTime,DLSCDStartDateTime,DLSCDEndDateTime,DLSCDActiveFlag,DLETLRunLogID,DLCurateStandardRowKey)  VALUES(src.HorcusOrderLinePaymentsId,src.SRCOrderLinePaymentsId,src.OrganisationID,src.ClientId,src.ODHOrderLineId,src.IsActive,src.SourceCreated,src.SourceCreatedBy,src.SourceUpdated,src.SourceUpdatedBy,src.PaymentMethodID,src.ODHCustomReceiptHistoryId,src.FinPaymentId,src.Amount,src.IsReallocated,src.AdcardPoints ,src.RecordSourceCode,src.LOVRecordSourceId,src.RunDateTime,src.RunDateTime,src.RunDateTime,src.RunDateTime,src.RunDateTime,src.DLSCDActiveFlag,src.DLETLRunLogID,src.DLCurateStandardRowKey)",
            "temp_table_name": "ODHCustomOrderLinePayments3",
            "partition_column_list": ""
        },
        {
            "card_id": "card_27033",
            "card_dependencies": [
                "card_27"
            ],
            "label": "Read_Table 27033",
            "card_type": "read_table",
            "description": "Insert in ADLS",
            "query": "MERGE INTO curate_enterprise.ODHCustomOrderLinePayments T USING (SELECT s.HorcusOrderLinePaymentsId as MergeKey,s.* FROM ODHCustomOrderLinePayments1 s where s.dlscdactiveflag='D' UNION ALL SELECT 'UPDATE' as mergeKey, source.* FROM ODHCustomOrderLinePayments1 source JOIN curate_enterprise.ODHCustomOrderLinePayments Target ON source.HorcusOrderLinePaymentsId = Target.HorcusOrderLinePaymentsId WHERE Target.DLSCDActiveFlag = 'Y' and source.dlscdactiveflag='D') src ON T.HorcusOrderLinePaymentsId = src.mergeKey AND T.DLSCDActiveFlag = 'Y' when matched THEN UPDATE SET DLSCDActiveFlag = 'N', DLSCDEndDateTime = src.RunDateTime ,DLUpdateDateTime = src.RunDateTime WHEN not MATCHED AND src.mergeKey = 'UPDATE' THEN INSERT(HorcusOrderLinePaymentsId,SRCOrderLinePaymentsId,OrganisationID,ClientId,ODHOrderLineId,IsActive,SourceCreated,SourceCreatedBy,SourceUpdated,SourceUpdatedBy,PaymentMethodID,ODHCustomReceiptHistoryId,FinPaymentId,Amount,IsReallocated,AdcardPoints,RecordSourceCode,LOVRecordSourceId,RunDateTime,DLCreateDateTime,DLUpdateDateTime,DLSCDStartDateTime,DLSCDEndDateTime,DLSCDActiveFlag,DLETLRunLogID,DLCurateStandardRowKey)  VALUES(src.HorcusOrderLinePaymentsId,src.SRCOrderLinePaymentsId,src.OrganisationID,src.ClientId,src.ODHOrderLineId,src.IsActive,src.SourceCreated,src.SourceCreatedBy,src.SourceUpdated,src.SourceUpdatedBy,src.PaymentMethodID,src.ODHCustomReceiptHistoryId,src.FinPaymentId,src.Amount,src.IsReallocated,src.AdcardPoints,src.RecordSourceCode,src.LOVRecordSourceId,src.RunDateTime,src.RunDateTime,src.RunDateTime,src.RunDateTime,src.RunDateTime,'N',src.DLETLRunLogID,src.DLCurateStandardRowKey) WHEN not MATCHED AND src.mergeKey <> 'UPDATE' THEN INSERT(HorcusOrderLinePaymentsId,SRCOrderLinePaymentsId,OrganisationID,ClientId,ODHOrderLineId,IsActive,SourceCreated,SourceCreatedBy,SourceUpdated,SourceUpdatedBy,PaymentMethodID,ODHCustomReceiptHistoryId,FinPaymentId,Amount,IsReallocated,AdcardPoints,RecordSourceCode,LOVRecordSourceId,RunDateTime,DLCreateDateTime,DLUpdateDateTime,DLSCDStartDateTime,DLSCDEndDateTime,DLSCDActiveFlag,DLETLRunLogID,DLCurateStandardRowKey)  VALUES(src.HorcusOrderLinePaymentsId,src.SRCOrderLinePaymentsId,src.OrganisationID,src.ClientId,src.ODHOrderLineId,src.IsActive,src.SourceCreated,src.SourceCreatedBy,src.SourceUpdated,src.SourceUpdatedBy,src.PaymentMethodID,src.ODHCustomReceiptHistoryId,src.FinPaymentId,src.Amount,src.IsReallocated,src.AdcardPoints,src.RecordSourceCode,src.LOVRecordSourceId,src.RunDateTime,src.RunDateTime,src.RunDateTime,src.RunDateTime,src.RunDateTime,'N',src.DLETLRunLogID,src.DLCurateStandardRowKey)",
            "temp_table_name": "ODHCustomOrderLinePayments27033",
            "partition_column_list": ""
        },
        {
            "card_id": "card_11",
            "card_dependencies": [
                "card_25",
                "card_27033",
				"card_4",
				"card_3",
				"card_12"
            ],
            "label": "Write_Delta 11",
            "card_type": "write_delta",
            "description": "Write backup Standard",
            "query": "select * from odhcustomorderlinepayments11 where HORCUS_ORDERLINEPAYMENTS_ID not in (select SRCOrderLinePaymentsId from ODHCustomOrderLinePayments)",
            "data_path": "/mnt/idf-curatestandard/BTUKOPTIT/BUKOPMS/BTCOPT_ORDER_ORDER_PAYMENTS_BUKOPMS_Incr/BackUp",
            "partition_key_columns": "",
            "mode": "OVERWRITE",
            "type": "GENERAL"
        }
    ]
}
