{
	"project_name": "BUKOPMS",
	"config_type": "etl",
	"description": "",
	"data_source": [],
	"report_path": "/mnt/idf-reports/BTUKOPTIT/BUKOPMS/BTCOPT_MASTER_CLIENT_INFO_BUKOPMS_Incr/Incremental/CurateADLS/",
	"cards": [
		{
			"card_id": "card_0",
			"card_dependencies": [],
			"label": "Read_Delta 0",
			"card_type": "read_delta",
			"description": "reading standard location",
			"data_path": "/mnt/idf-curatestandard/BTUKOPTIT/BUKOPMS/BTCOPT_MASTER_CLIENT_INFO_BUKOPMS_Incr/Incremental",
			"output_table": "patientinfo1"
		},
		{
			"card_id": "card_1",
			"card_dependencies": [
				"card_0"
			],
			"label": "Apply_Filter 1",
			"card_type": "apply_filter",
			"description": "filtering records with RunDateTime",
			"input_table": "patientinfo1",
			"output_table": "patientinfo2",
			"filter": [],
			"unmatch_data": false
		},
		{
			"card_id": "card_6001",
			"card_dependencies": [
				"card_1"
			],
			"label": "Read_Table 6001",
			"card_type": "read_table",
			"description": "Populating etlrunlogid",
			"query": "select nullif(curatestandardrowkey, 'null' ) as curatestandardrowkey,nullif(ad_client_id, 'null' ) as ad_client_id,nullif(ad_org_id, 'null' ) as ad_org_id,nullif(isactive, 'null' ) as isactive,nullif(created, 'null' ) as created,nullif(createdby, 'null' ) as createdby,nullif(updated, 'null' ) as updated,nullif(updatedby, 'null' ) as updatedby,nullif(value, 'null' ) as value,nullif(name, 'null' ) as name,nullif(description, 'null' ) as description,nullif(smtphost, 'null' ) as smtphost,nullif(requestemail, 'null' ) as requestemail,nullif(requestuser, 'null' ) as requestuser,nullif(requestuserpw, 'null' ) as requestuserpw,nullif(requestfolder, 'null' ) as requestfolder,nullif(ad_language, 'null' ) as ad_language,nullif(ismultilingualdocument, 'null' ) as ismultilingualdocument,nullif(issmtpauthorization, 'null' ) as issmtpauthorization,nullif(c_currency_id, 'null' ) as c_currency_id,nullif(acctdim_centrally_maintained, 'null' ) as acctdim_centrally_maintained,nullif(project_acctdim_isenable, 'null' ) as project_acctdim_isenable,nullif(project_acctdim_header, 'null' ) as project_acctdim_header,nullif(project_acctdim_lines, 'null' ) as project_acctdim_lines,nullif(project_acctdim_breakdown, 'null' ) as project_acctdim_breakdown,nullif(bpartner_acctdim_isenable, 'null' ) as bpartner_acctdim_isenable,nullif(bpartner_acctdim_header, 'null' ) as bpartner_acctdim_header,nullif(bpartner_acctdim_lines, 'null' ) as bpartner_acctdim_lines,nullif(bpartner_acctdim_breakdown, 'null' ) as bpartner_acctdim_breakdown,nullif(product_acctdim_isenable, 'null' ) as product_acctdim_isenable,nullif(product_acctdim_header, 'null' ) as product_acctdim_header,nullif(product_acctdim_lines, 'null' ) as product_acctdim_lines,nullif(product_acctdim_breakdown, 'null' ) as product_acctdim_breakdown,nullif(costcenter_acctdim_header, 'null' ) as costcenter_acctdim_header,nullif(costcenter_acctdim_lines, 'null' ) as costcenter_acctdim_lines,nullif(costcenter_acctdim_breakdown, 'null' ) as costcenter_acctdim_breakdown,nullif(user1_acctdim_isenable, 'null' ) as user1_acctdim_isenable,nullif(user1_acctdim_header, 'null' ) as user1_acctdim_header,nullif(user1_acctdim_lines, 'null' ) as user1_acctdim_lines,nullif(user1_acctdim_breakdown, 'null' ) as user1_acctdim_breakdown,nullif(user2_acctdim_isenable, 'null' ) as user2_acctdim_isenable,nullif(user2_acctdim_header, 'null' ) as user2_acctdim_header,nullif(user2_acctdim_lines, 'null' ) as user2_acctdim_lines,nullif(user2_acctdim_breakdown, 'null' ) as user2_acctdim_breakdown,nullif(costcenter_acctdim_isenable, 'null' ) as costcenter_acctdim_isenable,nullif(org_acctdim_isenable, 'null' ) as org_acctdim_isenable,nullif(org_acctdim_header, 'null' ) as org_acctdim_header,nullif(org_acctdim_lines, 'null' ) as org_acctdim_lines,nullif(org_acctdim_breakdown, 'null' ) as org_acctdim_breakdown,nullif(em_obmobc_auth_key, 'null' ) as em_obmobc_auth_key,nullif(operation, 'null' ) as operation,nullif(timestamp, 'null' ) as timestamp,nullif(transactionid, 'null' ) as transactionid,nullif(RunDateTime, 'null' ) as RunDateTime,nullif(Year, 'null' ) as Year,nullif(Month, 'null' ) as Month,nullif(Day , 'null' ) as Day from patientinfo2",
			"temp_table_name": "patientinfo6001",
			"partition_column_list": ""
		},
		{
			"card_id": "card_61",
			"card_dependencies": [
				"card_6001"
			],
			"label": "Read_Table 61",
			"card_type": "read_table",
			"description": "Populating etlrunlogid",
			"query": "select s.*,r.ETLRunId as DLETLRunLogID from patientinfo6001 s join (select max(ETLRunId) as ETLRunId from RPI_LOGGING.RPI_COMMON_LOGGING where processstage='CurateStandard' and feedname = 'BTCOPT_MASTER_CLIENT_INFO_BUKOPMS_Incr') r on (1=1)",
			"temp_table_name": "patientinfo11",
			"partition_column_list": ""
		},
		{
			"card_id": "card_2",
			"card_dependencies": [],
			"label": "Read_Table 2",
			"card_type": "read_table",
			"description": "Read ADLS table",
			"query": "select * from curate_enterprise.reflovsetinfo",
			"temp_table_name": "reflovsetinfo",
			"partition_column_list": ""
		},
		{
			"card_id": "card_4",
			"card_dependencies": [
				"card_61"
			],
			"label": "Read_Table 4",
			"card_type": "read_table",
			"description": "fetching latest records",
			"query": "select * from (select row_number() OVER(PARTITION BY VALUE order BY timestamp desc,case when operation='DELETE' then 1 when operation='UPDATE' then 2 when operation='INSERT' then 3 when operation='REFRESH' then 4 end asc) as rn,row_number() OVER(PARTITION BY value,timestamp,operation order BY timestamp desc,operation desc) as rnk,* FROM patientinfo11)t where t.rnk = 1",
			"temp_table_name": "patientinfo5",
			"partition_column_list": ""
		},
		{
			"card_id": "card_3",
			"card_dependencies": [
				"card_2",
				"card_4"
			],
			"label": "Read_Table 3",
			"card_type": "read_table",
			"description": "REFPartyType",
			"query": "select 'Client' as  PartyTypeName,'Represents a system or a Client name' as RoleDescription , 'DNARDM' as RecordSourceCode,'12012' as LOVRecordSourceId,nullif('null','null') as CurateStandardRowKey,a.DLETLRunLogID from (select max(DLETLRunLogID) as DLETLRunLogID from patientinfo5 where rn='1') a",
			"temp_table_name": "REFPartyType",
			"partition_column_list": ""
		},
		{
			"card_id": "card_15",
			"card_dependencies": [
				"card_3"
			],
			"label": "Read_Table 15",
			"card_type": "read_table",
			"description": "Inserts",
			"query": "insert into curate_enterprise.REFPartyType select cast ((cast(ss.PartyTypeId as int ) + row_number() over (order by source.PartyTypeName,source.lovrecordsourceid desc) )as string )as  PartyTypeId, cast(source.PartyTypeName as string), cast(source.RoleDescription as string),cast(source.RecordSourceCode as string),cast(source.LOVRecordSourceId as int),current_timestamp as RunDateTime,current_timestamp as DLCreateDateTime,current_timestamp as DLUpdateDateTime,cast('1900-01-01 00:00:00.000' as timestamp) as DLSCDStartDateTime,cast('9999-12-31 00:00:00.000' as timestamp) as DLSCDEndDateTime,'Y' as DLSCDActiveFlag, cast(source.DLETLRunLogID as int), cast(source.CurateStandardRowKey as bigint) as DLCurateStandardRowKey from ( select s.* from REFPartyType s LEFT JOIN curate_enterprise.REFPartyType t ON s.PartyTypeName=t.PartyTypeName AND t.lovrecordsourceid=s.lovrecordsourceid AND t.DLSCDActiveFlag='Y' WHERE t.PartyTypeName IS NULL ) source left join (select ifnull(max(PartyTypeId),0) as  PartyTypeId  from  curate_enterprise.REFPartytype)ss",
			"temp_table_name": "REFPartyType1",
			"partition_column_list": ""
		},
		{
			"card_id": "card_24",
			"card_dependencies": [
				"card_2",
				"card_15",
				"card_4"
			],
			"label": "Read_Table 24",
			"card_type": "read_table",
			"description": "Party",
			"query": "select a.PartyTypeId as PartyTypeId,'Client' as PartyTypeName,s.VALUE as SourcePartyCode,s.Name as SourcePartyName, 'BUKOPMS' as RecordSourceCode, r.LOVId as LOVRecordSourceId,s.CurateStandardRowKey,s.DLETLRunLogID, current_timestamp() as Rundatetime,case when s.rn=1 and ifnull(s.operation,'null')<>'DELETE' then 'Y' when s.rn=1 and ifnull(s.operation,'null')='DELETE' then 'D' else 'N' end as DLSCDActiveFlag from patientinfo5 s left join ( select LOVId from reflovsetinfo where lovkey = 'BUKOPMS' and lovsetname='System of Record' and LOVrecordsourceid=12012 ) r on (1=1) left join (select PartyTypeID from curate_enterprise.REFPartyType where PartyTypeName= 'Client' AND RecordSourceCode='DNARDM' AND DLSCDActiveFlag = 'Y')a on(1=1)",
			"temp_table_name": "Party",
			"partition_column_list": ""
		},
		{
			"card_id": "card_30",
			"card_dependencies": [
				"card_24"
			],
			"label": "Read_Table 30",
			"card_type": "read_table",
			"description": "Inserts",
			"query": "select cast(md5(concat_ws('^|~', SourcePartyCode, PartyTypeId, LOVRecordSourceId)) as string) as PartyId, cast( PartyTypeId as string), cast( PartyTypeName as string),cast( SourcePartyCode as string),cast( SourcePartyName as string),cast (RecordSourceCode as string),cast (LOVRecordSourceId as int) , RunDateTime,cast (DLETLRunLogID as int),cast (CurateStandardRowKey as bigint) as DLCurateStandardRowKey, DLSCDActiveFlag from Party where PartytypeId is not null ",
			"temp_table_name": "party1",
			"partition_column_list": ""
		},
		{
			"card_id": "card_2003",
			"card_dependencies": [
				"card_30"
			],
			"label": "Read_Table 2003",
			"card_type": "read_table",
			"description": "Insert in ADLS",
			"query": "MERGE INTO curate_enterprise.Party T USING (SELECT case when s.dlscdactiveflag='Y' then s.SourcePartyCode else 'DEACTIVATE' end as mergeKey, s.* FROM Party1 s where s.dlscdactiveflag<>'D' UNION ALL SELECT 'UPDATE' as mergeKey, source.* FROM Party1 source JOIN curate_enterprise.Party Target ON source.SourcePartyCode = Target.SourcePartyCode WHERE Target.DLSCDActiveFlag = 'Y' and source.DLSCDActiveFlag = 'Y') src ON T.SourcePartyCode = src.mergeKey AND T.DLSCDActiveFlag = 'Y' when matched THEN UPDATE SET DLSCDActiveFlag = 'N', DLSCDEndDateTime = src.RunDateTime ,DLUpdateDateTime = src.RunDateTime WHEN not MATCHED AND src.mergeKey <> 'UPDATE' and src.mergekey <> 'DEACTIVATE' THEN INSERT(PartyId , PartyTypeId , PartyTypeName , SourcePartyCode , SourcePartyName  ,RecordSourceCode,LOVRecordSourceId ,RunDateTime,DLCreateDateTime,DLUpdateDateTime,DLSCDStartDateTime,DLSCDEndDateTime,DLSCDActiveFlag,DLETLRunLogID,DLCurateStandardRowKey)  VALUES(src.PartyId ,src.PartyTypeId ,src.PartyTypeName ,src.SourcePartyCode ,src.SourcePartyName ,src.RecordSourceCode,src.LOVRecordSourceId,src.RunDateTime,src.RunDateTime,src.RunDateTime,'1900-01-01 00:00:00.000','9999-12-31 00:00:00.000',src.DLSCDActiveFlag,src.DLETLRunLogID,src.DLCurateStandardRowKey) WHEN not MATCHED AND src.mergeKey = 'UPDATE' THEN INSERT(PartyId , PartyTypeId , PartyTypeName , SourcePartyCode , SourcePartyName  ,RecordSourceCode,LOVRecordSourceId ,RunDateTime,DLCreateDateTime,DLUpdateDateTime,DLSCDStartDateTime,DLSCDEndDateTime,DLSCDActiveFlag,DLETLRunLogID,DLCurateStandardRowKey)  VALUES(src.PartyId ,src.PartyTypeId ,src.PartyTypeName ,src.SourcePartyCode ,src.SourcePartyName ,src.RecordSourceCode,src.LOVRecordSourceId,src.RunDateTime,src.RunDateTime,src.RunDateTime,src.RunDateTime,'9999-12-31 00:00:00.000',src.DLSCDActiveFlag,src.DLETLRunLogID,src.DLCurateStandardRowKey) WHEN not MATCHED AND src.mergeKey = 'DEACTIVATE' THEN INSERT(PartyId , PartyTypeId , PartyTypeName , SourcePartyCode , SourcePartyName  ,RecordSourceCode,LOVRecordSourceId ,RunDateTime,DLCreateDateTime,DLUpdateDateTime,DLSCDStartDateTime,DLSCDEndDateTime,DLSCDActiveFlag,DLETLRunLogID,DLCurateStandardRowKey)  VALUES(src.PartyId ,src.PartyTypeId ,src.PartyTypeName ,src.SourcePartyCode ,src.SourcePartyName ,src.RecordSourceCode,src.LOVRecordSourceId,src.RunDateTime,src.RunDateTime,src.RunDateTime,src.RunDateTime,src.RunDateTime,src.DLSCDActiveFlag,src.DLETLRunLogID,src.DLCurateStandardRowKey)",
			"temp_table_name": "Party2",
			"partition_column_list": ""
		},
		{
			"card_id": "card_20033",
			"card_dependencies": [
				"card_2003"
			],
			"label": "Read_Table 20033",
			"card_type": "read_table",
			"description": "Insert in ADLS",
			"query": "MERGE INTO curate_enterprise.Party T USING (SELECT s.SourcePartyCode as MergeKey,s.* FROM Party1 s where s.dlscdactiveflag='D' UNION ALL SELECT 'UPDATE' as mergeKey, source.* FROM Party1 source JOIN curate_enterprise.Party Target ON source.SourcePartyCode = Target.SourcePartyCode WHERE Target.DLSCDActiveFlag = 'Y' and source.dlscdactiveflag='D') src ON T.SourcePartyCode = src.mergeKey AND T.DLSCDActiveFlag = 'Y' when matched THEN UPDATE SET DLSCDActiveFlag = 'N', DLSCDEndDateTime = src.RunDateTime ,DLUpdateDateTime = src.RunDateTime WHEN not MATCHED AND src.mergeKey = 'UPDATE' THEN INSERT(PartyId , PartyTypeId , PartyTypeName , SourcePartyCode , SourcePartyName  ,RecordSourceCode,LOVRecordSourceId ,RunDateTime,DLCreateDateTime,DLUpdateDateTime,DLSCDStartDateTime,DLSCDEndDateTime,DLSCDActiveFlag,DLETLRunLogID,DLCurateStandardRowKey)  VALUES(src.PartyId ,src.PartyTypeId ,src.PartyTypeName ,src.SourcePartyCode ,src.SourcePartyName ,src.RecordSourceCode,src.LOVRecordSourceId,src.RunDateTime,src.RunDateTime,src.RunDateTime,src.RunDateTime,src.RunDateTime,'N',src.DLETLRunLogID,src.DLCurateStandardRowKey) WHEN not MATCHED AND src.mergeKey <> 'UPDATE' THEN INSERT(PartyId , PartyTypeId , PartyTypeName , SourcePartyCode , SourcePartyName  ,RecordSourceCode,LOVRecordSourceId ,RunDateTime,DLCreateDateTime,DLUpdateDateTime,DLSCDStartDateTime,DLSCDEndDateTime,DLSCDActiveFlag,DLETLRunLogID,DLCurateStandardRowKey)  VALUES(src.PartyId ,src.PartyTypeId ,src.PartyTypeName ,src.SourcePartyCode ,src.SourcePartyName ,src.RecordSourceCode,src.LOVRecordSourceId,src.RunDateTime,src.RunDateTime,src.RunDateTime,src.RunDateTime,src.RunDateTime,'N',src.DLETLRunLogID,src.DLCurateStandardRowKey)",
			"temp_table_name": "Party20033",
			"partition_column_list": ""
		},
		{
			"card_id": "card_33",
			"card_dependencies": [
				"card_2",
				"card_4",
				"card_20033"
			],
			"label": "Read_Table 33",
			"card_type": "read_table",
			"description": "Client",
			"query": "select  a.PartyId  as PartyId,s.NAME as Name, s.DESCRIPTION as Description,s.value as ClientCode,'BUKOPMS' as RecordSourceCode, s.CurateStandardRowKey, c.LOVId as LOVRecordSourceId ,s.DLETLRunLogID , current_timestamp() as rundatetime,case when s.rn=1 and ifnull(s.operation,'null')<>'DELETE' then 'Y' when s.rn=1 and ifnull(s.operation,'null')='DELETE' then 'D' else 'N' end as DLSCDActiveFlag from patientinfo5 s left join (select PartyId , SourcePartyCode from curate_enterprise.Party where PartyTypeName = 'Client' and RecordSourceCode = 'BUKOPMS' and DLSCDActiveFlag = 'Y' ) a on a.SourcePartyCode = s.Value  left join (select LOVId from reflovsetinfo where lovkey = 'BUKOPMS' and lovsetname='System of Record' and LOVrecordsourceid=12012)c on (1=1) ",
			"temp_table_name": "Client",
			"partition_column_list": ""
		},
		{
			"card_id": "card_36",
			"card_dependencies": [
				"card_33"
			],
			"label": "Read_Table 36",
			"card_type": "read_table",
			"description": "Inserts",
			"query": "select cast(md5(concat_ws('^|~', ClientCode, LOVRecordSourceId)) as string) as ClientId, cast( PartyId as string), cast( Name as string),cast( Description as string),cast( ClientCode as string) , cast (RecordSourceCode as string),cast (LOVRecordSourceId as int) , RunDateTime,cast (DLETLRunLogID as int),cast (CurateStandardRowKey as bigint) as DLCurateStandardRowKey,DLSCDActiveFlag from Client where PartyId is not null",
			"temp_table_name": "Client1",
			"partition_column_list": ""
		},
		{
			"card_id": "card_8003",
			"card_dependencies": [
				"card_36"
			],
			"label": "Read_Table 2003",
			"card_type": "read_table",
			"description": "Insert in ADLS",
			"query": "MERGE INTO curate_enterprise.Client T USING (SELECT case when s.dlscdactiveflag='Y' then s.ClientCode else 'DEACTIVATE' end as mergeKey, s.* FROM Client1 s where s.dlscdactiveflag<>'D' UNION ALL SELECT 'UPDATE' as mergeKey, source.* FROM Client1 source JOIN curate_enterprise.Client Target ON source.ClientCode = Target.ClientCode WHERE Target.DLSCDActiveFlag = 'Y' and source.DLSCDActiveFlag = 'Y') src ON T.ClientCode = src.mergeKey AND T.DLSCDActiveFlag = 'Y' when matched THEN UPDATE SET DLSCDActiveFlag = 'N', DLSCDEndDateTime = src.RunDateTime ,DLUpdateDateTime = src.RunDateTime WHEN not MATCHED AND src.mergeKey <> 'UPDATE' and src.mergekey <> 'DEACTIVATE' THEN INSERT(ClientId , PartyId , Name , Description , ClientCode   ,RecordSourceCode,LOVRecordSourceId ,RunDateTime,DLCreateDateTime,DLUpdateDateTime,DLSCDStartDateTime,DLSCDEndDateTime,DLSCDActiveFlag,DLETLRunLogID,DLCurateStandardRowKey)  VALUES(src.ClientId ,src.PartyId ,src.Name ,src.Description ,src.ClientCode  ,src.RecordSourceCode,src.LOVRecordSourceId,src.RunDateTime,src.RunDateTime,src.RunDateTime,'1900-01-01 00:00:00.000','9999-12-31 00:00:00.000',src.DLSCDActiveFlag,src.DLETLRunLogID,src.DLCurateStandardRowKey) WHEN not MATCHED AND src.mergeKey = 'UPDATE' THEN INSERT(ClientId , PartyId , Name , Description , ClientCode   ,RecordSourceCode,LOVRecordSourceId ,RunDateTime,DLCreateDateTime,DLUpdateDateTime,DLSCDStartDateTime,DLSCDEndDateTime,DLSCDActiveFlag,DLETLRunLogID,DLCurateStandardRowKey)  VALUES(src.ClientId ,src.PartyId ,src.Name ,src.Description ,src.ClientCode  ,src.RecordSourceCode,src.LOVRecordSourceId,src.RunDateTime,src.RunDateTime,src.RunDateTime,src.RunDateTime,'9999-12-31 00:00:00.000',src.DLSCDActiveFlag,src.DLETLRunLogID,src.DLCurateStandardRowKey) WHEN not MATCHED AND src.mergeKey = 'DEACTIVATE' THEN INSERT(ClientId , PartyId , Name , Description , ClientCode   ,RecordSourceCode,LOVRecordSourceId ,RunDateTime,DLCreateDateTime,DLUpdateDateTime,DLSCDStartDateTime,DLSCDEndDateTime,DLSCDActiveFlag,DLETLRunLogID,DLCurateStandardRowKey)  VALUES(src.ClientId ,src.PartyId ,src.Name ,src.Description ,src.ClientCode  ,src.RecordSourceCode,src.LOVRecordSourceId,src.RunDateTime,src.RunDateTime,src.RunDateTime,src.RunDateTime,src.RunDateTime,src.DLSCDActiveFlag,src.DLETLRunLogID,src.DLCurateStandardRowKey)",
			"temp_table_name": "client2",
			"partition_column_list": ""
		},
		{
			"card_id": "card_80033",
			"card_dependencies": [
				"card_8003"
			],
			"label": "Read_Table 80033",
			"card_type": "read_table",
			"description": "Insert in ADLS",
			"query": "MERGE INTO curate_enterprise.Client T USING (SELECT s.ClientCode as MergeKey,s.* FROM Client1 s where s.dlscdactiveflag='D' UNION ALL SELECT 'UPDATE' as mergeKey, source.* FROM Client1 source JOIN curate_enterprise.Client Target ON source.ClientCode = Target.ClientCode WHERE Target.DLSCDActiveFlag = 'Y' and source.dlscdactiveflag='D') src ON T.ClientCode = src.mergeKey AND T.DLSCDActiveFlag = 'Y' when matched THEN UPDATE SET DLSCDActiveFlag = 'N', DLSCDEndDateTime = src.RunDateTime ,DLUpdateDateTime = src.RunDateTime WHEN not MATCHED AND src.mergeKey = 'UPDATE' THEN INSERT(ClientId , PartyId , Name , Description , ClientCode   ,RecordSourceCode,LOVRecordSourceId ,RunDateTime,DLCreateDateTime,DLUpdateDateTime,DLSCDStartDateTime,DLSCDEndDateTime,DLSCDActiveFlag,DLETLRunLogID,DLCurateStandardRowKey)  VALUES(src.ClientId ,src.PartyId ,src.Name ,src.Description ,src.ClientCode  ,src.RecordSourceCode,src.LOVRecordSourceId,src.RunDateTime,src.RunDateTime,src.RunDateTime,src.RunDateTime,src.RunDateTime,'N',src.DLETLRunLogID,src.DLCurateStandardRowKey) WHEN not MATCHED AND src.mergeKey <> 'UPDATE' THEN INSERT(ClientId , PartyId , Name , Description , ClientCode   ,RecordSourceCode,LOVRecordSourceId ,RunDateTime,DLCreateDateTime,DLUpdateDateTime,DLSCDStartDateTime,DLSCDEndDateTime,DLSCDActiveFlag,DLETLRunLogID,DLCurateStandardRowKey)  VALUES(src.ClientId ,src.PartyId ,src.Name ,src.Description ,src.ClientCode  ,src.RecordSourceCode,src.LOVRecordSourceId,src.RunDateTime,src.RunDateTime,src.RunDateTime,src.RunDateTime,src.RunDateTime,'N',src.DLETLRunLogID,src.DLCurateStandardRowKey)",
			"temp_table_name": "client80033",
			"partition_column_list": ""
		},
		{
			"card_id": "card_38",
			"card_dependencies": [
				"card_2",
				"card_30",
				"card_4",
				"card_36",
				"card_80033"
			],
			"label": "Read_Table 38",
			"card_type": "read_table",
			"description": "ODHClient",
			"query": "select a.ClientId  as ClientId, b.OrganisationId as OrganisationId, s.AD_CLIENT_ID as SRCClientId, s.VALUE as ClientValue,s.ISACTIVE as IsActive,s.CREATED as SourceCreated,s.CREATEDBY as SourceCreatedBy,s.UPDATED as SourceUpdated,s.UPDATEDBY as SourceUpdatedBy,s.SMTPHOST as SmtpHost,s.REQUESTEMAIL as RequestEmail,s.REQUESTUSER as RequestUser,s.REQUESTUSERPW as RequestUserPw,s.REQUESTFOLDER as RequestFolder,s.AD_LANGUAGE as AdLanguage,s.ISMULTILINGUALDOCUMENT as IsMultilingualDocument,s.ISSMTPAUTHORIZATION as IsSmtpAuthorization,s.C_CURRENCY_ID as SRCCurrencyId,s.ACCTDIM_CENTRALLY_MAINTAINED as AcctdimCentrallyMaintained,s.PROJECT_ACCTDIM_ISENABLE as ProjectAcctdimIsenable,s.PROJECT_ACCTDIM_HEADER as ProjectAcctdimHeader,s.PROJECT_ACCTDIM_LINES as ProjectAcctdimLines,s.PROJECT_ACCTDIM_BREAKDOWN as ProjectAcctdimBreakdown,s.BPARTNER_ACCTDIM_ISENABLE as BpartnerAcctdimIsEnable,s.BPARTNER_ACCTDIM_HEADER as BpartnerAcctdimHeader,s.BPARTNER_ACCTDIM_LINES as BpartnerAcctdimLines,s.BPARTNER_ACCTDIM_BREAKDOWN as BpartnerAcctdimBreakdown,s.PRODUCT_ACCTDIM_ISENABLE as ProductAcctdimIsenable,s.PRODUCT_ACCTDIM_HEADER as ProductAcctdimHeader,s.PRODUCT_ACCTDIM_LINES as ProductAcctdimLines,s.PRODUCT_ACCTDIM_BREAKDOWN as ProductAcctdimBreakdown,s.COSTCENTER_ACCTDIM_HEADER as CostcenterAcctdimHeader,s.COSTCENTER_ACCTDIM_ISENABLE as CostcenterAcctdimIsenable,s.COSTCENTER_ACCTDIM_LINES as CostcenterAcctdimLines,s.COSTCENTER_ACCTDIM_BREAKDOWN as CostcenterAcctdimBreakdown,s.USER1_ACCTDIM_ISENABLE as User1AcctdimIsenable,s.USER1_ACCTDIM_HEADER as User1AcctdimHeader,s.USER1_ACCTDIM_LINES as User1AcctdimLines,s.USER1_ACCTDIM_BREAKDOWN as User1AcctdimBreakdown,s.USER2_ACCTDIM_ISENABLE as User2AcctdimIsenable,s.USER2_ACCTDIM_HEADER as User2AcctdimHeader,s.USER2_ACCTDIM_LINES as User2AcctdimLines,s.USER2_ACCTDIM_BREAKDOWN as User2AcctdimBreakdown,s.ORG_ACCTDIM_ISENABLE as OrgAcctdimIsenable,s.ORG_ACCTDIM_HEADER as OrgAcctdimHeader,s.ORG_ACCTDIM_LINES as OrgAcctdimLines,s.ORG_ACCTDIM_BREAKDOWN as OrgAcctdimBreakdown,s.EM_OBMOBC_AUTH_KEY as EmObmobcAuthKey,'BUKOPMS' as RecordSourceCode ,s.CurateStandardRowKey, r.LOVId as LOVRecordSourceId,current_timestamp as RunDateTime,s.DLETLRunLogID,case when s.rn=1 and ifnull(s.operation,'null')<>'DELETE' then 'Y' when s.rn=1 and ifnull(s.operation,'null')='DELETE' then 'D' else 'N' end as DLSCDActiveFlag from patientinfo5 s left join (select ClientId , ClientCode from curate_enterprise.Client where PartyId in (select PartyId from curate_enterprise.Party where PartytypeName = 'Client' and RecordSourceCode = 'BUKOPMS' and DLSCDActiveFlag = 'Y' )  and RecordSourceCode = 'BUKOPMS' and DLSCDActiveFlag = 'Y' ) a on a.ClientCode = s.Value left join (select  OrganisationId,SRCAdOrgId,RecordSourceCode from curate_enterprise.ODHAdOrg where dlscdactiveflag='Y' and RecordSourceCode='BUKOPMS')b on b.SRCAdOrgId=s.AD_ORG_ID and b.RecordSourceCode='BUKOPMS' left join (select LOVId from reflovsetinfo where lovkey = 'BUKOPMS'  and lovsetname='System of Record' and LOVrecordsourceid=12012)r  on (1=1)",
			"temp_table_name": "ODHClient1",
			"partition_column_list": ""
		},
		{
			"card_id": "card_2555",
			"card_dependencies": [
				"card_38"
			],
			"label": "Read_Table 25",
			"card_type": "read_table",
			"description": "Filtering Records",
			"query": "select cast(ClientId as string ),cast(SRCClientId as string ),cast(OrganisationID as string ),cast(ClientValue as string ),cast(IsActive as string ),cast(SourceCreated as date ),cast(SourceCreatedBy as string ),cast(SourceUpdated as date ),cast(SourceUpdatedBy as string ),cast(SMTPHost as string ),cast(RequestEmail as string ),cast(RequestUser as string ),cast(RequestUserPW as string ),cast(RequestFolder as string ),cast(AdLanguage as string ),cast(IsMultiLingualDocument as string ),cast(IsSMTPAuthorization as string ),cast(SRCCurrencyId as string ),cast(ACCTDIMCentrallyMaintained as string ),cast(ProjectACCTDIMIsEnable as string ), cast(ProjectACCTDIMHeader as string ),cast(ProjectACCTDIMLines as string ),cast(ProjectACCTDIMBreakDown as string ),cast(BPartnerACCTDIMIsEnable as string ),cast(BPartnerACCTDIMHeader as string ),cast(BPartnerACCTDIMLines as string ),cast(BPartnerACCTDIMBreakDown as string ),cast(ProductACCTDIMIsEnable as string ),cast(ProductACCTDIMHeader as string ),cast(ProductACCTDIMLines as string ),cast(ProductACCTDIMBreakDown as string ),cast(CostCenterACCTDIMHeader as string ),cast(CostCenterACCTDIMIsEnable as string ),cast(CostCenterACCTDIMLines as string ),cast(CostCenterACCTDIMBreakDown as string ),cast(User1ACCTDIMIsEnable as string ),cast(User1ACCTDIMHeader as string ),cast(User1ACCTDIMLines as string ),cast(User1ACCTDIMBreakDown as string ),cast(User2ACCTDIMIsEnable as string ),cast(User2ACCTDIMHeader as string ),cast(User2ACCTDIMLines as string ),cast(User2ACCTDIMBreakDown as string ),cast(OrgACCTDIMIsEnable as string ),cast(OrgACCTDIMHeader as string ),cast(OrgACCTDIMLines as string ),cast(OrgACCTDIMBreakDown as string ),cast(EMOBMOBCAuthKey as string ),cast (RecordSourceCode as string),cast (LOVRecordSourceId as int) , RunDateTime,cast (DLETLRunLogID as int),cast (CurateStandardRowKey as bigint) as DLCurateStandardRowKey,DLSCDActiveFlag from ODHclient1 where clientid is not null",
			"temp_table_name": "ODHClient",
			"partition_column_list": ""
		},
		{
			"card_id": "card_46",
			"card_dependencies": [
				"card_2555"
			],
			"label": "Read_Table 46",
			"card_type": "read_table",
			"description": "Merge",
			"query": "MERGE INTO curate_enterprise.ODHClient T USING (SELECT case when s.dlscdactiveflag='Y' then s.ClientValue else 'DEACTIVATE' end as mergeKey, s.* FROM ODHClient s where s.dlscdactiveflag<>'D' UNION ALL SELECT 'UPDATE' as mergeKey, source.* FROM ODHClient source JOIN curate_enterprise.ODHClient Target ON source.ClientValue = Target.ClientValue WHERE Target.DLSCDActiveFlag = 'Y' and source.DLSCDActiveFlag = 'Y') src ON T.ClientValue = src.mergeKey AND T.DLSCDActiveFlag = 'Y' when matched THEN UPDATE SET DLSCDActiveFlag = 'N', DLSCDEndDateTime = src.RunDateTime ,DLUpdateDateTime = src.RunDateTime WHEN not MATCHED AND src.mergeKey <> 'UPDATE' and src.mergekey <> 'DEACTIVATE' THEN INSERT(ClientId, OrganisationId, SRCClientId,ClientValue,IsActive,SourceCreated,SourceCreatedBy,SourceUpdated,SourceUpdatedBy,SmtpHost,RequestEmail,RequestUser,RequestUserPw,RequestFolder,AdLanguage,IsMultilingualDocument,IsSmtpAuthorization,SRCCurrencyId,AcctdimCentrallyMaintained,ProjectAcctdimIsenable,ProjectAcctdimHeader,ProjectAcctdimLines,ProjectAcctdimBreakdown,BpartnerAcctdimIsEnable,BpartnerAcctdimHeader,BpartnerAcctdimLines,BpartnerAcctdimBreakdown,ProductAcctdimIsenable,ProductAcctdimHeader,ProductAcctdimLines,ProductAcctdimBreakdown,CostcenterAcctdimHeader,CostcenterAcctdimIsenable,CostcenterAcctdimLines,CostcenterAcctdimBreakdown,User1AcctdimIsenable,User1AcctdimHeader,User1AcctdimLines,User1AcctdimBreakdown,User2AcctdimIsenable,User2AcctdimHeader,User2AcctdimLines,User2AcctdimBreakdown,OrgAcctdimIsenable,OrgAcctdimHeader,OrgAcctdimLines,OrgAcctdimBreakdown,EmObmobcAuthKey,RecordSourceCode,LOVRecordSourceId ,RunDateTime,DLCreateDateTime,DLUpdateDateTime,DLSCDStartDateTime,DLSCDEndDateTime,DLSCDActiveFlag,DLETLRunLogID,DLCurateStandardRowKey)  VALUES(src.ClientId, src.OrganisationId,src.SRCClientId,src.ClientValue, src.IsActive,src.sourceCreated,src.sourceCreatedBy, src.sourceUpdated, src.sourceUpdatedBy, src.SmtpHost,src.RequestEmail,src.RequestUser, src.RequestUserPw,src.RequestFolder, src.AdLanguage,src.IsMultilingualDocument,src.IsSmtpAuthorization,src.SRCCurrencyId,src.AcctdimCentrallyMaintained,src.ProjectAcctdimIsenable,src.ProjectAcctdimHeader,src.ProjectAcctdimLines,src.ProjectAcctdimBreakdown,src.BpartnerAcctdimIsEnable,src.BpartnerAcctdimHeader,src.BpartnerAcctdimLines,src.BpartnerAcctdimBreakdown,src.ProductAcctdimIsenable,src.ProductAcctdimHeader,src.ProductAcctdimLines,src.ProductAcctdimBreakdown,src.CostcenterAcctdimHeader,src.CostcenterAcctdimIsenable,src.CostcenterAcctdimLines,src.CostcenterAcctdimBreakdown,src.User1AcctdimIsenable,src.User1AcctdimHeader,src.User1AcctdimLines,src.User1AcctdimBreakdown,src.User2AcctdimIsenable,src.User2AcctdimHeader,src.User2AcctdimLines,src.User2AcctdimBreakdown,src.OrgAcctdimIsenable,src.OrgAcctdimHeader,src.OrgAcctdimLines,src.OrgAcctdimBreakdown,src.EmObmobcAuthKey,src.RecordSourceCode,src.LOVRecordSourceId,src.RunDateTime,src.RunDateTime,src.RunDateTime,'1900-01-01 00:00:00.000','9999-12-31 00:00:00.000',src.DLSCDActiveFlag,src.DLETLRunLogID,src.DLCurateStandardRowKey) WHEN not MATCHED AND src.mergeKey = 'UPDATE' THEN INSERT(ClientId, OrganisationId, SRCClientId,ClientValue,IsActive,SourceCreated,SourceCreatedBy,SourceUpdated,SourceUpdatedBy,SmtpHost,RequestEmail,RequestUser,RequestUserPw,RequestFolder,AdLanguage,IsMultilingualDocument,IsSmtpAuthorization,SRCCurrencyId,AcctdimCentrallyMaintained,ProjectAcctdimIsenable,ProjectAcctdimHeader,ProjectAcctdimLines,ProjectAcctdimBreakdown,BpartnerAcctdimIsEnable,BpartnerAcctdimHeader,BpartnerAcctdimLines,BpartnerAcctdimBreakdown,ProductAcctdimIsenable,ProductAcctdimHeader,ProductAcctdimLines,ProductAcctdimBreakdown,CostcenterAcctdimHeader,CostcenterAcctdimIsenable,CostcenterAcctdimLines,CostcenterAcctdimBreakdown,User1AcctdimIsenable,User1AcctdimHeader,User1AcctdimLines,User1AcctdimBreakdown,User2AcctdimIsenable,User2AcctdimHeader,User2AcctdimLines,User2AcctdimBreakdown,OrgAcctdimIsenable,OrgAcctdimHeader,OrgAcctdimLines,OrgAcctdimBreakdown,EmObmobcAuthKey,RecordSourceCode,LOVRecordSourceId ,RunDateTime,DLCreateDateTime,DLUpdateDateTime,DLSCDStartDateTime,DLSCDEndDateTime,DLSCDActiveFlag,DLETLRunLogID,DLCurateStandardRowKey)  VALUES(src.ClientId, src.OrganisationId,src.SRCClientId,src.ClientValue, src.IsActive,src.sourceCreated,src.sourceCreatedBy, src.sourceUpdated, src.sourceUpdatedBy, src.SmtpHost,src.RequestEmail,src.RequestUser, src.RequestUserPw,src.RequestFolder, src.AdLanguage,src.IsMultilingualDocument,src.IsSmtpAuthorization,src.SRCCurrencyId,src.AcctdimCentrallyMaintained,src.ProjectAcctdimIsenable,src.ProjectAcctdimHeader,src.ProjectAcctdimLines,src.ProjectAcctdimBreakdown,src.BpartnerAcctdimIsEnable,src.BpartnerAcctdimHeader,src.BpartnerAcctdimLines,src.BpartnerAcctdimBreakdown,src.ProductAcctdimIsenable,src.ProductAcctdimHeader,src.ProductAcctdimLines,src.ProductAcctdimBreakdown,src.CostcenterAcctdimHeader,src.CostcenterAcctdimIsenable,src.CostcenterAcctdimLines,src.CostcenterAcctdimBreakdown,src.User1AcctdimIsenable,src.User1AcctdimHeader,src.User1AcctdimLines,src.User1AcctdimBreakdown,src.User2AcctdimIsenable,src.User2AcctdimHeader,src.User2AcctdimLines,src.User2AcctdimBreakdown,src.OrgAcctdimIsenable,src.OrgAcctdimHeader,src.OrgAcctdimLines,src.OrgAcctdimBreakdown,src.EmObmobcAuthKey,src.RecordSourceCode,src.LOVRecordSourceId,src.RunDateTime,src.RunDateTime,src.RunDateTime,src.RunDateTime,'9999-12-31 00:00:00.000',src.DLSCDActiveFlag,src.DLETLRunLogID,src.DLCurateStandardRowKey) WHEN not MATCHED AND src.mergeKey = 'DEACTIVATE' THEN INSERT(ClientId, OrganisationId, SRCClientId,ClientValue,IsActive,SourceCreated,SourceCreatedBy,SourceUpdated,SourceUpdatedBy,SmtpHost,RequestEmail,RequestUser,RequestUserPw,RequestFolder,AdLanguage,IsMultilingualDocument,IsSmtpAuthorization,SRCCurrencyId,AcctdimCentrallyMaintained,ProjectAcctdimIsenable,ProjectAcctdimHeader,ProjectAcctdimLines,ProjectAcctdimBreakdown,BpartnerAcctdimIsEnable,BpartnerAcctdimHeader,BpartnerAcctdimLines,BpartnerAcctdimBreakdown,ProductAcctdimIsenable,ProductAcctdimHeader,ProductAcctdimLines,ProductAcctdimBreakdown,CostcenterAcctdimHeader,CostcenterAcctdimIsenable,CostcenterAcctdimLines,CostcenterAcctdimBreakdown,User1AcctdimIsenable,User1AcctdimHeader,User1AcctdimLines,User1AcctdimBreakdown,User2AcctdimIsenable,User2AcctdimHeader,User2AcctdimLines,User2AcctdimBreakdown,OrgAcctdimIsenable,OrgAcctdimHeader,OrgAcctdimLines,OrgAcctdimBreakdown,EmObmobcAuthKey,RecordSourceCode,LOVRecordSourceId ,RunDateTime,DLCreateDateTime,DLUpdateDateTime,DLSCDStartDateTime,DLSCDEndDateTime,DLSCDActiveFlag,DLETLRunLogID,DLCurateStandardRowKey)  VALUES(src.ClientId, src.OrganisationId,src.SRCClientId,src.ClientValue, src.IsActive,src.sourceCreated,src.sourceCreatedBy, src.sourceUpdated, src.sourceUpdatedBy, src.SmtpHost,src.RequestEmail,src.RequestUser, src.RequestUserPw,src.RequestFolder, src.AdLanguage,src.IsMultilingualDocument,src.IsSmtpAuthorization,src.SRCCurrencyId,src.AcctdimCentrallyMaintained,src.ProjectAcctdimIsenable,src.ProjectAcctdimHeader,src.ProjectAcctdimLines,src.ProjectAcctdimBreakdown,src.BpartnerAcctdimIsEnable,src.BpartnerAcctdimHeader,src.BpartnerAcctdimLines,src.BpartnerAcctdimBreakdown,src.ProductAcctdimIsenable,src.ProductAcctdimHeader,src.ProductAcctdimLines,src.ProductAcctdimBreakdown,src.CostcenterAcctdimHeader,src.CostcenterAcctdimIsenable,src.CostcenterAcctdimLines,src.CostcenterAcctdimBreakdown,src.User1AcctdimIsenable,src.User1AcctdimHeader,src.User1AcctdimLines,src.User1AcctdimBreakdown,src.User2AcctdimIsenable,src.User2AcctdimHeader,src.User2AcctdimLines,src.User2AcctdimBreakdown,src.OrgAcctdimIsenable,src.OrgAcctdimHeader,src.OrgAcctdimLines,src.OrgAcctdimBreakdown,src.EmObmobcAuthKey,src.RecordSourceCode,src.LOVRecordSourceId,src.RunDateTime,src.RunDateTime,src.RunDateTime,src.RunDateTime,src.RunDateTime,src.DLSCDActiveFlag,src.DLETLRunLogID,src.DLCurateStandardRowKey)",
			"temp_table_name": "ODHClient2",
			"partition_column_list": ""
		},
		{
			"card_id": "card_4611",
			"card_dependencies": [
				"card_46"
			],
			"label": "Read_Table 4611",
			"card_type": "read_table",
			"description": "Merge",
			"query": "MERGE INTO curate_enterprise.ODHClient T USING (SELECT s.ClientValue as MergeKey,s.* FROM ODHClient s where s.dlscdactiveflag='D' UNION ALL SELECT 'UPDATE' as mergeKey, source.* FROM ODHClient source JOIN curate_enterprise.ODHClient Target ON source.ClientValue = Target.ClientValue WHERE Target.DLSCDActiveFlag = 'Y' and source.dlscdactiveflag='D') src ON T.ClientValue = src.mergeKey AND T.DLSCDActiveFlag = 'Y' when matched THEN UPDATE SET DLSCDActiveFlag = 'N', DLSCDEndDateTime = src.RunDateTime ,DLUpdateDateTime = src.RunDateTime WHEN not MATCHED AND src.mergeKey = 'UPDATE' THEN INSERT(ClientId, OrganisationId, SRCClientId,ClientValue,IsActive,SourceCreated,SourceCreatedBy,SourceUpdated,SourceUpdatedBy,SmtpHost,RequestEmail,RequestUser,RequestUserPw,RequestFolder,AdLanguage,IsMultilingualDocument,IsSmtpAuthorization,SRCCurrencyId,AcctdimCentrallyMaintained,ProjectAcctdimIsenable,ProjectAcctdimHeader,ProjectAcctdimLines,ProjectAcctdimBreakdown,BpartnerAcctdimIsEnable,BpartnerAcctdimHeader,BpartnerAcctdimLines,BpartnerAcctdimBreakdown,ProductAcctdimIsenable,ProductAcctdimHeader,ProductAcctdimLines,ProductAcctdimBreakdown,CostcenterAcctdimHeader,CostcenterAcctdimIsenable,CostcenterAcctdimLines,CostcenterAcctdimBreakdown,User1AcctdimIsenable,User1AcctdimHeader,User1AcctdimLines,User1AcctdimBreakdown,User2AcctdimIsenable,User2AcctdimHeader,User2AcctdimLines,User2AcctdimBreakdown,OrgAcctdimIsenable,OrgAcctdimHeader,OrgAcctdimLines,OrgAcctdimBreakdown,EmObmobcAuthKey,RecordSourceCode,LOVRecordSourceId ,RunDateTime,DLCreateDateTime,DLUpdateDateTime,DLSCDStartDateTime,DLSCDEndDateTime,DLSCDActiveFlag,DLETLRunLogID,DLCurateStandardRowKey)  VALUES(src.ClientId, src.OrganisationId,src.SRCClientId,src.ClientValue, src.IsActive,src.sourceCreated,src.sourceCreatedBy, src.sourceUpdated, src.sourceUpdatedBy, src.SmtpHost,src.RequestEmail,src.RequestUser, src.RequestUserPw,src.RequestFolder, src.AdLanguage,src.IsMultilingualDocument,src.IsSmtpAuthorization,src.SRCCurrencyId,src.AcctdimCentrallyMaintained,src.ProjectAcctdimIsenable,src.ProjectAcctdimHeader,src.ProjectAcctdimLines,src.ProjectAcctdimBreakdown,src.BpartnerAcctdimIsEnable,src.BpartnerAcctdimHeader,src.BpartnerAcctdimLines,src.BpartnerAcctdimBreakdown,src.ProductAcctdimIsenable,src.ProductAcctdimHeader,src.ProductAcctdimLines,src.ProductAcctdimBreakdown,src.CostcenterAcctdimHeader,src.CostcenterAcctdimIsenable,src.CostcenterAcctdimLines,src.CostcenterAcctdimBreakdown,src.User1AcctdimIsenable,src.User1AcctdimHeader,src.User1AcctdimLines,src.User1AcctdimBreakdown,src.User2AcctdimIsenable,src.User2AcctdimHeader,src.User2AcctdimLines,src.User2AcctdimBreakdown,src.OrgAcctdimIsenable,src.OrgAcctdimHeader,src.OrgAcctdimLines,src.OrgAcctdimBreakdown,src.EmObmobcAuthKey,src.RecordSourceCode,src.LOVRecordSourceId,src.RunDateTime,src.RunDateTime,src.RunDateTime,src.RunDateTime,src.RunDateTime,'N',src.DLETLRunLogID,src.DLCurateStandardRowKey) WHEN not MATCHED AND src.mergeKey <> 'UPDATE' THEN INSERT(ClientId, OrganisationId, SRCClientId,ClientValue,IsActive,SourceCreated,SourceCreatedBy,SourceUpdated,SourceUpdatedBy,SmtpHost,RequestEmail,RequestUser,RequestUserPw,RequestFolder,AdLanguage,IsMultilingualDocument,IsSmtpAuthorization,SRCCurrencyId,AcctdimCentrallyMaintained,ProjectAcctdimIsenable,ProjectAcctdimHeader,ProjectAcctdimLines,ProjectAcctdimBreakdown,BpartnerAcctdimIsEnable,BpartnerAcctdimHeader,BpartnerAcctdimLines,BpartnerAcctdimBreakdown,ProductAcctdimIsenable,ProductAcctdimHeader,ProductAcctdimLines,ProductAcctdimBreakdown,CostcenterAcctdimHeader,CostcenterAcctdimIsenable,CostcenterAcctdimLines,CostcenterAcctdimBreakdown,User1AcctdimIsenable,User1AcctdimHeader,User1AcctdimLines,User1AcctdimBreakdown,User2AcctdimIsenable,User2AcctdimHeader,User2AcctdimLines,User2AcctdimBreakdown,OrgAcctdimIsenable,OrgAcctdimHeader,OrgAcctdimLines,OrgAcctdimBreakdown,EmObmobcAuthKey,RecordSourceCode,LOVRecordSourceId ,RunDateTime,DLCreateDateTime,DLUpdateDateTime,DLSCDStartDateTime,DLSCDEndDateTime,DLSCDActiveFlag,DLETLRunLogID,DLCurateStandardRowKey)  VALUES(src.ClientId, src.OrganisationId,src.SRCClientId,src.ClientValue, src.IsActive,src.sourceCreated,src.sourceCreatedBy, src.sourceUpdated, src.sourceUpdatedBy, src.SmtpHost,src.RequestEmail,src.RequestUser, src.RequestUserPw,src.RequestFolder, src.AdLanguage,src.IsMultilingualDocument,src.IsSmtpAuthorization,src.SRCCurrencyId,src.AcctdimCentrallyMaintained,src.ProjectAcctdimIsenable,src.ProjectAcctdimHeader,src.ProjectAcctdimLines,src.ProjectAcctdimBreakdown,src.BpartnerAcctdimIsEnable,src.BpartnerAcctdimHeader,src.BpartnerAcctdimLines,src.BpartnerAcctdimBreakdown,src.ProductAcctdimIsenable,src.ProductAcctdimHeader,src.ProductAcctdimLines,src.ProductAcctdimBreakdown,src.CostcenterAcctdimHeader,src.CostcenterAcctdimIsenable,src.CostcenterAcctdimLines,src.CostcenterAcctdimBreakdown,src.User1AcctdimIsenable,src.User1AcctdimHeader,src.User1AcctdimLines,src.User1AcctdimBreakdown,src.User2AcctdimIsenable,src.User2AcctdimHeader,src.User2AcctdimLines,src.User2AcctdimBreakdown,src.OrgAcctdimIsenable,src.OrgAcctdimHeader,src.OrgAcctdimLines,src.OrgAcctdimBreakdown,src.EmObmobcAuthKey,src.RecordSourceCode,src.LOVRecordSourceId,src.RunDateTime,src.RunDateTime,src.RunDateTime,src.RunDateTime,src.RunDateTime,'N',src.DLETLRunLogID,src.DLCurateStandardRowKey)",
			"temp_table_name": "ODHClient4611",
			"partition_column_list": ""
		}
	]
}