{
	"name": "PL_AUDIT_CLOSE_BATCH_ID",
	"properties": {
		"activities": [
			{
				"name": "CloseBatchId",
				"type": "DatabricksNotebook",
				"dependsOn": [
					{
						"activity": "LookupPipelineParams",
						"dependencyConditions": [
							"Succeeded"
						]
					}
				],
				"policy": {
					"timeout": "7.00:00:00",
					"retry": 0,
					"retryIntervalInSeconds": 30,
					"secureOutput": false,
					"secureInput": false
				},
				"userProperties": [],
				"typeProperties": {
					"notebookPath": "/Abinitio_Rebuild/Common/Close_Batch_Id",
					"baseParameters": {
						"proj_name": {
							"value": "@pipeline().parameters.PL_PAR_PROJ_NAME",
							"type": "Expression"
						},
						"src_stream_name": {
							"value": "@pipeline().parameters.PL_PAR_SRC_STREAM_NAME",
							"type": "Expression"
						},
						"database_name": {
							"value": "@activity('LookupPipelineParams').output.firstRow.P1_PAR_PL_DATABASE_NAME",
							"type": "Expression"
						},
						"schema_name": {
							"value": "@activity('LookupPipelineParams').output.firstRow.P1_PAR_PL_SCHEMA_NAME",
							"type": "Expression"
						}
					}
				},
				"linkedServiceName": {
					"referenceName": "DataBricks",
					"type": "LinkedServiceReference"
				}
			},
			{
				"name": "LookupPipelineParams",
				"type": "Lookup",
				"dependsOn": [],
				"policy": {
					"timeout": "7.00:00:00",
					"retry": 0,
					"retryIntervalInSeconds": 30,
					"secureOutput": false,
					"secureInput": false
				},
				"userProperties": [],
				"typeProperties": {
					"source": {
						"type": "AzureSqlSource",
						"sqlReaderQuery": {
							"value": "@concat('exec dbo.usp_GetPipelineParameters ','''',pipeline().parameters.PAR_JOB_ID,'''')",
							"type": "Expression"
						},
						"queryTimeout": "02:00:00",
						"partitionOption": "None"
					},
					"dataset": {
						"referenceName": "DS_AZURE_SQL_PARAM_TBL",
						"type": "DatasetReference"
					},
					"firstRowOnly": true
				}
			}
		],
		"parameters": {
			"PL_PAR_PROJ_NAME": {
				"type": "string",
				"defaultValue": "pharmacy"
			},
			"PL_PAR_SRC_STREAM_NAME": {
				"type": "string",
				"defaultValue": "pharmacy"
			},
			"PAR_JOB_ID": {
				"type": "string",
				"defaultValue": "4AB3B201-4EA2-4DAD-A23F-47F41D3B2F4D"
			}
		},
		"folder": {
			"name": "Abinitio_Rebuild/Common"
		},
		"annotations": []
	}
}