{
	"name": "PL_HDFS_ADLS_Data_Copy_CreateTables_Onlydata",
	"properties": {
		"activities": [
			{
				"name": "Iterate_HDFS_ADLS_Mapping",
				"type": "ForEach",
				"dependsOn": [
					{
						"activity": "lk_Historical_Migration_Adls_Mapping",
						"dependencyConditions": [
							"Succeeded"
						]
					}
				],
				"userProperties": [],
				"typeProperties": {
					"items": {
						"value": "@activity('lk_Historical_Migration_Adls_Mapping').output.value",
						"type": "Expression"
					},
					"isSequential": true,
					"activities": [
						{
							"name": "Copy_HDFS_To_ADLS",
							"type": "Copy",
							"dependsOn": [],
							"policy": {
								"timeout": "7.00:00:00",
								"retry": 0,
								"retryIntervalInSeconds": 30,
								"secureOutput": false,
								"secureInput": false
							},
							"userProperties": [],
							"typeProperties": {
								"source": {
									"type": "BinarySource",
									"storeSettings": {
										"type": "HdfsReadSettings",
										"deleteFilesAfterCompletion": false,
										"recursive": true
									},
									"formatSettings": {
										"type": "BinaryReadSettings"
									}
								},
								"sink": {
									"type": "BinarySink",
									"storeSettings": {
										"type": "AzureBlobFSWriteSettings"
									}
								},
								"enableStaging": false
							},
							"inputs": [
								{
									"referenceName": "DEV_HDFS",
									"type": "DatasetReference",
									"parameters": {
										"HDFS_File_Path": {
											"value": "@item().Prop_0",
											"type": "Expression"
										}
									}
								}
							],
							"outputs": [
								{
									"referenceName": "ADLS_Binary",
									"type": "DatasetReference",
									"parameters": {
										"ADLS_PATH": "@item().Prop_1"
									}
								}
							]
						}
					]
				}
			},
			{
				"name": "lk_Historical_Migration_Adls_Mapping",
				"type": "Lookup",
				"dependsOn": [],
				"policy": {
					"timeout": "7.00:00:00",
					"retry": 0,
					"retryIntervalInSeconds": 30,
					"secureOutput": false,
					"secureInput": false
				},
				"userProperties": [],
				"typeProperties": {
					"source": {
						"type": "DelimitedTextSource",
						"storeSettings": {
							"type": "AzureBlobFSReadSettings",
							"recursive": true,
							"enablePartitionDiscovery": false
						},
						"formatSettings": {
							"type": "DelimitedTextReadSettings"
						}
					},
					"dataset": {
						"referenceName": "ds_hdfs_adls_mapping_new",
						"type": "DatasetReference",
						"parameters": {
							"filename": {
								"value": "@pipeline().parameters.sourcefile",
								"type": "Expression"
							}
						}
					},
					"firstRowOnly": false
				}
			}
		],
		"parameters": {
			"sourcefile": {
				"type": "string"
			}
		},
		"folder": {
			"name": "Platform_data_Migration"
		},
		"annotations": []
	}
}