{
	"name": "pl_log_analytics",
	"properties": {
		"activities": [
			{
				"name": "Copy_File_to_Table",
				"type": "Copy",
				"dependsOn": [
					{
						"activity": "set_var_Batch_ID",
						"dependencyConditions": [
							"Succeeded"
						]
					}
				],
				"policy": {
					"timeout": "7.00:00:00",
					"retry": 0,
					"retryIntervalInSeconds": 30,
					"secureOutput": false,
					"secureInput": false
				},
				"userProperties": [],
				"typeProperties": {
					"source": {
						"type": "DelimitedTextSource",
						"storeSettings": {
							"type": "AzureBlobFSReadSettings",
							"recursive": true,
							"enablePartitionDiscovery": false
						},
						"formatSettings": {
							"type": "DelimitedTextReadSettings"
						}
					},
					"sink": {
						"type": "DelimitedTextSink",
						"storeSettings": {
							"type": "AzureBlobFSWriteSettings"
						},
						"formatSettings": {
							"type": "DelimitedTextWriteSettings",
							"quoteAllText": true,
							"fileExtension": ".txt"
						}
					},
					"enableStaging": false,
					"translator": {
						"type": "TabularTranslator",
						"typeConversion": true,
						"typeConversionSettings": {
							"allowDataTruncation": true,
							"treatBooleanAsNumber": false
						}
					}
				},
				"inputs": [
					{
						"referenceName": "DS_ADLS_LOG_ANALYTICS_INPUT",
						"type": "DatasetReference"
					}
				],
				"outputs": [
					{
						"referenceName": "DS_ASA_LOG_ANALYTICS_OUTPUT_FILE",
						"type": "DatasetReference"
					}
				]
			},
			{
				"name": "set_var_Batch_ID",
				"type": "SetVariable",
				"dependsOn": [],
				"userProperties": [],
				"typeProperties": {
					"variableName": "PL_VAR_BATCH_ID",
					"value": {
						"value": "@pipeline().parameters.PL_PAR_BATCH_ID",
						"type": "Expression"
					}
				}
			}
		],
		"parameters": {
			"PL_PAR_BATCH_ID": {
				"type": "string"
			}
		},
		"variables": {
			"PL_VAR_BATCH_ID": {
				"type": "String"
			}
		},
		"annotations": []
	}
}