{
    "name": "SFT_ONPREM_ADLS_File_1",
    "properties": {
        "activities": [
            {
                "name": "lk_sftdatacopylocationmapping",
                "type": "Lookup",
                "dependsOn": [],
                "policy": {
                    "timeout": "7.00:00:00",
                    "retry": 0,
                    "retryIntervalInSeconds": 30,
                    "secureOutput": false,
                    "secureInput": false
                },
                "userProperties": [],
                "typeProperties": {
                    "source": {
                        "type": "DelimitedTextSource",
                        "storeSettings": {
                            "type": "AzureBlobFSReadSettings",
                            "recursive": true,
                            "enablePartitionDiscovery": false
                        },
                        "formatSettings": {
                            "type": "DelimitedTextReadSettings"
                        }
                    },
                    "dataset": {
                        "referenceName": "onprem_adls_datacopy_mapping",
                        "type": "DatasetReference"
                    },
                    "firstRowOnly": false
                }
            },
            {
                "name": "ForEach_Lookup_sftpmappinglocation",
                "type": "ForEach",
                "dependsOn": [
                    {
                        "activity": "lk_sftdatacopylocationmapping",
                        "dependencyConditions": [
                            "Succeeded"
                        ]
                    },
                    {
                        "activity": "lkreadtime",
                        "dependencyConditions": [
                            "Succeeded"
                        ]
                    }
                ],
                "userProperties": [],
                "typeProperties": {
                    "items": {
                        "value": "@activity('lk_sftdatacopylocationmapping').output.value",
                        "type": "Expression"
                    },
                    "activities": [
                        {
                            "name": "CD_OnpremTOADLS_DataMapping",
                            "type": "Copy",
                            "dependsOn": [],
                            "policy": {
                                "timeout": "7.00:00:00",
                                "retry": 0,
                                "retryIntervalInSeconds": 30,
                                "secureOutput": false,
                                "secureInput": false
                            },
                            "userProperties": [],
                            "typeProperties": {
                                "source": {
                                    "type": "DelimitedTextSource",
                                    "storeSettings": {
                                        "type": "SftpReadSettings",
                                        "recursive": true,
                                        "wildcardFileName": "*",
                                        "enablePartitionDiscovery": false
                                    },
                                    "formatSettings": {
                                        "type": "DelimitedTextReadSettings"
                                    }
                                },
                                "sink": {
                                    "type": "DelimitedTextSink",
                                    "storeSettings": {
                                        "type": "AzureBlobFSWriteSettings"
                                    },
                                    "formatSettings": {
                                        "type": "DelimitedTextWriteSettings",
                                        "quoteAllText": true,
                                        "fileExtension": ".txt"
                                    }
                                },
                                "enableStaging": false,
                                "translator": {
                                    "type": "TabularTranslator",
                                    "typeConversion": true,
                                    "typeConversionSettings": {
                                        "allowDataTruncation": true,
                                        "treatBooleanAsNumber": false
                                    }
                                }
                            },
                            "inputs": [
                                {
                                    "referenceName": "sftp_onprem_adls_mappingfile",
                                    "type": "DatasetReference",
                                    "parameters": {
                                        "folderpath": {
                                            "value": "@item().Prop_0",
                                            "type": "Expression"
                                        }
                                    }
                                }
                            ],
                            "outputs": [
                                {
                                    "referenceName": "ds_adlslocationformappingfile",
                                    "type": "DatasetReference",
                                    "parameters": {
                                        "adlsfoldermapping": {
                                            "value": "@item().Prop_1",
                                            "type": "Expression"
                                        }
                                    }
                                }
                            ]
                        }
                    ]
                }
            },
            {
                "name": "Set_Time",
                "type": "SetVariable",
                "dependsOn": [],
                "userProperties": [],
                "typeProperties": {
                    "variableName": "this_time",
                    "value": {
                        "value": "@utcnow()",
                        "type": "Expression"
                    }
                }
            },
            {
                "name": "CD_SetTime",
                "type": "Copy",
                "dependsOn": [
                    {
                        "activity": "Set_Time",
                        "dependencyConditions": [
                            "Succeeded"
                        ]
                    }
                ],
                "policy": {
                    "timeout": "7.00:00:00",
                    "retry": 0,
                    "retryIntervalInSeconds": 30,
                    "secureOutput": false,
                    "secureInput": false
                },
                "userProperties": [],
                "typeProperties": {
                    "source": {
                        "type": "DelimitedTextSource",
                        "additionalColumns": [
                            {
                                "name": "time",
                                "value": {
                                    "value": "@variables('this_time')",
                                    "type": "Expression"
                                }
                            }
                        ],
                        "storeSettings": {
                            "type": "AzureBlobFSReadSettings",
                            "recursive": true,
                            "enablePartitionDiscovery": false
                        },
                        "formatSettings": {
                            "type": "DelimitedTextReadSettings"
                        }
                    },
                    "sink": {
                        "type": "DelimitedTextSink",
                        "storeSettings": {
                            "type": "AzureBlobFSWriteSettings"
                        },
                        "formatSettings": {
                            "type": "DelimitedTextWriteSettings",
                            "quoteAllText": true,
                            "fileExtension": ".txt"
                        }
                    },
                    "enableStaging": false,
                    "translator": {
                        "type": "TabularTranslator",
                        "typeConversion": true,
                        "typeConversionSettings": {
                            "allowDataTruncation": true,
                            "treatBooleanAsNumber": false
                        }
                    }
                },
                "inputs": [
                    {
                        "referenceName": "timevariable",
                        "type": "DatasetReference"
                    }
                ],
                "outputs": [
                    {
                        "referenceName": "Lastrecord",
                        "type": "DatasetReference"
                    }
                ]
            },
            {
                "name": "lkreadtime",
                "type": "Lookup",
                "dependsOn": [
                    {
                        "activity": "CD_SetTime",
                        "dependencyConditions": [
                            "Succeeded"
                        ]
                    }
                ],
                "policy": {
                    "timeout": "7.00:00:00",
                    "retry": 0,
                    "retryIntervalInSeconds": 30,
                    "secureOutput": false,
                    "secureInput": false
                },
                "userProperties": [],
                "typeProperties": {
                    "source": {
                        "type": "DelimitedTextSource",
                        "storeSettings": {
                            "type": "AzureBlobFSReadSettings",
                            "recursive": true,
                            "enablePartitionDiscovery": false
                        },
                        "formatSettings": {
                            "type": "DelimitedTextReadSettings"
                        }
                    },
                    "dataset": {
                        "referenceName": "Lastrecord",
                        "type": "DatasetReference"
                    }
                }
            }
        ],
        "variables": {
            "this_time": {
                "type": "String"
            },
            "last_time": {
                "type": "String"
            }
        },
        "folder": {
            "name": "Platform_data_Migration"
        },
        "annotations": []
    }
}