{
	"name": "SFT_ONPREM_ADLS_File_Copy",
	"properties": {
		"activities": [
			{
				"name": "lk_sftdatacopylocationmapping",
				"type": "Lookup",
				"dependsOn": [],
				"policy": {
					"timeout": "7.00:00:00",
					"retry": 0,
					"retryIntervalInSeconds": 30,
					"secureOutput": false,
					"secureInput": false
				},
				"userProperties": [],
				"typeProperties": {
					"source": {
						"type": "DelimitedTextSource",
						"storeSettings": {
							"type": "AzureBlobFSReadSettings",
							"recursive": true,
							"enablePartitionDiscovery": false
						},
						"formatSettings": {
							"type": "DelimitedTextReadSettings"
						}
					},
					"dataset": {
						"referenceName": "onprem_adls_datacopy_mapping",
						"type": "DatasetReference"
					},
					"firstRowOnly": false
				}
			},
			{
				"name": "ForEach_Lookup_sftpmappinglocation",
				"type": "ForEach",
				"dependsOn": [
					{
						"activity": "lk_sftdatacopylocationmapping",
						"dependencyConditions": [
							"Succeeded"
						]
					}
				],
				"userProperties": [],
				"typeProperties": {
					"items": {
						"value": "@activity('lk_sftdatacopylocationmapping').output.value",
						"type": "Expression"
					},
					"isSequential": true,
					"activities": [
						{
							"name": "CD_OnpremTOADLS_DataMapping",
							"type": "Copy",
							"dependsOn": [
								{
									"activity": "Set_Last_Modify",
									"dependencyConditions": [
										"Succeeded"
									]
								}
							],
							"policy": {
								"timeout": "7.00:00:00",
								"retry": 0,
								"retryIntervalInSeconds": 30,
								"secureOutput": false,
								"secureInput": false
							},
							"userProperties": [],
							"typeProperties": {
								"source": {
									"type": "DelimitedTextSource",
									"storeSettings": {
										"type": "SftpReadSettings",
										"recursive": true,
										"modifiedDatetimeStart": {
											"value": "@addMinutes(variables('last_modify'),-30)",
											"type": "Expression"
										},
										"modifiedDatetimeEnd": {
											"value": "@addMinutes(variables('last_modify'),1)\n",
											"type": "Expression"
										},
										"wildcardFileName": "*",
										"enablePartitionDiscovery": false
									},
									"formatSettings": {
										"type": "DelimitedTextReadSettings"
									}
								},
								"sink": {
									"type": "DelimitedTextSink",
									"storeSettings": {
										"type": "AzureBlobFSWriteSettings"
									},
									"formatSettings": {
										"type": "DelimitedTextWriteSettings",
										"quoteAllText": true,
										"fileExtension": ".csv"
									}
								},
								"enableStaging": false
							},
							"inputs": [
								{
									"referenceName": "sftp_onprem_adls_mappingfile",
									"type": "DatasetReference",
									"parameters": {
										"folderpath": "@item().Prop_0"
									}
								}
							],
							"outputs": [
								{
									"referenceName": "ds_adlslocationformappingfile",
									"type": "DatasetReference",
									"parameters": {
										"adlsfoldermapping": "@item().Prop_1"
									}
								}
							]
						},
						{
							"name": "CD_ArchiveLocation",
							"type": "Copy",
							"dependsOn": [
								{
									"activity": "CD_OnpremTOADLS_DataMapping",
									"dependencyConditions": [
										"Succeeded"
									]
								}
							],
							"policy": {
								"timeout": "7.00:00:00",
								"retry": 0,
								"retryIntervalInSeconds": 30,
								"secureOutput": false,
								"secureInput": false
							},
							"userProperties": [],
							"typeProperties": {
								"source": {
									"type": "DelimitedTextSource",
									"additionalColumns": [
										{
											"name": "file_name",
											"value": ""
										}
									],
									"storeSettings": {
										"type": "SftpReadSettings",
										"recursive": true,
										"modifiedDatetimeStart": {
											"value": "@addMinutes(variables('last_modify'),-30)",
											"type": "Expression"
										},
										"modifiedDatetimeEnd": {
											"value": "@addMinutes(variables('last_modify'),1)",
											"type": "Expression"
										},
										"wildcardFileName": "*",
										"enablePartitionDiscovery": false
									},
									"formatSettings": {
										"type": "DelimitedTextReadSettings"
									}
								},
								"sink": {
									"type": "DelimitedTextSink",
									"storeSettings": {
										"type": "SftpWriteSettings",
										"operationTimeout": "01:00:00",
										"useTempFileRename": true
									},
									"formatSettings": {
										"type": "DelimitedTextWriteSettings",
										"quoteAllText": true,
										"fileExtension": ".csv"
									}
								},
								"enableStaging": false,
								"translator": {
									"type": "TabularTranslator",
									"typeConversion": true,
									"typeConversionSettings": {
										"allowDataTruncation": true,
										"treatBooleanAsNumber": false
									}
								}
							},
							"inputs": [
								{
									"referenceName": "sftp_onprem_adls_mappingfile",
									"type": "DatasetReference",
									"parameters": {
										"folderpath": {
											"value": "@item().Prop_0",
											"type": "Expression"
										}
									}
								}
							],
							"outputs": [
								{
									"referenceName": "sftp_onprem_Archive_Location",
									"type": "DatasetReference"
								}
							]
						},
						{
							"name": "DL_Archive_Files",
							"type": "Delete",
							"dependsOn": [
								{
									"activity": "CD_ArchiveLocation",
									"dependencyConditions": [
										"Succeeded"
									]
								}
							],
							"policy": {
								"timeout": "7.00:00:00",
								"retry": 0,
								"retryIntervalInSeconds": 30,
								"secureOutput": false,
								"secureInput": false
							},
							"userProperties": [],
							"typeProperties": {
								"dataset": {
									"referenceName": "sftp_onprem_adls_mappingfile",
									"type": "DatasetReference",
									"parameters": {
										"folderpath": "@item().Prop_0"
									}
								},
								"enableLogging": false,
								"storeSettings": {
									"type": "SftpReadSettings",
									"recursive": true,
									"modifiedDatetimeStart": {
										"value": "@addMinutes(variables('last_modify'),-30)",
										"type": "Expression"
									},
									"modifiedDatetimeEnd": {
										"value": "@addMinutes(variables('last_modify'),1)",
										"type": "Expression"
									},
									"wildcardFileName": "*",
									"enablePartitionDiscovery": false
								}
							}
						},
						{
							"name": "Get Metadata_OnPrem",
							"type": "GetMetadata",
							"dependsOn": [],
							"policy": {
								"timeout": "7.00:00:00",
								"retry": 0,
								"retryIntervalInSeconds": 30,
								"secureOutput": false,
								"secureInput": false
							},
							"userProperties": [],
							"typeProperties": {
								"dataset": {
									"referenceName": "sftp_onprem_adls_mappingfile",
									"type": "DatasetReference",
									"parameters": {
										"folderpath": "@item().Prop_0"
									}
								},
								"fieldList": [
									"itemName",
									"lastModified"
								],
								"storeSettings": {
									"type": "SftpReadSettings",
									"recursive": true,
									"enablePartitionDiscovery": false
								},
								"formatSettings": {
									"type": "DelimitedTextReadSettings"
								}
							}
						},
						{
							"name": "Set_Last_Modify",
							"type": "SetVariable",
							"dependsOn": [
								{
									"activity": "Get Metadata_OnPrem",
									"dependencyConditions": [
										"Succeeded"
									]
								}
							],
							"userProperties": [],
							"typeProperties": {
								"variableName": "last_modify",
								"value": {
									"value": "@activity('Get Metadata_OnPrem').output.lastmodified",
									"type": "Expression"
								}
							}
						}
					]
				}
			}
		],
		"variables": {
			"this_time": {
				"type": "String"
			},
			"last_time": {
				"type": "String"
			},
			"last_modify": {
				"type": "String"
			},
			"file_name": {
				"type": "String"
			}
		},
		"folder": {
			"name": "Platform_data_Migration"
		},
		"annotations": []
	}
}