{
    "name": "curation_IF_07905_MPSCEDAC",
    "properties": {
        "description": "Runs Daily",
        "annotations": [],
        "runtimeState": "Started",
        "pipelines": [
            {
                "pipelineReference": {
                    "referenceName": "PL_MASTER_SCHEDULED_TRIGGER",
                    "type": "PipelineReference"
                },
                "parameters": {
                    "MasterConfigFile": "Scheduled/IF_07905_C_Scheduled_Master_Trigger.csv"
                }
            }
        ],
        "type": "ScheduleTrigger",
        "typeProperties": {
            "recurrence": {
                "frequency": "Day",
                "interval": 1,
                "startTime": "2023-05-01T01:00:00",
                "timeZone": "GMT Standard Time"
            }
        }
    }
}