{
    "name": "DSE_Fortnight_Schedule_Trigger",
    "properties": {
        "description": "Triggered on fortnight",
        "annotations": [],
        "runtimeState": "Stopped",
        "pipelines": [
            {
                "pipelineReference": {
                    "referenceName": "PL_CONSUMPTION_MASTER",
                    "type": "PipelineReference"
                },
                "parameters": {
                    "ConfigFileName": "DSE/DSE_Fortnightly_Schedule.csv",
                    "FourthWeekdaycheck": "No"
                }
            }
        ],
        "type": "ScheduleTrigger",
        "typeProperties": {
            "recurrence": {
                "frequency": "Week",
                "interval": 2,
                "startTime": "2021-11-29T00:00:00",
                "timeZone": "GMT Standard Time",
                "schedule": {
                    "weekDays": [
                        "Monday"
                    ]
                }
            }
        }
    }
}