{
    "name": "Leadership_Weekly_Schedule_Trigger",
    "properties": {
        "description": "Triggered every Sunday",
        "annotations": [],
        "runtimeState": "Stopped",
        "pipelines": [
            {
                "pipelineReference": {
                    "referenceName": "PL_CONSUMPTION_MASTER",
                    "type": "PipelineReference"
                },
                "parameters": {
                    "ConfigFileName": "Leadership/Leadership_Weekly_Schedule.csv",
                    "FourthWeekdaycheck": "No"
                }
            }
        ],
        "type": "ScheduleTrigger",
        "typeProperties": {
            "recurrence": {
                "frequency": "Week",
                "interval": 1,
                "startTime": "2021-12-05T00:00:00",
                "timeZone": "GMT Standard Time",
                "schedule": {
                    "weekDays": [
                        "Sunday"
                    ]
                }
            }
        }
    }
}