{
    "name": "Leadership_Monthly_Schedule_Trigger",
    "properties": {
        "description": "Trigger on 4th working day of the month",
        "annotations": [],
        "runtimeState": "Stopped",
        "pipelines": [
            {
                "pipelineReference": {
                    "referenceName": "PL_CONSUMPTION_MASTER",
                    "type": "PipelineReference"
                },
                "parameters": {
                    "ConfigFileName": "Leadership/Leadership_Monthly_Schedule.csv",
                    "FourthWeekdaycheck": "Yes"
                }
            }
        ],
        "type": "ScheduleTrigger",
        "typeProperties": {
            "recurrence": {
                "frequency": "Month",
                "interval": 1,
                "startTime": "2021-12-04T00:00:00",
                "timeZone": "GMT Standard Time",
                "schedule": {
                    "monthDays": [
                        4,
                        5,
                        6
                    ]
                }
            }
        }
    }
}