{
    "name": "R3_Monthly_thirdday_trigger",
    "properties": {
        "annotations": [],
        "runtimeState": "Stopped",
        "pipelines": [
            {
                "pipelineReference": {
                    "referenceName": "PL_COMMON_CONSUMPTION_MASTER",
                    "type": "PipelineReference"
                },
                "parameters": {
                    "Schedule_ID": "'R3M030000'"
                }
            }
        ],
        "type": "ScheduleTrigger",
        "typeProperties": {
            "recurrence": {
                "frequency": "Month",
                "interval": 1,
                "startTime": "2022-03-11T13:01:00Z",
                "timeZone": "UTC",
                "schedule": {
                    "minutes": [
                        0
                    ],
                    "hours": [
                        3
                    ],
                    "monthDays": [
                        3
                    ]
                }
            }
        }
    }
}