{
    "name": "R3_weekly_Wednesday_trigger",
    "properties": {
        "annotations": [],
        "runtimeState": "Stopped",
        "pipelines": [
            {
                "pipelineReference": {
                    "referenceName": "PL_COMMON_CONSUMPTION_MASTER",
                    "type": "PipelineReference"
                },
                "parameters": {
                    "Schedule_ID": "'R3WW0000'"
                }
            }
        ],
        "type": "ScheduleTrigger",
        "typeProperties": {
            "recurrence": {
                "frequency": "Week",
                "interval": 1,
                "startTime": "2022-03-11T12:59:00Z",
                "timeZone": "UTC",
                "schedule": {
                    "minutes": [
                        30
                    ],
                    "hours": [
                        3
                    ],
                    "weekDays": [
                        "Wednesday"
                    ]
                }
            }
        }
    }
}