{
    "name": "rpi_curation_SMG",
    "properties": {
        "description": "Runs Every Sunday ",
        "annotations": [],
        "runtimeState": "Stopped",
        "pipelines": [
            {
                "pipelineReference": {
                    "referenceName": "PL_MASTER_SCHEDULED_TRIGGER",
                    "type": "PipelineReference"
                },
                "parameters": {
                    "MasterConfigFile": "Scheduled/PC_SAPBW_SMG_Schedule_Master_Trigger.csv"
                }
            }
        ],
        "type": "ScheduleTrigger",
        "typeProperties": {
            "recurrence": {
                "frequency": "Week",
                "interval": 1,
                "startTime": "2021-12-12T09:30:00",
                "timeZone": "GMT Standard Time",
                "schedule": {
                    "weekDays": [
                        "Sunday"
                    ]
                }
            }
        }
    }
}