{
    "name": "rpi_curation_PSB",
    "properties": {
        "description": "Runs Daily",
        "annotations": [],
        "runtimeState": "Stopped",
        "pipelines": [
            {
                "pipelineReference": {
                    "referenceName": "PL_MASTER_SCHEDULED_TRIGGER",
                    "type": "PipelineReference"
                },
                "parameters": {
                    "MasterConfigFile": "Scheduled/PC_PSB_Schedule_Master_Trigger.csv"
                }
            }
        ],
        "type": "ScheduleTrigger",
        "typeProperties": {
            "recurrence": {
                "frequency": "Day",
                "interval": 1,
                "startTime": "2021-12-16T02:30:00",
                "timeZone": "GMT Standard Time"
            }
        }
    }
}