{
    "name": "rpi_curation_odh_noncr_L001",
    "properties": {
        "description": "rpi_curation_odh_noncr_L001",
        "annotations": [],
        "runtimeState": "Started",
        "pipeline": {
            "pipelineReference": {
                "referenceName": "PL_MASTER_SCHEDULED_TRIGGER",
                "type": "PipelineReference"
            },
            "parameters": {
                "MasterConfigFile": "Scheduled/ODH_L01_ncr_Schedule_Master_Trigger.csv",
                "ClusterID": "0615-113614-xaklx5s9"
            }
        },
        "type": "TumblingWindowTrigger",
        "typeProperties": {
            "frequency": "Hour",
            "interval": 24,
            "startTime": "2023-08-22T02:00:00Z",
            "delay": "00:00:00",
            "maxConcurrency": 50,
            "retryPolicy": {
                "intervalInSeconds": 30
            },
            "dependsOn": []
        }
    }
}