{
	"project_name": "BUKOPMS",
	"config_type": "etl",
	"description": "",
	"data_source": [],
	"report_path": "/mnt/idf-reports/BTUKOPTIT/BUKOPMS/BTCOPT_MASTER_PRODUCT_CATEGORY_BUKOPMS_Incr/Incremental/CurateADLS/",
	"cards": [
		{
			"card_id": "card_0",
			"card_dependencies": [],
			"label": "Read_Delta 0",
			"card_type": "read_delta",
			"description": "reading standard location",
			"data_path": "/mnt/idf-curatestandard/BTUKOPTIT/BUKOPMS/BTCOPT_MASTER_PRODUCT_CATEGORY_BUKOPMS_Incr/Incremental",
			"output_table": "mproductcategory"
		},
		{
			"card_id": "card_1",
			"card_dependencies": [
				"card_0"
			],
			"label": "Apply_Filter 1",
			"card_type": "apply_filter",
			"description": "filtering records with RunDateTime",
			"input_table": "mproductcategory",
			"output_table": "mproductcategory1",
			"filter": [],
			"unmatch_data": false
		},
		{
			"card_id": "card_2",
			"card_dependencies": [],
			"label": "Read_Delta 2",
			"card_type": "read_delta",
			"description": "reading standard backup location",
			"data_path": "/mnt/idf-curatestandard/BTUKOPTIT/BUKOPMS/BTCOPT_MASTER_PRODUCT_CATEGORY_BUKOPMS_Incr/BackUp",
			"output_table": "mproductcategoryBackUp"
		},
		{
			"card_id": "card_11",
			"card_dependencies": [],
			"label": "Read_Table 11",
			"card_type": "read_table",
			"description": "Read ADLS table",
			"query": "Select * from curate_enterprise.reflovsetinfo",
			"temp_table_name": "reflovsetinfo",
			"partition_column_list": ""
		},
		{
			"card_id": "card_3",
			"card_dependencies": [
				"card_2",
				"card_1"
			],
			"label": "Read_Table 3",
			"card_type": "read_table",
			"description": "Union with backup table",
			"query": "select * from mproductcategory1 union select * from mproductcategoryBackUp",
			"temp_table_name": "BackUpUnion",
			"partition_column_list": ""
		},
		{
			"card_id": "card_9999",
			"card_dependencies": [
				"card_3"
			],
			"label": "Read_Table 9999",
			"card_type": "read_table",
			"description": "null logic",
			"query": "select nullif( CurateStandardRowKey ,'null') as CurateStandardRowKey,nullif( m_product_category_id ,'null') as m_product_category_id ,nullif( ad_client_id ,'null') as ad_client_id ,nullif( ad_org_id ,'null') as ad_org_id ,nullif( isactive ,'null') as isactive ,nullif( created ,'null') as created ,nullif( createdby ,'null') as createdby ,nullif( updated ,'null') as updated ,nullif( updatedby ,'null') as updatedby ,nullif( value ,'null') as value ,nullif( name ,'null') as name ,nullif( description ,'null') as description ,nullif( isdefault ,'null') as isdefault ,nullif( plannedmargin ,'null') as plannedmargin ,nullif( a_asset_group_id ,'null') as a_asset_group_id ,nullif( ad_image_id ,'null') as ad_image_id ,nullif( issummary ,'null') as issummary ,nullif( em_horie_ie_entity ,'null') as em_horie_ie_entity ,nullif( em_horcus_priority ,'null') as em_horcus_priority ,nullif( em_horcus_producttype ,'null') as em_horcus_producttype ,nullif( em_horcus_percentageofpayment ,'null') as em_horcus_percentageofpayment ,nullif( em_horcus_isinclassortment ,'null') as em_horcus_isinclassortment ,nullif( em_horcus_generic_basket ,'null') as em_horcus_generic_basket ,nullif( em_horcus_customer_basket ,'null') as em_horcus_customer_basket ,nullif( operation ,'null') as operation ,nullif( timestamp ,'null') as timestamp ,nullif( transactionid ,'null') as transactionid ,nullif( RunDateTime  ,'null') as RunDateTime ,nullif( Year ,'null') as Year ,nullif( Month ,'null') as Month ,nullif( Day ,'null') as Day from BackUpUnion",
			"temp_table_name": "nulllogic9999",
			"partition_column_list": ""
		},
		{
			"card_id": "card_4",
			"card_dependencies": [
				"card_9999"
			],
			"label": "Read_Table 4",
			"card_type": "read_table",
			"description": "fetching latest records",
			"query": "select * from (select row_number() OVER(PARTITION BY VALUE order BY ifnull(timestamp,current_timestamp)desc,case when operation='DELETE' then 1 when operation='UPDATE' then 2 when operation='INSERT' then 3 when operation='REFRESH' then 4 end asc) as rn,row_number() OVER(PARTITION BY VALUE,timestamp,operation order BY timestamp desc,operation desc) as rnk,* FROM nulllogic9999)t where t.rnk = 1",
			"temp_table_name": "mproductcategoryLatest",
			"partition_column_list": ""
		},
		{
			"card_id": "card_5",
			"card_dependencies": [
				"card_4"
			],
			"label": "Read_Table 5",
			"card_type": "read_table",
			"description": "Populating etlrunlogid",
			"query": "select s.*,r.ETLRunId as DLETLRunLogID from mproductcategoryLatest s left join (select max(cast(ETLRunId as int)) as ETLRunId from RPI_LOGGING.RPI_COMMON_LOGGING where processstage='CurateStandard' and feedname = 'BTCOPT_MASTER_PRODUCT_CATEGORY_BUKOPMS_Incr') r on (1=1)",
			"temp_table_name": "mproductcategoryEtl",
			"partition_column_list": ""
		},
		{
			"card_id": "card_101",
			"card_dependencies": [
				"card_5",
				"card_11"
			],
			"label": "Read_Table 101",
			"card_type": "read_table",
			"description": "Transformation logic",
			"query": "select distinct md5(concat_ws('^|~',s.VALUE,r.lovid)) as ODHProductCategoryId, a.ClientId as ClientId, b.OrganisationId as OrganisationId, s.VALUE as CategoryValue, s.M_PRODUCT_CATEGORY_ID as SRCProductCategoryId, cast(s.CREATED as date) as SourceCreated, s.CREATEDBY as SourceCreatedBy, cast(s.UPDATED as date)  as SourceUpdated, s.UPDATEDBY as SourceUpdatedBy, s.NAME as CategoryName, s.DESCRIPTION as Description, s.ISDEFAULT as IsDefault, cast(s.PLANNEDMARGIN as int) as PlannedMargin, s.ISSUMMARY as IsSummary, cast(s.EM_HORCUS_PRIORITY as int) as EmHorcusPriority, s.EM_HORCUS_PRODUCTTYPE as EmHorcusProducttype, cast(s.EM_HORCUS_PERCENTAGEOFPAYMENT as int) as EmHorcusPercentageOfPayment, s.EM_HORCUS_ISINCLASSORTMENT as EMHorcusIsInclAssortment   , s.EM_HORCUS_GENERIC_BASKET as EmHorcusGenericBasket, s.EM_HORCUS_CUSTOMER_BASKET as EmHorcusCustomerBasket ,'BUKOPMS' as RecordSourceCode,r.lovid as LovRecordsourceId , s.CurateStandardRowKey as DLCurateStandardRowKey,s.DLETLRunLogID , current_timestamp as RunDateTime, case when s.rn=1 and ifnull(s.operation,'null')<>'DELETE' then 'Y' when s.rn=1 and ifnull(s.operation,'null')='DELETE' then 'D' else 'N' end as DLSCDActiveFlag from mproductcategoryEtl s left join (select ClientId , SRCClientId from curate_enterprise.ODHClient where RecordSourceCode='BUKOPMS' and DLSCDActiveFlag = 'Y') a on a.SRCClientId=s.AD_CLIENT_ID left join (select SRCAdOrgId, OrganisationId from curate_enterprise.ODHAdOrg  where RecordSourceCode='BUKOPMS' and DLSCDActiveFlag = 'Y') b on b.SRCAdOrgId=s.AD_ORG_ID left join (select LOVId from reflovsetinfo where LOVKey = 'BUKOPMS'  and LOVSetName='System of Record' and lovrecordsourceid=12012) r on(1=1) where b.OrganisationId is not null and  a.ClientId is not null",
			"temp_table_name": "ODHProductCategory",
			"partition_column_list": ""
		},
        {
            "card_id": "card_25",
            "card_dependencies": [
                "card_101"
            ],
            "label": "Read_Table 25",
            "card_type": "read_table",
            "description": "Filtering Records",
            "query": "select cast(ODHProductCategoryId as string),cast(SRCProductCategoryId as string),cast(OrganisationID as string ),cast(ClientId as string ),cast(SourceCreated as date),cast(SourceCreatedBy as string),cast(SourceUpdated as date),cast(SourceUpdatedBy as string),cast(CategoryValue as string),cast(CategoryName as string),cast(Description as string),cast(IsDefault as string),cast(PlannedMargin as int ),cast(IsSummary as string ),cast(EmHorcusPriority as int),cast(EmHorcusProductType as string),cast(EMHorcusPercentageOfPayment as int) ,cast(EMHorcusIsInclAssortment as string),cast(EMHorcusGenericBasket as string),cast(EmHorcusCustomerBasket as string),cast(RecordSourceCode as string),cast(LOVRecordSourceId as int),RunDateTime,DLSCDActiveFlag,cast(DLETLRunLogID as int),cast(DLCurateStandardRowKey as bigint) from ODHProductCategory where  CategoryValue is not null",
            "temp_table_name": "ODHProductCategory1",
            "partition_column_list": ""
        },
        {
            "card_id": "card_23",
            "card_dependencies": [
                "card_25"
            ],
            "label": "Read_Table 23",
            "card_type": "read_table",
            "description": "Insert in ADLS",
            "query": "MERGE INTO curate_enterprise.ODHProductCategory T USING (SELECT case when s.dlscdactiveflag='Y' then s.ODHProductCategoryId else 'DEACTIVATE' end as mergeKey, s.* FROM ODHProductCategory1 s where s.dlscdactiveflag<>'D' UNION ALL SELECT 'UPDATE' as mergeKey, source.* FROM ODHProductCategory1 source JOIN curate_enterprise.ODHProductCategory Target ON source.ODHProductCategoryId = Target.ODHProductCategoryId WHERE Target.DLSCDActiveFlag = 'Y' and source.DLSCDActiveFlag = 'Y') src ON T.ODHProductCategoryId = src.mergeKey AND T.DLSCDActiveFlag = 'Y' when matched THEN UPDATE SET DLSCDActiveFlag = 'N', DLSCDEndDateTime = src.RunDateTime ,DLUpdateDateTime = src.RunDateTime WHEN not MATCHED AND src.mergeKey <> 'UPDATE' and src.mergekey <> 'DEACTIVATE' THEN INSERT(ODHProductCategoryId,SRCProductCategoryId,OrganisationID,ClientId,SourceCreated,SourceCreatedBy,SourceUpdated,SourceUpdatedBy,CategoryValue,CategoryName,Description,IsDefault,PlannedMargin,IsSummary,EmHorcusPriority,EmHorcusProductType,EMHorcusPercentageOfPayment,EMHorcusIsInclAssortment,EMHorcusGenericBasket,EmHorcusCustomerBasket,RecordSourceCode,LovRecordSourceId ,RunDateTime,DLCreateDateTime,DLUpdateDateTime,DLSCDStartDateTime,DLSCDEndDateTime,DLSCDActiveFlag,DLETLRunLogID,DLCurateStandardRowKey)  VALUES(src.ODHProductCategoryId,src.SRCProductCategoryId,src.OrganisationID,src.ClientId,src.SourceCreated,src.SourceCreatedBy,src.SourceUpdated,src.SourceUpdatedBy,src.CategoryValue,src.CategoryName,src.Description,src.IsDefault,src.PlannedMargin,src.IsSummary,src.EmHorcusPriority,src.EmHorcusProductType,src.EMHorcusPercentageOfPayment,src.EMHorcusIsInclAssortment,src.EMHorcusGenericBasket,src.EmHorcusCustomerBasket,src.RecordSourceCode,src.LOVRecordSourceId,src.RunDateTime,src.RunDateTime,src.RunDateTime,'1900-01-01 00:00:00.000','9999-12-31 00:00:00.000',src.DLSCDActiveFlag,src.DLETLRunLogID,src.DLCurateStandardRowKey) WHEN not MATCHED AND src.mergeKey = 'UPDATE' THEN INSERT(ODHProductCategoryId,SRCProductCategoryId,OrganisationID,ClientId,SourceCreated,SourceCreatedBy,SourceUpdated,SourceUpdatedBy,CategoryValue,CategoryName,Description,IsDefault,PlannedMargin,IsSummary,EmHorcusPriority,EmHorcusProductType,EMHorcusPercentageOfPayment,EMHorcusIsInclAssortment,EMHorcusGenericBasket,EmHorcusCustomerBasket,RecordSourceCode,LovRecordSourceId ,RunDateTime,DLCreateDateTime,DLUpdateDateTime,DLSCDStartDateTime,DLSCDEndDateTime,DLSCDActiveFlag,DLETLRunLogID,DLCurateStandardRowKey)  VALUES(src.ODHProductCategoryId,src.SRCProductCategoryId,src.OrganisationID,src.ClientId,src.SourceCreated,src.SourceCreatedBy,src.SourceUpdated,src.SourceUpdatedBy,src.CategoryValue,src.CategoryName,src.Description,src.IsDefault,src.PlannedMargin,src.IsSummary,src.EmHorcusPriority,src.EmHorcusProductType,src.EMHorcusPercentageOfPayment,src.EMHorcusIsInclAssortment,src.EMHorcusGenericBasket,src.EmHorcusCustomerBasket,src.RecordSourceCode,src.LOVRecordSourceId,src.RunDateTime,src.RunDateTime,src.RunDateTime,src.RunDateTime,'9999-12-31 00:00:00.000',src.DLSCDActiveFlag,src.DLETLRunLogID,src.DLCurateStandardRowKey) WHEN not MATCHED AND src.mergeKey = 'DEACTIVATE' THEN INSERT(ODHProductCategoryId,SRCProductCategoryId,OrganisationID,ClientId,SourceCreated,SourceCreatedBy,SourceUpdated,SourceUpdatedBy,CategoryValue,CategoryName,Description,IsDefault,PlannedMargin,IsSummary,EmHorcusPriority,EmHorcusProductType,EMHorcusPercentageOfPayment,EMHorcusIsInclAssortment,EMHorcusGenericBasket,EmHorcusCustomerBasket,RecordSourceCode,LovRecordSourceId ,RunDateTime,DLCreateDateTime,DLUpdateDateTime,DLSCDStartDateTime,DLSCDEndDateTime,DLSCDActiveFlag,DLETLRunLogID,DLCurateStandardRowKey)  VALUES(src.ODHProductCategoryId,src.SRCProductCategoryId,src.OrganisationID,src.ClientId,src.SourceCreated,src.SourceCreatedBy,src.SourceUpdated,src.SourceUpdatedBy,src.CategoryValue,src.CategoryName,src.Description,src.IsDefault,src.PlannedMargin,src.IsSummary,src.EmHorcusPriority,src.EmHorcusProductType,src.EMHorcusPercentageOfPayment,src.EMHorcusIsInclAssortment,src.EMHorcusGenericBasket,src.EmHorcusCustomerBasket,src.RecordSourceCode,src.LOVRecordSourceId,src.RunDateTime,src.RunDateTime,src.RunDateTime,src.RunDateTime,src.RunDateTime,src.DLSCDActiveFlag,src.DLETLRunLogID,src.DLCurateStandardRowKey)",
            "temp_table_name": "ODHProductCategory2",
            "partition_column_list": ""
        },
        {
            "card_id": "card_23033",
            "card_dependencies": [
                "card_23"
            ],
            "label": "Read_Table 23033",
            "card_type": "read_table",
            "description": "Insert in ADLS",
            "query": "MERGE INTO curate_enterprise.ODHProductCategory T USING (SELECT s.ODHProductCategoryId as MergeKey,s.* FROM ODHProductCategory1 s where s.dlscdactiveflag='D' UNION ALL SELECT 'UPDATE' as mergeKey, source.* FROM ODHProductCategory1 source JOIN curate_enterprise.ODHProductCategory Target ON source.ODHProductCategoryId = Target.ODHProductCategoryId WHERE Target.DLSCDActiveFlag = 'Y' and source.dlscdactiveflag='D') src ON T.ODHProductCategoryId = src.mergeKey AND T.DLSCDActiveFlag = 'Y' when matched THEN UPDATE SET DLSCDActiveFlag = 'N', DLSCDEndDateTime = src.RunDateTime ,DLUpdateDateTime = src.RunDateTime WHEN not MATCHED AND src.mergeKey = 'UPDATE' THEN INSERT(ODHProductCategoryId,SRCProductCategoryId,OrganisationID,ClientId,SourceCreated,SourceCreatedBy,SourceUpdated,SourceUpdatedBy,CategoryValue,CategoryName,Description,IsDefault,PlannedMargin,IsSummary,EmHorcusPriority,EmHorcusProductType,EMHorcusPercentageOfPayment,EMHorcusIsInclAssortment,EMHorcusGenericBasket,EmHorcusCustomerBasket,RecordSourceCode,LovRecordSourceId ,RunDateTime,DLCreateDateTime,DLUpdateDateTime,DLSCDStartDateTime,DLSCDEndDateTime,DLSCDActiveFlag,DLETLRunLogID,DLCurateStandardRowKey)  VALUES(src.ODHProductCategoryId,src.SRCProductCategoryId,src.OrganisationID,src.ClientId,src.SourceCreated,src.SourceCreatedBy,src.SourceUpdated,src.SourceUpdatedBy,src.CategoryValue,src.CategoryName,src.Description,src.IsDefault,src.PlannedMargin,src.IsSummary,src.EmHorcusPriority,src.EmHorcusProductType,src.EMHorcusPercentageOfPayment,src.EMHorcusIsInclAssortment,src.EMHorcusGenericBasket,src.EmHorcusCustomerBasket,src.RecordSourceCode,src.LOVRecordSourceId,src.RunDateTime,src.RunDateTime,src.RunDateTime,src.RunDateTime,src.RunDateTime,'N',src.DLETLRunLogID,src.DLCurateStandardRowKey) WHEN not MATCHED AND src.mergeKey <> 'UPDATE' THEN INSERT(ODHProductCategoryId,SRCProductCategoryId,OrganisationID,ClientId,SourceCreated,SourceCreatedBy,SourceUpdated,SourceUpdatedBy,CategoryValue,CategoryName,Description,IsDefault,PlannedMargin,IsSummary,EmHorcusPriority,EmHorcusProductType,EMHorcusPercentageOfPayment,EMHorcusIsInclAssortment,EMHorcusGenericBasket,EmHorcusCustomerBasket,RecordSourceCode,LovRecordSourceId ,RunDateTime,DLCreateDateTime,DLUpdateDateTime,DLSCDStartDateTime,DLSCDEndDateTime,DLSCDActiveFlag,DLETLRunLogID,DLCurateStandardRowKey)  VALUES(src.ODHProductCategoryId,src.SRCProductCategoryId,src.OrganisationID,src.ClientId,src.SourceCreated,src.SourceCreatedBy,src.SourceUpdated,src.SourceUpdatedBy,src.CategoryValue,src.CategoryName,src.Description,src.IsDefault,src.PlannedMargin,src.IsSummary,src.EmHorcusPriority,src.EmHorcusProductType,src.EMHorcusPercentageOfPayment,src.EMHorcusIsInclAssortment,src.EMHorcusGenericBasket,src.EmHorcusCustomerBasket,src.RecordSourceCode,src.LOVRecordSourceId,src.RunDateTime,src.RunDateTime,src.RunDateTime,src.RunDateTime,src.RunDateTime,'N',src.DLETLRunLogID,src.DLCurateStandardRowKey)",
            "temp_table_name": "ODHProductCategory23033",
            "partition_column_list": ""
        },		
		{
			"card_id": "card_909",
			"card_dependencies": [
				"card_101",
				"card_3"
			],
			"label": "Write_Delta 909",
			"card_type": "write_delta",
			"description": "Write backup Standard",
			"query": "select * from BackUpUnion where Value not in (select CategoryValue from ODHProductCategory) ",
			"data_path": "/mnt/idf-curatestandard/BTUKOPTIT/BUKOPMS/BTCOPT_MASTER_PRODUCT_CATEGORY_BUKOPMS_Incr/BackUp",
			"partition_key_columns": "",
			"mode": "OVERWRITE",
			"type": "GENERAL"
		}
	]
}
