{
"fileSystemCredential":"fs.azure.account.key.dapprodadlswrng01.dfs.core.windows.net"
,"databricksJobsApi":"https://adb-347202096504412.12.azuredatabricks.net/api/2.0/jobs"
,"sfConnectionString":"jdbc:snowflake://gs_prod_dna_platform_snow_east_us_2_01.east-us-2.privatelink.snowflakecomputing.com/"
,"sfUrl":"https://gs_prod_dna_platform_snow_east_us_2_01.east-us-2.privatelink.snowflakecomputing.com/"
,"sfAccount":"gs_prod_dna_platform_snow_east_us_2_01.east-us-2.privatelink"
,"sfUser":"prod_rpu_dna_snowflake_1499"
,"sfDatabase":"PROD_ETL"
,"sfSchema":"PRDSTGMET"
,"sfWarehouse":"PROD_HISTORY_MIGRATION_FR_WH"
,"sfRoleName":""
,"spark_sql_analyzer_failAmbiguousSelfJoin":"false"
,"logLevel": "ALL"
,"keyVaultSecret":"true"
,"keyVaultScope": "dapadbscope"
,"keyVaultSQScope": "dapadbscope"
,"keyVaultSecret_sfPassword": "dapsfpassword"
,"keyVaultSecret_databricksApiAccessToken": "dapproddata-engg01Token"
,"keyVaultSecret_storageAccountAccessKey": "proddnaadls"
,"sfPassword":"dummy" 
,"storageAccountAccessKey":""
,"databricksApiAccessToken":""
,"databricks_instance": "https://adb-347202096504412.12.azuredatabricks.net/api/2.0"
,"databricks_job_run_url":"https://adb-347202096504412.12.azuredatabricks.net/api/2.0/jobs/run-now"
,"pEmailFrom":"edw_pharmacy_prd@walgreens.com"
,"pEmailTo": "EDW-Rx@walgreens.com "
,"READ_API_URL": "https://dapprodappservice-appserver.azurewebsites.net/getUnprocessedFiles"
,"WRITE_API_URL": "https://dapprodappservice-appserver.azurewebsites.net/assetUpdate"
,"pUpdateAssetAPI":"https://dapprodappservice-appserver.azurewebsites.net/assetUpdate"
,"DP_DB_MASTER_DATA":"PROD_MASTER_DATA"
,"DP_DB_PHARMACY_HEALTHCARE":"PROD_PHARMACY_HEALTHCARE"
,"DP_DB_STAGING":"PROD_STAGING"
,"DP_DB_ETL":"PROD_ETL"
,"DP_DB_CONSUMPTION":"PROD_CONSUMPTION"
,"DP_DB_RETAIL":"PROD_RETAIL"
,"DP_DB_DIGITAL":"PROD_DIGITAL"
,"DP_DB_MNA_BUYOUT":"PROD_MNA_BUYOUT"
,"keyVaultSecret_tenantIDKey":"adtenantid"
,"keyVaultSecret_sqlClientIDKey":"sqldbapplicationid"
,"keyVaultSecret_sqlserverClientID":"sqldbapplicationid"
,"keyVaultSecret_sqlClientSecretKey":"proddnasqldb"
,"keyVaultSecret_sqlserverClientSecret":"proddnasqldb"
,"sqlServerName":"dapprodsqlsrv01.database.windows.net,1433"
,"sqlDBName":"dapprodsqldb01"
,"procCntrlDBName":"dapprodsqldb01"
}