{
"fileSystemCredential":"fs.azure.account.key.dappreprodadlswrng01.dfs.core.windows.net"
,"databricksJobsApi":"https://adb-6189673111875387.7.azuredatabricks.net/api/2.0/jobs"
,"sfConnectionString":"jdbc:snowflake://gs_prod_dna_platform_snow_east_us_2_01.east-us-2.privatelink.snowflakecomputing.com/"
,"sfUrl":"https://gs_prod_dna_platform_snow_east_us_2_01.east-us-2.privatelink.snowflakecomputing.com/"
,"sfAccount":"gs_prod_dna_platform_snow_east_us_2_01.east-us-2.privatelink"
,"sfUser":"preprod_rpu_dna_snowflake_1499"
,"sfDatabase":"PREPROD_ETL"
,"sfSchema":"PRDSTGMET"
,"sfWarehouse":"PREPROD_HISTORY_MIGRATION_FR_WH"
,"sfRoleName":""
,"spark_sql_analyzer_failAmbiguousSelfJoin":"false"
,"logLevel": "ALL"
,"keyVaultSecret":"true"
,"keyVaultScope": "dapadbscope"
,"keyVaultSQScope": "dapadbscope"
,"keyVaultSecret_sfPassword": "dapsfpassword"
,"keyVaultSecret_databricksApiAccessToken": "dappreproddata-engg01Token"
,"keyVaultSecret_storageAccountAccessKey": "dapdnaadls"
,"sfPassword":"dummy" 
,"storageAccountAccessKey":""
,"databricksApiAccessToken":""
,"databricks_instance": "https://adb-6189673111875387.7.azuredatabricks.net/api/2.0"
,"databricks_job_run_url":"https://adb-6189673111875387.7.azuredatabricks.net/api/2.0/jobs/run-now"
,"pEmailFrom":"edw_pharmacy_prd@walgreens.com"
,"pEmailTo": "EDW-Rx@walgreens.com "
,"READ_API_URL": "https://dappreprodappservice-appserver.azurewebsites.net/getUnprocessedFiles"
,"WRITE_API_URL": "https://dappreprodappservice-appserver.azurewebsites.net/assetUpdate"
,"pUpdateAssetAPI":"https://dappreprodappservice-appserver.azurewebsites.net/assetUpdate"
,"DP_DB_MASTER_DATA":"preprod_master_data"
,"DP_DB_PHARMACY_HEALTHCARE":"PREPROD_PHARMACY_HEALTHCARE"
,"DP_DB_STAGING":"PREPROD_STAGING"
,"DP_DB_ETL":"preprod_etl"
,"DP_DB_CONSUMPTION":"PREPROD_CONSUMPTION"
,"DP_DB_RETAIL":"PREPROD_RETAIL"
,"DP_DB_DIGITAL":"PREPROD_DIGITAL"
,"DP_DB_MNA_BUYOUT":"PREPROD_MNA_BUYOUT"
,"keyVaultSecret_tenantIDKey":"adtenantid"
,"keyVaultSecret_sqlClientIDKey":"sqldbapplicationid"
,"keyVaultSecret_sqlserverClientID":"sqldbapplicationid"
,"keyVaultSecret_sqlClientSecretKey":"proddnasqldb"
,"keyVaultSecret_sqlserverClientSecret":"proddnasqldb"
,"sqlServerName":"dappreprodsqlsrv01.database.windows.net,1433"
,"sqlDBName":"dappreprodsqldb01"
,"procCntrlDBName":"dappreprodsqldb01"
}