{
"fileSystemCredential":"fs.azure.account.key.dapuatadlswrng01.dfs.core.windows.net"
,"databricksJobsApi":"https://adb-4842451322985615.15.azuredatabricks.net/api/2.0/jobs"
,"sfConnectionString":"jdbc:snowflake://gs_prod_dna_platform_snow_east_us_2_01.east-us-2.privatelink.snowflakecomputing.com/"
,"sfUrl":"https://gs_prod_dna_platform_snow_east_us_2_01.east-us-2.privatelink.snowflakecomputing.com/"
,"sfAccount":"gs_prod_dna_platform_snow_east_us_2_01.east-us-2.privatelink"
,"sfUser":"uat_rpu_dna_snowflake_1498"
,"sfDatabase":"UAT_ETL"
,"sfSchema":"PRDSTGMET"
,"sfWarehouse":"UAT_HISTORY_MIGRATION_FR_WH"
,"sfRoleName":""
,"spark_sql_analyzer_failAmbiguousSelfJoin":"false"
,"logLevel": "ALL"
,"keyVaultSecret":"true"
,"keyVaultScope": "dapadbscope"
,"keyVaultSQScope": "dapadbscope"
,"keyVaultSecret_sfPassword": "dapsfpassword"
,"keyVaultSecret_databricksApiAccessToken": "dapuatdata-engg01Token"
,"keyVaultSecret_storageAccountAccessKey": "uatdnaadls"
,"sfPassword":"dummy" 
,"storageAccountAccessKey":""
,"databricksApiAccessToken":""
,"databricks_instance": "https://adb-4842451322985615.15.azuredatabricks.net/api/2.0"
,"databricks_job_run_url":"https://adb-4842451322985615.15.azuredatabricks.net/api/2.0/jobs/run-now"
,"pEmailFrom":"edw_pharmacy_prd@walgreens.com"
,"pEmailTo": "EDW-Rx@walgreens.com "
,"READ_API_URL": "https://dapuatappservice-appserver.azurewebsites.net/getUnprocessedFiles"
,"WRITE_API_URL": "https://dapuatappservice-appserver.azurewebsites.net/assetUpdate"
,"pUpdateAssetAPI":"https://dapuatappservice-appserver.azurewebsites.net/assetUpdate"
,"DP_DB_MASTER_DATA":"uat_master_data"
,"DP_DB_PHARMACY_HEALTHCARE":"UAT_PHARMACY_HEALTHCARE"
,"DP_DB_STAGING":"UAT_STAGING"
,"DP_DB_ETL":"uat_etl"
,"DP_DB_CONSUMPTION":"UAT_CONSUMPTION"
,"DP_DB_RETAIL":"UAT_RETAIL"
,"DP_DB_DIGITAL":"UAT_DIGITAL"
,"DP_DB_MNA_BUYOUT":"UAT_MNA_BUYOUT"
,"keyVaultSecret_tenantIDKey":"adtenantid"
,"keyVaultSecret_sqlClientIDKey":"sqldbapplicationid"
,"keyVaultSecret_sqlserverClientID":"sqldbapplicationid"
,"keyVaultSecret_sqlClientSecretKey":"uatdnasqldb"
,"keyVaultSecret_sqlserverClientSecret":"uatdnasqldb"
,"sqlServerName":"dapuatsqlsrv01.database.windows.net,1433"
,"sqlDBName":"dapuatsqldb01"
,"procCntrlDBName":"dapuatsqldb01"
}