{
    "project_name": "BUKOPMS",
    "config_type": "etl",
    "description": "",
    "data_source": [],
    "report_path": "/mnt/idf-reports/BTUKOPTIT/BUKOPMS/BTCOPT_ORDER_ORDER_INFO_BUKOPMS_Incr/Incremental/CurateADLS/",
    "cards": [
        {
            "card_id": "card_0",
            "card_dependencies": [],
            "label": "Read_Delta 0",
            "card_type": "read_delta",
            "description": "reading standard location",
            "data_path": "/mnt/idf-curatestandard/BTUKOPTIT/BUKOPMS/BTCOPT_ORDER_ORDER_INFO_BUKOPMS_Incr/Incremental",
            "output_table": "corderline1"
        },
        {
            "card_id": "card_1",
            "card_dependencies": [
                "card_0"
            ],
            "label": "Apply_Filter 1",
            "card_type": "apply_filter",
            "description": "filtering records with RunDateTime",
            "input_table": "corderline1",
            "output_table": "corderline2",
            "filter": [],
            "unmatch_data": false
        },
		{
			"card_id": "card_2",
			"card_dependencies": [],
			"label": "Read_Table 2",
			"card_type": "read_table",
			"description": "Read ADLS table",
			"query": "Select * from curate_enterprise.reflovsetinfo",
			"temp_table_name": "reflovsetinfo",
			"partition_column_list": ""
		},
        {
            "card_id": "card_13",
            "card_dependencies": [],
            "label": "Read_Delta 13",
            "card_type": "read_delta",
            "description": "reading standard backup location",
            "data_path": "/mnt/idf-curatestandard/BTUKOPTIT/BUKOPMS/BTCOPT_ORDER_ORDER_INFO_BUKOPMS_Incr/BackUp",
            "output_table": "corderline12"
        },
        {
            "card_id": "card_12",
            "card_dependencies": [
                "card_13",
                "card_1"
            ],
            "label": "Read_Table 12",
            "card_type": "read_table",
            "description": "Union with backup table",
            "query": "select * from corderline2 union select * from corderline12",
            "temp_table_name": "corderline11",
            "partition_column_list": ""
        },
        {
            "card_id": "card_28",
            "card_dependencies": [
                "card_12"
            ],
            "label": "Read_Table 28",
            "card_type": "read_table",
            "description": "Making null void null",
            "query": "select nullif(CurateStandardRowKey,'null') as CurateStandardRowKey,nullif(C_ORDERLINE_ID,'null') as C_ORDERLINE_ID,nullif(AD_CLIENT_ID,'null') as AD_CLIENT_ID,nullif(AD_ORG_ID,'null') as AD_ORG_ID,nullif(ISACTIVE,'null') as ISACTIVE,nullif(CREATED,'null') as CREATED,nullif(CREATEDBY,'null') as CREATEDBY,nullif(UPDATED,'null') as UPDATED,nullif(UPDATEDBY,'null') as UPDATEDBY,nullif(C_ORDER_ID,'null') as C_ORDER_ID,nullif(LINE,'null') as LINE,nullif(C_BPARTNER_ID,'null') as C_BPARTNER_ID,nullif(C_BPARTNER_LOCATION_ID,'null') as C_BPARTNER_LOCATION_ID,nullif(DATEORDERED,'null') as DATEORDERED,nullif(DATEPROMISED,'null') as DATEPROMISED,nullif(DATEDELIVERED,'null') as DATEDELIVERED,nullif(DATEINVOICED,'null') as DATEINVOICED,nullif(DESCRIPTION,'null') as DESCRIPTION,nullif(M_PRODUCT_ID,'null') as M_PRODUCT_ID,nullif(M_WAREHOUSE_ID,'null') as M_WAREHOUSE_ID,nullif(DIRECTSHIP,'null') as DIRECTSHIP,nullif(C_UOM_ID,'null') as C_UOM_ID,nullif(QTYORDERED,'null') as QTYORDERED,nullif(QTYRESERVED,'null') as QTYRESERVED,nullif(QTYDELIVERED,'null') as QTYDELIVERED,nullif(QTYINVOICED,'null') as QTYINVOICED,nullif(M_SHIPPER_ID,'null') as M_SHIPPER_ID,nullif(C_CURRENCY_ID,'null') as C_CURRENCY_ID,nullif(PRICELIST,'null') as PRICELIST,nullif(PRICEACTUAL,'null') as PRICEACTUAL,nullif(PRICELIMIT,'null') as PRICELIMIT,nullif(LINENETAMT,'null') as LINENETAMT,nullif(DISCOUNT,'null') as DISCOUNT,nullif(FREIGHTAMT,'null') as FREIGHTAMT,nullif(C_CHARGE_ID,'null') as C_CHARGE_ID,nullif(CHARGEAMT,'null') as CHARGEAMT,nullif(C_TAX_ID,'null') as C_TAX_ID,nullif(S_RESOURCEASSIGNMENT_ID,'null') as S_RESOURCEASSIGNMENT_ID,nullif(REF_ORDERLINE_ID,'null') as REF_ORDERLINE_ID,nullif(M_ATTRIBUTESETINSTANCE_ID,'null') as M_ATTRIBUTESETINSTANCE_ID,nullif(ISDESCRIPTION,'null') as ISDESCRIPTION,nullif(QUANTITYORDER,'null') as QUANTITYORDER,nullif(M_PRODUCT_UOM_ID,'null') as M_PRODUCT_UOM_ID,nullif(M_OFFER_ID,'null') as M_OFFER_ID,nullif(PRICESTD,'null') as PRICESTD,nullif(CANCELPRICEAD,'null') as CANCELPRICEAD,nullif(C_ORDER_DISCOUNT_ID,'null') as C_ORDER_DISCOUNT_ID,nullif(ISEDITLINENETAMT,'null') as ISEDITLINENETAMT,nullif(TAXBASEAMT,'null') as TAXBASEAMT,nullif(M_INOUTLINE_ID,'null') as M_INOUTLINE_ID,nullif(C_RETURN_REASON_ID,'null') as C_RETURN_REASON_ID,nullif(GROSS_UNIT_PRICE,'null') as GROSS_UNIT_PRICE,nullif(LINE_GROSS_AMOUNT,'null') as LINE_GROSS_AMOUNT,nullif(GROSSPRICELIST,'null') as GROSSPRICELIST,nullif(C_COSTCENTER_ID,'null') as C_COSTCENTER_ID,nullif(GROSSPRICESTD,'null') as GROSSPRICESTD,nullif(A_ASSET_ID,'null') as A_ASSET_ID,nullif(M_WAREHOUSE_RULE_ID,'null') as M_WAREHOUSE_RULE_ID,nullif(USER1_ID,'null') as USER1_ID,nullif(QUOTATIONLINE_ID,'null') as QUOTATIONLINE_ID,nullif(USER2_ID,'null') as USER2_ID,nullif(CREATE_RESERVATION,'null') as CREATE_RESERVATION,nullif(C_PROJECT_ID,'null') as C_PROJECT_ID,nullif(SO_RES_STATUS,'null') as SO_RES_STATUS,nullif(MANAGE_RESERVATION,'null') as MANAGE_RESERVATION,nullif(MANAGE_PRERESERVATION,'null') as MANAGE_PRERESERVATION,nullif(EXPLODE,'null') as EXPLODE,nullif(BOM_PARENT_ID,'null') as BOM_PARENT_ID,nullif(EM_HORRET_POS_LINE_IDENTIFIER,'null') as EM_HORRET_POS_LINE_IDENTIFIER,nullif(EM_HORCUS_C_ORDER_ID,'null') as EM_HORCUS_C_ORDER_ID,nullif(EM_HORCUS_DRAFTORDERNUMBER,'null') as EM_HORCUS_DRAFTORDERNUMBER,nullif(EM_HORCUS_TOTALPOINTS,'null') as EM_HORCUS_TOTALPOINTS,nullif(EM_HORCUS_SYNCH,'null') as EM_HORCUS_SYNCH,nullif(EM_HORCUS_DRAFTORDERTYPE,'null') as EM_HORCUS_DRAFTORDERTYPE,nullif(EM_HORCUS_COVER,'null') as EM_HORCUS_COVER,nullif(EM_HORCUS_COVER_EXPIRE_DATE,'null') as EM_HORCUS_COVER_EXPIRE_DATE,nullif(EM_HORCUS_CLCP,'null') as EM_HORCUS_CLCP,nullif(EM_HORCUS_CLCP_EXPIRE_DATE,'null') as EM_HORCUS_CLCP_EXPIRE_DATE,nullif(EM_HORCUS_POINTTOSENDFORRETURN,'null') as EM_HORCUS_POINTTOSENDFORRETURN,nullif(EM_HORCUS_POINTTOSENDFORSALES,'null') as EM_HORCUS_POINTTOSENDFORSALES,nullif(EM_HORCUS_ORIGINALORDER,'null') as EM_HORCUS_ORIGINALORDER,nullif(EM_HORCUS_PRACT_TO_SUP_FRAME,'null') as EM_HORCUS_PRACT_TO_SUP_FRAME,nullif(EM_HORCUS_REMOTE_EDGING,'null') as EM_HORCUS_REMOTE_EDGING,nullif(EM_HORCUS_UNCAT_LENS,'null') as EM_HORCUS_UNCAT_LENS,nullif(EM_HORCUS_PAY_TO_COLLECTED,'null') as EM_HORCUS_PAY_TO_COLLECTED,nullif(EM_HORCUS_RDRLN_CNCLLD_LN,'null') as EM_HORCUS_RDRLN_CNCLLD_LN,nullif(EM_HORCUS_IS_CNCLLD_LN,'null') as EM_HORCUS_IS_CNCLLD_LN,nullif(EM_HORCUS_PMS_STTS_RDR,'null') as EM_HORCUS_PMS_STTS_RDR,nullif(EM_HORCUS_PMS_CLN_LN_LNK,'null') as EM_HORCUS_PMS_CLN_LN_LNK,nullif(EM_HORCUS_PR_RT_PRCSSD,'null') as EM_HORCUS_PR_RT_PRCSSD,nullif(EM_HORCUS_PARENTORDERLINE,'null') as EM_HORCUS_PARENTORDERLINE,nullif(EM_HORCUS_CONTRIBUTION_AMT,'null') as EM_HORCUS_CONTRIBUTION_AMT,nullif(EM_HORCUS_OLD_SHIPMENT_LINE,'null') as EM_HORCUS_OLD_SHIPMENT_LINE,nullif(EM_HORCUS_OLD_PRICE,'null') as EM_HORCUS_OLD_PRICE,nullif(EM_HORCUS_APPLYPOSTAGEFEE,'null') as EM_HORCUS_APPLYPOSTAGEFEE,nullif(EM_HORCUS_PRACT_TO_SUP_LENS,'null') as EM_HORCUS_PRACT_TO_SUP_LENS,nullif(EM_HORCUS_IS_ONLY_LEFT_LENS,'null') as EM_HORCUS_IS_ONLY_LEFT_LENS,nullif(EM_HORCUS_IS_ONLY_RIGHT_LENS,'null') as EM_HORCUS_IS_ONLY_RIGHT_LENS,nullif(EM_HORCUS_CANCEL_COVERBASKET,'null') as EM_HORCUS_CANCEL_COVERBASKET,nullif(EM_HORCUS_EXPORT_TIMESTAMP,'null') as EM_HORCUS_EXPORT_TIMESTAMP,nullif(EM_HORCUS_INITIALSUPPLY,'null') as EM_HORCUS_INITIALSUPPLY,nullif(EM_HORCUS_RECEIPT_HISTORY_ID,'null') as EM_HORCUS_RECEIPT_HISTORY_ID,nullif(EM_HORCUS_FIRST_DISPENSES,'null') as EM_HORCUS_FIRST_DISPENSES,nullif(OPERATION,'null') as OPERATION,nullif(TIMESTAMP,'null') as TIMESTAMP,nullif(TRANSACTIONID,'null') as TRANSACTIONID from corderline11",
            "temp_table_name": "corderline28",
            "partition_column_list": ""
        },
        {
            "card_id": "card_4",
            "card_dependencies": [
                "card_28"
            ],
            "label": "Read_Table 4",
            "card_type": "read_table",
            "description": "fetching latest records",
            "query": "select * from (select row_number() OVER(PARTITION BY C_ORDERLINE_ID order BY timestamp desc,case when operation='DELETE' then 1 when operation='UPDATE' then 2 when operation='INSERT' then 3 when operation='REFRESH' then 4 end asc) as rn,row_number() OVER(PARTITION BY C_ORDERLINE_ID,timestamp,operation  order BY timestamp desc,operation desc) as rnk,* FROM corderline28)t where t.rnk = 1",
            "temp_table_name": "corderline5",
            "partition_column_list": ""
        },
		{
            "card_id": "card_18",
            "card_dependencies": [
                "card_4"
            ],
            "label": "Read_Table 18",
            "card_type": "read_table",
            "description": "Populating etlrunlogid",
            "query": "select s.*,r.ETLRunId as ETLRunLogIdNew from corderline5 s join (select max(cast(ETLRunId as int)) as ETLRunId from RPI_LOGGING.RPI_COMMON_LOGGING where processstage='CurateStandard' and feedname = 'BTCOPT_ORDER_ORDER_INFO_BUKOPMS_Incr') r on (1=1)",
            "temp_table_name": "corderlinelog",
            "partition_column_list": ""
        },
        {
            "card_id": "card_3",
            "card_dependencies": [
                "card_2",
				"card_18"
            ],
            "label": "Read_Table 3",
            "card_type": "read_table",
            "description": "Applying Transformations",
            "query": "select md5(concat_ws('^|~',s.C_ORDERLINE_ID,r.LOVId)) as OrderLineID,a.OrderId as OrderID,s.C_ORDERLINE_ID as SourceOrderLineId,s.IsActive,s.Line,s.DateOrdered,s.DatePromised,nullif('null','null') as DatePrinted,s.DateDelivered,s.DateInvoiced,s.Description,s.Create_Reservation as CreateReservationRequest,s.MANAGE_RESERVATION as ReservationDone,nullif('null','null') as Amount,s.GROSS_UNIT_PRICE as UnitPrice,nullif('null','null') as VAT,s.Discount,nullif('null','null') as DiscountPercentage,nullif('null','null') as TotalAmount,s.Created as SRCCreatedDatetime,s.Updated as SRCUpdateDateTime,'BUKOPMS' as RecordSourceCode,cast(r.LOVId as int) as LOVRecordSourceId,cast(s.CurateStandardRowKey as bigint) as DLCurateStandardRowKey,cast(s.ETLRunLogIdNew as int) as DLETLRunLogID,current_timestamp as RunDateTime,case when s.rn=1 and ifnull(s.operation,'null')<>'DELETE' then 'Y' when s.rn=1 and ifnull(s.operation,'null')='DELETE' then 'D' else 'N' end as DLSCDActiveFlag from corderlinelog s left join (select distinct OrderId,SourceOrderId from curate_enterprise.Order where RecordSourceCode='BUKOPMS' and DLSCDActiveFlag='Y') a on a.SourceOrderId=s.c_order_id join (select LOVId from reflovsetinfo where lovkey='BUKOPMS' and lovsetname='System of Record' and LOVRecordsourceid='12012') r on(1=1) where s.C_ORDERLINE_ID is not null",
            "temp_table_name": "OrderLine",
            "partition_column_list": ""
        },
        {
            "card_id": "card_25",
            "card_dependencies": [
                "card_3"
            ],
            "label": "Read_Table 25",
            "card_type": "read_table",
            "description": "Filtering Records and Casting to correct DataType",
            "query": "select cast(OrderLineID as string),cast(OrderID as string),cast(SourceOrderLineId as string),cast(IsActive as string),cast(Line as int),cast(DateOrdered as timestamp),cast(DatePromised as timestamp),cast(DatePrinted as timestamp),cast(DateDelivered as timestamp),cast(DateInvoiced as timestamp),cast(Description as string),cast(CreateReservationRequest as string),cast(ReservationDone as string),cast(Amount as decimal(12, 2)),cast(UnitPrice as decimal(12, 2)),cast(VAT as decimal(12, 2)),cast(Discount as decimal(12, 2)),cast(DiscountPercentage as decimal(12, 2)),cast(TotalAmount as decimal(12, 2)),cast(SRCCreatedDatetime as timestamp),cast(SRCUpdateDateTime as timestamp),cast(RecordSourceCode  as string),cast(LOVRecordSourceId as int),cast(RunDateTime as timestamp),cast(DLCurateStandardRowKey as bigint),DLETLRunLogID,DLSCDActiveFlag from OrderLine where OrderID is not null",
            "temp_table_name": "OrderLine1",
            "partition_column_list": ""
        },
        {
            "card_id": "card_27",
            "card_dependencies": [
                "card_25"
            ],
            "label": "Read_Table 27",
            "card_type": "read_table",
            "description": "Insert in ADLS",
            "query": "MERGE INTO curate_enterprise.OrderLine T USING (SELECT case when s.dlscdactiveflag='Y' then s.OrderLineID else 'DEACTIVATE' end as mergeKey, s.* FROM OrderLine1 s where s.dlscdactiveflag<>'D' UNION ALL SELECT 'UPDATE' as mergeKey, source.* FROM OrderLine1 source JOIN curate_enterprise.OrderLine Target ON source.OrderLineID = Target.OrderLineID WHERE Target.DLSCDActiveFlag = 'Y' and source.DLSCDActiveFlag = 'Y') src ON T.OrderLineID = src.mergeKey AND T.DLSCDActiveFlag = 'Y' when matched THEN UPDATE SET DLSCDActiveFlag = 'N', DLSCDEndDateTime = src.RunDateTime ,DLUpdateDateTime = src.RunDateTime WHEN not MATCHED AND src.mergeKey <> 'UPDATE' and src.mergekey <> 'DEACTIVATE' THEN INSERT(OrderLineID,OrderID,SourceOrderLineId,IsActive,Line,DateOrdered,DatePromised,DatePrinted,DateDelivered,DateInvoiced,Description,CreateReservationRequest,ReservationDone,Amount,UnitPrice,VAT,Discount,DiscountPercentage,TotalAmount,SRCCreatedDatetime,SRCUpdateDateTime,RecordSourceCode,LOVRecordSourceId ,RunDateTime,DLCreateDateTime,DLUpdateDateTime,DLSCDStartDateTime,DLSCDEndDateTime,DLSCDActiveFlag,DLETLRunLogID,DLCurateStandardRowKey)  VALUES(src.OrderLineID,src.OrderID,src.SourceOrderLineId,src.IsActive,src.Line,src.DateOrdered,src.DatePromised,src.DatePrinted,src.DateDelivered,src.DateInvoiced,src.Description,src.CreateReservationRequest,src.ReservationDone,src.Amount,src.UnitPrice,src.VAT,src.Discount,src.DiscountPercentage,src.TotalAmount,src.SRCCreatedDatetime,src.SRCUpdateDateTime,src.RecordSourceCode,src.LOVRecordSourceId,src.RunDateTime,src.RunDateTime,src.RunDateTime,'1900-01-01 00:00:00.000','9999-12-31 00:00:00.000',src.DLSCDActiveFlag,src.DLETLRunLogID,src.DLCurateStandardRowKey) WHEN not MATCHED AND src.mergeKey = 'UPDATE' THEN INSERT(OrderLineID,OrderID,SourceOrderLineId,IsActive,Line,DateOrdered,DatePromised,DatePrinted,DateDelivered,DateInvoiced,Description,CreateReservationRequest,ReservationDone,Amount,UnitPrice,VAT,Discount,DiscountPercentage,TotalAmount,SRCCreatedDatetime,SRCUpdateDateTime,RecordSourceCode,LOVRecordSourceId ,RunDateTime,DLCreateDateTime,DLUpdateDateTime,DLSCDStartDateTime,DLSCDEndDateTime,DLSCDActiveFlag,DLETLRunLogID,DLCurateStandardRowKey)  VALUES(src.OrderLineID,src.OrderID,src.SourceOrderLineId,src.IsActive,src.Line,src.DateOrdered,src.DatePromised,src.DatePrinted,src.DateDelivered,src.DateInvoiced,src.Description,src.CreateReservationRequest,src.ReservationDone,src.Amount,src.UnitPrice,src.VAT,src.Discount,src.DiscountPercentage,src.TotalAmount,src.SRCCreatedDatetime,src.SRCUpdateDateTime,src.RecordSourceCode,src.LOVRecordSourceId,src.RunDateTime,src.RunDateTime,src.RunDateTime,src.RunDateTime,'9999-12-31 00:00:00.000',src.DLSCDActiveFlag,src.DLETLRunLogID,src.DLCurateStandardRowKey) WHEN not MATCHED AND src.mergeKey = 'DEACTIVATE' THEN INSERT(OrderLineID,OrderID,SourceOrderLineId,IsActive,Line,DateOrdered,DatePromised,DatePrinted,DateDelivered,DateInvoiced,Description,CreateReservationRequest,ReservationDone,Amount,UnitPrice,VAT,Discount,DiscountPercentage,TotalAmount,SRCCreatedDatetime,SRCUpdateDateTime,RecordSourceCode,LOVRecordSourceId ,RunDateTime,DLCreateDateTime,DLUpdateDateTime,DLSCDStartDateTime,DLSCDEndDateTime,DLSCDActiveFlag,DLETLRunLogID,DLCurateStandardRowKey)  VALUES(src.OrderLineID,src.OrderID,src.SourceOrderLineId,src.IsActive,src.Line,src.DateOrdered,src.DatePromised,src.DatePrinted,src.DateDelivered,src.DateInvoiced,src.Description,src.CreateReservationRequest,src.ReservationDone,src.Amount,src.UnitPrice,src.VAT,src.Discount,src.DiscountPercentage,src.TotalAmount,src.SRCCreatedDatetime,src.SRCUpdateDateTime,src.RecordSourceCode,src.LOVRecordSourceId,src.RunDateTime,src.RunDateTime,src.RunDateTime,src.RunDateTime,src.RunDateTime,src.DLSCDActiveFlag,src.DLETLRunLogID,src.DLCurateStandardRowKey)",
            "temp_table_name": "OrderLine3",
            "partition_column_list": ""
        },
        {
            "card_id": "card_272727",
            "card_dependencies": [
                "card_25",
				"card_27"
            ],
            "label": "Read_Table 27",
            "card_type": "read_table",
            "description": "Insert in ADLS",
            "query": "MERGE INTO curate_enterprise.OrderLine T USING (SELECT s.OrderLineID as mergeKey, s.* FROM OrderLine1 s where s.dlscdactiveflag = 'D' UNION ALL SELECT 'UPDATE' as mergeKey, source.* FROM OrderLine1 source JOIN curate_enterprise.OrderLine Target ON source.OrderLineID = Target.OrderLineID WHERE Target.DLSCDActiveFlag = 'Y' and source.DLSCDActiveFlag = 'D') src ON T.OrderLineID = src.mergeKey AND T.DLSCDActiveFlag = 'Y' when matched THEN UPDATE SET DLSCDActiveFlag = 'N', DLSCDEndDateTime = src.RunDateTime ,DLUpdateDateTime = src.RunDateTime WHEN not MATCHED AND src.mergeKey <> 'UPDATE' THEN INSERT(OrderLineID,OrderID,SourceOrderLineId,IsActive,Line,DateOrdered,DatePromised,DatePrinted,DateDelivered,DateInvoiced,Description,CreateReservationRequest,ReservationDone,Amount,UnitPrice,VAT,Discount,DiscountPercentage,TotalAmount,SRCCreatedDatetime,SRCUpdateDateTime,RecordSourceCode,LOVRecordSourceId ,RunDateTime,DLCreateDateTime,DLUpdateDateTime,DLSCDStartDateTime,DLSCDEndDateTime,DLSCDActiveFlag,DLETLRunLogID,DLCurateStandardRowKey)  VALUES(src.OrderLineID,src.OrderID,src.SourceOrderLineId,src.IsActive,src.Line,src.DateOrdered,src.DatePromised,src.DatePrinted,src.DateDelivered,src.DateInvoiced,src.Description,src.CreateReservationRequest,src.ReservationDone,src.Amount,src.UnitPrice,src.VAT,src.Discount,src.DiscountPercentage,src.TotalAmount,src.SRCCreatedDatetime,src.SRCUpdateDateTime,src.RecordSourceCode,src.LOVRecordSourceId,src.RunDateTime,src.RunDateTime,src.RunDateTime,src.RunDateTime,src.RunDateTime,'N',src.DLETLRunLogID,src.DLCurateStandardRowKey) WHEN not MATCHED AND src.mergeKey = 'UPDATE' THEN INSERT(OrderLineID,OrderID,SourceOrderLineId,IsActive,Line,DateOrdered,DatePromised,DatePrinted,DateDelivered,DateInvoiced,Description,CreateReservationRequest,ReservationDone,Amount,UnitPrice,VAT,Discount,DiscountPercentage,TotalAmount,SRCCreatedDatetime,SRCUpdateDateTime,RecordSourceCode,LOVRecordSourceId ,RunDateTime,DLCreateDateTime,DLUpdateDateTime,DLSCDStartDateTime,DLSCDEndDateTime,DLSCDActiveFlag,DLETLRunLogID,DLCurateStandardRowKey)  VALUES(src.OrderLineID,src.OrderID,src.SourceOrderLineId,src.IsActive,src.Line,src.DateOrdered,src.DatePromised,src.DatePrinted,src.DateDelivered,src.DateInvoiced,src.Description,src.CreateReservationRequest,src.ReservationDone,src.Amount,src.UnitPrice,src.VAT,src.Discount,src.DiscountPercentage,src.TotalAmount,src.SRCCreatedDatetime,src.SRCUpdateDateTime,src.RecordSourceCode,src.LOVRecordSourceId,src.RunDateTime,src.RunDateTime,src.RunDateTime,src.RunDateTime,src.RunDateTime,'N',src.DLETLRunLogID,src.DLCurateStandardRowKey)",
            "temp_table_name": "OrderLine333333",
            "partition_column_list": ""
        },
        {
            "card_id": "card_11",
            "card_dependencies": [
                "card_25",
                "card_27",
				"card_12"
            ],
            "label": "Read_Table 11",
            "card_type": "read_table",
            "description": "BackUp records for orderline",
            "query": "select * from corderline11 where C_ORDERLINE_ID not in (select SourceOrderLineId from OrderLine1)  and C_ORDERLINE_ID <> 'null'",
            "temp_table_name": "OrderLine_BackUp",
            "partition_column_list": ""
        },
        {
            "card_id": "card_29",
            "card_dependencies": [
                "card_2",
				"card_18",
				"card_11"
            ],
            "label": "Read_Table 29",
            "card_type": "read_table",
            "description": "Applying Transformations",
            "query": "select a.OrderLineId as ODHOrderLineId,s.C_ORDERLINE_ID as SRCOrderLineId,c.OrganisationID,b.ClientId,h.ProductId as ProductId,s.Created as SourceCreated,s.CreatedBy as SourceCreatedBy,s.Updated as SourceUpdated,s.UpdatedBy as SourceUpdatedBy,d.OfferId,s.SO_RES_STATUS as SOResStatus,s.EM_HORRET_POS_LINE_IDENTIFIER as EMHorretPOSLineIdentifier,s.EM_HORCUS_DRAFTORDERNUMBER as EMHorcusDraftOrderNumber,s.EM_HORCUS_TOTALPOINTS as EMHorcusTotalPoints,s.EM_HORCUS_SYNCH as EMHorcusSyncH,s.EM_HORCUS_DRAFTORDERTYPE as EMHorcusDraftOrderType,s.EM_HORCUS_COVER_EXPIRE_DATE as EMHorcusExpireDate,s.EM_HORCUS_CLCP_EXPIRE_DATE as EMHorcusCLCPExpireDate,s.EM_HORCUS_POINTTOSENDFORRETURN as EMHorcusPointToSendForReturn,s.EM_HORCUS_POINTTOSENDFORSALES as EMHorcusPointToSendForSales,s.EM_HORCUS_ORIGINALORDER as EMHorcusOriginalOrder,s.EM_HORCUS_RDRLN_CNCLLD_LN as EMHorcusRDRLNCNCLLDLN,s.EM_HORCUS_PMS_STTS_RDR as EMHorcusPMSSTTSRDR,s.EM_HORCUS_PMS_CLN_LN_LNK as EMHorcusPMSCLNLNLNK,s.EM_HORCUS_PARENTORDERLINE as EMHorcusParentOrderLine,s.EM_HORCUS_CONTRIBUTION_AMT as EMHorcusContributionAmt,s.EM_HORCUS_OLD_SHIPMENT_LINE as EMHorcusOldShipmentLine,s.EM_HORCUS_OLD_PRICE as EMHorcusOldPrice,s.EM_HORCUS_APPLYPOSTAGEFEE as EMHorcusApplyPostAgefee,s.EM_HORCUS_EXPORT_TIMESTAMP as EMHorcusExportTimeStamp,g.ODHCustomReceiptHistoryId,s.EM_HORCUS_FIRST_DISPENSES as EMHorcusFirstDispenses,e.PersonID,f.VendorId,'BUKOPMS' as RecordSourceCode,cast(r.LOVId as int) as LOVRecordSourceId,cast(s.CurateStandardRowKey as bigint) as DLCurateStandardRowKey,cast(s.ETLRunLogIdNew as int) as DLETLRunLogID,current_timestamp as RunDateTime,case when s.rn=1 and ifnull(s.operation,'null')<>'DELETE' then 'Y' when s.rn=1 and ifnull(s.operation,'null')='DELETE' then 'D' else 'N' end as DLSCDActiveFlag from corderlinelog s left join (select distinct OrderLineId,SourceOrderLineId from curate_enterprise.OrderLine where RecordSourceCode='BUKOPMS' and DLSCDActiveFlag='Y') a on a.SourceOrderLineId = s.C_ORDERLINE_ID left join (select distinct ClientId,SRCClientId from curate_enterprise.ODHClient where RecordSourceCode='BUKOPMS' and DLSCDActiveFlag='Y') b on b.SRCClientId=s.AD_CLIENT_ID left join (select distinct OrganisationId,SRCAdOrgId from curate_enterprise.ODHAdOrg  where RecordSourceCode='BUKOPMS' and DLSCDActiveFlag='Y') c on c.SRCAdOrgId=s.AD_ORG_ID left join (select distinct OfferId,SRCOfferID from curate_enterprise.ODHOffer where RecordSourceCode='BUKOPMS' and DLSCDActiveFlag='Y') d on d.SRCOfferID =s.M_OFFER_ID left join (select distinct PersonId,SRCBusinessPartnerId from curate_enterprise.ODHBusinessPartner where RecordSourceCode='BUKOPMS' and DLSCDActiveFlag='Y') e on e.SRCBusinessPartnerId =s.C_BPARTNER_ID left join (select distinct VendorId,SRCVendorBusinessPartnerId from curate_enterprise.ODHVendorBusinessPartner where RecordSourceCode='BUKOPMS' and DLSCDActiveFlag='Y') f on f.SRCVendorBusinessPartnerId =s.C_BPARTNER_ID left join (select distinct ODHCustomReceiptHistoryId,SRCHorcusReceiptHistoryId from curate_enterprise.ODHCustomReceiptHistory where RecordSourceCode='BUKOPMS' and DLSCDActiveFlag='Y') g on g.SRCHorcusReceiptHistoryId = s.EM_HORCUS_RECEIPT_HISTORY_ID left join (select distinct ProductId,SRCProductId from curate_enterprise.ODHProduct where RecordSourceCode='BUKOPMS' and DLSCDActiveFlag='Y') h on h.SRCProductId=s.M_PRODUCT_ID join (select LOVId from reflovsetinfo where lovkey='BUKOPMS' and lovsetname='System of Record' and LOVRecordsourceid='12012') r on(1=1) where s.C_ORDERLINE_ID is not null",
            "temp_table_name": "ODHOrderLine",
            "partition_column_list": ""
        },
        {
            "card_id": "card_30",
            "card_dependencies": [
                "card_29"
            ],
            "label": "Read_Table 30",
            "card_type": "read_table",
            "description": "Filtering Records and Casting to correct DataType",
            "query": "select cast(ODHOrderLineId as string),cast(SRCOrderLineId as string),cast(OrganisationID as string),cast(ClientId as string),cast(ProductId as string),cast(SourceCreated as date),cast(SourceCreatedBy as string),cast(SourceUpdated as date),cast(SourceUpdatedBy as string),cast(OfferId as string),cast(SOResStatus as string),cast(EMHorretPOSLineIdentifier as string),cast(EMHorcusDraftOrderNumber as string),cast(EMHorcusTotalPoints as int),cast(EMHorcusSyncH as string),cast(EMHorcusDraftOrderType as string),cast(EMHorcusExpireDate as date),cast(EMHorcusCLCPExpireDate as date),cast(EMHorcusPointToSendForReturn as int),cast(EMHorcusPointToSendForSales as int),cast(EMHorcusOriginalOrder as string),cast(EMHorcusRDRLNCNCLLDLN as string),cast(EMHorcusPMSSTTSRDR as string),cast(EMHorcusPMSCLNLNLNK as string),cast(EMHorcusParentOrderLine as string),cast(EMHorcusContributionAmt as int),cast(EMHorcusOldShipmentLine as string),cast(EMHorcusOldPrice as int),cast(EMHorcusApplyPostAgefee as string),cast(EMHorcusExportTimeStamp as timestamp),cast(ODHCustomReceiptHistoryId as string),cast(EMHorcusFirstDispenses as int),cast(PersonID as string),cast(VendorId as string),cast(RecordSourceCode  as string),cast(LOVRecordSourceId as int),cast(RunDateTime as timestamp),cast(DLCurateStandardRowKey as bigint),DLETLRunLogID,DLSCDActiveFlag from ODHOrderLine where OrganisationID is not null and ClientId is not null and ProductId is not null and ODHOrderLineId is not null",
            "temp_table_name": "ODHOrderLine1",
            "partition_column_list": ""
        },
        {
            "card_id": "card_31",
            "card_dependencies": [
                "card_30"
            ],
            "label": "Read_Table 31",
            "card_type": "read_table",
            "description": "Insert in ADLS",
            "query": "MERGE INTO curate_enterprise.ODHOrderLine T USING (SELECT case when s.dlscdactiveflag='Y' then concat(s.SRCOrderLineId,s.OrganisationID,s.ClientId,s.LOVRecordSourceId) else 'DEACTIVATE' end as mergeKey, s.* FROM ODHOrderLine1 s where s.dlscdactiveflag<>'D' UNION ALL SELECT 'UPDATE' as mergeKey, source.* FROM ODHOrderLine1 source JOIN curate_enterprise.ODHOrderLine Target ON source.SRCOrderLineId = Target.SRCOrderLineId and source.OrganisationID = Target.OrganisationID and source.ClientId = Target.ClientId and source.LOVRecordSourceId = Target.LOVRecordSourceId WHERE Target.DLSCDActiveFlag = 'Y' and source.DLSCDActiveFlag = 'Y') src ON concat(T.SRCOrderLineId,T.OrganisationID,T.ClientId,T.LOVRecordSourceId) = src.mergeKey AND T.DLSCDActiveFlag = 'Y' when matched THEN UPDATE SET DLSCDActiveFlag = 'N', DLSCDEndDateTime = src.RunDateTime ,DLUpdateDateTime = src.RunDateTime WHEN not MATCHED AND src.mergeKey <> 'UPDATE' and src.mergekey <> 'DEACTIVATE' THEN INSERT(ODHOrderLineId,SRCOrderLineId,OrganisationID,ClientId,ProductId,SourceCreated,SourceCreatedBy,SourceUpdated,SourceUpdatedBy,OfferId,SOResStatus,EMHorretPOSLineIdentifier,EMHorcusDraftOrderNumber,EMHorcusTotalPoints,EMHorcusSyncH,EMHorcusDraftOrderType,EMHorcusExpireDate,EMHorcusCLCPExpireDate,EMHorcusPointToSendForReturn,EMHorcusPointToSendForSales,EMHorcusOriginalOrder,EMHorcusRDRLNCNCLLDLN,EMHorcusPMSSTTSRDR,EMHorcusPMSCLNLNLNK,EMHorcusParentOrderLine,EMHorcusContributionAmt,EMHorcusOldShipmentLine,EMHorcusOldPrice,EMHorcusApplyPostAgefee,EMHorcusExportTimeStamp,ODHCustomReceiptHistoryId,EMHorcusFirstDispenses,PersonID,VendorId,RecordSourceCode,LOVRecordSourceId ,RunDateTime,DLCreateDateTime,DLUpdateDateTime,DLSCDStartDateTime,DLSCDEndDateTime,DLSCDActiveFlag,DLETLRunLogID,DLCurateStandardRowKey)  VALUES(src.ODHOrderLineId,src.SRCOrderLineId,src.OrganisationID,src.ClientId,src.ProductId,src.SourceCreated,src.SourceCreatedBy,src.SourceUpdated,src.SourceUpdatedBy,src.OfferId,src.SOResStatus,src.EMHorretPOSLineIdentifier,src.EMHorcusDraftOrderNumber,src.EMHorcusTotalPoints,src.EMHorcusSyncH,src.EMHorcusDraftOrderType,src.EMHorcusExpireDate,src.EMHorcusCLCPExpireDate,src.EMHorcusPointToSendForReturn,src.EMHorcusPointToSendForSales,src.EMHorcusOriginalOrder,src.EMHorcusRDRLNCNCLLDLN,src.EMHorcusPMSSTTSRDR,src.EMHorcusPMSCLNLNLNK,src.EMHorcusParentOrderLine,src.EMHorcusContributionAmt,src.EMHorcusOldShipmentLine,src.EMHorcusOldPrice,src.EMHorcusApplyPostAgefee,src.EMHorcusExportTimeStamp,src.ODHCustomReceiptHistoryId,src.EMHorcusFirstDispenses,src.PersonID,src.VendorId,src.RecordSourceCode,src.LOVRecordSourceId,src.RunDateTime,src.RunDateTime,src.RunDateTime,'1900-01-01 00:00:00.000','9999-12-31 00:00:00.000',src.DLSCDActiveFlag,src.DLETLRunLogID,src.DLCurateStandardRowKey) WHEN not MATCHED AND src.mergeKey = 'UPDATE' THEN INSERT(ODHOrderLineId,SRCOrderLineId,OrganisationID,ClientId,ProductId,SourceCreated,SourceCreatedBy,SourceUpdated,SourceUpdatedBy,OfferId,SOResStatus,EMHorretPOSLineIdentifier,EMHorcusDraftOrderNumber,EMHorcusTotalPoints,EMHorcusSyncH,EMHorcusDraftOrderType,EMHorcusExpireDate,EMHorcusCLCPExpireDate,EMHorcusPointToSendForReturn,EMHorcusPointToSendForSales,EMHorcusOriginalOrder,EMHorcusRDRLNCNCLLDLN,EMHorcusPMSSTTSRDR,EMHorcusPMSCLNLNLNK,EMHorcusParentOrderLine,EMHorcusContributionAmt,EMHorcusOldShipmentLine,EMHorcusOldPrice,EMHorcusApplyPostAgefee,EMHorcusExportTimeStamp,ODHCustomReceiptHistoryId,EMHorcusFirstDispenses,PersonID,VendorId,RecordSourceCode,LOVRecordSourceId ,RunDateTime,DLCreateDateTime,DLUpdateDateTime,DLSCDStartDateTime,DLSCDEndDateTime,DLSCDActiveFlag,DLETLRunLogID,DLCurateStandardRowKey)  VALUES(src.ODHOrderLineId,src.SRCOrderLineId,src.OrganisationID,src.ClientId,src.ProductId,src.SourceCreated,src.SourceCreatedBy,src.SourceUpdated,src.SourceUpdatedBy,src.OfferId,src.SOResStatus,src.EMHorretPOSLineIdentifier,src.EMHorcusDraftOrderNumber,src.EMHorcusTotalPoints,src.EMHorcusSyncH,src.EMHorcusDraftOrderType,src.EMHorcusExpireDate,src.EMHorcusCLCPExpireDate,src.EMHorcusPointToSendForReturn,src.EMHorcusPointToSendForSales,src.EMHorcusOriginalOrder,src.EMHorcusRDRLNCNCLLDLN,src.EMHorcusPMSSTTSRDR,src.EMHorcusPMSCLNLNLNK,src.EMHorcusParentOrderLine,src.EMHorcusContributionAmt,src.EMHorcusOldShipmentLine,src.EMHorcusOldPrice,src.EMHorcusApplyPostAgefee,src.EMHorcusExportTimeStamp,src.ODHCustomReceiptHistoryId,src.EMHorcusFirstDispenses,src.PersonID,src.VendorId,src.RecordSourceCode,src.LOVRecordSourceId,src.RunDateTime,src.RunDateTime,src.RunDateTime,src.RunDateTime,'9999-12-31 00:00:00.000',src.DLSCDActiveFlag,src.DLETLRunLogID,src.DLCurateStandardRowKey) WHEN not MATCHED AND src.mergeKey = 'DEACTIVATE' THEN INSERT(ODHOrderLineId,SRCOrderLineId,OrganisationID,ClientId,ProductId,SourceCreated,SourceCreatedBy,SourceUpdated,SourceUpdatedBy,OfferId,SOResStatus,EMHorretPOSLineIdentifier,EMHorcusDraftOrderNumber,EMHorcusTotalPoints,EMHorcusSyncH,EMHorcusDraftOrderType,EMHorcusExpireDate,EMHorcusCLCPExpireDate,EMHorcusPointToSendForReturn,EMHorcusPointToSendForSales,EMHorcusOriginalOrder,EMHorcusRDRLNCNCLLDLN,EMHorcusPMSSTTSRDR,EMHorcusPMSCLNLNLNK,EMHorcusParentOrderLine,EMHorcusContributionAmt,EMHorcusOldShipmentLine,EMHorcusOldPrice,EMHorcusApplyPostAgefee,EMHorcusExportTimeStamp,ODHCustomReceiptHistoryId,EMHorcusFirstDispenses,PersonID,VendorId,RecordSourceCode,LOVRecordSourceId ,RunDateTime,DLCreateDateTime,DLUpdateDateTime,DLSCDStartDateTime,DLSCDEndDateTime,DLSCDActiveFlag,DLETLRunLogID,DLCurateStandardRowKey)  VALUES(src.ODHOrderLineId,src.SRCOrderLineId,src.OrganisationID,src.ClientId,src.ProductId,src.SourceCreated,src.SourceCreatedBy,src.SourceUpdated,src.SourceUpdatedBy,src.OfferId,src.SOResStatus,src.EMHorretPOSLineIdentifier,src.EMHorcusDraftOrderNumber,src.EMHorcusTotalPoints,src.EMHorcusSyncH,src.EMHorcusDraftOrderType,src.EMHorcusExpireDate,src.EMHorcusCLCPExpireDate,src.EMHorcusPointToSendForReturn,src.EMHorcusPointToSendForSales,src.EMHorcusOriginalOrder,src.EMHorcusRDRLNCNCLLDLN,src.EMHorcusPMSSTTSRDR,src.EMHorcusPMSCLNLNLNK,src.EMHorcusParentOrderLine,src.EMHorcusContributionAmt,src.EMHorcusOldShipmentLine,src.EMHorcusOldPrice,src.EMHorcusApplyPostAgefee,src.EMHorcusExportTimeStamp,src.ODHCustomReceiptHistoryId,src.EMHorcusFirstDispenses,src.PersonID,src.VendorId,src.RecordSourceCode,src.LOVRecordSourceId,src.RunDateTime,src.RunDateTime,src.RunDateTime,src.RunDateTime,src.RunDateTime,src.DLSCDActiveFlag,src.DLETLRunLogID,src.DLCurateStandardRowKey)",
            "temp_table_name": "ODHOrderLine3",
            "partition_column_list": ""
        },
        {
            "card_id": "card_313131",
            "card_dependencies": [
                "card_30",
				"card_31"
            ],
            "label": "Read_Table 31",
            "card_type": "read_table",
            "description": "Insert in ADLS",
            "query": "MERGE INTO curate_enterprise.ODHOrderLine T USING (SELECT concat(s.SRCOrderLineId,s.OrganisationID,s.ClientId,s.LOVRecordSourceId) as mergeKey, s.* FROM ODHOrderLine1 s where s.dlscdactiveflag = 'D' UNION ALL SELECT 'UPDATE' as mergeKey, source.* FROM ODHOrderLine1 source JOIN curate_enterprise.ODHOrderLine Target ON source.SRCOrderLineId = Target.SRCOrderLineId and source.OrganisationID = Target.OrganisationID and source.ClientId = Target.ClientId and source.LOVRecordSourceId = Target.LOVRecordSourceId WHERE Target.DLSCDActiveFlag = 'Y' and source.DLSCDActiveFlag = 'D') src ON concat(T.SRCOrderLineId,T.OrganisationID,T.ClientId,T.LOVRecordSourceId) = src.mergeKey AND T.DLSCDActiveFlag = 'Y' when matched THEN UPDATE SET DLSCDActiveFlag = 'N', DLSCDEndDateTime = src.RunDateTime ,DLUpdateDateTime = src.RunDateTime WHEN not MATCHED AND src.mergeKey <> 'UPDATE' THEN INSERT(ODHOrderLineId,SRCOrderLineId,OrganisationID,ClientId,ProductId,SourceCreated,SourceCreatedBy,SourceUpdated,SourceUpdatedBy,OfferId,SOResStatus,EMHorretPOSLineIdentifier,EMHorcusDraftOrderNumber,EMHorcusTotalPoints,EMHorcusSyncH,EMHorcusDraftOrderType,EMHorcusExpireDate,EMHorcusCLCPExpireDate,EMHorcusPointToSendForReturn,EMHorcusPointToSendForSales,EMHorcusOriginalOrder,EMHorcusRDRLNCNCLLDLN,EMHorcusPMSSTTSRDR,EMHorcusPMSCLNLNLNK,EMHorcusParentOrderLine,EMHorcusContributionAmt,EMHorcusOldShipmentLine,EMHorcusOldPrice,EMHorcusApplyPostAgefee,EMHorcusExportTimeStamp,ODHCustomReceiptHistoryId,EMHorcusFirstDispenses,PersonID,VendorId,RecordSourceCode,LOVRecordSourceId ,RunDateTime,DLCreateDateTime,DLUpdateDateTime,DLSCDStartDateTime,DLSCDEndDateTime,DLSCDActiveFlag,DLETLRunLogID,DLCurateStandardRowKey)  VALUES(src.ODHOrderLineId,src.SRCOrderLineId,src.OrganisationID,src.ClientId,src.ProductId,src.SourceCreated,src.SourceCreatedBy,src.SourceUpdated,src.SourceUpdatedBy,src.OfferId,src.SOResStatus,src.EMHorretPOSLineIdentifier,src.EMHorcusDraftOrderNumber,src.EMHorcusTotalPoints,src.EMHorcusSyncH,src.EMHorcusDraftOrderType,src.EMHorcusExpireDate,src.EMHorcusCLCPExpireDate,src.EMHorcusPointToSendForReturn,src.EMHorcusPointToSendForSales,src.EMHorcusOriginalOrder,src.EMHorcusRDRLNCNCLLDLN,src.EMHorcusPMSSTTSRDR,src.EMHorcusPMSCLNLNLNK,src.EMHorcusParentOrderLine,src.EMHorcusContributionAmt,src.EMHorcusOldShipmentLine,src.EMHorcusOldPrice,src.EMHorcusApplyPostAgefee,src.EMHorcusExportTimeStamp,src.ODHCustomReceiptHistoryId,src.EMHorcusFirstDispenses,src.PersonID,src.VendorId,src.RecordSourceCode,src.LOVRecordSourceId,src.RunDateTime,src.RunDateTime,src.RunDateTime,src.RunDateTime,src.RunDateTime,'N',src.DLETLRunLogID,src.DLCurateStandardRowKey) WHEN not MATCHED AND src.mergeKey = 'UPDATE' THEN INSERT(ODHOrderLineId,SRCOrderLineId,OrganisationID,ClientId,ProductId,SourceCreated,SourceCreatedBy,SourceUpdated,SourceUpdatedBy,OfferId,SOResStatus,EMHorretPOSLineIdentifier,EMHorcusDraftOrderNumber,EMHorcusTotalPoints,EMHorcusSyncH,EMHorcusDraftOrderType,EMHorcusExpireDate,EMHorcusCLCPExpireDate,EMHorcusPointToSendForReturn,EMHorcusPointToSendForSales,EMHorcusOriginalOrder,EMHorcusRDRLNCNCLLDLN,EMHorcusPMSSTTSRDR,EMHorcusPMSCLNLNLNK,EMHorcusParentOrderLine,EMHorcusContributionAmt,EMHorcusOldShipmentLine,EMHorcusOldPrice,EMHorcusApplyPostAgefee,EMHorcusExportTimeStamp,ODHCustomReceiptHistoryId,EMHorcusFirstDispenses,PersonID,VendorId,RecordSourceCode,LOVRecordSourceId ,RunDateTime,DLCreateDateTime,DLUpdateDateTime,DLSCDStartDateTime,DLSCDEndDateTime,DLSCDActiveFlag,DLETLRunLogID,DLCurateStandardRowKey)  VALUES(src.ODHOrderLineId,src.SRCOrderLineId,src.OrganisationID,src.ClientId,src.ProductId,src.SourceCreated,src.SourceCreatedBy,src.SourceUpdated,src.SourceUpdatedBy,src.OfferId,src.SOResStatus,src.EMHorretPOSLineIdentifier,src.EMHorcusDraftOrderNumber,src.EMHorcusTotalPoints,src.EMHorcusSyncH,src.EMHorcusDraftOrderType,src.EMHorcusExpireDate,src.EMHorcusCLCPExpireDate,src.EMHorcusPointToSendForReturn,src.EMHorcusPointToSendForSales,src.EMHorcusOriginalOrder,src.EMHorcusRDRLNCNCLLDLN,src.EMHorcusPMSSTTSRDR,src.EMHorcusPMSCLNLNLNK,src.EMHorcusParentOrderLine,src.EMHorcusContributionAmt,src.EMHorcusOldShipmentLine,src.EMHorcusOldPrice,src.EMHorcusApplyPostAgefee,src.EMHorcusExportTimeStamp,src.ODHCustomReceiptHistoryId,src.EMHorcusFirstDispenses,src.PersonID,src.VendorId,src.RecordSourceCode,src.LOVRecordSourceId,src.RunDateTime,src.RunDateTime,src.RunDateTime,src.RunDateTime,src.RunDateTime,'N',src.DLETLRunLogID,src.DLCurateStandardRowKey)",
            "temp_table_name": "ODHOrderLine333333",
            "partition_column_list": ""
        },
        {
            "card_id": "card_32",
            "card_dependencies": [
                "card_30",
                "card_31",
				"card_12"
            ],
            "label": "Read_Table 32",
            "card_type": "read_table",
            "description": "BackUp records for ODHorderline",
            "query": "select * from corderline11 where C_ORDERLINE_ID not in (select SRCOrderLineId from ODHOrderLine1) and C_ORDERLINE_ID <> 'null'",
            "temp_table_name": "ODHOrderLine_BackUp",
            "partition_column_list": ""
        },
        {
            "card_id": "card_33",
            "card_dependencies": [
                "card_2",
				"card_18",
				"card_32"
            ],
            "label": "Read_Table 3",
            "card_type": "read_table",
            "description": "Applying Transformations",
            "query": "select md5(concat_ws('^|~',a.ODHOrderLineId,r.LOVId)) as ODHOrderLineIndicatorId,a.ODHOrderLineId,s.DIRECTSHIP as DirectShip,s.ISDESCRIPTION as IsDescription,s.CANCELPRICEAD as CancelpriceAD,s.ISEDITLINENETAMT as IsEditlineNetAmt,s.MANAGE_RESERVATION as ManageReservation,s.MANAGE_PRERESERVATION as ManagePreservation,s.EXPLODE as Explode,s.EM_HORCUS_COVER as EmHorcusCover,s.EM_HORCUS_CLCP as EmHorcusCLCP,s.EM_HORCUS_PRACT_TO_SUP_FRAME as EmHorcusPractToSupFrame,s.EM_HORCUS_REMOTE_EDGING as EmHorcusRemoteEdging,s.EM_HORCUS_UNCAT_LENS as EmHorcusUncatLens,s.EM_HORCUS_PAY_TO_COLLECTED as EmHorcusPayToCollected,s.EM_HORCUS_IS_CNCLLD_LN as EmHorcusIsCnclldLn,s.EM_HORCUS_PR_RT_PRCSSD as EmHorcusPrRtPrcssd,s.EM_HORCUS_PRACT_TO_SUP_LENS as EmHorcusPractToSupLens,s.EM_HORCUS_IS_ONLY_LEFT_LENS as EMHorcusIsOnlyLeftLens,s.EM_HORCUS_IS_ONLY_RIGHT_LENS as EmHorcusIsOnlyRightLens,s.EM_HORCUS_INITIALSUPPLY as EmHorcusInitialSupply,'BUKOPMS' as RecordSourceCode,cast(r.LOVId as int) as LOVRecordSourceId,cast(s.CurateStandardRowKey as bigint) as DLCurateStandardRowKey,cast(s.ETLRunLogIdNew as int) as DLETLRunLogID,current_timestamp as RunDateTime,case when s.rn=1 and ifnull(s.operation,'null')<>'DELETE' then 'Y' when s.rn=1 and ifnull(s.operation,'null')='DELETE' then 'D' else 'N' end as DLSCDActiveFlag from corderlinelog s left join (select distinct ODHOrderLineId,SRCOrderLineId from curate_enterprise.ODHOrderLine where RecordSourceCode='BUKOPMS' and DLSCDActiveFlag='Y') a on a.SRCOrderLineId=s.C_ORDERLINE_ID join (select LOVId from reflovsetinfo where lovkey='BUKOPMS' and lovsetname='System of Record' and LOVRecordsourceid='12012') r on(1=1) where s.C_ORDERLINE_ID is not null and a.ODHOrderLineId is not null",
            "temp_table_name": "OrderLineIndicator",
            "partition_column_list": ""
        },
        {
            "card_id": "card_34",
            "card_dependencies": [
                "card_33"
            ],
            "label": "Read_Table 34",
            "card_type": "read_table",
            "description": "Filtering Records and Casting to correct DataType",
            "query": "select cast(ODHOrderLineIndicatorId as string),cast(ODHOrderLineId as string),cast(Directship as string),cast(IsDescription as string),cast(CancelPriceAD as string),cast(IsEditLineNetAmt as string),cast(ManageReservation as string),cast(ManagePreservation as string),cast(Explode as string),cast(EMHorcusCover as string),cast(EmHorcusCLCP as string),cast(EMHorcusPractToSupFrame as string),cast(EmHorcusRemoteEdging as string),cast(EmHorcusUncatLens as string),cast(EMHorcusPaytoCollected as string),cast(EMHorcusIsCNCLLDLN as string),cast(EMHorcusPRRTPRCSSD as string),cast(EMHorcusPractToSupLens as string),cast(EMHorcusIsOnlyLeftLens as string),cast(EMHorcusIsOnlyRightLens as string),cast(EMHorcusInitialSupply as string),cast(RecordSourceCode  as string),cast(LOVRecordSourceId as int),cast(RunDateTime as timestamp),cast(DLCurateStandardRowKey as bigint),DLETLRunLogID,DLSCDActiveFlag from OrderLineIndicator",
            "temp_table_name": "OrderLineIndicator1",
            "partition_column_list": ""
        },
        {
            "card_id": "card_35",
            "card_dependencies": [
                "card_34"
            ],
            "label": "Read_Table 35",
            "card_type": "read_table",
            "description": "Insert in ADLS",
            "query": "MERGE INTO curate_enterprise.ODHOrderLineIndicator T USING (SELECT case when s.dlscdactiveflag='Y' then s.ODHOrderLineIndicatorId else 'DEACTIVATE' end as mergeKey, s.* FROM OrderLineIndicator1 s where s.dlscdactiveflag<>'D' UNION ALL SELECT 'UPDATE' as mergeKey, source.* FROM OrderLineIndicator1 source JOIN curate_enterprise.ODHOrderLineIndicator Target ON source.ODHOrderLineIndicatorId = Target.ODHOrderLineIndicatorId WHERE Target.DLSCDActiveFlag = 'Y' and source.DLSCDActiveFlag = 'Y') src ON T.ODHOrderLineIndicatorId = src.mergeKey AND T.DLSCDActiveFlag = 'Y' when matched THEN UPDATE SET DLSCDActiveFlag = 'N', DLSCDEndDateTime = src.RunDateTime ,DLUpdateDateTime = src.RunDateTime WHEN not MATCHED AND src.mergeKey <> 'UPDATE' and src.mergekey <> 'DEACTIVATE' THEN INSERT(ODHOrderLineIndicatorId,ODHOrderLineId,Directship,IsDescription,CancelPriceAD,IsEditLineNetAmt,ManageReservation,ManagePreservation,Explode,EMHorcusCover,EmHorcusCLCP,EMHorcusPractToSupFrame,EmHorcusRemoteEdging,EmHorcusUncatLens,EMHorcusPaytoCollected,EMHorcusIsCNCLLDLN,EMHorcusPRRTPRCSSD,EMHorcusPractToSupLens,EMHorcusIsOnlyLeftLens,EMHorcusIsOnlyRightLens,EMHorcusInitialSupply,RecordSourceCode,LOVRecordSourceId ,RunDateTime,DLCreateDateTime,DLUpdateDateTime,DLSCDStartDateTime,DLSCDEndDateTime,DLSCDActiveFlag,DLETLRunLogID,DLCurateStandardRowKey)  VALUES(src.ODHOrderLineIndicatorId,src.ODHOrderLineId,src.Directship,src.IsDescription,src.CancelPriceAD,src.IsEditLineNetAmt,src.ManageReservation,src.ManagePreservation,src.Explode,src.EMHorcusCover,src.EmHorcusCLCP,src.EMHorcusPractToSupFrame,src.EmHorcusRemoteEdging,src.EmHorcusUncatLens,src.EMHorcusPaytoCollected,src.EMHorcusIsCNCLLDLN,src.EMHorcusPRRTPRCSSD,src.EMHorcusPractToSupLens,src.EMHorcusIsOnlyLeftLens,src.EMHorcusIsOnlyRightLens,src.EMHorcusInitialSupply,src.RecordSourceCode,src.LOVRecordSourceId,src.RunDateTime,src.RunDateTime,src.RunDateTime,'1900-01-01 00:00:00.000','9999-12-31 00:00:00.000',src.DLSCDActiveFlag,src.DLETLRunLogID,src.DLCurateStandardRowKey) WHEN not MATCHED AND src.mergeKey = 'UPDATE' THEN INSERT(ODHOrderLineIndicatorId,ODHOrderLineId,Directship,IsDescription,CancelPriceAD,IsEditLineNetAmt,ManageReservation,ManagePreservation,Explode,EMHorcusCover,EmHorcusCLCP,EMHorcusPractToSupFrame,EmHorcusRemoteEdging,EmHorcusUncatLens,EMHorcusPaytoCollected,EMHorcusIsCNCLLDLN,EMHorcusPRRTPRCSSD,EMHorcusPractToSupLens,EMHorcusIsOnlyLeftLens,EMHorcusIsOnlyRightLens,EMHorcusInitialSupply,RecordSourceCode,LOVRecordSourceId ,RunDateTime,DLCreateDateTime,DLUpdateDateTime,DLSCDStartDateTime,DLSCDEndDateTime,DLSCDActiveFlag,DLETLRunLogID,DLCurateStandardRowKey)  VALUES(src.ODHOrderLineIndicatorId,src.ODHOrderLineId,src.Directship,src.IsDescription,src.CancelPriceAD,src.IsEditLineNetAmt,src.ManageReservation,src.ManagePreservation,src.Explode,src.EMHorcusCover,src.EmHorcusCLCP,src.EMHorcusPractToSupFrame,src.EmHorcusRemoteEdging,src.EmHorcusUncatLens,src.EMHorcusPaytoCollected,src.EMHorcusIsCNCLLDLN,src.EMHorcusPRRTPRCSSD,src.EMHorcusPractToSupLens,src.EMHorcusIsOnlyLeftLens,src.EMHorcusIsOnlyRightLens,src.EMHorcusInitialSupply,src.RecordSourceCode,src.LOVRecordSourceId,src.RunDateTime,src.RunDateTime,src.RunDateTime,src.RunDateTime,'9999-12-31 00:00:00.000',src.DLSCDActiveFlag,src.DLETLRunLogID,src.DLCurateStandardRowKey) WHEN not MATCHED AND src.mergeKey = 'DEACTIVATE' THEN INSERT(ODHOrderLineIndicatorId,ODHOrderLineId,Directship,IsDescription,CancelPriceAD,IsEditLineNetAmt,ManageReservation,ManagePreservation,Explode,EMHorcusCover,EmHorcusCLCP,EMHorcusPractToSupFrame,EmHorcusRemoteEdging,EmHorcusUncatLens,EMHorcusPaytoCollected,EMHorcusIsCNCLLDLN,EMHorcusPRRTPRCSSD,EMHorcusPractToSupLens,EMHorcusIsOnlyLeftLens,EMHorcusIsOnlyRightLens,EMHorcusInitialSupply,RecordSourceCode,LOVRecordSourceId ,RunDateTime,DLCreateDateTime,DLUpdateDateTime,DLSCDStartDateTime,DLSCDEndDateTime,DLSCDActiveFlag,DLETLRunLogID,DLCurateStandardRowKey)  VALUES(src.ODHOrderLineIndicatorId,src.ODHOrderLineId,src.Directship,src.IsDescription,src.CancelPriceAD,src.IsEditLineNetAmt,src.ManageReservation,src.ManagePreservation,src.Explode,src.EMHorcusCover,src.EmHorcusCLCP,src.EMHorcusPractToSupFrame,src.EmHorcusRemoteEdging,src.EmHorcusUncatLens,src.EMHorcusPaytoCollected,src.EMHorcusIsCNCLLDLN,src.EMHorcusPRRTPRCSSD,src.EMHorcusPractToSupLens,src.EMHorcusIsOnlyLeftLens,src.EMHorcusIsOnlyRightLens,src.EMHorcusInitialSupply,src.RecordSourceCode,src.LOVRecordSourceId,src.RunDateTime,src.RunDateTime,src.RunDateTime,src.RunDateTime,src.RunDateTime,src.DLSCDActiveFlag,src.DLETLRunLogID,src.DLCurateStandardRowKey)",
            "temp_table_name": "OrderLineIndicator3",
            "partition_column_list": ""
        },
        {
            "card_id": "card_353535",
            "card_dependencies": [
                "card_34",
				"card_35"
            ],
            "label": "Read_Table 35",
            "card_type": "read_table",
            "description": "Insert in ADLS",
            "query": "MERGE INTO curate_enterprise.ODHOrderLineIndicator T USING (SELECT s.ODHOrderLineIndicatorId as mergeKey, s.* FROM OrderLineIndicator1 s where s.dlscdactiveflag = 'D' UNION ALL SELECT 'UPDATE' as mergeKey, source.* FROM OrderLineIndicator1 source JOIN curate_enterprise.ODHOrderLineIndicator Target ON source.ODHOrderLineIndicatorId = Target.ODHOrderLineIndicatorId WHERE Target.DLSCDActiveFlag = 'Y' and source.DLSCDActiveFlag = 'D') src ON T.ODHOrderLineIndicatorId = src.mergeKey AND T.DLSCDActiveFlag = 'Y' when matched THEN UPDATE SET DLSCDActiveFlag = 'N', DLSCDEndDateTime = src.RunDateTime ,DLUpdateDateTime = src.RunDateTime WHEN not MATCHED AND src.mergeKey <> 'UPDATE' THEN INSERT(ODHOrderLineIndicatorId,ODHOrderLineId,Directship,IsDescription,CancelPriceAD,IsEditLineNetAmt,ManageReservation,ManagePreservation,Explode,EMHorcusCover,EmHorcusCLCP,EMHorcusPractToSupFrame,EmHorcusRemoteEdging,EmHorcusUncatLens,EMHorcusPaytoCollected,EMHorcusIsCNCLLDLN,EMHorcusPRRTPRCSSD,EMHorcusPractToSupLens,EMHorcusIsOnlyLeftLens,EMHorcusIsOnlyRightLens,EMHorcusInitialSupply,RecordSourceCode,LOVRecordSourceId ,RunDateTime,DLCreateDateTime,DLUpdateDateTime,DLSCDStartDateTime,DLSCDEndDateTime,DLSCDActiveFlag,DLETLRunLogID,DLCurateStandardRowKey)  VALUES(src.ODHOrderLineIndicatorId,src.ODHOrderLineId,src.Directship,src.IsDescription,src.CancelPriceAD,src.IsEditLineNetAmt,src.ManageReservation,src.ManagePreservation,src.Explode,src.EMHorcusCover,src.EmHorcusCLCP,src.EMHorcusPractToSupFrame,src.EmHorcusRemoteEdging,src.EmHorcusUncatLens,src.EMHorcusPaytoCollected,src.EMHorcusIsCNCLLDLN,src.EMHorcusPRRTPRCSSD,src.EMHorcusPractToSupLens,src.EMHorcusIsOnlyLeftLens,src.EMHorcusIsOnlyRightLens,src.EMHorcusInitialSupply,src.RecordSourceCode,src.LOVRecordSourceId,src.RunDateTime,src.RunDateTime,src.RunDateTime,src.RunDateTime,src.RunDateTime,'N',src.DLETLRunLogID,src.DLCurateStandardRowKey) WHEN not MATCHED AND src.mergeKey = 'UPDATE' THEN INSERT(ODHOrderLineIndicatorId,ODHOrderLineId,Directship,IsDescription,CancelPriceAD,IsEditLineNetAmt,ManageReservation,ManagePreservation,Explode,EMHorcusCover,EmHorcusCLCP,EMHorcusPractToSupFrame,EmHorcusRemoteEdging,EmHorcusUncatLens,EMHorcusPaytoCollected,EMHorcusIsCNCLLDLN,EMHorcusPRRTPRCSSD,EMHorcusPractToSupLens,EMHorcusIsOnlyLeftLens,EMHorcusIsOnlyRightLens,EMHorcusInitialSupply,RecordSourceCode,LOVRecordSourceId ,RunDateTime,DLCreateDateTime,DLUpdateDateTime,DLSCDStartDateTime,DLSCDEndDateTime,DLSCDActiveFlag,DLETLRunLogID,DLCurateStandardRowKey)  VALUES(src.ODHOrderLineIndicatorId,src.ODHOrderLineId,src.Directship,src.IsDescription,src.CancelPriceAD,src.IsEditLineNetAmt,src.ManageReservation,src.ManagePreservation,src.Explode,src.EMHorcusCover,src.EmHorcusCLCP,src.EMHorcusPractToSupFrame,src.EmHorcusRemoteEdging,src.EmHorcusUncatLens,src.EMHorcusPaytoCollected,src.EMHorcusIsCNCLLDLN,src.EMHorcusPRRTPRCSSD,src.EMHorcusPractToSupLens,src.EMHorcusIsOnlyLeftLens,src.EMHorcusIsOnlyRightLens,src.EMHorcusInitialSupply,src.RecordSourceCode,src.LOVRecordSourceId,src.RunDateTime,src.RunDateTime,src.RunDateTime,src.RunDateTime,src.RunDateTime,'N',src.DLETLRunLogID,src.DLCurateStandardRowKey)",
            "temp_table_name": "OrderLineIndicator3333",
            "partition_column_list": ""
        },
        {
            "card_id": "card_36",
            "card_dependencies": [
                "card_34",
                "card_35",
				"card_12"
            ],
            "label": "Read_Table 36",
            "card_type": "read_table",
            "description": "BackUp records for orderlineindicator",
            "query": "select * from corderline11 where C_ORDERLINE_ID not in (select a.SRCOrderLineId from OrderLineIndicator1 s left join (select ODHOrderLineId,SRCOrderLineId from curate_enterprise.ODHOrderLine where RecordSourceCode='BUKOPMS' and DLSCDActiveFlag='Y') a on a.ODHOrderLineId=s.ODHOrderLineId) and C_ORDERLINE_ID <> 'null'",
            "temp_table_name": "OrderLineIndicator_BackUp",
            "partition_column_list": ""
        },
        {
            "card_id": "card_37",
            "card_dependencies": [
                "card_2",
				"card_18",
				"card_36"
            ],
            "label": "Read_Table 37",
            "card_type": "read_table",
            "description": "Applying Transformations",
            "query": "select md5(concat_ws('^|~',a.ODHOrderLineId,r.LOVId)) as ODHOrderlineMeasureid,a.ODHOrderLineId,s.QTYORDERED as QTYOrderd,s.QTYRESERVED as QTYReserved,s.QTYDELIVERED as QTYDeliverd,s.QTYINVOICED as QTYInvoiced,s.PRICELIST as PriceList,s.PRICEACTUAL as PriceActual,s.PRICELIMIT as PriceLimit,s.LINENETAMT as LineNetAmt,s.DISCOUNT as Discount,s.FREIGHTAMT as FreightAmt,s.CHARGEAMT as ChargeAmt,s.QUANTITYORDER as QuantityOrder,s.PRICESTD as PriceSTD,s.TAXBASEAMT as TaxBaseAmt,s.GROSS_UNIT_PRICE as GrossUnitPrice,s.LINE_GROSS_AMOUNT as LineGrossAmount,s.GROSSPRICELIST as GrossPriceList,s.GROSSPRICESTD as GrossPriceStd,'BUKOPMS' as RecordSourceCode,cast(r.LOVId as int) as LOVRecordSourceId,cast(s.CurateStandardRowKey as bigint) as DLCurateStandardRowKey,cast(s.ETLRunLogIdNew as int) as DLETLRunLogID,current_timestamp as RunDateTime,case when s.rn=1 and ifnull(s.operation,'null')<>'DELETE' then 'Y' when s.rn=1 and ifnull(s.operation,'null')='DELETE' then 'D' else 'N' end as DLSCDActiveFlag from corderlinelog s left join (select distinct ODHOrderLineId,SRCOrderLineId from curate_enterprise.ODHOrderLine where RecordSourceCode='BUKOPMS' and DLSCDActiveFlag='Y') a on a.SRCOrderLineId=s.C_ORDERLINE_ID join (select LOVId from reflovsetinfo where lovkey='BUKOPMS' and lovsetname='System of Record' and LOVRecordsourceid='12012') r on(1=1) where s.C_ORDERLINE_ID is not null and a.ODHOrderLineId is not null",
            "temp_table_name": "ODHOrderlineMeasure",
            "partition_column_list": ""
        },
        {
            "card_id": "card_38",
            "card_dependencies": [
                "card_37"
            ],
            "label": "Read_Table 38",
            "card_type": "read_table",
            "description": "Filtering Records and Casting to correct DataType",
            "query": "select cast(ODHOrderLineMeasureId as string),cast(ODHOrderLineId as string),cast(QTYOrderd as int),cast(QTYReserved as int),cast(QTYDeliverd as int),cast(QTYInvoiced as int),cast(PriceList as int),cast(PriceActual as int),cast(PriceLimit as int),cast(LineNetAmt as int),cast(Discount as int),cast(FreightAmt as int),cast(ChargeAmt as int),cast(QuantityOrder as int),cast(PriceSTD as  numeric(15, 2)),cast(TaxBaseAmt as int),cast(GrossUnitPrice as int),cast(LineGrossAmount as  numeric(15, 2)),cast(GrossPriceList as int),cast(GrossPriceStd as int),cast(RecordSourceCode  as string),cast(LOVRecordSourceId as int),cast(RunDateTime as timestamp),cast(DLCurateStandardRowKey as bigint),DLETLRunLogID,DLSCDActiveFlag from ODHOrderlineMeasure",
            "temp_table_name": "ODHOrderlineMeasure1",
            "partition_column_list": ""
        },
        {
            "card_id": "card_39",
            "card_dependencies": [
                "card_38"
            ],
            "label": "Read_Table 39",
            "card_type": "read_table",
            "description": "Insert in ADLS",
            "query": "MERGE INTO curate_enterprise.ODHOrderlineMeasure T USING (SELECT case when s.dlscdactiveflag='Y' then s.ODHOrderlineMeasureId else 'DEACTIVATE' end as mergeKey, s.* FROM ODHOrderlineMeasure1 s where s.dlscdactiveflag<>'D' UNION ALL SELECT 'UPDATE' as mergeKey, source.* FROM ODHOrderlineMeasure1 source JOIN curate_enterprise.ODHOrderlineMeasure Target ON source.ODHOrderlineMeasureId = Target.ODHOrderlineMeasureId WHERE Target.DLSCDActiveFlag = 'Y' and source.DLSCDActiveFlag = 'Y') src ON T.ODHOrderlineMeasureId = src.mergeKey AND T.DLSCDActiveFlag = 'Y' when matched THEN UPDATE SET DLSCDActiveFlag = 'N', DLSCDEndDateTime = src.RunDateTime ,DLUpdateDateTime = src.RunDateTime WHEN not MATCHED AND src.mergeKey <> 'UPDATE' and src.mergekey <> 'DEACTIVATE' THEN INSERT(ODHOrderLineMeasureId,ODHOrderLineId,QTYOrderd,QTYReserved,QTYDeliverd,QTYInvoiced,PriceList,PriceActual,PriceLimit,LineNetAmt,Discount,FreightAmt,ChargeAmt,QuantityOrder,PriceSTD,TaxBaseAmt,GrossUnitPrice,LineGrossAmount,GrossPriceList,GrossPriceStd,RecordSourceCode,LOVRecordSourceId ,RunDateTime,DLCreateDateTime,DLUpdateDateTime,DLSCDStartDateTime,DLSCDEndDateTime,DLSCDActiveFlag,DLETLRunLogID,DLCurateStandardRowKey)  VALUES(src.ODHOrderLineMeasureId,src.ODHOrderLineId,src.QTYOrderd,src.QTYReserved,src.QTYDeliverd,src.QTYInvoiced,src.PriceList,src.PriceActual,src.PriceLimit,src.LineNetAmt,src.Discount,src.FreightAmt,src.ChargeAmt,src.QuantityOrder,src.PriceSTD,src.TaxBaseAmt,src.GrossUnitPrice,src.LineGrossAmount,src.GrossPriceList,src.GrossPriceStd,src.RecordSourceCode,src.LOVRecordSourceId,src.RunDateTime,src.RunDateTime,src.RunDateTime,'1900-01-01 00:00:00.000','9999-12-31 00:00:00.000',src.DLSCDActiveFlag,src.DLETLRunLogID,src.DLCurateStandardRowKey) WHEN not MATCHED AND src.mergeKey = 'UPDATE' THEN INSERT(ODHOrderLineMeasureId,ODHOrderLineId,QTYOrderd,QTYReserved,QTYDeliverd,QTYInvoiced,PriceList,PriceActual,PriceLimit,LineNetAmt,Discount,FreightAmt,ChargeAmt,QuantityOrder,PriceSTD,TaxBaseAmt,GrossUnitPrice,LineGrossAmount,GrossPriceList,GrossPriceStd,RecordSourceCode,LOVRecordSourceId ,RunDateTime,DLCreateDateTime,DLUpdateDateTime,DLSCDStartDateTime,DLSCDEndDateTime,DLSCDActiveFlag,DLETLRunLogID,DLCurateStandardRowKey)  VALUES(src.ODHOrderLineMeasureId,src.ODHOrderLineId,src.QTYOrderd,src.QTYReserved,src.QTYDeliverd,src.QTYInvoiced,src.PriceList,src.PriceActual,src.PriceLimit,src.LineNetAmt,src.Discount,src.FreightAmt,src.ChargeAmt,src.QuantityOrder,src.PriceSTD,src.TaxBaseAmt,src.GrossUnitPrice,src.LineGrossAmount,src.GrossPriceList,src.GrossPriceStd,src.RecordSourceCode,src.LOVRecordSourceId,src.RunDateTime,src.RunDateTime,src.RunDateTime,src.RunDateTime,'9999-12-31 00:00:00.000',src.DLSCDActiveFlag,src.DLETLRunLogID,src.DLCurateStandardRowKey) WHEN not MATCHED AND src.mergeKey = 'DEACTIVATE' THEN INSERT(ODHOrderLineMeasureId,ODHOrderLineId,QTYOrderd,QTYReserved,QTYDeliverd,QTYInvoiced,PriceList,PriceActual,PriceLimit,LineNetAmt,Discount,FreightAmt,ChargeAmt,QuantityOrder,PriceSTD,TaxBaseAmt,GrossUnitPrice,LineGrossAmount,GrossPriceList,GrossPriceStd,RecordSourceCode,LOVRecordSourceId ,RunDateTime,DLCreateDateTime,DLUpdateDateTime,DLSCDStartDateTime,DLSCDEndDateTime,DLSCDActiveFlag,DLETLRunLogID,DLCurateStandardRowKey)  VALUES(src.ODHOrderLineMeasureId,src.ODHOrderLineId,src.QTYOrderd,src.QTYReserved,src.QTYDeliverd,src.QTYInvoiced,src.PriceList,src.PriceActual,src.PriceLimit,src.LineNetAmt,src.Discount,src.FreightAmt,src.ChargeAmt,src.QuantityOrder,src.PriceSTD,src.TaxBaseAmt,src.GrossUnitPrice,src.LineGrossAmount,src.GrossPriceList,src.GrossPriceStd,src.RecordSourceCode,src.LOVRecordSourceId,src.RunDateTime,src.RunDateTime,src.RunDateTime,src.RunDateTime,src.RunDateTime,src.DLSCDActiveFlag,src.DLETLRunLogID,src.DLCurateStandardRowKey)",
            "temp_table_name": "ODHOrderlineMeasure3",
            "partition_column_list": ""
        },
        {
            "card_id": "card_39393939",
            "card_dependencies": [
                "card_38",
				"card_39"
            ],
            "label": "Read_Table 39",
            "card_type": "read_table",
            "description": "Insert in ADLS",
            "query": "MERGE INTO curate_enterprise.ODHOrderlineMeasure T USING (SELECT s.ODHOrderlineMeasureId as mergeKey, s.* FROM ODHOrderlineMeasure1 s where s.dlscdactiveflag = 'D' UNION ALL SELECT 'UPDATE' as mergeKey, source.* FROM ODHOrderlineMeasure1 source JOIN curate_enterprise.ODHOrderlineMeasure Target ON source.ODHOrderlineMeasureId = Target.ODHOrderlineMeasureId WHERE Target.DLSCDActiveFlag = 'Y' and source.DLSCDActiveFlag = 'D') src ON T.ODHOrderlineMeasureId = src.mergeKey AND T.DLSCDActiveFlag = 'Y' when matched THEN UPDATE SET DLSCDActiveFlag = 'N', DLSCDEndDateTime = src.RunDateTime ,DLUpdateDateTime = src.RunDateTime WHEN not MATCHED AND src.mergeKey <> 'UPDATE' THEN INSERT(ODHOrderLineMeasureId,ODHOrderLineId,QTYOrderd,QTYReserved,QTYDeliverd,QTYInvoiced,PriceList,PriceActual,PriceLimit,LineNetAmt,Discount,FreightAmt,ChargeAmt,QuantityOrder,PriceSTD,TaxBaseAmt,GrossUnitPrice,LineGrossAmount,GrossPriceList,GrossPriceStd,RecordSourceCode,LOVRecordSourceId ,RunDateTime,DLCreateDateTime,DLUpdateDateTime,DLSCDStartDateTime,DLSCDEndDateTime,DLSCDActiveFlag,DLETLRunLogID,DLCurateStandardRowKey)  VALUES(src.ODHOrderLineMeasureId,src.ODHOrderLineId,src.QTYOrderd,src.QTYReserved,src.QTYDeliverd,src.QTYInvoiced,src.PriceList,src.PriceActual,src.PriceLimit,src.LineNetAmt,src.Discount,src.FreightAmt,src.ChargeAmt,src.QuantityOrder,src.PriceSTD,src.TaxBaseAmt,src.GrossUnitPrice,src.LineGrossAmount,src.GrossPriceList,src.GrossPriceStd,src.RecordSourceCode,src.LOVRecordSourceId,src.RunDateTime,src.RunDateTime,src.RunDateTime,src.RunDateTime,src.RunDateTime,'N',src.DLETLRunLogID,src.DLCurateStandardRowKey) WHEN not MATCHED AND src.mergeKey = 'UPDATE' THEN INSERT(ODHOrderLineMeasureId,ODHOrderLineId,QTYOrderd,QTYReserved,QTYDeliverd,QTYInvoiced,PriceList,PriceActual,PriceLimit,LineNetAmt,Discount,FreightAmt,ChargeAmt,QuantityOrder,PriceSTD,TaxBaseAmt,GrossUnitPrice,LineGrossAmount,GrossPriceList,GrossPriceStd,RecordSourceCode,LOVRecordSourceId ,RunDateTime,DLCreateDateTime,DLUpdateDateTime,DLSCDStartDateTime,DLSCDEndDateTime,DLSCDActiveFlag,DLETLRunLogID,DLCurateStandardRowKey)  VALUES(src.ODHOrderLineMeasureId,src.ODHOrderLineId,src.QTYOrderd,src.QTYReserved,src.QTYDeliverd,src.QTYInvoiced,src.PriceList,src.PriceActual,src.PriceLimit,src.LineNetAmt,src.Discount,src.FreightAmt,src.ChargeAmt,src.QuantityOrder,src.PriceSTD,src.TaxBaseAmt,src.GrossUnitPrice,src.LineGrossAmount,src.GrossPriceList,src.GrossPriceStd,src.RecordSourceCode,src.LOVRecordSourceId,src.RunDateTime,src.RunDateTime,src.RunDateTime,src.RunDateTime,src.RunDateTime,'N',src.DLETLRunLogID,src.DLCurateStandardRowKey)",
            "temp_table_name": "ODHOrderlineMeasure33333",
            "partition_column_list": ""
        },
        {
            "card_id": "card_40",
            "card_dependencies": [
                "card_38",
                "card_39",
				"card_12"
            ],
            "label": "Read_Table 40",
            "card_type": "read_table",
            "description": "BackUp records for orderlineindicator",
            "query": "select * from corderline11 where C_ORDERLINE_ID not in (select a.SRCOrderLineId from ODHOrderLineMeasure1 s left join (select ODHOrderLineId,SRCOrderLineId from curate_enterprise.ODHOrderLine where RecordSourceCode='BUKOPMS' and DLSCDActiveFlag='Y') a on a.ODHOrderLineId=s.ODHOrderLineId) and C_ORDERLINE_ID <> 'null'",
            "temp_table_name": "ODHOrderlineMeasure_BackUp",
            "partition_column_list": ""
        },
        {
            "card_id": "card_41",
            "card_dependencies": [
                "card_40",
				"card_36",
				"card_32",
				"card_11"
            ],
            "label": "Write_Delta 41",
            "card_type": "write_delta",
            "description": "Write backup Standard",
            "query": "select * from ODHOrderlineMeasure_BackUp union select * from OrderlineIndicator_BackUp union select * from ODHOrderline_BackUp union select * from Orderline_BackUp",
            "data_path": "/mnt/idf-curatestandard/BTUKOPTIT/BUKOPMS/BTCOPT_ORDER_ORDER_INFO_BUKOPMS_Incr/BackUp",
            "partition_key_columns": "",
            "mode": "OVERWRITE",
            "type": "GENERAL"
        }
    ]
}
