{
    "name": "AzureSynapseSQL",
    "type": "Microsoft.DataFactory/factories/linkedservices",
    "properties": {
        "annotations": [],
        "type": "AzureSqlDW",
        "typeProperties": {
            "connectionString": "Integrated Security=False;Encrypt=True;Connection Timeout=30;Data Source=dapdevsqldwhsrv01.database.windows.net;Initial Catalog=dapdevdwh01"
        },
        "connectVia": {
            "referenceName": "GS-DNA-SHIR-01",
            "type": "IntegrationRuntimeReference"
        }
    }
}