{
	"name": "AzureFunction_Snowflake",
	"properties": {
		"annotations": [],
		"type": "AzureFunction",
		"typeProperties": {
			"functionAppUrl": "https://dapdevjavaappsrv-functionapp-incload.azurewebsites.net",
			"functionKey": {
				"type": "AzureKeyVaultSecret",
				"store": {
					"referenceName": "AzureKeyVault1",
					"type": "LinkedServiceReference"
				},
				"secretName": "dapjavaappsrv-functionapp-masterKey"
			},
			"authentication": "Anonymous"
		},
		"connectVia": {
			"referenceName": "GS-DNA-SHIR-01",
			"type": "IntegrationRuntimeReference"
		}
	},
	"type": "Microsoft.DataFactory/factories/linkedservices"
}