{
    "name": "DataBricks",
    "properties": {
        "annotations": [],
        "type": "AzureDatabricks",
        "typeProperties": {
            "domain": "https://adb-5346339970823458.18.azuredatabricks.net",
            "accessToken": {
                "type": "AzureKeyVaultSecret",
                "store": {
                    "referenceName": "AzureKeyVault1",
                    "type": "LinkedServiceReference"
                },
                "secretName": "dapdevdata-engg01Token"
            },
            "existingClusterId": "1230-162138-byte664"
        },
        "connectVia": {
            "referenceName": "GS-DNA-SHIR-01",
            "type": "IntegrationRuntimeReference"
        }
    }
}