{
	"name": "Databricks_Job_Cluster",
	"properties": {
		"annotations": [],
		"type": "AzureDatabricks",
		"typeProperties": {
			"domain": "https://adb-5346339970823458.18.azuredatabricks.net",
			"accessToken": {
				"type": "AzureKeyVaultSecret",
				"store": {
					"referenceName": "AzureKeyVault1",
					"type": "LinkedServiceReference"
				},
				"secretName": "dapdevdata-engg01Token"
			},
			"newClusterNodeType": "Standard_D16s_v3",
			"newClusterNumOfWorker": "1:12",
			"newClusterSparkConf": {
				"fs.azure.account.oauth2.client.id": "{{secrets/dapdevdataenggscope/applicationId}}",
				"fs.azure.account.oauth.provider.type": "org.apache.hadoop.fs.azurebfs.oauth2.ClientCredsTokenProvider",
				"fs.azure.account.oauth2.client.endpoint": "https://login.microsoftonline.com/92cb778e-8ba7-4f34-a011-4ba6e7366996/oauth2/token",
				"spark.databricks.delta.preview.enabled ": "true",
				"fs.azure.account.auth.type ": "OAuth",
				"fs.azure.account.oauth2.client.secret": "{{secrets/dapdevdataenggscope/devdnaadls}}"
			},
			"newClusterSparkEnvVars": {
				"PYSPARK_PYTHON": "/databricks/python3/bin/python3"
			},
			"newClusterVersion": "9.1.x-scala2.12",
			"newClusterInitScripts": [],
			"clusterOption": "Autoscaling"
		},
		"connectVia": {
			"referenceName": "GS-DNA-SHIR-01",
			"type": "IntegrationRuntimeReference"
		}
	}
}