{
	"name": "Hdfs2_keyvault",
	"properties": {
		"annotations": [],
		"type": "Hdfs",
		"typeProperties": {
			"url": "https://devidhknox.walgreens.com:8443/gateway/default/webhdfs/v1/",
			"authenticationType": "Windows",
			"userName": "kwelpugc",
			"password": {
				"type": "AzureKeyVaultSecret",
				"store": {
					"referenceName": "AzureKeyVault1",
					"type": "LinkedServiceReference"
				},
				"secretName": "dapdevhdfs-password"
			}
		},
		"connectVia": {
			"referenceName": "GS-DNA-SHIR-01",
			"type": "IntegrationRuntimeReference"
		}
	}
}