{
	"name": "onprem_adls_Sftp",
	"properties": {
		"annotations": [],
		"type": "Sftp",
		"typeProperties": {
			"host": "dlw2nia-bd01.walgreens.com",
			"port": 22,
			"skipHostKeyValidation": true,
			"authenticationType": "SshPublicKey",
			"userName": "svcDAFHD",
			"privateKeyContent": {
				"type": "AzureKeyVaultSecret",
				"store": {
					"referenceName": "AzureKeyVault1",
					"type": "LinkedServiceReference"
				},
				"secretName": "dapdev-batch-1-privatekey-svcDAFHD",
				"secretVersion": ""
			},
			"passPhrase": {
				"type": "AzureKeyVaultSecret",
				"store": {
					"referenceName": "AzureKeyVault1",
					"type": "LinkedServiceReference"
				},
				"secretName": "dapdev-batch-1-passphrase-svcDAFHD"
			}
		},
		"connectVia": {
			"referenceName": "GS-DNA-SHIR-01",
			"type": "IntegrationRuntimeReference"
		}
	}
}