{
	"name": "Sftp1_pla_w02dna03_212_15",
	"properties": {
		"annotations": [],
		"type": "Sftp",
		"typeProperties": {
			"host": "pla-w02dna03.walgreens.com",
			"port": 22,
			"skipHostKeyValidation": true,
			"authenticationType": "SshPublicKey",
			"userName": "svcDAFIP",
			"privateKeyContent": {
				"type": "AzureKeyVaultSecret",
				"store": {
					"referenceName": "AzureKeyVault1",
					"type": "LinkedServiceReference"
				},
				"secretName": "dapprod-batch-4-privatekey-svcDAFIP"
			},
			"passPhrase": {
				"type": "AzureKeyVaultSecret",
				"store": {
					"referenceName": "AzureKeyVault1",
					"type": "LinkedServiceReference"
				},
				"secretName": "dapprod-batch-4-passphrase-svcDAFIP"
			}
		},
		"connectVia": {
			"referenceName": "GS-DNA-SHIR-01",
			"type": "IntegrationRuntimeReference"
		}
	}
}