{
	"name": "Sftp_batch",
	"properties": {
		"parameters": {
			"host_name": {
				"type": "string"
			},
			"user_name": {
				"type": "string"
			},
			"secret_name": {
				"type": "string"
			},
			"passphrase_name": {
				"type": "string"
			}
		},
		"annotations": [],
		"type": "Sftp",
		"typeProperties": {
			"host": "@{linkedService().host_name}",
			"port": 22,
			"skipHostKeyValidation": true,
			"authenticationType": "SshPublicKey",
			"userName": "@{linkedService().user_name}",
			"privateKeyContent": {
				"type": "AzureKeyVaultSecret",
				"store": {
					"referenceName": "AzureKeyVault1",
					"type": "LinkedServiceReference"
				},
				"secretName": {
					"value": "@linkedService().secret_name",
					"type": "Expression"
				}
			},
			"passPhrase": {
				"type": "AzureKeyVaultSecret",
				"store": {
					"referenceName": "AzureKeyVault1",
					"type": "LinkedServiceReference"
				},
				"secretName": {
					"value": "@linkedService().passphrase_name",
					"type": "Expression"
				}
			}
		},
		"connectVia": {
			"referenceName": "GS-DNA-SHIR-01",
			"type": "IntegrationRuntimeReference"
		}
	}
}