{
	"name": "Sftp1_ula_w02dna02_88_14",
	"properties": {
		"annotations": [],
		"type": "Sftp",
		"typeProperties": {
			"host": "ula-w02dna02.walgreens.com",
			"port": 22,
			"skipHostKeyValidation": true,
			"authenticationType": "SshPublicKey",
			"userName": "svcDAFIQ",
			"privateKeyContent": {
				"type": "AzureKeyVaultSecret",
				"store": {
					"referenceName": "AzureKeyVault1",
					"type": "LinkedServiceReference"
				},
				"secretName": "dapuat-batch-3-privatekey-svcDAFIQ"
			},
			"passPhrase": {
				"type": "AzureKeyVaultSecret",
				"store": {
					"referenceName": "AzureKeyVault1",
					"type": "LinkedServiceReference"
				},
				"secretName": "dapuat-batch-3-passphrase-svcDAFIQ"
			}
		},
		"connectVia": {
			"referenceName": "GS-DNA-SHIR-01",
			"type": "IntegrationRuntimeReference"
		}
	}
}