{
	"name": "Sftp_pla_w02dna01_212_13_prod",
	"properties": {
		"annotations": [],
		"type": "Sftp",
		"typeProperties": {
			"host": "pla-w02dna01.walgreens.com",
			"port": 22,
			"skipHostKeyValidation": true,
			"authenticationType": "SshPublicKey",
			"userName": "svcDAFIP",
			"privateKeyContent": {
				"type": "AzureKeyVaultSecret",
				"store": {
					"referenceName": "AzureKeyVault1",
					"type": "LinkedServiceReference"
				},
				"secretName": "dapprod-batch-2-privatekey-svcDAFIP"
			},
			"passPhrase": {
				"type": "AzureKeyVaultSecret",
				"store": {
					"referenceName": "AzureKeyVault1",
					"type": "LinkedServiceReference"
				},
				"secretName": "dapprod-batch-2-passphrase-svcDAFIP"
			}
		},
		"connectVia": {
			"referenceName": "GS-DNA-SHIR-01",
			"type": "IntegrationRuntimeReference"
		}
	}
}