{
	"name": "ic_prescription",
	"properties": {
		"activities": [
			{
				"name": "Set Dml Folderpath",
				"type": "SetVariable",
				"dependsOn": [
					{
						"activity": "ic_prescription",
						"dependencyConditions": [
							"Succeeded"
						]
					}
				],
				"userProperties": [],
				"typeProperties": {
					"variableName": "dmlfolderpath",
					"value": {
						"value": "@substring(activity('ic_prescription').output.runOutput[2],indexof(activity('ic_prescription').output.runOutput[2],'/Common'),add(length(activity('ic_prescription').output.runOutput[2]),-20))",
						"type": "Expression"
					}
				}
			},
			{
				"name": "ic_prescription",
				"type": "DatabricksNotebook",
				"dependsOn": [],
				"policy": {
					"timeout": "7.00:00:00",
					"retry": 0,
					"retryIntervalInSeconds": 30,
					"secureOutput": false,
					"secureInput": false
				},
				"userProperties": [],
				"typeProperties": {
					"notebookPath": "/Shared/Foundation_Incremental_Batch/Incremental_Batch_final/ic_prescription_S_incremental"
				},
				"linkedServiceName": {
					"referenceName": "DataBricks",
					"type": "LinkedServiceReference"
				}
			},
			{
				"name": "ExecuteSQL STMT",
				"type": "DatabricksNotebook",
				"dependsOn": [
					{
						"activity": "Set Dml Folderpath",
						"dependencyConditions": [
							"Succeeded"
						]
					}
				],
				"policy": {
					"timeout": "7.00:00:00",
					"retry": 0,
					"retryIntervalInSeconds": 30,
					"secureOutput": false,
					"secureInput": false
				},
				"userProperties": [],
				"typeProperties": {
					"notebookPath": "/Shared/Foundation_Incremental_Batch/Incremental_Batch_final/Incremental_Scala_Notebook/snowflake_dml_execution",
					"baseParameters": {
						"folder_path": {
							"value": "@variables('dmlfolderpath')",
							"type": "Expression"
						}
					}
				},
				"linkedServiceName": {
					"referenceName": "DataBricks",
					"type": "LinkedServiceReference"
				}
			}
		],
		"concurrency": 1,
		"parameters": {
			"Env": {
				"type": "string",
				"defaultValue": "@variables('Env_Str')"
			}
		},
		"variables": {
			"Env_Array": {
				"type": "Array"
			},
			"Env_Str": {
				"type": "String"
			},
			"folderpath": {
				"type": "String"
			},
			"dmlfolderpath": {
				"type": "String"
			},
			"dml_template_path": {
				"type": "String"
			},
			"dml_final_path": {
				"type": "String"
			}
		},
		"folder": {
			"name": "Foundation_Incremental_Relase"
		},
		"annotations": []
	}
}