{
	"name": "incremental_batch_new",
	"properties": {
		"activities": [
			{
				"name": "Set variable1",
				"description": "set variable",
				"type": "SetVariable",
				"dependsOn": [],
				"userProperties": [],
				"typeProperties": {
					"variableName": "adf_name",
					"value": {
						"value": "@pipeline().DataFactory",
						"type": "Expression"
					}
				}
			},
			{
				"name": "Switch1",
				"type": "Switch",
				"dependsOn": [
					{
						"activity": "Set variable1",
						"dependencyConditions": [
							"Succeeded"
						]
					}
				],
				"userProperties": [],
				"typeProperties": {
					"on": {
						"value": "@variables('adf_name')",
						"type": "Expression"
					},
					"cases": [
						{
							"value": "dapdevutladf01",
							"activities": [
								{
									"name": "Copy_from_transfer_Ready_copy2",
									"type": "Copy",
									"dependsOn": [],
									"policy": {
										"timeout": "7.00:00:00",
										"retry": 0,
										"retryIntervalInSeconds": 30,
										"secureOutput": false,
										"secureInput": false
									},
									"userProperties": [],
									"typeProperties": {
										"source": {
											"type": "BinarySource",
											"storeSettings": {
												"type": "SftpReadSettings",
												"recursive": true,
												"deleteFilesAfterCompletion": true
											},
											"formatSettings": {
												"type": "BinaryReadSettings"
											}
										},
										"sink": {
											"type": "BinarySink",
											"storeSettings": {
												"type": "AzureBlobFSWriteSettings"
											}
										},
										"enableStaging": false
									},
									"inputs": [
										{
											"referenceName": "incremental_batch_source",
											"type": "DatasetReference"
										}
									],
									"outputs": [
										{
											"referenceName": "incremental_batch_destination",
											"type": "DatasetReference"
										}
									]
								}
							]
						},
						{
							"value": "daptestutladf01",
							"activities": [
								{
									"name": "Copy_from_transfer_Ready_copy2_copy1",
									"type": "Copy",
									"dependsOn": [],
									"policy": {
										"timeout": "7.00:00:00",
										"retry": 0,
										"retryIntervalInSeconds": 30,
										"secureOutput": false,
										"secureInput": false
									},
									"userProperties": [],
									"typeProperties": {
										"source": {
											"type": "BinarySource",
											"storeSettings": {
												"type": "SftpReadSettings",
												"recursive": true,
												"deleteFilesAfterCompletion": true
											},
											"formatSettings": {
												"type": "BinaryReadSettings"
											}
										},
										"sink": {
											"type": "BinarySink",
											"storeSettings": {
												"type": "AzureBlobFSWriteSettings"
											}
										},
										"enableStaging": false
									},
									"inputs": [
										{
											"referenceName": "incremental_batch_source",
											"type": "DatasetReference"
										}
									],
									"outputs": [
										{
											"referenceName": "incremental_batch_destination",
											"type": "DatasetReference"
										}
									]
								}
							]
						},
						{
							"value": "dapuatutladf01",
							"activities": [
								{
									"name": "Copy_from_transfer_Ready_88_13_copy1",
									"type": "Copy",
									"dependsOn": [],
									"policy": {
										"timeout": "7.00:00:00",
										"retry": 0,
										"retryIntervalInSeconds": 30,
										"secureOutput": false,
										"secureInput": false
									},
									"userProperties": [],
									"typeProperties": {
										"source": {
											"type": "BinarySource",
											"storeSettings": {
												"type": "SftpReadSettings",
												"recursive": true,
												"deleteFilesAfterCompletion": true
											},
											"formatSettings": {
												"type": "BinaryReadSettings"
											}
										},
										"sink": {
											"type": "BinarySink",
											"storeSettings": {
												"type": "AzureBlobFSWriteSettings"
											}
										},
										"enableStaging": false
									},
									"inputs": [
										{
											"referenceName": "incremental_batch_1_source_copy_88_13",
											"type": "DatasetReference"
										}
									],
									"outputs": [
										{
											"referenceName": "incremental_batch_destination_88_13copy1",
											"type": "DatasetReference"
										}
									]
								},
								{
									"name": "Copy_from_transfer_Ready_88_14_copy1",
									"type": "Copy",
									"dependsOn": [],
									"policy": {
										"timeout": "7.00:00:00",
										"retry": 0,
										"retryIntervalInSeconds": 30,
										"secureOutput": false,
										"secureInput": false
									},
									"userProperties": [],
									"typeProperties": {
										"source": {
											"type": "BinarySource",
											"storeSettings": {
												"type": "SftpReadSettings",
												"recursive": true,
												"deleteFilesAfterCompletion": true
											},
											"formatSettings": {
												"type": "BinaryReadSettings"
											}
										},
										"sink": {
											"type": "BinarySink",
											"storeSettings": {
												"type": "AzureBlobFSWriteSettings"
											}
										},
										"enableStaging": false
									},
									"inputs": [
										{
											"referenceName": "incremental_batch_2_source_copy_88_14_copy1",
											"type": "DatasetReference"
										}
									],
									"outputs": [
										{
											"referenceName": "incremental_batch_destination_88_14copy1_copy1",
											"type": "DatasetReference"
										}
									]
								}
							]
						},
						{
							"value": "dapprodutladf01",
							"activities": [
								{
									"name": "Copy_from_transfer_Ready_212_13_copy",
									"type": "Copy",
									"dependsOn": [],
									"policy": {
										"timeout": "7.00:00:00",
										"retry": 0,
										"retryIntervalInSeconds": 30,
										"secureOutput": false,
										"secureInput": false
									},
									"userProperties": [],
									"typeProperties": {
										"source": {
											"type": "BinarySource",
											"storeSettings": {
												"type": "SftpReadSettings",
												"recursive": true,
												"deleteFilesAfterCompletion": true
											},
											"formatSettings": {
												"type": "BinaryReadSettings"
											}
										},
										"sink": {
											"type": "BinarySink",
											"storeSettings": {
												"type": "AzureBlobFSWriteSettings"
											}
										},
										"enableStaging": false
									},
									"inputs": [
										{
											"referenceName": "incremental_batch_1_source_copy_212_13_copy1",
											"type": "DatasetReference"
										}
									],
									"outputs": [
										{
											"referenceName": "incremental_batch_destination_212_13copy1_copy1",
											"type": "DatasetReference"
										}
									]
								},
								{
									"name": "Copy_from_transfer_Ready_212_14_copy",
									"type": "Copy",
									"dependsOn": [],
									"policy": {
										"timeout": "7.00:00:00",
										"retry": 0,
										"retryIntervalInSeconds": 30,
										"secureOutput": false,
										"secureInput": false
									},
									"userProperties": [],
									"typeProperties": {
										"source": {
											"type": "BinarySource",
											"storeSettings": {
												"type": "SftpReadSettings",
												"recursive": true,
												"deleteFilesAfterCompletion": true
											},
											"formatSettings": {
												"type": "BinaryReadSettings"
											}
										},
										"sink": {
											"type": "BinarySink",
											"storeSettings": {
												"type": "AzureBlobFSWriteSettings"
											}
										},
										"enableStaging": false
									},
									"inputs": [
										{
											"referenceName": "incremental_batch_1_source_copy_212_14_copy2",
											"type": "DatasetReference"
										}
									],
									"outputs": [
										{
											"referenceName": "incremental_batch_destination_212_14_copy1_copy2",
											"type": "DatasetReference"
										}
									]
								},
								{
									"name": "Copy_from_transfer_Ready_212_15_copy",
									"type": "Copy",
									"dependsOn": [],
									"policy": {
										"timeout": "7.00:00:00",
										"retry": 0,
										"retryIntervalInSeconds": 30,
										"secureOutput": false,
										"secureInput": false
									},
									"userProperties": [],
									"typeProperties": {
										"source": {
											"type": "BinarySource",
											"storeSettings": {
												"type": "SftpReadSettings",
												"recursive": true,
												"deleteFilesAfterCompletion": true
											},
											"formatSettings": {
												"type": "BinaryReadSettings"
											}
										},
										"sink": {
											"type": "BinarySink",
											"storeSettings": {
												"type": "AzureBlobFSWriteSettings"
											}
										},
										"enableStaging": false
									},
									"inputs": [
										{
											"referenceName": "incremental_batch_1_source_copy_212_15_copy3",
											"type": "DatasetReference"
										}
									],
									"outputs": [
										{
											"referenceName": "incremental_batch_destination_212_15_copy1_copy3",
											"type": "DatasetReference"
										}
									]
								}
							]
						}
					]
				}
			}
		],
		"concurrency": 1,
		"variables": {
			"current_datetime": {
				"type": "String"
			},
			"adf_name": {
				"type": "String"
			}
		},
		"annotations": []
	}
}