{
	"name": "incremental_batch_generic_internal",
	"properties": {
		"activities": [
			{
				"name": "Check Orchestration OK Flag",
				"description": "Check orchestration flag, if OK.txt placeholder exists in on-prem folder",
				"type": "GetMetadata",
				"dependsOn": [
					{
						"activity": "Set Secret",
						"dependencyConditions": [
							"Succeeded"
						]
					},
					{
						"activity": "Set Pass",
						"dependencyConditions": [
							"Succeeded"
						]
					},
					{
						"activity": "Set User",
						"dependencyConditions": [
							"Succeeded"
						]
					}
				],
				"policy": {
					"timeout": "0.12:00:00",
					"retry": 0,
					"retryIntervalInSeconds": 30,
					"secureOutput": false,
					"secureInput": false
				},
				"userProperties": [],
				"typeProperties": {
					"dataset": {
						"referenceName": "incremental_batch_orch_param",
						"type": "DatasetReference",
						"parameters": {
							"file_name": "OK.txt",
							"host": {
								"value": "@pipeline().parameters.host_name",
								"type": "Expression"
							},
							"secret": {
								"value": "@variables('vSecret')",
								"type": "Expression"
							},
							"pass": {
								"value": "@variables('vPass')",
								"type": "Expression"
							},
							"user": {
								"value": "@variables('vUser')",
								"type": "Expression"
							}
						}
					},
					"fieldList": [
						"exists"
					],
					"storeSettings": {
						"type": "SftpReadSettings",
						"recursive": true,
						"enablePartitionDiscovery": false,
						"disableChunking": false
					},
					"formatSettings": {
						"type": "BinaryReadSettings"
					}
				}
			},
			{
				"name": "If flag OK true and KO false",
				"type": "IfCondition",
				"dependsOn": [
					{
						"activity": "Check Orchestration OK Flag",
						"dependencyConditions": [
							"Succeeded"
						]
					},
					{
						"activity": "Check Orchestration KO flag",
						"dependencyConditions": [
							"Succeeded"
						]
					}
				],
				"userProperties": [],
				"typeProperties": {
					"expression": {
						"value": "@and(equals(activity('Check Orchestration OK Flag').output.exists, true),\nequals(activity('Check Orchestration KO Flag').output.exists, false))",
						"type": "Expression"
					},
					"ifFalseActivities": [
						{
							"name": "Set negative orchestation status",
							"description": "Return orchestration status when previous pipeline is still running",
							"type": "SetVariable",
							"dependsOn": [],
							"userProperties": [],
							"typeProperties": {
								"variableName": "orchestration_status",
								"value": "Previous pipeline is still running"
							}
						}
					],
					"ifTrueActivities": [
						{
							"name": "Drop KO flag",
							"description": "Write KO.txt as orchestration flag to block the machine",
							"type": "Copy",
							"dependsOn": [],
							"policy": {
								"timeout": "0.12:00:00",
								"retry": 0,
								"retryIntervalInSeconds": 30,
								"secureOutput": false,
								"secureInput": false
							},
							"userProperties": [],
							"typeProperties": {
								"source": {
									"type": "BinarySource",
									"storeSettings": {
										"type": "SftpReadSettings",
										"recursive": true,
										"deleteFilesAfterCompletion": true,
										"disableChunking": false
									},
									"formatSettings": {
										"type": "BinaryReadSettings"
									}
								},
								"sink": {
									"type": "BinarySink",
									"storeSettings": {
										"type": "SftpWriteSettings",
										"operationTimeout": "01:00:00",
										"useTempFileRename": true
									}
								},
								"enableStaging": false
							},
							"inputs": [
								{
									"referenceName": "incremental_batch_orch_param",
									"type": "DatasetReference",
									"parameters": {
										"file_name": "OK.txt",
										"host": {
											"value": "@pipeline().parameters.host_name",
											"type": "Expression"
										},
										"secret": {
											"value": "@variables('vSecret')",
											"type": "Expression"
										},
										"pass": {
											"value": "@variables('vPass')",
											"type": "Expression"
										},
										"user": {
											"value": "@variables('vUser')",
											"type": "Expression"
										}
									}
								}
							],
							"outputs": [
								{
									"referenceName": "incremental_batch_orch_param",
									"type": "DatasetReference",
									"parameters": {
										"file_name": "KO.txt",
										"host": {
											"value": "@pipeline().parameters.host_name",
											"type": "Expression"
										},
										"secret": {
											"value": "@variables('vSecret')",
											"type": "Expression"
										},
										"pass": {
											"value": "@variables('vPass')",
											"type": "Expression"
										},
										"user": {
											"value": "@variables('vUser')",
											"type": "Expression"
										}
									}
								}
							]
						},
						{
							"name": "Drop OK flag",
							"description": "Write KO.txt as orchestration flag to release the machine",
							"type": "Copy",
							"dependsOn": [
								{
									"activity": "Copy_from_transfer_Ready",
									"dependencyConditions": [
										"Completed"
									]
								}
							],
							"policy": {
								"timeout": "0.12:00:00",
								"retry": 0,
								"retryIntervalInSeconds": 30,
								"secureOutput": false,
								"secureInput": false
							},
							"userProperties": [],
							"typeProperties": {
								"source": {
									"type": "BinarySource",
									"storeSettings": {
										"type": "SftpReadSettings",
										"recursive": true,
										"deleteFilesAfterCompletion": true,
										"disableChunking": false
									},
									"formatSettings": {
										"type": "BinaryReadSettings"
									}
								},
								"sink": {
									"type": "BinarySink",
									"storeSettings": {
										"type": "SftpWriteSettings",
										"operationTimeout": "01:00:00",
										"useTempFileRename": true
									}
								},
								"enableStaging": false
							},
							"inputs": [
								{
									"referenceName": "incremental_batch_orch_param",
									"type": "DatasetReference",
									"parameters": {
										"file_name": "KO.txt",
										"host": {
											"value": "@pipeline().parameters.host_name",
											"type": "Expression"
										},
										"secret": {
											"value": "@variables('vSecret')",
											"type": "Expression"
										},
										"pass": {
											"value": "@variables('vPass')",
											"type": "Expression"
										},
										"user": {
											"value": "@variables('vUser')",
											"type": "Expression"
										}
									}
								}
							],
							"outputs": [
								{
									"referenceName": "incremental_batch_orch_param",
									"type": "DatasetReference",
									"parameters": {
										"file_name": "OK.txt",
										"host": {
											"value": "@pipeline().parameters.host_name",
											"type": "Expression"
										},
										"secret": {
											"value": "@variables('vSecret')",
											"type": "Expression"
										},
										"pass": {
											"value": "@variables('vPass')",
											"type": "Expression"
										},
										"user": {
											"value": "@variables('vUser')",
											"type": "Expression"
										}
									}
								}
							]
						},
						{
							"name": "Copy_from_transfer_Ready",
							"description": "Copy data from transfer ready to Landing ",
							"type": "Copy",
							"dependsOn": [
								{
									"activity": "Drop KO flag",
									"dependencyConditions": [
										"Succeeded"
									]
								}
							],
							"policy": {
								"timeout": "7.00:00:00",
								"retry": 0,
								"retryIntervalInSeconds": 30,
								"secureOutput": false,
								"secureInput": false
							},
							"userProperties": [],
							"typeProperties": {
								"source": {
									"type": "BinarySource",
									"storeSettings": {
										"type": "SftpReadSettings",
										"recursive": true,
										"deleteFilesAfterCompletion": true
									},
									"formatSettings": {
										"type": "BinaryReadSettings"
									}
								},
								"sink": {
									"type": "BinarySink",
									"storeSettings": {
										"type": "AzureBlobFSWriteSettings"
									}
								},
								"enableStaging": false
							},
							"inputs": [
								{
									"referenceName": "incremental_batch_source_param",
									"type": "DatasetReference",
									"parameters": {
										"host": {
											"value": "@pipeline().parameters.host_name",
											"type": "Expression"
										},
										"secret": {
											"value": "@variables('vSecret')",
											"type": "Expression"
										},
										"pass": {
											"value": "@variables('vPass')",
											"type": "Expression"
										},
										"user": {
											"value": "@variables('vUser')",
											"type": "Expression"
										}
									}
								}
							],
							"outputs": [
								{
									"referenceName": "incremental_batch_destination_param",
									"type": "DatasetReference"
								}
							]
						}
					]
				}
			},
			{
				"name": "Set Secret",
				"type": "SetVariable",
				"dependsOn": [],
				"userProperties": [],
				"typeProperties": {
					"variableName": "vSecret",
					"value": {
						"value": "@if(\n  equals(\n    pipeline().DataFactory,'dapdevutladf01'\n  ),'dapdev-batch-1-privatekey-svcDAFHD',if(\n    equals(\n     pipeline().DataFactory,'daptestutladf01'\n    ),'daptest-batch-1-privatekey-svcDAFIQ',if(and(\n\t  equals(\n\t    pipeline().DataFactory,'dapuatutladf01'\n      ),\n    equals(\n     pipeline().parameters.host_name,'ula-w02dna01'\n    )),'dapuat-batch-2-privatekey-svcDAFIQ',if(and(\n\t  equals(\n\t    pipeline().DataFactory,'dapuatutladf01'\n      ),\n    equals(\n     pipeline().parameters.host_name,'ula-w02dna02'\n    )),'dapuat-batch-3-privatekey-svcDAFIQ',if(and(\n\t  equals(\n\t    pipeline().DataFactory,'dapprodutladf01'\n      ),\n    equals(\n     pipeline().parameters.host_name,'pla-w02dna01'\n    )),'dapprod-batch-2-privatekey-svcDAFIP', if(and(\n\t  equals(\n\t    pipeline().DataFactory,'dapprodutladf01'\n      ),\n    equals(\n     pipeline().parameters.host_name,'pla-w02dna02'\n    )),'dapprod-batch-3-privatekey-svcDAFIP',\n    if(and(\n\t  equals(\n\t    pipeline().DataFactory,'dapprodutladf01'\n      ),\n    equals(\n     pipeline().parameters.host_name,'pla-w02dna03'\n    )),'dapprod-batch-4-privatekey-svcDAFIP', 'error: environment not found'\n    )))))))\n\t",
						"type": "Expression"
					}
				}
			},
			{
				"name": "Set Pass",
				"type": "SetVariable",
				"dependsOn": [],
				"userProperties": [],
				"typeProperties": {
					"variableName": "vPass",
					"value": {
						"value": "@if(\n  equals(\n    pipeline().DataFactory,'dapdevutladf01'\n  ),'dapdev-batch-1-passphrase-svcDAFHD',if(\n    equals(\n     pipeline().DataFactory,'daptestutladf01'\n    ),'daptest-batch-1-passphrase-svcDAFIQ',if(and(\n\t  equals(\n\t    pipeline().DataFactory,'dapuatutladf01'\n      ),\n    equals(\n     pipeline().parameters.host_name,'ula-w02dna01'\n    )),'dapuat-batch-2-passphrase-svcDAFIQ',if(and(\n\t  equals(\n\t    pipeline().DataFactory,'dapuatutladf01'\n      ),\n    equals(\n     pipeline().parameters.host_name,'ula-w02dna02'\n    )),'dapuat-batch-3-passphrase-svcDAFIQ',if(and(\n\t  equals(\n\t    pipeline().DataFactory,'dapprodutladf01'\n      ),\n    equals(\n     pipeline().parameters.host_name,'pla-w02dna01'\n    )),'dapprod-batch-2-passphrase-svcDAFIP', if(and(\n\t  equals(\n\t    pipeline().DataFactory,'dapprodutladf01'\n      ),\n    equals(\n     pipeline().parameters.host_name,'pla-w02dna02'\n    )),'dapprod-batch-3-passphrase-svcDAFIP',\n    if(and(\n\t  equals(\n\t    pipeline().DataFactory,'dapprodutladf01'\n      ),\n    equals(\n     pipeline().parameters.host_name,'pla-w02dna03'\n    )),'dapprod-batch-4-passphrase-svcDAFIP', 'error: environment not found'\n    )))))))\n\t",
						"type": "Expression"
					}
				}
			},
			{
				"name": "Set User",
				"type": "SetVariable",
				"dependsOn": [],
				"userProperties": [],
				"typeProperties": {
					"variableName": "vUser",
					"value": {
						"value": "@if(\n  equals(\n    pipeline().DataFactory,'dapdevutladf01'\n  ),'svcDAFHD',if(\n    equals(\n     pipeline().DataFactory,'daptestutladf01'\n    ),'svcDAFIQ',if(\n\t  equals(\n\t    pipeline().DataFactory,'dapuatutladf01'\n      ),'svcDAFIQ',if(\n\t    equals(\n\t\t pipeline().DataFactory,'dapprodutladf01'\n\t\t),'svcDAFIP','error: environment not found'\n      )\n\t)\n  )\n)",
						"type": "Expression"
					}
				}
			},
			{
				"name": "Check Orchestration KO flag",
				"description": "Check orchestration flag, if KO.txt placeholder exists in on-prem folder skip",
				"type": "GetMetadata",
				"dependsOn": [
					{
						"activity": "Set Pass",
						"dependencyConditions": [
							"Succeeded"
						]
					},
					{
						"activity": "Set User",
						"dependencyConditions": [
							"Succeeded"
						]
					},
					{
						"activity": "Set Secret",
						"dependencyConditions": [
							"Succeeded"
						]
					}
				],
				"policy": {
					"timeout": "0.12:00:00",
					"retry": 0,
					"retryIntervalInSeconds": 30,
					"secureOutput": false,
					"secureInput": false
				},
				"userProperties": [],
				"typeProperties": {
					"dataset": {
						"referenceName": "incremental_batch_orch_param",
						"type": "DatasetReference",
						"parameters": {
							"file_name": "KO.txt",
							"host": {
								"value": "@pipeline().parameters.host_name",
								"type": "Expression"
							},
							"secret": {
								"value": "@variables('vSecret')",
								"type": "Expression"
							},
							"pass": {
								"value": "@variables('vPass')",
								"type": "Expression"
							},
							"user": {
								"value": "@variables('vUser')",
								"type": "Expression"
							}
						}
					},
					"fieldList": [
						"exists"
					],
					"storeSettings": {
						"type": "SftpReadSettings",
						"recursive": true,
						"enablePartitionDiscovery": false,
						"disableChunking": false
					},
					"formatSettings": {
						"type": "BinaryReadSettings"
					}
				}
			}
		],
		"parameters": {
			"host_name": {
				"type": "string"
			}
		},
		"variables": {
			"orchestration_status": {
				"type": "String"
			},
			"vSecret": {
				"type": "String"
			},
			"vPass": {
				"type": "String"
			},
			"vUser": {
				"type": "String"
			}
		},
		"annotations": []
	}
}