{
	"name": "Incremental_Batch_Framework_Snowflake",
	"properties": {
		"activities": [
			{
				"name": "Genrate_DML_for_Batch",
				"type": "DatabricksNotebook",
				"dependsOn": [
					{
						"activity": "Get_stage_Pathfor_Batch",
						"dependencyConditions": [
							"Succeeded"
						]
					}
				],
				"policy": {
					"timeout": "7.00:00:00",
					"retry": 0,
					"retryIntervalInSeconds": 30,
					"secureOutput": false,
					"secureInput": false
				},
				"userProperties": [],
				"typeProperties": {
					"notebookPath": "/Shared/Foundation_Incremental_Batch/Incremental_Batch_final/Generate_DML_Stmt",
					"baseParameters": {
						"env": {
							"value": "@variables('Env_Str')",
							"type": "Expression"
						},
						"stage_path": {
							"value": "@activity('Get_stage_Pathfor_Batch').output.runOutput[0]",
							"type": "Expression"
						},
						"dml_template_path": "@activity('Get_stage_Pathfor_Batch').output.runOutput[1]",
						"dml_final_stmt": "@activity('Get_stage_Pathfor_Batch').output.runOutput[2]"
					}
				},
				"linkedServiceName": {
					"referenceName": "DataBricks",
					"type": "LinkedServiceReference"
				}
			},
			{
				"name": "Azure Function1",
				"type": "AzureFunctionActivity",
				"dependsOn": [
					{
						"activity": "Set Dml Folderpath",
						"dependencyConditions": [
							"Succeeded"
						]
					}
				],
				"policy": {
					"timeout": "7.00:00:00",
					"retry": 0,
					"retryIntervalInSeconds": 30,
					"secureOutput": false,
					"secureInput": false
				},
				"userProperties": [],
				"typeProperties": {
					"functionName": {
						"value": "@concat('HttpFunc?folderpath=',variables('dmlfolderpath'))",
						"type": "Expression"
					},
					"method": "POST",
					"body": {
						"id": "1",
						"ename": "puneet",
						"age": "10"
					}
				},
				"linkedServiceName": {
					"referenceName": "AzureFunction_Snowflake",
					"type": "LinkedServiceReference"
				}
			},
			{
				"name": "Get_stage_Pathfor_Batch",
				"type": "DatabricksNotebook",
				"dependsOn": [],
				"policy": {
					"timeout": "7.00:00:00",
					"retry": 0,
					"retryIntervalInSeconds": 30,
					"secureOutput": false,
					"secureInput": false
				},
				"userProperties": [],
				"typeProperties": {
					"notebookPath": "/Shared/Foundation_Incremental_Batch/Incremental_Batch_final/Get_stage_path"
				},
				"linkedServiceName": {
					"referenceName": "DataBricks",
					"type": "LinkedServiceReference"
				}
			},
			{
				"name": "Set Dml Folderpath",
				"type": "SetVariable",
				"dependsOn": [
					{
						"activity": "Genrate_DML_for_Batch",
						"dependencyConditions": [
							"Succeeded"
						]
					}
				],
				"userProperties": [],
				"typeProperties": {
					"variableName": "dmlfolderpath",
					"value": {
						"value": "@substring(activity('Genrate_DML_for_Batch').output.runOutput,indexof(activity('Genrate_DML_for_Batch').output.runOutput,'/Common'),add(length(activity('Genrate_DML_for_Batch').output.runOutput),-17))",
						"type": "Expression"
					}
				}
			}
		],
		"parameters": {
			"Env": {
				"type": "string",
				"defaultValue": "@variables('Env_Str')"
			}
		},
		"variables": {
			"Env_Array": {
				"type": "Array"
			},
			"Env_Str": {
				"type": "String"
			},
			"folderpath": {
				"type": "String"
			},
			"dmlfolderpath": {
				"type": "String"
			},
			"dml_template_path": {
				"type": "String"
			},
			"dml_final_path": {
				"type": "String"
			}
		},
		"annotations": []
	}
}