{
	"name": "incremental_batch_generic_external",
	"properties": {
		"activities": [
			{
				"name": "Set ADF",
				"description": "Set ADF name (dev/test/uat/prod)",
				"type": "SetVariable",
				"dependsOn": [],
				"userProperties": [],
				"typeProperties": {
					"variableName": "adf_name",
					"value": {
						"value": "@pipeline().DataFactory",
						"type": "Expression"
					}
				}
			},
			{
				"name": "Set hosts list",
				"description": "Set list of machines to copy data from",
				"type": "SetVariable",
				"dependsOn": [
					{
						"activity": "Set ADF",
						"dependencyConditions": [
							"Succeeded"
						]
					}
				],
				"userProperties": [],
				"typeProperties": {
					"variableName": "host_array",
					"value": {
						"value": "@if(\n  equals(\n    pipeline().DataFactory,'dapdevutladf01'\n  ),pipeline().globalParameters.dev,if(\n    equals(\n     pipeline().DataFactory,'daptestutladf01'\n    ),pipeline().globalParameters.test,if(\n\t  equals(\n\t    pipeline().DataFactory,'dapuatutladf01'\n      ),pipeline().globalParameters.uat,if(\n\t    equals(\n\t\t pipeline().DataFactory,'dapprodutladf01'\n\t\t),pipeline().globalParameters.prod,'error: environment not found'\n      )\n\t)\n  )\n) ",
						"type": "Expression"
					}
				}
			},
			{
				"name": "ForEachHost",
				"description": "For each machine run copy pipeline",
				"type": "ForEach",
				"dependsOn": [
					{
						"activity": "Set hosts list",
						"dependencyConditions": [
							"Succeeded"
						]
					}
				],
				"userProperties": [],
				"typeProperties": {
					"items": {
						"value": "@variables('host_array')",
						"type": "Expression"
					},
					"isSequential": false,
					"activities": [
						{
							"name": "Copy data from transfer ready",
							"description": "For each host launch pipeline to check flags and copy data. Wait on completion is false!",
							"type": "ExecutePipeline",
							"dependsOn": [],
							"userProperties": [],
							"typeProperties": {
								"pipeline": {
									"referenceName": "incremental_batch_generic_internal",
									"type": "PipelineReference"
								},
								"waitOnCompletion": false,
								"parameters": {
									"host_name": {
										"value": "@item()",
										"type": "Expression"
									}
								}
							}
						}
					]
				}
			}
		],
		"variables": {
			"adf_name": {
				"type": "String"
			},
			"host_array": {
				"type": "Array"
			}
		},
		"annotations": []
	}
}