{
	"name": "incremental_batch",
	"properties": {
		"activities": [
			{
				"name": "Copy_from_transfer_Ready",
				"type": "Copy",
				"dependsOn": [],
				"policy": {
					"timeout": "7.00:00:00",
					"retry": 0,
					"retryIntervalInSeconds": 30,
					"secureOutput": false,
					"secureInput": false
				},
				"userProperties": [],
				"typeProperties": {
					"source": {
						"type": "BinarySource",
						"storeSettings": {
							"type": "SftpReadSettings",
							"recursive": true,
							"deleteFilesAfterCompletion": true
						},
						"formatSettings": {
							"type": "BinaryReadSettings"
						}
					},
					"sink": {
						"type": "BinarySink",
						"storeSettings": {
							"type": "AzureBlobFSWriteSettings"
						}
					},
					"enableStaging": false
				},
				"inputs": [
					{
						"referenceName": "incremental_batch_source",
						"type": "DatasetReference"
					}
				],
				"outputs": [
					{
						"referenceName": "incremental_batch_destination",
						"type": "DatasetReference"
					}
				]
			},
			{
				"name": "Set variable1",
				"type": "SetVariable",
				"dependsOn": [
					{
						"activity": "Copy_from_transfer_Ready",
						"dependencyConditions": [
							"Succeeded"
						]
					}
				],
				"userProperties": [],
				"typeProperties": {
					"variableName": "adf_name",
					"value": {
						"value": "@pipeline().DataFactory",
						"type": "Expression"
					}
				}
			},
			{
				"name": "If Condition1",
				"type": "IfCondition",
				"dependsOn": [
					{
						"activity": "Set variable1",
						"dependencyConditions": [
							"Succeeded"
						]
					}
				],
				"userProperties": [],
				"typeProperties": {
					"expression": {
						"value": "@if(equals(variables('adf_name'), 'dapdevutladf01'),true,false)",
						"type": "Expression"
					},
					"ifTrueActivities": [
						{
							"name": "Copy_from_dev_idf_copy1",
							"type": "Copy",
							"dependsOn": [],
							"policy": {
								"timeout": "7.00:00:00",
								"retry": 0,
								"retryIntervalInSeconds": 30,
								"secureOutput": false,
								"secureInput": false
							},
							"userProperties": [],
							"typeProperties": {
								"source": {
									"type": "BinarySource",
									"storeSettings": {
										"type": "SftpReadSettings",
										"recursive": true,
										"deleteFilesAfterCompletion": true
									},
									"formatSettings": {
										"type": "BinaryReadSettings"
									}
								},
								"sink": {
									"type": "BinarySink",
									"storeSettings": {
										"type": "AzureBlobFSWriteSettings"
									}
								},
								"enableStaging": false
							},
							"inputs": [
								{
									"referenceName": "incremental_batch_source_dev_idf",
									"type": "DatasetReference",
									"parameters": {
										"current_time_ds": "@variables('current_datetime')"
									}
								}
							],
							"outputs": [
								{
									"referenceName": "incremental_batch_destination_dev_idf",
									"type": "DatasetReference"
								}
							]
						}
					]
				}
			}
		],
		"concurrency": 1,
		"variables": {
			"current_datetime": {
				"type": "String"
			},
			"adf_name": {
				"type": "String"
			}
		},
		"annotations": []
	}
}