{
	"name": "PL_HDFS_ADLS_Data_Copy_CreateTables",
	"properties": {
		"activities": [
			{
				"name": "Lookup_HDFS_ADLS_Mapping",
				"type": "Lookup",
				"dependsOn": [],
				"policy": {
					"timeout": "7.00:00:00",
					"retry": 0,
					"retryIntervalInSeconds": 30,
					"secureOutput": false,
					"secureInput": false
				},
				"userProperties": [],
				"typeProperties": {
					"source": {
						"type": "DelimitedTextSource",
						"storeSettings": {
							"type": "AzureBlobFSReadSettings",
							"recursive": true,
							"enablePartitionDiscovery": false
						},
						"formatSettings": {
							"type": "DelimitedTextReadSettings"
						}
					},
					"dataset": {
						"referenceName": "ds_hdfs_adls_mapping",
						"type": "DatasetReference",
						"parameters": {
							"filename": {
								"value": "@pipeline().parameters.sourcefile",
								"type": "Expression"
							}
						}
					},
					"firstRowOnly": false
				}
			},
			{
				"name": "Iterate_HDFS_ADLS_Mapping",
				"type": "ForEach",
				"dependsOn": [
					{
						"activity": "Lookup_HDFS_ADLS_Mapping",
						"dependencyConditions": [
							"Succeeded"
						]
					}
				],
				"userProperties": [],
				"typeProperties": {
					"items": {
						"value": "@activity('Lookup_HDFS_ADLS_Mapping').output.value",
						"type": "Expression"
					},
					"isSequential": true,
					"activities": [
						{
							"name": "Copy_HDFS_To_ADLS",
							"type": "Copy",
							"dependsOn": [],
							"policy": {
								"timeout": "7.00:00:00",
								"retry": 0,
								"retryIntervalInSeconds": 30,
								"secureOutput": false,
								"secureInput": false
							},
							"userProperties": [],
							"typeProperties": {
								"source": {
									"type": "BinarySource",
									"storeSettings": {
										"type": "HdfsReadSettings",
										"recursive": true
									},
									"formatSettings": {
										"type": "BinaryReadSettings"
									}
								},
								"sink": {
									"type": "BinarySink",
									"storeSettings": {
										"type": "AzureBlobFSWriteSettings"
									}
								},
								"enableStaging": false
							},
							"inputs": [
								{
									"referenceName": "HDFS_Binary",
									"type": "DatasetReference",
									"parameters": {
										"sourcefolderpath": "@item().Prop_0"
									}
								}
							],
							"outputs": [
								{
									"referenceName": "ADLS_Binary",
									"type": "DatasetReference",
                                    "parameters": {
                                        "ADLS_PATH": "@item().Prop_1"
                                    }
								}
							]
						}
					]
				}
			},
			{
				"name": "Lookup_Get_DDL_Insert_Script",
				"type": "Lookup",
				"dependsOn": [
					{
						"activity": "Iterate_HDFS_ADLS_Mapping",
						"dependencyConditions": [
							"Succeeded"
						]
					}
				],
				"policy": {
					"timeout": "7.00:00:00",
					"retry": 0,
					"retryIntervalInSeconds": 30,
					"secureOutput": false,
					"secureInput": false
				},
				"userProperties": [],
				"typeProperties": {
					"source": {
						"type": "DelimitedTextSource",
						"storeSettings": {
							"type": "AzureBlobFSReadSettings",
							"recursive": false,
							"enablePartitionDiscovery": false
						},
						"formatSettings": {
							"type": "DelimitedTextReadSettings"
						}
					},
					"dataset": {
						"referenceName": "PolybaseScript",
						"type": "DatasetReference",
						"parameters": {
							"filename": {
								"value": "@concat(substring(pipeline().parameters.sourcefile,4,sub(lastindexof(pipeline().parameters.sourcefile,'.'),4)),'_DDL.csv')",
								"type": "Expression"
							}
						}
					},
					"firstRowOnly": false
				}
			},
			{
				"name": "ForEach1_execute_storedProc",
				"type": "ForEach",
				"dependsOn": [
					{
						"activity": "Lookup_Get_DDL_Insert_Script",
						"dependencyConditions": [
							"Succeeded"
						]
					}
				],
				"userProperties": [],
				"typeProperties": {
					"items": {
						"value": "@activity('Lookup_Get_DDL_Insert_Script').output.value",
						"type": "Expression"
					},
					"activities": [
						{
							"name": "Stored procedure",
							"type": "SqlServerStoredProcedure",
							"dependsOn": [],
							"policy": {
								"timeout": "7.00:00:00",
								"retry": 0,
								"retryIntervalInSeconds": 30,
								"secureOutput": false,
								"secureInput": false
							},
							"userProperties": [],
							"typeProperties": {
								"storedProcedureName": "[dbo].[prc_Execute_Sql]",
								"storedProcedureParameters": {
									"Operation": {
										"value": "UPDATE",
										"type": "String"
									},
									"SqlStr": {
										"value": {
											"value": "@item().Prop_0",
											"type": "Expression"
										},
										"type": "String"
									}
								}
							},
							"linkedServiceName": {
								"referenceName": "AzureSynapseSQL",
								"type": "LinkedServiceReference"
							}
						}
					]
				}
			},
			{
				"name": "Lookup_Get_SQL_Insert_Script",
				"type": "Lookup",
				"dependsOn": [
					{
						"activity": "ForEach1_execute_storedProc",
						"dependencyConditions": [
							"Succeeded"
						]
					}
				],
				"policy": {
					"timeout": "7.00:00:00",
					"retry": 0,
					"retryIntervalInSeconds": 30,
					"secureOutput": false,
					"secureInput": false
				},
				"userProperties": [],
				"typeProperties": {
					"source": {
						"type": "DelimitedTextSource",
						"storeSettings": {
							"type": "AzureBlobFSReadSettings",
							"recursive": false,
							"enablePartitionDiscovery": false
						},
						"formatSettings": {
							"type": "DelimitedTextReadSettings"
						}
					},
					"dataset": {
						"referenceName": "PolybaseScript",
						"type": "DatasetReference",
						"parameters": {
							"filename": {
								"value": "@concat(substring(pipeline().parameters.sourcefile,4,sub(lastindexof(pipeline().parameters.sourcefile,'.'),4)),'_SQL.csv')",
								"type": "Expression"
							}
						}
					},
					"firstRowOnly": false
				}
			},
			{
				"name": "ForEach1_execute_storedProc_SQL",
				"type": "ForEach",
				"dependsOn": [
					{
						"activity": "Lookup_Get_SQL_Insert_Script",
						"dependencyConditions": [
							"Succeeded"
						]
					}
				],
				"userProperties": [],
				"typeProperties": {
					"items": {
						"value": "@activity('Lookup_Get_SQL_Insert_Script').output.value",
						"type": "Expression"
					},
					"activities": [
						{
							"name": "Stored procedure_copy1",
							"type": "SqlServerStoredProcedure",
							"dependsOn": [],
							"policy": {
								"timeout": "7.00:00:00",
								"retry": 0,
								"retryIntervalInSeconds": 30,
								"secureOutput": false,
								"secureInput": false
							},
							"userProperties": [],
							"typeProperties": {
								"storedProcedureName": "[dbo].[prc_Execute_Sql]",
								"storedProcedureParameters": {
									"Operation": {
										"value": "UPDATE",
										"type": "String"
									},
									"SqlStr": {
										"value": {
											"value": "@item().Prop_0",
											"type": "Expression"
										},
										"type": "String"
									}
								}
							},
							"linkedServiceName": {
								"referenceName": "AzureSynapseSQL",
								"type": "LinkedServiceReference"
							}
						}
					]
				}
			}
		],
		"parameters": {
			"sourcefile": {
				"type": "string"
			}
		},
		"folder": {
			"name": "Platform_data_Migration"
		},
		"annotations": []
	}
}