{
	"name": "PL_HDFS_ADLS_Data_Copy_CreateTables_Onlydata_Snowflake",
	"properties": {
		"activities": [
			{
				"name": "Iterate_HDFS_ADLS_Mapping",
				"type": "ForEach",
				"dependsOn": [
					{
						"activity": "lk_Historical_Migration_Adls_Mapping",
						"dependencyConditions": [
							"Succeeded"
						]
					}
				],
				"userProperties": [],
				"typeProperties": {
					"items": {
						"value": "@activity('lk_Historical_Migration_Adls_Mapping').output.value",
						"type": "Expression"
					},
					"isSequential": true,
					"activities": [
						{
							"name": "Copy_HDFS_To_ADLS",
							"type": "Copy",
							"dependsOn": [],
							"policy": {
								"timeout": "7.00:00:00",
								"retry": 0,
								"retryIntervalInSeconds": 30,
								"secureOutput": false,
								"secureInput": false
							},
							"userProperties": [],
							"typeProperties": {
								"source": {
									"type": "BinarySource",
									"storeSettings": {
										"type": "HdfsReadSettings",
										"deleteFilesAfterCompletion": false,
										"recursive": true
									},
									"formatSettings": {
										"type": "BinaryReadSettings"
									}
								},
								"sink": {
									"type": "BinarySink",
									"storeSettings": {
										"type": "AzureBlobFSWriteSettings"
									}
								},
								"enableStaging": false
							},
							"inputs": [
								{
									"referenceName": "DEV_HDFS",
									"type": "DatasetReference",
									"parameters": {
										"HDFS_File_Path": {
											"value": "@item().Prop_0",
											"type": "Expression"
										}
									}
								}
							],
							"outputs": [
								{
									"referenceName": "ADLS_Binary",
									"type": "DatasetReference",
									"parameters": {
										"ADLS_PATH": "@item().Prop_1"
									}
								}
							]
						}
					]
				}
			},
			{
				"name": "lk_Historical_Migration_Adls_Mapping",
				"type": "Lookup",
				"dependsOn": [],
				"policy": {
					"timeout": "7.00:00:00",
					"retry": 0,
					"retryIntervalInSeconds": 30,
					"secureOutput": false,
					"secureInput": false
				},
				"userProperties": [],
				"typeProperties": {
					"source": {
						"type": "DelimitedTextSource",
						"storeSettings": {
							"type": "AzureBlobFSReadSettings",
							"recursive": true,
							"enablePartitionDiscovery": false
						},
						"formatSettings": {
							"type": "DelimitedTextReadSettings"
						}
					},
					"dataset": {
						"referenceName": "ds_hdfs_adls_mapping_new",
						"type": "DatasetReference",
						"parameters": {
							"filename": {
								"value": "@pipeline().parameters.sourcefile",
								"type": "Expression"
							}
						}
					},
					"firstRowOnly": false
				}
			},
			{
				"name": "Copy_Curated_ADLS_To_Stagging_ADLS_copy1",
				"type": "Copy",
				"dependsOn": [
					{
						"activity": "Iterate_HDFS_ADLS_Mapping",
						"dependencyConditions": [
							"Succeeded"
						]
					}
				],
				"policy": {
					"timeout": "7.00:00:00",
					"retry": 0,
					"retryIntervalInSeconds": 30,
					"secureOutput": false,
					"secureInput": false
				},
				"userProperties": [
					{
						"name": "migration_id",
						"value": "@substring(pipeline().parameters.sourcefile,add(lastIndexOf(pipeline().parameters.sourcefile,'_'),1),sub(sub(lastIndexOf(pipeline().parameters.sourcefile,'.'),lastIndexOf(pipeline().parameters.sourcefile,'_')),1))"
					}
				],
				"typeProperties": {
					"source": {
						"type": "BinarySource",
						"storeSettings": {
							"type": "AzureBlobFSReadSettings",
							"recursive": true,
							"deleteFilesAfterCompletion": false
						},
						"formatSettings": {
							"type": "BinaryReadSettings"
						}
					},
					"sink": {
						"type": "BinarySink",
						"storeSettings": {
							"type": "AzureBlobFSWriteSettings"
						}
					},
					"enableStaging": false
				},
				"inputs": [
					{
						"referenceName": "adls_input",
						"type": "DatasetReference",
						"parameters": {
							"mig_folder": {
								"value": "@substring(pipeline().parameters.sourcefile,add(indexOf(pipeline().parameters.sourcefile,'e'),1),sub(sub(lastIndexOf(pipeline().parameters.sourcefile,'.'),indexOf(pipeline().parameters.sourcefile,'e')),1))",
								"type": "Expression"
							}
						}
					}
				],
				"outputs": [
					{
						"referenceName": "StageADLS",
						"type": "DatasetReference",
						"parameters": {
							"mig_folder": {
								"value": "@substring(pipeline().parameters.sourcefile,add(indexOf(pipeline().parameters.sourcefile,'e'),1),sub(sub(lastIndexOf(pipeline().parameters.sourcefile,'.'),indexOf(pipeline().parameters.sourcefile,'e')),1))",
								"type": "Expression"
							}
						}
					}
				]
			},
			{
				"name": "Copy_PolyBaseScriptCurate_ADLS_To_Stage",
				"type": "Copy",
				"dependsOn": [
					{
						"activity": "Copy_Curated_ADLS_To_Stagging_ADLS_copy1",
						"dependencyConditions": [
							"Succeeded"
						]
					}
				],
				"policy": {
					"timeout": "7.00:00:00",
					"retry": 0,
					"retryIntervalInSeconds": 30,
					"secureOutput": false,
					"secureInput": false
				},
				"userProperties": [],
				"typeProperties": {
					"source": {
						"type": "BinarySource",
						"storeSettings": {
							"type": "AzureBlobFSReadSettings",
							"recursive": true
						},
						"formatSettings": {
							"type": "BinaryReadSettings"
						}
					},
					"sink": {
						"type": "BinarySink",
						"storeSettings": {
							"type": "AzureBlobFSWriteSettings"
						}
					},
					"enableStaging": false
				},
				"inputs": [
					{
						"referenceName": "ADLS_Input_SnowFlakeDDL",
						"type": "DatasetReference",
						"parameters": {
							"Migration_Folder": {
								"value": "@concat(substring(pipeline().parameters.sourcefile,add(indexOf(pipeline().parameters.sourcefile,'e'),1),sub(sub(lastIndexOf(pipeline().parameters.sourcefile,'.'),indexOf(pipeline().parameters.sourcefile,'e')),1)),'_SQL.csv')",
								"type": "Expression"
							}
						}
					}
				],
				"outputs": [
					{
						"referenceName": "ADLS_Output_DML_Snowflake",
						"type": "DatasetReference"
					}
				]
			},
			{
				"name": "Set variable1",
				"type": "SetVariable",
				"dependsOn": [
					{
						"activity": "Copy_PolyBaseScriptCurate_ADLS_To_Stage",
						"dependencyConditions": [
							"Succeeded"
						]
					}
				],
				"userProperties": [],
				"typeProperties": {
					"variableName": "folderpath",
					"value": {
						"value": "@concat('common/historical_data_migration/migration_dml/',concat(substring(pipeline().parameters.sourcefile,add(indexOf(pipeline().parameters.sourcefile,'e'),1),sub(sub(lastIndexOf(pipeline().parameters.sourcefile,'.'),indexOf(pipeline().parameters.sourcefile,'e')),1)),'_SQL.csv'))",
						"type": "Expression"
					}
				}
			},
			{
				"name": "Execute_ddl_snfk",
				"type": "DatabricksNotebook",
				"dependsOn": [
					{
						"activity": "Set variable1",
						"dependencyConditions": [
							"Succeeded"
						]
					}
				],
				"policy": {
					"timeout": "7.00:00:00",
					"retry": 0,
					"retryIntervalInSeconds": 30,
					"secureOutput": false,
					"secureInput": false
				},
				"userProperties": [],
				"typeProperties": {
					"notebookPath": "/Shared/Hist_Migration/execute_snowflake",
					"baseParameters": {
						"folder_path": {
							"value": "@variables('folderpath')",
							"type": "Expression"
						}
					}
				},
				"linkedServiceName": {
					"referenceName": "DataBricks",
					"type": "LinkedServiceReference"
				}
			}
		],
		"concurrency": 3,
		"parameters": {
			"sourcefile": {
				"type": "string"
			}
		},
		"variables": {
			"folderpath": {
				"type": "String"
			}
		},
		"folder": {
			"name": "Platform_data_Migration"
		},
		"annotations": []
	}
}