{"type":"struct","fields":[{"name":"src_name","type":"string","nullable":true,"metadata":{}},
{"name":"src_type","type":"string","nullable":true,"metadata":{}},
{"name":"src_key","type":"string","nullable":true,"metadata":{}},
{"name":"err_desc","type":"string","nullable":true,"metadata":{}},
{"name":"prty_cd","type":"string","nullable":true,"metadata":{}},
{"name":"edw_gen_mi_last_update_dttm","type":"string","nullable":true,"metadata":{}},
{"name":"disposition_id","type":"string","nullable":true,"metadata":{}},
{"name":"event_id","type":"string","nullable":true,"metadata":{}},
{"name":"notification_id","type":"string","nullable":true,"metadata":{}},
{"name":"disposition_status","type":"string","nullable":true,"metadata":{}},
{"name":"disposition_code","type":"string","nullable":true,"metadata":{}},
{"name":"no_of_tries","type":"string","nullable":true,"metadata":{}},
{"name":"notf_delivered_lang","type":"string","nullable":true,"metadata":{}},
{"name":"vendor","type":"string","nullable":true,"metadata":{}},
{"name":"phi_ind","type":"string","nullable":true,"metadata":{}},
{"name":"notf_delivered_dttm","type":"string","nullable":true,"metadata":{}},
{"name":"create_ts","type":"string","nullable":true,"metadata":{}},
{"name":"create_user_id","type":"string","nullable":true,"metadata":{}},
{"name":"create_system_code","type":"string","nullable":true,"metadata":{}},
{"name":"update_ts","type":"string","nullable":true,"metadata":{}},
{"name":"update_user_id","type":"string","nullable":true,"metadata":{}},
{"name":"last_update_system_code","type":"string","nullable":true,"metadata":{}},
{"name":"opv_create_ts","type":"string","nullable":true,"metadata":{}},
{"name":"opv_create_user_id","type":"string","nullable":true,"metadata":{}},
{"name":"opv_update_user_id","type":"string","nullable":true,"metadata":{}},
{"name":"opv_update_ts","type":"string","nullable":true,"metadata":{}},
{"name":"action_code","type":"string","nullable":true,"metadata":{}},
{"name":"offer_90day_rx_response_code","type":"string","nullable":true,"metadata":{}},
{"name":"offer_90day_gbl_response_code","type":"string","nullable":true,"metadata":{}}]}