{"type":"struct","fields":[
{"name":"src_name","type":"string","nullable":true,"metadata":{}},
{"name":"src_type","type":"string","nullable":true,"metadata":{}},
{"name":"src_key","type":"string","nullable":true,"metadata":{}},
{"name":"err_desc","type":"string","nullable":true,"metadata":{}},
{"name":"prty_cd","type":"string","nullable":true,"metadata":{}},
{"name":"edw_gen_mi_last_update_dttm","type":"string","nullable":true,"metadata":{}},
{"name":"notification_id","type":"string","nullable":true,"metadata":{}},
{"name":"aggregation_id","type":"string","nullable":true,"metadata":{}},
{"name":"event_id","type":"string","nullable":true,"metadata":{}},
{"name":"entity_type","type":"string","nullable":true,"metadata":{}},
{"name":"entity_value","type":"string","nullable":true,"metadata":{}},
{"name":"store_number","type":"string","nullable":true,"metadata":{}},
{"name":"fill_number","type":"string","nullable":true,"metadata":{}},
{"name":"fill_enter_dttm","type":"string","nullable":true,"metadata":{}},
{"name":"fill_nbr_dispensed","type":"string","nullable":true,"metadata":{}},
{"name":"aggr_type","type":"string","nullable":true,"metadata":{}},
{"name":"priority","type":"string","nullable":true,"metadata":{}},
{"name":"source_system_id","type":"string","nullable":true,"metadata":{}},
{"name":"source_system_name","type":"string","nullable":true,"metadata":{}},
{"name":"notf_type_cd","type":"string","nullable":true,"metadata":{}},
{"name":"channel","type":"string","nullable":true,"metadata":{}},
{"name":"contact_value","type":"string","nullable":true,"metadata":{}},
{"name":"bypass_code","type":"string","nullable":true,"metadata":{}},
{"name":"bypass_code_desc","type":"string","nullable":true,"metadata":{}},
{"name":"comments","type":"string","nullable":true,"metadata":{}},
{"name":"notf_status","type":"string","nullable":true,"metadata":{}},
{"name":"notf_dttm","type":"string","nullable":true,"metadata":{}},
{"name":"notf_exp_dttm","type":"string","nullable":true,"metadata":{}},
{"name":"opv_create_user_id","type":"string","nullable":true,"metadata":{}},
{"name":"opv_create_ts","type":"string","nullable":true,"metadata":{}},
{"name":"opv_update_user_id","type":"string","nullable":true,"metadata":{}},
{"name":"opv_update_ts","type":"string","nullable":true,"metadata":{}},
{"name":"cco_store_ind","type":"string","nullable":true,"metadata":{}},
{"name":"fill_waiting_ind","type":"string","nullable":true,"metadata":{}},
{"name":"dl_reject_addl_msg","type":"string","nullable":true,"metadata":{}},
{"name":"dl_reject_proc_msg","type":"string","nullable":true,"metadata":{}},
{"name":"rx_immu_ind","type":"string","nullable":true,"metadata":{}},
{"name":"pilot_ind","type":"string","nullable":true,"metadata":{}},
{"name":"action_code","type":"string","nullable":true,"metadata":{}},
{"name":"offer_90day_ind","type":"string","nullable":true,"metadata":{}},
{"name":"rx_image_cnt","type":"string","nullable":true,"metadata":{}},
{"name":"satr_pat_enroll_ind","type":"string","nullable":true,"metadata":{}},
{"name":"satr_wo_ord_id","type":"string","nullable":true,"metadata":{}},
{"name":"satr_wo_rx_cnt","type":"string","nullable":true,"metadata":{}},
{"name":"satr_short_fill_ind","type":"string","nullable":true,"metadata":{}},
{"name":"adv_refill_elig_ind","type":"string","nullable":true,"metadata":{}}
]}