{
	"project_name": "BUKOPMS",
	"config_type": "etl",
	"description": "",
	"data_source": [],
	"report_path": "/mnt/idf-reports/BTUKOPTIT/BUKOPMS/BTCOPT_ORDER_PAYMENT_METHOD_BUKOPMS_Incr/Incremental/CurateADLS/",
	"cards": [
		{
			"card_id": "card_0",
			"card_dependencies": [],
			"label": "Read_Delta 0",
			"card_type": "read_delta",
			"description": "reading standard location",
			"data_path": "/mnt/idf-curatestandard/BTUKOPTIT/BUKOPMS/BTCOPT_ORDER_PAYMENT_METHOD_BUKOPMS_Incr/Incremental",
			"output_table": "ODHFinPaymentMethod1"
		},
		{
			"card_id": "card_1",
			"card_dependencies": [
				"card_0"
			],
			"label": "Apply_Filter 1",
			"card_type": "apply_filter",
			"description": "filtering records with RunDateTime",
			"input_table": "ODHFinPaymentMethod1",
			"output_table": "ODHFinPaymentMethod22",
			"filter": [],
			"unmatch_data": false
		},
		{
			"card_id": "card_2",
			"card_dependencies": [],
			"label": "Read_Table 2",
			"card_type": "read_table",
			"description": "Read ADLS table",
			"query": "select * from curate_enterprise.reflovsetinfo",
			"temp_table_name": "reflovsetinfo",
			"partition_column_list": ""
		},
		{
			"card_id": "card_13",
			"card_dependencies": [],
			"label": "Read_Delta 13",
			"card_type": "read_delta",
			"description": "reading standard backup location",
			"data_path": "/mnt/idf-curatestandard/BTUKOPTIT/BUKOPMS/BTCOPT_ORDER_PAYMENT_METHOD_BUKOPMS_Incr/BackUp",
			"output_table": "ODHFinPaymentMethod12"
		},
		{
			"card_id": "card_12",
			"card_dependencies": [
				"card_13",
				"card_1"
			],
			"label": "Read_Table 12",
			"card_type": "read_table",
			"description": "Union with backup table",
			"query": "select * from ODHFinPaymentMethod22 union select * from ODHFinPaymentMethod12",
			"temp_table_name": "ODHFinPaymentMethod11",
			"partition_column_list": ""
		},
        {
            "card_id": "card_28",
            "card_dependencies": [
                "card_12"
            ],
            "label": "Read_Table 28",
            "card_type": "read_table",
            "description": "Making null void null",
            "query": "select nullif(CurateStandardRowKey,'null') as CurateStandardRowKey,nullif(FIN_PAYMENTMETHOD_ID,'null') as FIN_PAYMENTMETHOD_ID,nullif(AD_CLIENT_ID,'null') as AD_CLIENT_ID,nullif(AD_ORG_ID,'null') as AD_ORG_ID,nullif(CREATED,'null') as CREATED,nullif(CREATEDBY,'null') as CREATEDBY,nullif(UPDATED,'null') as UPDATED,nullif(UPDATEDBY,'null') as UPDATEDBY ,nullif(ISACTIVE,'null') as ISACTIVE,nullif(NAME,'null') as NAME,nullif(DESCRIPTION,'null') as DESCRIPTION,nullif(AUTOMATIC_RECEIPT,'null') as AUTOMATIC_RECEIPT,nullif(AUTOMATIC_PAYMENT,'null') as AUTOMATIC_PAYMENT,nullif(AUTOMATIC_DEPOSIT,'null') as AUTOMATIC_DEPOSIT,nullif(AUTOMATIC_WITHDRAWN,'null') as AUTOMATIC_WITHDRAWN,nullif(PAYIN_ALLOW,'null') as PAYIN_ALLOW,nullif(PAYOUT_ALLOW,'null') as PAYOUT_ALLOW,nullif(PAYIN_EXECUTION_TYPE,'null') as PAYIN_EXECUTION_TYPE,nullif(PAYOUT_EXECUTION_TYPE,'null') as PAYOUT_EXECUTION_TYPE,nullif(PAYIN_EXECUTION_PROCESS_ID,'null') as PAYIN_EXECUTION_PROCESS_ID,nullif(PAYOUT_EXECUTION_PROCESS_ID,'null') as PAYOUT_EXECUTION_PROCESS_ID,nullif(PAYIN_DEFERRED,'null') as PAYIN_DEFERRED,nullif(PAYOUT_DEFERRED,'null') as PAYOUT_DEFERRED,nullif(UPONRECEIPTUSE,'null') as UPONRECEIPTUSE,nullif(UPONDEPOSITUSE,'null') as UPONDEPOSITUSE,nullif(INUPONCLEARINGUSE,'null') as INUPONCLEARINGUSE,nullif(UPONPAYMENTUSE,'null') as UPONPAYMENTUSE,nullif(UPONWITHDRAWALUSE,'null') as UPONWITHDRAWALUSE,nullif(OUTUPONCLEARINGUSE,'null') as OUTUPONCLEARINGUSE,nullif(PAYIN_ISMULTICURRENCY,'null') as PAYIN_ISMULTICURRENCY,nullif(PAYOUT_ISMULTICURRENCY,'null') as PAYOUT_ISMULTICURRENCY,nullif(EM_HORCUS_PRRT_CLCLT,'null') as EM_HORCUS_PRRT_CLCLT,nullif(EM_OBPOS_BANKABLE,'null') as EM_OBPOS_BANKABLE,nullif(OPERATION,'null') as OPERATION,nullif(TIMESTAMP,'null') as TIMESTAMP,nullif(TRANSACTIONID,'null') as TRANSACTIONID from ODHFinPaymentMethod11",
            "temp_table_name": "ODHFinPaymentMethod91",
            "partition_column_list": ""
        },
		{
			"card_id": "card_4",
			"card_dependencies": [
				"card_28"
			],
			"label": "Read_Table 4",
			"card_type": "read_table",
			"description": "fetching latest records",
			"query": "select * from (select row_number() OVER(PARTITION BY FIN_PAYMENTMETHOD_ID order BY timestamp desc,case when operation='DELETE' then 1 when operation='UPDATE' then 2 when operation='INSERT' then 3 when operation='REFRESH' then 4 end asc) as rn,row_number() OVER(PARTITION BY FIN_PAYMENTMETHOD_ID,timestamp,operation order BY timestamp desc,operation desc) as rnk,* FROM ODHFinPaymentMethod91)t where t.rnk = 1",
			"temp_table_name": "ODHFinPaymentMethod5",
			"partition_column_list": ""
		},
		{
			"card_id": "card_18",
			"card_dependencies": [
				"card_4"
			],
			"label": "Read_Table 18",
			"card_type": "read_table",
			"description": "Populating etlrunlogid",
			"query": "select s.*,r.ETLRunId as ETLRunLogIdNew from ODHFinPaymentMethod5 s join (select max(cast(ETLRunId as int)) as ETLRunId from RPI_LOGGING.RPI_COMMON_LOGGING where processstage='CurateStandard' and feedname = 'BTCOPT_ORDER_PAYMENT_METHOD_BUKOPMS_Incr') r on (1=1)",
			"temp_table_name": "ODHFinPaymentMethodlog",
			"partition_column_list": ""
		},
		{
			"card_id": "card_30",
			"card_dependencies": [
				"card_28"
			],
			"label": "Read_Table 30",
			"card_type": "read_table",
			"description": "fetching latest records",
			"query": "select * from (select row_number() OVER(PARTITION BY name order BY timestamp desc,case when operation='DELETE' then 1 when operation='UPDATE' then 2 when operation='INSERT' then 3 when operation='REFRESH' then 4 end asc) as rn,row_number() OVER(PARTITION BY name,timestamp,operation order BY timestamp desc,operation desc) as rnk,* FROM ODHFinPaymentMethod91)t where t.rnk = 1",
			"temp_table_name": "ODHFinPaymentMethod55",
			"partition_column_list": ""
		},
		{
			"card_id": "card_188",
			"card_dependencies": [
				"card_30"
			],
			"label": "Read_Table 18",
			"card_type": "read_table",
			"description": "Populating etlrunlogid",
			"query": "select s.*,r.ETLRunId as ETLRunLogIdNew from ODHFinPaymentMethod55 s join (select max(cast(ETLRunId as int)) as ETLRunId from RPI_LOGGING.RPI_COMMON_LOGGING where processstage='CurateStandard' and feedname = 'BTCOPT_ORDER_PAYMENT_METHOD_BUKOPMS_Incr') r on (1=1)",
			"temp_table_name": "ODHFinPaymentMethodlog1",
			"partition_column_list": ""
		},
		{
			"card_id": "card_3",
			"card_dependencies": [
				"card_188",
				"card_2"
			],
			"label": "Read_Table 3",
			"card_type": "read_table",
			"description": "Applying Transformations",
			"query": "select  cast(s.Name as string) as PaymentName ,'Null' as PaymentCode,cast(s.Description as string) as Description,'Null' as STDPaymentMethodName,'BUKOPMS' as RecordSourceCode,cast(r.LOVId as int) as LOVRecordSourceId,cast(s.CurateStandardRowKey as bigint) as DLCurateStandardRowKey,cast(s.ETLRunLogIdNew as int) as DLETLRunLogID,current_timestamp as RunDateTime from ODHFinPaymentMethodlog1 s join (select LOVId from reflovsetinfo where lovkey='BUKOPMS' and lovsetname='System of Record' and LOVRecordsourceid='12012') r on(1=1)",
			"temp_table_name": "REFPaymentMethod",
			"partition_column_list": ""
		},
		{
			"card_id": "card_27",
			"card_dependencies": [
				"card_3"
			],
			"label": "Read_Table 27",
			"card_type": "read_table",
			"description": "Insert in ADLS",
			"query": "insert into curate_enterprise.REFPaymentMethod select cast ((cast(ss.PaymentMethodId as int ) + row_number() over (order by source.PaymentName,source.lovrecordsourceid desc) )as string )as  PaymentMethodId, cast(source.PaymentName as string), cast(source.PaymentCode as string),cast(source.Description as string),cast(source.RecordSourceCode as string),cast(source.STDPaymentMethodName as string),cast(source.LOVRecordSourceId as int),current_timestamp as RunDateTime,current_timestamp as DLCreateDateTime,current_timestamp as DLUpdateDateTime,cast('1900-01-01 00:00:00.000' as timestamp) as DLSCDStartDateTime,cast('9999-12-31 00:00:00.000' as timestamp) as DLSCDEndDateTime,'Y' as DLSCDActiveFlag, cast(source.DLETLRunLogID as int), cast(source.DLCurateStandardRowKey as bigint) as DLCurateStandardRowKey from ( select s.* from REFPaymentMethod s LEFT JOIN curate_enterprise.REFPaymentMethod t ON s.PaymentCode=t.PaymentCode AND t.lovrecordsourceid=s.lovrecordsourceid AND t.DLSCDActiveFlag='Y' WHERE t.PaymentCode IS NULL ) source left join (select ifnull(max(PaymentMethodId),0) as  PaymentMethodId  from  curate_enterprise.REFPaymentMethod)ss",
			"temp_table_name": "REFPaymentMethod1",
			"partition_column_list": ""
		},
		{
			"card_id": "card_20",
			"card_dependencies": [
				"card_18",
				"card_2",
				"card_3",
				"card_27"
			],
			"label": "Read_Table 20",
			"card_type": "read_table",
			"description": "Applying Transformations",
			"query": "select ss.PaymentMethodId as PaymentMethodId,s.FIN_PAYMENTMETHOD_ID as SRCFinPaymentMethodId,c.ClientId as ClientID, b.OrganisationId as OrganisationID,cast(s.Created as date) as SourceCreated ,s.CREATEDBY  as   SourceCreatedBy,cast(s.Updated as date) as SourceUpdated ,s.UPDATEDBY  as  SourceUpdatedBy ,s.ISACTIVE  as   IsActive,s.NAME  as PaymentMethodName ,s.DESCRIPTION  as  Description ,s.AUTOMATIC_RECEIPT  as  AutomaticReceipt ,s.AUTOMATIC_PAYMENT  as AutomaticPayment  ,s.AUTOMATIC_DEPOSIT  as AutomaticDeposit ,s.AUTOMATIC_WITHDRAWN  as AutomaticWithdrawn,s.PAYIN_ALLOW  as PayinAllow ,s.PAYOUT_ALLOW  as PayoutAllow  ,s.PAYIN_EXECUTION_TYPE  as  PayinExecutionType ,s.PAYOUT_EXECUTION_TYPE  as PayoutExecutionType,s.PAYIN_DEFERRED  as PayinDeferred ,s.PAYOUT_DEFERRED  as  PayoutDeferred  ,s.UPONRECEIPTUSE  as UponReceiptUse  ,s.UPONDEPOSITUSE  as   UponDepositUse,s.INUPONCLEARINGUSE  as   InUponClearingUse,s.UPONPAYMENTUSE  as  UponPaymentUse ,s.UPONWITHDRAWALUSE  as UponWithdrawlUse  ,s.OUTUPONCLEARINGUSE  as  OutUponClearingUse ,s.PAYIN_ISMULTICURRENCY  as  PayinMultiCurrency ,s.PAYOUT_ISMULTICURRENCY  as PayoutMultiCurrency  ,s.EM_HORCUS_PRRT_CLCLT  as  EmHorcusPRRTCLCLT ,s.EM_OBPOS_BANKABLE as EmOBPOSBankable,'BUKOPMS' as RecordSourceCode,r.LOVId as LOVRecordSourceId,s.CurateStandardRowKey as DLCurateStandardRowKey,s.ETLRunLogIdNew as DLETLRunLogID,current_timestamp as RunDateTime,case when s.rn=1 and s.operation<>'DELETE' then 'Y' when s.rn=1 and s.operation='DELETE' then 'D' else 'N' end as DLSCDActiveFlag from ODHFinPaymentMethodlog s join (select LOVId from reflovsetinfo where lovkey='BUKOPMS' and lovsetname='System of Record' and LOVRecordsourceid='12012') r on(1=1) left join (select PaymentMethodId,PaymentName from curate_enterprise.REFPaymentMethod where RecordSourceCode='BUKOPMS' and DLSCDActiveFlag='Y')ss on ss.PaymentName=s.name left join (select OrganisationId,SRCAdOrgId from curate_enterprise.ODHAdOrg where RecordSourceCode='BUKOPMS' and DLSCDActiveFlag='Y')b on b.SRCAdOrgId=s.AD_ORG_ID left join (select ClientID,SRCClientId from curate_enterprise.ODHClient where RecordSourceCode='BUKOPMS' and DLSCDActiveFlag='Y')c on c.SRCClientId=s.AD_CLIENT_ID where s.FIN_PAYMENTMETHOD_ID is not null ",
			"temp_table_name": "ODHFinPaymentMethod7",
			"partition_column_list": ""
		},
		{
			"card_id": "card_25",
			"card_dependencies": [
				"card_20"
			],
			"label": "Read_Table 25",
			"card_type": "read_table",
			"description": "Filtering Records",
			"query": "select cast(PaymentMethodID as string ),cast(SRCFINPaymentMethodId as string ),cast(OrganisationID as string ),cast(PaymentMethodName as string ),cast(SourceCreated as timestamp ), cast(SourceCreatedBy as string ),cast(SourceUpdated as timestamp ), cast(SourceUpdatedBy as string ),cast(IsActive as string ), cast(Description as string ), cast(AutomaticReceipt as string ),  cast(AutomaticPayment as string ), cast(AutomaticDeposit as string ), cast(AutomaticWithdrawn as string ), cast(PayinAllow as string ),  cast(PayoutAllow as string ), cast(PayinExecutionType as string ),cast(PayoutExecutionType as string ),cast(PayinDeferred as string ),  cast(PayoutDeferred as string ), cast(UponReceiptUse as string ),cast(UponDepositUse as string ),cast(InUponClearingUse as string ),cast(UponPaymentUse as string ),cast(UponWithdrawlUse as string ),cast(OutUponClearingUse as string ),cast(PayinMultiCurrency as string ),  cast(PayoutMultiCurrency as string ), cast(EMHorcusPRRTCLCLT as string ), cast(EMOBPOSBankable as string ), cast(RecordSourceCode as string ),   cast(LOVRecordSourceId as int ), cast(ClientId as string ),cast(RunDateTime as timestamp ), cast(DLETLRunLogID as int ),  cast(DLCurateStandardRowKey as bigint  ),DLSCDActiveFlag from ODHFinPaymentMethod7 where ClientId is not null and OrganisationID is not null and SRCFINPaymentMethodId is not Null",
			"temp_table_name": "ODHFinPaymentMethod2",
			"partition_column_list": ""
		},
		{
			"card_id": "card_23",
			"card_dependencies": [
				"card_25"
			],
			"label": "Read_Table 23",
			"card_type": "read_table",
			"description": "Insert in ADLS",
			"query": "MERGE INTO curate_enterprise.ODHFinPaymentMethod T USING (SELECT case when s.dlscdactiveflag='Y' then concat(s.PaymentMethodId,s.ClientId,s.OrganisationId,s.LOVRecordSourceId) else 'DEACTIVATE' end as mergeKey, s.* FROM ODHFinPaymentMethod2 s where s.dlscdactiveflag<>'D' UNION ALL SELECT 'UPDATE' as mergeKey, source.* FROM ODHFinPaymentMethod2 source JOIN curate_enterprise.ODHFinPaymentMethod Target ON source.PaymentMethodId = Target.PaymentMethodId and source.ClientId = Target.ClientId and source.OrganisationId = Target.OrganisationId and source.LOVRecordSourceId = Target.LOVRecordSourceId WHERE Target.DLSCDActiveFlag = 'Y' and source.DLSCDActiveFlag = 'Y') src ON concat(T.PaymentMethodId,T.ClientId,T.OrganisationId,T.LOVRecordSourceId) = src.mergeKey AND T.DLSCDActiveFlag = 'Y' when matched THEN UPDATE SET DLSCDActiveFlag = 'N', DLSCDEndDateTime = src.RunDateTime ,DLUpdateDateTime = src.RunDateTime WHEN not MATCHED AND src.mergeKey <> 'UPDATE' and src.mergekey <> 'DEACTIVATE' THEN INSERT(PaymentMethodId ,SRCFinPaymentMethodId ,OrganisationId ,ClientId ,PaymentMethodName ,SourceCreated ,SourceCreatedBy ,SourceUpdated ,SourceUpdatedBy ,IsActive ,Description ,AutomaticReceipt ,AutomaticPayment ,AutomaticDeposit ,AutomaticWithdrawn ,PayinAllow ,PayoutAllow ,PayinExecutionType ,PayoutExecutionType ,PayinDeferred ,PayoutDeferred ,UponReceiptUse ,UponDepositUse ,InUponClearingUse ,UponPaymentUse ,UponWithdrawlUse ,OutUponClearingUse ,PayinMultiCurrency ,PayoutMultiCurrency ,EmHorcusPRRTCLCLT ,EmOBPOSBankable ,RecordSourceCode,LOVRecordSourceId ,RunDateTime,DLCreateDateTime,DLUpdateDateTime,DLSCDStartDateTime,DLSCDEndDateTime,DLSCDActiveFlag,DLETLRunLogID,DLCurateStandardRowKey)  VALUES(src.PaymentMethodId ,src.SRCFinPaymentMethodId ,src.OrganisationId ,src.ClientId ,src.PaymentMethodName ,src.SourceCreated ,src.SourceCreatedBy ,src.SourceUpdated ,src.SourceUpdatedBy ,src.IsActive ,src.Description ,src.AutomaticReceipt ,src.AutomaticPayment ,src.AutomaticDeposit ,src.AutomaticWithdrawn ,src.PayinAllow ,src.PayoutAllow ,src.PayinExecutionType ,src.PayoutExecutionType ,src.PayinDeferred ,src.PayoutDeferred ,src.UponReceiptUse ,src.UponDepositUse ,src.InUponClearingUse ,src.UponPaymentUse ,src.UponWithdrawlUse ,src.OutUponClearingUse ,src.PayinMultiCurrency ,src.PayoutMultiCurrency ,src.EmHorcusPRRTCLCLT ,src.EmOBPOSBankable,src.RecordSourceCode,src.LOVRecordSourceId,src.RunDateTime,src.RunDateTime,src.RunDateTime,'1900-01-01 00:00:00.000','9999-12-31 00:00:00.000',src.DLSCDActiveFlag,src.DLETLRunLogID,src.DLCurateStandardRowKey) WHEN not MATCHED AND src.mergeKey = 'UPDATE' THEN INSERT(PaymentMethodId ,SRCFinPaymentMethodId ,OrganisationId ,ClientId ,PaymentMethodName ,SourceCreated ,SourceCreatedBy ,SourceUpdated ,SourceUpdatedBy ,IsActive ,Description ,AutomaticReceipt ,AutomaticPayment ,AutomaticDeposit ,AutomaticWithdrawn ,PayinAllow ,PayoutAllow ,PayinExecutionType ,PayoutExecutionType ,PayinDeferred ,PayoutDeferred ,UponReceiptUse ,UponDepositUse ,InUponClearingUse ,UponPaymentUse ,UponWithdrawlUse ,OutUponClearingUse ,PayinMultiCurrency ,PayoutMultiCurrency ,EmHorcusPRRTCLCLT ,EmOBPOSBankable ,RecordSourceCode,LOVRecordSourceId ,RunDateTime,DLCreateDateTime,DLUpdateDateTime,DLSCDStartDateTime,DLSCDEndDateTime,DLSCDActiveFlag,DLETLRunLogID,DLCurateStandardRowKey)  VALUES(src.PaymentMethodId ,src.SRCFinPaymentMethodId ,src.OrganisationId ,src.ClientId ,src.PaymentMethodName ,src.SourceCreated ,src.SourceCreatedBy ,src.SourceUpdated ,src.SourceUpdatedBy ,src.IsActive ,src.Description ,src.AutomaticReceipt ,src.AutomaticPayment ,src.AutomaticDeposit ,src.AutomaticWithdrawn ,src.PayinAllow ,src.PayoutAllow ,src.PayinExecutionType ,src.PayoutExecutionType ,src.PayinDeferred ,src.PayoutDeferred ,src.UponReceiptUse ,src.UponDepositUse ,src.InUponClearingUse ,src.UponPaymentUse ,src.UponWithdrawlUse ,src.OutUponClearingUse ,src.PayinMultiCurrency ,src.PayoutMultiCurrency ,src.EmHorcusPRRTCLCLT ,src.EmOBPOSBankable,src.RecordSourceCode,src.LOVRecordSourceId,src.RunDateTime,src.RunDateTime,src.RunDateTime,src.RunDateTime,'9999-12-31 00:00:00.000',src.DLSCDActiveFlag,src.DLETLRunLogID,src.DLCurateStandardRowKey) WHEN not MATCHED AND src.mergeKey = 'DEACTIVATE' THEN INSERT(PaymentMethodId ,SRCFinPaymentMethodId ,OrganisationId ,ClientId ,PaymentMethodName ,SourceCreated ,SourceCreatedBy ,SourceUpdated ,SourceUpdatedBy ,IsActive ,Description ,AutomaticReceipt ,AutomaticPayment ,AutomaticDeposit ,AutomaticWithdrawn ,PayinAllow ,PayoutAllow ,PayinExecutionType ,PayoutExecutionType ,PayinDeferred ,PayoutDeferred ,UponReceiptUse ,UponDepositUse ,InUponClearingUse ,UponPaymentUse ,UponWithdrawlUse ,OutUponClearingUse ,PayinMultiCurrency ,PayoutMultiCurrency ,EmHorcusPRRTCLCLT ,EmOBPOSBankable ,RecordSourceCode,LOVRecordSourceId ,RunDateTime,DLCreateDateTime,DLUpdateDateTime,DLSCDStartDateTime,DLSCDEndDateTime,DLSCDActiveFlag,DLETLRunLogID,DLCurateStandardRowKey)  VALUES(src.PaymentMethodId ,src.SRCFinPaymentMethodId ,src.OrganisationId ,src.ClientId ,src.PaymentMethodName ,src.SourceCreated ,src.SourceCreatedBy ,src.SourceUpdated ,src.SourceUpdatedBy ,src.IsActive ,src.Description ,src.AutomaticReceipt ,src.AutomaticPayment ,src.AutomaticDeposit ,src.AutomaticWithdrawn ,src.PayinAllow ,src.PayoutAllow ,src.PayinExecutionType ,src.PayoutExecutionType ,src.PayinDeferred ,src.PayoutDeferred ,src.UponReceiptUse ,src.UponDepositUse ,src.InUponClearingUse ,src.UponPaymentUse ,src.UponWithdrawlUse ,src.OutUponClearingUse ,src.PayinMultiCurrency ,src.PayoutMultiCurrency ,src.EmHorcusPRRTCLCLT ,src.EmOBPOSBankable,src.RecordSourceCode,src.LOVRecordSourceId,src.RunDateTime,src.RunDateTime,src.RunDateTime,src.RunDateTime,src.RunDateTime,src.DLSCDActiveFlag,src.DLETLRunLogID,src.DLCurateStandardRowKey)",
			"temp_table_name": "ODHFinPaymentMethod1",
			"partition_column_list": ""
		},
		{
			"card_id": "card_23033",
			"card_dependencies": [
				"card_23"
			],
			"label": "Read_Table 23033",
			"card_type": "read_table",
			"description": "Insert in ADLS",
			"query": "MERGE INTO curate_enterprise.ODHFinPaymentMethod T USING (SELECT concat(s.PaymentMethodId,s.ClientId,s.OrganisationId,s.LOVRecordSourceId) as MergeKey,s.* FROM ODHFinPaymentMethod2 s where s.dlscdactiveflag='D' UNION ALL SELECT 'UPDATE' as mergeKey, source.* FROM ODHFinPaymentMethod2 source JOIN curate_enterprise.ODHFinPaymentMethod Target ON source.PaymentMethodId = Target.PaymentMethodId and source.ClientId = Target.ClientId and source.OrganisationId = Target.OrganisationId and source.LOVRecordSourceId = Target.LOVRecordSourceId WHERE Target.DLSCDActiveFlag = 'Y' and source.dlscdactiveflag='D') src ON concat(T.PaymentMethodId,T.ClientId,T.OrganisationId,T.LOVRecordSourceId) = src.mergeKey AND T.DLSCDActiveFlag = 'Y' when matched THEN UPDATE SET DLSCDActiveFlag = 'N', DLSCDEndDateTime = src.RunDateTime ,DLUpdateDateTime = src.RunDateTime WHEN not MATCHED AND src.mergeKey = 'UPDATE' THEN INSERT(PaymentMethodId ,SRCFinPaymentMethodId ,OrganisationId ,ClientId ,PaymentMethodName ,SourceCreated ,SourceCreatedBy ,SourceUpdated ,SourceUpdatedBy ,IsActive ,Description ,AutomaticReceipt ,AutomaticPayment ,AutomaticDeposit ,AutomaticWithdrawn ,PayinAllow ,PayoutAllow ,PayinExecutionType ,PayoutExecutionType ,PayinDeferred ,PayoutDeferred ,UponReceiptUse ,UponDepositUse ,InUponClearingUse ,UponPaymentUse ,UponWithdrawlUse ,OutUponClearingUse ,PayinMultiCurrency ,PayoutMultiCurrency ,EmHorcusPRRTCLCLT ,EmOBPOSBankable ,RecordSourceCode,LOVRecordSourceId ,RunDateTime,DLCreateDateTime,DLUpdateDateTime,DLSCDStartDateTime,DLSCDEndDateTime,DLSCDActiveFlag,DLETLRunLogID,DLCurateStandardRowKey)  VALUES(src.PaymentMethodId ,src.SRCFinPaymentMethodId ,src.OrganisationId ,src.ClientId ,src.PaymentMethodName ,src.SourceCreated ,src.SourceCreatedBy ,src.SourceUpdated ,src.SourceUpdatedBy ,src.IsActive ,src.Description ,src.AutomaticReceipt ,src.AutomaticPayment ,src.AutomaticDeposit ,src.AutomaticWithdrawn ,src.PayinAllow ,src.PayoutAllow ,src.PayinExecutionType ,src.PayoutExecutionType ,src.PayinDeferred ,src.PayoutDeferred ,src.UponReceiptUse ,src.UponDepositUse ,src.InUponClearingUse ,src.UponPaymentUse ,src.UponWithdrawlUse ,src.OutUponClearingUse ,src.PayinMultiCurrency ,src.PayoutMultiCurrency ,src.EmHorcusPRRTCLCLT ,src.EmOBPOSBankable,src.RecordSourceCode,src.LOVRecordSourceId,src.RunDateTime,src.RunDateTime,src.RunDateTime,src.RunDateTime,src.RunDateTime,'N',src.DLETLRunLogID,src.DLCurateStandardRowKey) WHEN not MATCHED AND src.mergeKey <> 'UPDATE' THEN INSERT(PaymentMethodId ,SRCFinPaymentMethodId ,OrganisationId ,ClientId ,PaymentMethodName ,SourceCreated ,SourceCreatedBy ,SourceUpdated ,SourceUpdatedBy ,IsActive ,Description ,AutomaticReceipt ,AutomaticPayment ,AutomaticDeposit ,AutomaticWithdrawn ,PayinAllow ,PayoutAllow ,PayinExecutionType ,PayoutExecutionType ,PayinDeferred ,PayoutDeferred ,UponReceiptUse ,UponDepositUse ,InUponClearingUse ,UponPaymentUse ,UponWithdrawlUse ,OutUponClearingUse ,PayinMultiCurrency ,PayoutMultiCurrency ,EmHorcusPRRTCLCLT ,EmOBPOSBankable ,RecordSourceCode,LOVRecordSourceId ,RunDateTime,DLCreateDateTime,DLUpdateDateTime,DLSCDStartDateTime,DLSCDEndDateTime,DLSCDActiveFlag,DLETLRunLogID,DLCurateStandardRowKey)  VALUES(src.PaymentMethodId ,src.SRCFinPaymentMethodId ,src.OrganisationId ,src.ClientId ,src.PaymentMethodName ,src.SourceCreated ,src.SourceCreatedBy ,src.SourceUpdated ,src.SourceUpdatedBy ,src.IsActive ,src.Description ,src.AutomaticReceipt ,src.AutomaticPayment ,src.AutomaticDeposit ,src.AutomaticWithdrawn ,src.PayinAllow ,src.PayoutAllow ,src.PayinExecutionType ,src.PayoutExecutionType ,src.PayinDeferred ,src.PayoutDeferred ,src.UponReceiptUse ,src.UponDepositUse ,src.InUponClearingUse ,src.UponPaymentUse ,src.UponWithdrawlUse ,src.OutUponClearingUse ,src.PayinMultiCurrency ,src.PayoutMultiCurrency ,src.EmHorcusPRRTCLCLT ,src.EmOBPOSBankable,src.RecordSourceCode,src.LOVRecordSourceId,src.RunDateTime,src.RunDateTime,src.RunDateTime,src.RunDateTime,src.RunDateTime,'N',src.DLETLRunLogID,src.DLCurateStandardRowKey)",
			"temp_table_name": "ODHFinPaymentMethod23033",
			"partition_column_list": ""
		},
		{
			"card_id": "card_11",
			"card_dependencies": [
				"card_20",
				"card_12",
				"card_23033"
			],
			"label": "Write_Delta 11",
			"card_type": "write_delta",
			"description": "Write backup Standard",
			"query": "select * from ODHFinPaymentMethod11 where FIN_PAYMENTMETHOD_ID not in (select SRCFinPaymentMethodId from ODHFinPaymentMethod7 where ClientId is not null and OrganisationID is not null)",
			"data_path": "/mnt/idf-curatestandard/BTUKOPTIT/BUKOPMS/BTCOPT_ORDER_PAYMENT_METHOD_BUKOPMS_Incr/BackUp",
			"partition_key_columns": "",
			"mode": "OVERWRITE",
			"type": "GENERAL"
		}
	]
}
