{
    "project_name": "ROICEDAC",
    "config_type": "etl",
    "description": "",
    "data_source": [],
    "report_path": "/mnt/idf-reports/BTROIIT/MPSCEDAC/BTROIIT_IF_07905_Pharmacy_Dispensing_Info_ROI_MPSCeDac_IncrCurateADLS",
    "cards": [
        {
            "card_id": "card_0",
            "card_dependencies": [],
            "label": "Read_Delta 0",
            "card_type": "read_delta",
            "description": "read data from ADLS",
            "data_path": "/mnt/idf-curatestandard/BTROIIT/MPSCEDAC/BTROIIT_IF_07905_Pharmacy_Dispensing_Info_ROI_MPSCeDac_Incr/Incremental",
            "output_table": "IF_07905_C_A"
        },
        {
            "card_id": "card_1",
            "card_dependencies": [
                "card_0"
            ],
            "label": "Apply_Filter 1",
            "card_type": "apply_filter",
            "description": "applyfilter",
            "input_table": "IF_07905_C_A",
            "output_table": "IF_07905_CM_A",
            "filter": [],
            "unmatch_data": false
        },
        {
            "card_id": "card_2",
            "card_dependencies": [
                "card_1"
            ],
            "label": "Write_Delta 2",
            "card_type": "write_delta",
            "description": "write to delta",
			"query": "select PharmacyAccountingGroup,TransactionDate,SiteSourceKey,MedicinalProductCode,ItemsCount,PrescriptionFormsCount,EPOSTransactionType,MerchandisingGroupName,IsoCurrencyCode,NumberFormat,RunDateTime,Year,Month,Day,SourceSystemID,LOVRecordSourceID,SCDStartDate,SCDEndDate,SCDActiveFlag,SCDVersion,SCDLOVRecordSourceID,ETLRunLogID from IF_07905_CM_A",
            "data_path": "/mnt/idf-curate/Pharmaceuticals/StoreStockTransaction",
            "partition_key_columns": "SourceSystemID,Year,Month,Day",
            "mode": "APPEND",
            "type": "GENERAL"
        }
    ]
}
