{
	"name": "AssetProcessRaw_nonzipformat_file",
	"properties": {
		"activities": [
			{
				"name": "vProcessStart",
				"type": "SetVariable",
				"dependsOn": [],
				"userProperties": [],
				"typeProperties": {
					"variableName": "vProcessStart",
					"value": {
						"value": "@utcnow('yyyyMMdd HH:mm:ss.fff')",
						"type": "Expression"
					}
				}
			},
			{
				"name": "vRunLogTypeId",
				"type": "SetVariable",
				"dependsOn": [],
				"userProperties": [],
				"typeProperties": {
					"variableName": "vRunLogTypeId",
					"value": "Job"
				}
			},
			{
				"name": "ValidAsset",
				"type": "IfCondition",
				"dependsOn": [
					{
						"activity": "Set_vAssetId",
						"dependencyConditions": [
							"Succeeded"
						]
					}
				],
				"userProperties": [],
				"typeProperties": {
					"expression": {
						"value": "@and(\n        equals(activity('AssetFetchProperties').output.firstRow.NumMatchingFeeds,1),\n        equals(activity('AssetFetchProperties').output.firstRow.FeedStatusID,'23001')\n)",
						"type": "Expression"
					},
					"ifFalseActivities": [
						{
							"name": "Write Asset History QUARANTINE",
							"type": "SqlServerStoredProcedure",
							"dependsOn": [
								{
									"activity": "AssetStatusChange_Ingestion_Quarantine",
									"dependencyConditions": [
										"Succeeded"
									]
								}
							],
							"policy": {
								"timeout": "7.00:00:00",
								"retry": 0,
								"retryIntervalInSeconds": 30,
								"secureOutput": false,
								"secureInput": false
							},
							"userProperties": [],
							"typeProperties": {
								"storedProcedureName": "[idfwba].[AddNewAssetHistory]",
								"storedProcedureParameters": {
									"pAssetID": {
										"value": {
											"value": "@activity('AssetAddOrUpdate_Location_Quarantine').output.firstRow.AssetID",
											"type": "Expression"
										},
										"type": "String"
									},
									"pDescription": {
										"value": {
											"value": "@concat('AssetID='\n              ,activity('AssetStatusChange_Ingestion_Quarantine').output.firstRow.AssetID\n              , '; AssetName='\n              , pipeline().parameters.pAssetName\n              , '. Moved from '\n              , pipeline().parameters.pAssetPath\n              , ' to '\n              , variables('vQuarantinePath')\n              , '. Reason=No feed'\n)",
											"type": "Expression"
										},
										"type": "String"
									},
									"pDTCreated": {
										"value": {
											"value": "@utcnow('yyyyMMdd HH:mm:ss.fff')",
											"type": "Expression"
										},
										"type": "String"
									}
								}
							},
							"linkedServiceName": {
								"referenceName": "MVPMetaDataStore",
								"type": "LinkedServiceReference"
							}
						},
						{
							"name": "GetStorageAccount_Quarantine",
							"type": "Lookup",
							"dependsOn": [],
							"policy": {
								"timeout": "7.00:00:00",
								"retry": 0,
								"retryIntervalInSeconds": 30,
								"secureOutput": false,
								"secureInput": false
							},
							"userProperties": [],
							"typeProperties": {
								"source": {
									"type": "AzureSqlSource",
									"sqlReaderStoredProcedureName": "[idfwba].[RefLOVNameGet]",
									"storedProcedureParameters": {
										"pRefLovKey": {
											"type": "String",
											"value": "DATALAKE_STORAGE_ACCOUNT_ENDPOINT"
										},
										"pRefLovSetName": {
											"type": "String",
											"value": "System Configuration"
										}
									},
									"queryTimeout": "02:00:00",
									"partitionOption": "None"
								},
								"dataset": {
									"referenceName": "azsadna_datasource_generic_mssql",
									"type": "DatasetReference",
									"parameters": {
										"schema": "idfwba",
										"table": "FEEDTASK"
									}
								},
								"firstRowOnly": true
							}
						},
						{
							"name": "Set_vQuarantinePath",
							"description": "We use it in several activities",
							"type": "SetVariable",
							"dependsOn": [],
							"userProperties": [],
							"typeProperties": {
								"variableName": "vQuarantinePath",
								"value": {
									"value": "@replace(pipeline().parameters.pAssetPath,pipeline().parameters.pContainer,'quarantine')",
									"type": "Expression"
								}
							}
						},
						{
							"name": "AssetAddOrUpdate_Location_Quarantine",
							"description": "Update Location to Quarantine",
							"type": "Lookup",
							"dependsOn": [
								{
									"activity": "Multi Delete File from Raw To Quarantine",
									"dependencyConditions": [
										"Succeeded"
									]
								}
							],
							"policy": {
								"timeout": "7.00:00:00",
								"retry": 0,
								"retryIntervalInSeconds": 30,
								"secureOutput": false,
								"secureInput": false
							},
							"userProperties": [],
							"typeProperties": {
								"source": {
									"type": "AzureSqlSource",
									"sqlReaderStoredProcedureName": "[idfwba].[AssetAddOrUpdate]",
									"storedProcedureParameters": {
										"pAssetCurrentLocation": {
											"type": "String",
											"value": {
												"value": "@variables('vQuarantinePath')",
												"type": "Expression"
											}
										},
										"pAssetDefinition": {
											"type": "String",
											"value": {
												"value": "@pipeline().parameters.pAssetName",
												"type": "Expression"
											}
										},
										"pAssetID": {
											"type": "String",
											"value": null
										},
										"pAssetMD5": {
											"type": "String",
											"value": {
												"value": "@variables('vMD5')",
												"type": "Expression"
											}
										},
										"pAssetName": {
											"type": "String",
											"value": {
												"value": "@pipeline().parameters.pAssetName",
												"type": "Expression"
											}
										},
										"pAssetSubTypeID": {
											"type": "String",
											"value": null
										},
										"pAssetTypeID": {
											"type": "String",
											"value": null
										},
										"pAttributeDescription": {
											"type": "String",
											"value": null
										},
										"pAttributeEntityDescription": {
											"type": "String",
											"value": null
										},
										"pDTCreated": {
											"type": "String",
											"value": null
										},
										"pEntityDescription": {
											"type": "String",
											"value": null
										},
										"pFeedId": {
											"type": "String",
											"value": null
										},
										"pInformationClassificationID": {
											"type": "String",
											"value": null
										},
										"pKeepValueFlag": {
											"type": "String",
											"value": null
										},
										"pNumberOfBytes": {
											"type": "String",
											"value": {
												"value": "@variables('vSize')",
												"type": "Expression"
											}
										},
										"pNumberOfRecords": {
											"type": "String",
											"value": {
												"value": "@variables('vNrRecords')",
												"type": "Expression"
											}
										},
										"pParentAssetID": {
											"type": "String",
											"value": {
												"value": "@variables('vParentAssetId')",
												"type": "Expression"
											}
										},
										"pStatusID": {
											"type": "String",
											"value": null
										},
										"pUserCreated": {
											"type": "String",
											"value": null
										}
									},
									"queryTimeout": "02:00:00",
									"partitionOption": "None"
								},
								"dataset": {
									"referenceName": "azsadna_datasource_generic_mssql",
									"type": "DatasetReference",
									"parameters": {
										"schema": "idfwba",
										"table": "FEED"
									}
								}
							}
						},
						{
							"name": "AssetStatusChange_Ingestion_Quarantine",
							"description": "Update Status to \"Ingestion Quarantine\"",
							"type": "Lookup",
							"dependsOn": [
								{
									"activity": "AssetAddOrUpdate_Location_Quarantine",
									"dependencyConditions": [
										"Succeeded"
									]
								}
							],
							"policy": {
								"timeout": "7.00:00:00",
								"retry": 0,
								"retryIntervalInSeconds": 30,
								"secureOutput": false,
								"secureInput": false
							},
							"userProperties": [],
							"typeProperties": {
								"source": {
									"type": "AzureSqlSource",
									"sqlReaderStoredProcedureName": "[idfwba].[AssetStatusChange]",
									"storedProcedureParameters": {
										"pAssetID": {
											"type": "String",
											"value": {
												"value": "@activity('AssetAddOrUpdate_Location_Quarantine').output.firstRow.AssetID",
												"type": "Expression"
											}
										},
										"pDTCreated": {
											"type": "String",
											"value": null
										},
										"pStatusID": {
											"type": "String",
											"value": "24015"
										},
										"pUserCreated": {
											"type": "String",
											"value": null
										}
									},
									"queryTimeout": "02:00:00",
									"partitionOption": "None"
								},
								"dataset": {
									"referenceName": "azsadna_datasource_generic_mssql",
									"type": "DatasetReference",
									"parameters": {
										"schema": "idfwba",
										"table": "FEED"
									}
								}
							}
						},
						{
							"name": "Set vRawToQuarantineStorageAccountType",
							"type": "SetVariable",
							"dependsOn": [],
							"userProperties": [],
							"typeProperties": {
								"variableName": "vRawToQuarantineStorageAccountType",
								"value": {
									"value": "@concat(pipeline().parameters.pStorageAccountType,'To','DataLake')",
									"type": "Expression"
								}
							}
						},
						{
							"name": "Multi Copy to Quarantine",
							"type": "ExecutePipeline",
							"dependsOn": [
								{
									"activity": "Set vRawToQuarantineStorageAccountType",
									"dependencyConditions": [
										"Succeeded"
									]
								},
								{
									"activity": "GetStorageAccount_Quarantine",
									"dependencyConditions": [
										"Succeeded"
									]
								},
								{
									"activity": "Set_vQuarantinePath",
									"dependencyConditions": [
										"Succeeded"
									]
								}
							],
							"userProperties": [],
							"typeProperties": {
								"pipeline": {
									"referenceName": "MultiStorageCopy",
									"type": "PipelineReference"
								},
								"waitOnCompletion": true,
								"parameters": {
									"pSourceDestinationType": {
										"value": "@variables('vRawToQuarantineStorageAccountType')",
										"type": "Expression"
									},
									"pSourceAssetPath": {
										"value": "@pipeline().parameters.pAssetPath",
										"type": "Expression"
									},
									"pSourceAssetName": {
										"value": "@pipeline().parameters.pAssetName",
										"type": "Expression"
									},
									"pSourceStorageAccountServiceEndPoint": {
										"value": "@pipeline().parameters.pStorageAccount",
										"type": "Expression"
									},
									"pDestinationAssetPath": {
										"value": "@variables('vQuarantinePath')",
										"type": "Expression"
									},
									"pDestinationAssetName": {
										"value": "@pipeline().parameters.pAssetName",
										"type": "Expression"
									},
									"pDestinationStorageAccountServiceEndPoint": {
										"value": "@activity('GetStorageAccount_Quarantine').output.firstRow.Value",
										"type": "Expression"
									}
								}
							}
						},
						{
							"name": "Multi Delete File from Raw To Quarantine",
							"type": "ExecutePipeline",
							"dependsOn": [
								{
									"activity": "Multi Copy to Quarantine",
									"dependencyConditions": [
										"Succeeded"
									]
								}
							],
							"userProperties": [],
							"typeProperties": {
								"pipeline": {
									"referenceName": "MultiStorageDelete",
									"type": "PipelineReference"
								},
								"waitOnCompletion": true,
								"parameters": {
									"pSourceType": {
										"value": "@pipeline().parameters.pStorageAccountType",
										"type": "Expression"
									},
									"pSourceAssetPath": {
										"value": "@pipeline().parameters.pAssetPath",
										"type": "Expression"
									},
									"pSourceAssetName": {
										"value": "@pipeline().parameters.pAssetName",
										"type": "Expression"
									},
									"pSourceStorageAccountServiceEndPoint": {
										"value": "@pipeline().parameters.pStorageAccount",
										"type": "Expression"
									}
								}
							}
						},
						{
							"name": "MailNotifyQuarantine",
							"type": "ExecutePipeline",
							"dependsOn": [
								{
									"activity": "Write Asset History QUARANTINE",
									"dependencyConditions": [
										"Succeeded"
									]
								}
							],
							"userProperties": [],
							"typeProperties": {
								"pipeline": {
									"referenceName": "MailNotifyQuarantine",
									"type": "PipelineReference"
								},
								"waitOnCompletion": true,
								"parameters": {
									"pMessageBody": {
										"value": "@concat('AssetID='\n              ,activity('AssetAddOrUpdate_Location_Quarantine').output.firstRow.AssetID\n              , '; AssetName='\n              , pipeline().parameters.pAssetName\n              , '. Moved from '\n              , pipeline().parameters.pAssetPath\n              , ' to '\n              , variables('vQuarantinePath')\n              , '. Reason=No feed'\n)",
										"type": "Expression"
									},
									"pMailSubject": "An invalid file has been ingested in the platform",
									"pAssetID": {
										"value": "@activity('AssetAddOrUpdate_Location_Quarantine').output.firstRow.AssetID",
										"type": "Expression"
									},
									"pAssetName": {
										"value": "@pipeline().parameters.pAssetName",
										"type": "Expression"
									},
									"pAssetLocation": {
										"value": "@variables('vQuarantinePath')",
										"type": "Expression"
									}
								}
							}
						}
					],
					"ifTrueActivities": [
						{
							"name": "ValidAssetProcessRAW",
							"type": "ExecutePipeline",
							"dependsOn": [],
							"userProperties": [],
							"typeProperties": {
								"pipeline": {
									"referenceName": "ValidAssetProcessRaw",
									"type": "PipelineReference"
								},
								"waitOnCompletion": true,
								"parameters": {
									"pFeedId": {
										"value": "@activity('AssetFetchProperties').output.firstRow.FeedId",
										"type": "Expression"
									},
									"pAssetName": {
										"value": "@pipeline().parameters.pAssetName",
										"type": "Expression"
									},
									"pAssetPath": {
										"value": "@pipeline().parameters.pAssetPath",
										"type": "Expression"
									},
									"primalPipelineRunId": {
										"value": "@pipeline().RunId",
										"type": "Expression"
									},
									"parentPipelineRunId": {
										"value": "@pipeline().RunId",
										"type": "Expression"
									},
									"pAssetId": {
										"value": "@variables('vAssetId')",
										"type": "Expression"
									},
									"pParentAssetId": {
										"value": "@variables('vParentAssetId')",
										"type": "Expression"
									},
									"pMD5": {
										"value": "@variables('vMD5')",
										"type": "Expression"
									},
									"pNrRecords": {
										"value": "@variables('vNrRecords')",
										"type": "Expression"
									},
									"pSize": {
										"value": "@variables('vSize')",
										"type": "Expression"
									}
								}
							}
						}
					]
				}
			},
			{
				"name": "Set_vAssetId",
				"type": "SetVariable",
				"dependsOn": [
					{
						"activity": "If No Metadata GenerateException",
						"dependencyConditions": [
							"Succeeded"
						]
					}
				],
				"userProperties": [],
				"typeProperties": {
					"variableName": "vAssetId",
					"value": {
						"value": "@json(variables('vMetadata'))['x-ms-meta-assetid']",
						"type": "Expression"
					}
				}
			},
			{
				"name": "RunStart",
				"description": "Executes RunStart with the appropriate parameters",
				"type": "Lookup",
				"dependsOn": [
					{
						"activity": "vProcessStart",
						"dependencyConditions": [
							"Succeeded"
						]
					},
					{
						"activity": "vRunLogTypeId",
						"dependencyConditions": [
							"Succeeded"
						]
					}
				],
				"policy": {
					"timeout": "7.00:00:00",
					"retry": 0,
					"retryIntervalInSeconds": 30,
					"secureOutput": false,
					"secureInput": false
				},
				"userProperties": [],
				"typeProperties": {
					"source": {
						"type": "AzureSqlSource",
						"sqlReaderStoredProcedureName": {
							"value": "idfwba.RunStart",
							"type": "Expression"
						},
						"storedProcedureParameters": {
							"pRunId": {
								"type": "String",
								"value": {
									"value": "@pipeline().RunId",
									"type": "Expression"
								}
							},
							"pDTStart": {
								"type": "String",
								"value": {
									"value": "@variables('vProcessStart')",
									"type": "Expression"
								}
							},
							"pFeedID": {
								"type": "String",
								"value": null
							},
							"pJobID": {
								"type": "String",
								"value": null
							},
							"pTaskID": {
								"type": "String",
								"value": null
							},
							"pAssetID": {
								"type": "String",
								"value": null
							},
							"pParentRunLogID": {
								"type": "String",
								"value": null
							},
							"pPipelineName": {
								"type": "String",
								"value": {
									"value": "@pipeline().Pipeline",
									"type": "Expression"
								}
							},
							"pRunLogTypeId": {
								"type": "String",
								"value": "Job"
							},
							"pParentRunID": {
								"type": "String",
								"value": null
							}
						},
						"queryTimeout": "02:00:00",
						"partitionOption": "None"
					},
					"dataset": {
						"referenceName": "azsadna_datasource_generic_mssql",
						"type": "DatasetReference",
						"parameters": {
							"schema": "idfwba",
							"table": "RUNLOG"
						}
					},
					"firstRowOnly": true
				}
			},
			{
				"name": "RunUpdate",
				"description": "Executes RunUpdate with the appropriate parameters",
				"type": "Lookup",
				"dependsOn": [
					{
						"activity": "ValidAsset",
						"dependencyConditions": [
							"Succeeded"
						]
					}
				],
				"policy": {
					"timeout": "7.00:00:00",
					"retry": 0,
					"retryIntervalInSeconds": 30,
					"secureOutput": false,
					"secureInput": false
				},
				"userProperties": [],
				"typeProperties": {
					"source": {
						"type": "AzureSqlSource",
						"sqlReaderStoredProcedureName": {
							"value": "idfwba.RunUpdate",
							"type": "Expression"
						},
						"storedProcedureParameters": {
							"pDataSizeMB": {
								"type": "String",
								"value": {
									"value": "@variables('vSize')",
									"type": "Expression"
								}
							},
							"pFeedID": {
								"type": "String",
								"value": {
									"value": "@activity('AssetFetchProperties').output.firstRow.FeedID",
									"type": "Expression"
								}
							},
							"pJobID": {
								"type": "String",
								"value": null
							},
							"pTaskID": {
								"type": "String",
								"value": null
							},
							"pAssetID": {
								"type": "String",
								"value": {
									"value": "@variables('vAssetId')",
									"type": "Expression"
								}
							},
							"pNrRecords": {
								"type": "String",
								"value": {
									"value": "@variables('vNrRecords')",
									"type": "Expression"
								}
							},
							"pPipelineName": {
								"type": "String",
								"value": {
									"value": "@pipeline().Pipeline",
									"type": "Expression"
								}
							},
							"pRunID": {
								"type": "String",
								"value": {
									"value": "@pipeline().RunId",
									"type": "Expression"
								}
							},
							"pRunLogID": {
								"type": "String",
								"value": null
							},
							"pRunningStatus": {
								"type": "String",
								"value": null
							}
						},
						"queryTimeout": "02:00:00",
						"partitionOption": "None"
					},
					"dataset": {
						"referenceName": "azsadna_datasource_generic_mssql",
						"type": "DatasetReference",
						"parameters": {
							"schema": "idfwba",
							"table": "RUNLOG"
						}
					},
					"firstRowOnly": false
				}
			},
			{
				"name": "RunResult",
				"description": "Executes RunResult with the appropriate parameters",
				"type": "Lookup",
				"dependsOn": [
					{
						"activity": "RunUpdate",
						"dependencyConditions": [
							"Succeeded"
						]
					}
				],
				"policy": {
					"timeout": "7.00:00:00",
					"retry": 0,
					"retryIntervalInSeconds": 30,
					"secureOutput": false,
					"secureInput": false
				},
				"userProperties": [],
				"typeProperties": {
					"source": {
						"type": "AzureSqlSource",
						"sqlReaderStoredProcedureName": {
							"value": "idfwba.RunResult",
							"type": "Expression"
						},
						"storedProcedureParameters": {
							"pResultName": {
								"type": "String",
								"value": {
									"value": "AssetName",
									"type": "Expression"
								}
							},
							"pRunLogID": {
								"type": "String",
								"value": {
									"value": "@variables('vRunLogId')",
									"type": "Expression"
								}
							},
							"pStatus": {
								"type": "String",
								"value": "OK"
							},
							"pRunID": {
								"type": "String",
								"value": {
									"value": "@pipeline().RunId",
									"type": "Expression"
								}
							},
							"pResultValue": {
								"type": "String",
								"value": {
									"value": "@pipeline().parameters.pAssetName",
									"type": "Expression"
								}
							}
						},
						"queryTimeout": "02:00:00",
						"partitionOption": "None"
					},
					"dataset": {
						"referenceName": "azsadna_datasource_generic_mssql",
						"type": "DatasetReference",
						"parameters": {
							"schema": "idfwba",
							"table": "RUNLOG"
						}
					},
					"firstRowOnly": false
				}
			},
			{
				"name": "RunEnd",
				"description": "Executes RunEnd with the appropriate parameters",
				"type": "Lookup",
				"dependsOn": [
					{
						"activity": "RunResult",
						"dependencyConditions": [
							"Succeeded"
						]
					}
				],
				"policy": {
					"timeout": "7.00:00:00",
					"retry": 0,
					"retryIntervalInSeconds": 30,
					"secureOutput": false,
					"secureInput": false
				},
				"userProperties": [],
				"typeProperties": {
					"source": {
						"type": "AzureSqlSource",
						"sqlReaderStoredProcedureName": {
							"value": "idfwba.RunEnd",
							"type": "Expression"
						},
						"storedProcedureParameters": {
							"pRunLogId": {
								"type": "String",
								"value": {
									"value": "@variables('vRunLogId')",
									"type": "Expression"
								}
							},
							"pDTEnd": {
								"type": "String",
								"value": {
									"value": "@utcnow('yyyyMMdd HH:mm:ss.fff')",
									"type": "Expression"
								}
							},
							"pRunID": {
								"type": "String",
								"value": {
									"value": "@pipeline().RunId",
									"type": "Expression"
								}
							}
						},
						"queryTimeout": "02:00:00",
						"partitionOption": "None"
					},
					"dataset": {
						"referenceName": "azsadna_datasource_generic_mssql",
						"type": "DatasetReference",
						"parameters": {
							"schema": "idfwba",
							"table": "RUNLOG"
						}
					},
					"firstRowOnly": false
				}
			},
			{
				"name": "AssetFetchProperties",
				"type": "Lookup",
				"dependsOn": [
					{
						"activity": "GetBlobMetadata",
						"dependencyConditions": [
							"Succeeded"
						]
					}
				],
				"policy": {
					"timeout": "7.00:00:00",
					"retry": 0,
					"retryIntervalInSeconds": 30,
					"secureOutput": false,
					"secureInput": false
				},
				"userProperties": [],
				"typeProperties": {
					"source": {
						"type": "AzureSqlSource",
						"sqlReaderStoredProcedureName": "[idfwba].[AssetFetchProperties]",
						"storedProcedureParameters": {
							"pAssetID": {
								"type": "String",
								"value": null
							},
							"pAssetName": {
								"type": "String",
								"value": {
									"value": "@pipeline().parameters.pAssetName",
									"type": "Expression"
								}
							},
							"pAssetPath": {
								"type": "String",
								"value": {
									"value": "@pipeline().parameters.pAssetPath",
									"type": "Expression"
								}
							},
							"pOnlyActiveFeedsFlag": {
								"type": "String",
								"value": "1"
							}
						},
						"queryTimeout": "02:00:00",
						"partitionOption": "None"
					},
					"dataset": {
						"referenceName": "azsadna_datasource_generic_mssql",
						"type": "DatasetReference",
						"parameters": {
							"schema": "idfwba",
							"table": "FEED"
						}
					}
				}
			},
			{
				"name": "Until MetadataExists or Timeout",
				"type": "Until",
				"dependsOn": [
					{
						"activity": "Set vMetadata",
						"dependencyConditions": [
							"Succeeded"
						]
					}
				],
				"userProperties": [],
				"typeProperties": {
					"expression": {
						"value": "@variables('vMetadataExists')",
						"type": "Expression"
					},
					"activities": [
						{
							"name": "GetMetadataFromFile",
							"description": "",
							"type": "WebActivity",
							"dependsOn": [],
							"policy": {
								"timeout": "7.00:00:00",
								"retry": 0,
								"retryIntervalInSeconds": 30,
								"secureOutput": false,
								"secureInput": false
							},
							"userProperties": [],
							"typeProperties": {
								"url": {
									"value": "@concat(replace(pipeline().parameters.pStorageAccount\n                          ,'.dfs.'\n                          ,'.blob.')\n  , pipeline().parameters.pAssetPath\n  , '/'\n  , pipeline().parameters.pAssetName\n  ,'?comp=metadata')",
									"type": "Expression"
								},
								"connectVia": {
									"referenceName": "GS-DNA-SHIR-01",
									"type": "IntegrationRuntimeReference"
								},
								"method": "GET",
								"headers": {
									"x-ms-version": "2018-11-09",
									"x-ms-date": {
										"value": "@utcnow('r')",
										"type": "Expression"
									},
									"x-ms-meta-parentAssetId": "value"
								},
								"authentication": {
									"type": "MSI",
									"resource": "https://storage.azure.com/"
								}
							}
						},
						{
							"name": "Set vMetadataExists_Until",
							"type": "SetVariable",
							"dependsOn": [
								{
									"activity": "GetMetadataFromFile",
									"dependencyConditions": [
										"Succeeded"
									]
								}
							],
							"userProperties": [],
							"typeProperties": {
								"variableName": "vMetadataExists",
								"value": {
									"value": "@contains(activity('GetMetadataFromFile').output.ADFWebActivityResponseHeaders,'x-ms-meta-assetid')",
									"type": "Expression"
								}
							}
						},
						{
							"name": "Set vMetadata_Until",
							"type": "SetVariable",
							"dependsOn": [
								{
									"activity": "Set vMetadataExists_Until",
									"dependencyConditions": [
										"Succeeded"
									]
								}
							],
							"userProperties": [],
							"typeProperties": {
								"variableName": "vMetadata",
								"value": {
									"value": "@string(activity('GetMetadataFromFile').output.ADFWebActivityResponseHeaders)",
									"type": "Expression"
								}
							}
						}
					],
					"timeout": "0.00:10:00"
				}
			},
			{
				"name": "Init vMetadataExists",
				"type": "SetVariable",
				"dependsOn": [
					{
						"activity": "AssetFetchProperties",
						"dependencyConditions": [
							"Succeeded"
						]
					}
				],
				"userProperties": [],
				"typeProperties": {
					"variableName": "vMetadataExists",
					"value": {
						"value": "@bool(0)",
						"type": "Expression"
					}
				}
			},
			{
				"name": "Set vMetadata",
				"description": "",
				"type": "SetVariable",
				"dependsOn": [
					{
						"activity": "Init vMetadataExists",
						"dependencyConditions": [
							"Succeeded"
						]
					}
				],
				"userProperties": [],
				"typeProperties": {
					"variableName": "vMetadata",
					"value": {
						"value": "@string(json('{\"x-ms-meta-md5hash\":\"\",\"x-ms-meta-size\":\"\",\"x-ms-meta-assetid\":\"\",\"x-ms-meta-parentassetid\":\"\",\"x-ms-meta-rows\":\"\"}'))",
						"type": "Expression"
					}
				}
			},
			{
				"name": "If No Metadata GenerateException",
				"type": "IfCondition",
				"dependsOn": [
					{
						"activity": "Until MetadataExists or Timeout",
						"dependencyConditions": [
							"Succeeded"
						]
					}
				],
				"userProperties": [],
				"typeProperties": {
					"expression": {
						"value": "@not(variables('vMetadataExists'))",
						"type": "Expression"
					},
					"ifTrueActivities": [
						{
							"name": "RunException_NoMetadata",
							"type": "ExecutePipeline",
							"dependsOn": [],
							"userProperties": [],
							"typeProperties": {
								"pipeline": {
									"referenceName": "RunException",
									"type": "PipelineReference"
								},
								"waitOnCompletion": true,
								"parameters": {
									"pErrorMessage": {
										"value": "@concat(' AssetName='\n              , pipeline().parameters.pAssetName\n              , ' in '\n              , pipeline().parameters.pAssetPath\n              , ' has no Metadata '\n)",
										"type": "Expression"
									},
									"pRunID": {
										"value": "@pipeline().RunId",
										"type": "Expression"
									}
								}
							}
						}
					]
				}
			},
			{
				"name": "RunException Until MetadataExists",
				"type": "ExecutePipeline",
				"dependsOn": [
					{
						"activity": "Until MetadataExists or Timeout",
						"dependencyConditions": [
							"Failed"
						]
					}
				],
				"userProperties": [],
				"typeProperties": {
					"pipeline": {
						"referenceName": "RunException",
						"type": "PipelineReference"
					},
					"waitOnCompletion": true,
					"parameters": {
						"pErrorMessage": {
							"value": "@activity('Until MetadataExists or Timeout').Error.Message",
							"type": "Expression"
						},
						"pRunID": {
							"value": "@pipeline().RunId",
							"type": "Expression"
						}
					}
				}
			},
			{
				"name": "GetBlobMetadata",
				"type": "WebActivity",
				"dependsOn": [
					{
						"activity": "vRunLogId",
						"dependencyConditions": [
							"Succeeded"
						]
					},
					{
						"activity": "vParentRunLogId",
						"dependencyConditions": [
							"Succeeded"
						]
					}
				],
				"policy": {
					"timeout": "7.00:00:00",
					"retry": 0,
					"retryIntervalInSeconds": 30,
					"secureOutput": false,
					"secureInput": false
				},
				"userProperties": [],
				"typeProperties": {
					"url": {
						"value": "@concat(replace(pipeline().parameters.pStorageAccount\n                          ,'.dfs.'\n                          ,'.blob.')\n  , pipeline().parameters.pAssetPath\n  , '/'\n  , pipeline().parameters.pAssetName\n  ,'?comp=metadata')",
						"type": "Expression"
					},
					"connectVia": {
						"referenceName": "GS-DNA-SHIR-01",
						"type": "IntegrationRuntimeReference"
					},
					"method": "GET",
					"headers": {
						"x-ms-version": "2018-11-09",
						"x-ms-date": {
							"value": "@utcnow('r')",
							"type": "Expression"
						}
					},
					"authentication": {
						"type": "MSI",
						"resource": "https://storage.azure.com/"
					}
				}
			},
			{
				"name": "vParentRunLogId",
				"type": "SetVariable",
				"dependsOn": [
					{
						"activity": "RunStart",
						"dependencyConditions": [
							"Succeeded"
						]
					}
				],
				"userProperties": [],
				"typeProperties": {
					"variableName": "vParentRunLogId",
					"value": {
						"value": "@activity('RunStart').output.firstRow.ParentRunLogID",
						"type": "Expression"
					}
				}
			},
			{
				"name": "vRunLogId",
				"type": "SetVariable",
				"dependsOn": [
					{
						"activity": "RunStart",
						"dependencyConditions": [
							"Succeeded"
						]
					}
				],
				"userProperties": [],
				"typeProperties": {
					"variableName": "vRunLogId",
					"value": {
						"value": "@activity('RunStart').output.firstRow.RunLogID",
						"type": "Expression"
					}
				}
			}
		],
		"parameters": {
			"pAssetPath": {
				"type": "string",
				"defaultValue": "raw/Accenture/eb4ba57d-dfef-4a21-90ab-525737918750"
			},
			"pAssetName": {
				"type": "string",
				"defaultValue": "0.wagpos.POSLOG.20191110003706.cpio"
			},
			"pAssetType": {
				"type": "string",
				"defaultValue": "File"
			},
			"pStorageAccount": {
				"type": "string",
				"defaultValue": "https://dapdevadlslnd01.blob.core.windows.net/"
			},
			"pStorageAccountType": {
				"type": "string",
				"defaultValue": "DataLake"
			},
			"pContainer": {
				"type": "string",
				"defaultValue": "raw"
			}
		},
		"variables": {
			"vProcessStart": {
				"type": "String"
			},
			"vRunLogId": {
				"type": "String"
			},
			"vRunLogTypeId": {
				"type": "String"
			},
			"vParentRunLogId": {
				"type": "String"
			},
			"vMD5": {
				"type": "String"
			},
			"vSize": {
				"type": "String"
			},
			"vAssetId": {
				"type": "String"
			},
			"vParentAssetId": {
				"type": "String"
			},
			"vNrRecords": {
				"type": "String"
			},
			"vQuarantinePath": {
				"type": "String"
			},
			"vMetadataExists": {
				"type": "Boolean"
			},
			"vMetadata": {
				"type": "String"
			},
			"vRawToQuarantineStorageAccountType": {
				"type": "String"
			}
		},
		"folder": {
			"name": "Process/Ingestion/Z_Ingestion"
		},
		"annotations": [],
		"lastPublishTime": "2021-03-11T17:44:30Z"
	},
	"type": "Microsoft.DataFactory/factories/pipelines"
}