{
	"name": "AssetProcessLanding_actual",
	"properties": {
		"activities": [
			{
				"name": "vProcessStart",
				"type": "SetVariable",
				"dependsOn": [],
				"userProperties": [],
				"typeProperties": {
					"variableName": "vProcessStart",
					"value": {
						"value": "@utcnow('yyyyMMdd HH:mm:ss.fff')",
						"type": "Expression"
					}
				}
			},
			{
				"name": "vRunLogTypeId",
				"type": "SetVariable",
				"dependsOn": [],
				"userProperties": [],
				"typeProperties": {
					"variableName": "vRunLogTypeId",
					"value": "Job"
				}
			},
			{
				"name": "AssetFetchProperties",
				"type": "Lookup",
				"dependsOn": [
					{
						"activity": "Set vRunLogId",
						"dependencyConditions": [
							"Succeeded"
						]
					},
					{
						"activity": "Set vParentRunLogId",
						"dependencyConditions": [
							"Succeeded"
						]
					}
				],
				"policy": {
					"timeout": "7.00:00:00",
					"retry": 0,
					"retryIntervalInSeconds": 30,
					"secureOutput": false,
					"secureInput": false
				},
				"userProperties": [],
				"typeProperties": {
					"source": {
						"type": "AzureSqlSource",
						"sqlReaderStoredProcedureName": "[idfwba].[AssetFetchProperties]",
						"storedProcedureParameters": {
							"pAssetID": {
								"type": "String",
								"value": null
							},
							"pAssetName": {
								"type": "String",
								"value": {
									"value": "@pipeline().parameters.pAssetName",
									"type": "Expression"
								}
							},
							"pAssetPath": {
								"type": "String",
								"value": {
									"value": "@pipeline().parameters.pAssetPath",
									"type": "Expression"
								}
							},
							"pOnlyActiveFeedsFlag": {
								"type": "String",
								"value": "1"
							}
						},
						"queryTimeout": "02:00:00",
						"partitionOption": "None"
					},
					"dataset": {
						"referenceName": "azsadna_datasource_generic_mssql",
						"type": "DatasetReference",
						"parameters": {
							"schema": "idfwba",
							"table": "FEED"
						}
					}
				}
			},
			{
				"name": "ValidAsset",
				"description": "Check StatusID is \"Active\" = '23001' and 1 FeedMatching",
				"type": "IfCondition",
				"dependsOn": [
					{
						"activity": "Set vValidAsset",
						"dependencyConditions": [
							"Succeeded"
						]
					}
				],
				"userProperties": [],
				"typeProperties": {
					"expression": {
						"value": "@equals(variables('vValidAsset'),true)",
						"type": "Expression"
					},
					"ifTrueActivities": [
						{
							"name": "ValidAssetProcessLANDING",
							"type": "ExecutePipeline",
							"dependsOn": [],
							"userProperties": [],
							"typeProperties": {
								"pipeline": {
									"referenceName": "ValidAssetProcessLanding",
									"type": "PipelineReference"
								},
								"waitOnCompletion": true,
								"parameters": {
									"pFeedId": {
										"value": "@activity('AssetFetchProperties').output.firstRow.FeedId",
										"type": "Expression"
									},
									"pAssetName": {
										"value": "@pipeline().parameters.pAssetName",
										"type": "Expression"
									},
									"pAssetPath": {
										"value": "@pipeline().parameters.pAssetPath",
										"type": "Expression"
									},
									"primalPipelineRunId": {
										"value": "@pipeline().RunId",
										"type": "Expression"
									},
									"parentPipelineRunId": {
										"value": "@pipeline().RunId",
										"type": "Expression"
									},
									"pAssetId": {
										"value": "@activity('AssetAddOrUpdate').output.firstRow.AssetID",
										"type": "Expression"
									},
									"pParentRunLogID": {
										"value": "@variables('vParentRunLogId')",
										"type": "Expression"
									}
								}
							}
						}
					]
				}
			},
			{
				"name": "AssetAddOrUpdate",
				"description": "Register Asset In Landing",
				"type": "Lookup",
				"dependsOn": [
					{
						"activity": "AssetFetchProperties",
						"dependencyConditions": [
							"Succeeded"
						]
					}
				],
				"policy": {
					"timeout": "7.00:00:00",
					"retry": 0,
					"retryIntervalInSeconds": 30,
					"secureOutput": false,
					"secureInput": false
				},
				"userProperties": [],
				"typeProperties": {
					"source": {
						"type": "AzureSqlSource",
						"sqlReaderStoredProcedureName": "[idfwba].[AssetAddOrUpdate]",
						"storedProcedureParameters": {
							"pAssetCurrentLocation": {
								"type": "String",
								"value": {
									"value": "@pipeline().parameters.pAssetPath",
									"type": "Expression"
								}
							},
							"pAssetDefinition": {
								"type": "String",
								"value": {
									"value": "@pipeline().parameters.pAssetName",
									"type": "Expression"
								}
							},
							"pAssetID": {
								"type": "String",
								"value": null
							},
							"pAssetMD5": {
								"type": "String",
								"value": null
							},
							"pAssetName": {
								"type": "String",
								"value": {
									"value": "@pipeline().parameters.pAssetName",
									"type": "Expression"
								}
							},
							"pAssetSubTypeID": {
								"type": "String",
								"value": null
							},
							"pAssetTypeID": {
								"type": "String",
								"value": null
							},
							"pAttributeDescription": {
								"type": "String",
								"value": null
							},
							"pAttributeEntityDescription": {
								"type": "String",
								"value": null
							},
							"pDTCreated": {
								"type": "String",
								"value": null
							},
							"pEntityDescription": {
								"type": "String",
								"value": null
							},
							"pFeedId": {
								"type": "String",
								"value": {
									"value": "@activity('AssetFetchProperties').output.firstrow.FeedID",
									"type": "Expression"
								}
							},
							"pInformationClassificationID": {
								"type": "String",
								"value": null
							},
							"pKeepValueFlag": {
								"type": "String",
								"value": null
							},
							"pNumberOfBytes": {
								"type": "String",
								"value": null
							},
							"pNumberOfRecords": {
								"type": "String",
								"value": null
							},
							"pParentAssetID": {
								"type": "String",
								"value": null
							},
							"pStatusID": {
								"type": "String",
								"value": null
							},
							"pUserCreated": {
								"type": "String",
								"value": null
							}
						},
						"queryTimeout": "02:00:00",
						"partitionOption": "None"
					},
					"dataset": {
						"referenceName": "azsadna_datasource_generic_mssql",
						"type": "DatasetReference",
						"parameters": {
							"schema": "idfwba",
							"table": "FEED"
						}
					}
				}
			},
			{
				"name": "RegisterStatus_Start",
				"description": "Executes RegisterStatus with the appropriate Start parameters",
				"type": "Lookup",
				"dependsOn": [
					{
						"activity": "vRunLogTypeId",
						"dependencyConditions": [
							"Succeeded"
						]
					},
					{
						"activity": "vProcessStart",
						"dependencyConditions": [
							"Succeeded"
						]
					}
				],
				"policy": {
					"timeout": "7.00:00:00",
					"retry": 0,
					"retryIntervalInSeconds": 30,
					"secureOutput": false,
					"secureInput": false
				},
				"userProperties": [],
				"typeProperties": {
					"source": {
						"type": "AzureSqlSource",
						"sqlReaderStoredProcedureName": {
							"value": "idfwba.registerStatus",
							"type": "Expression"
						},
						"storedProcedureParameters": {
							"action": {
								"type": "String",
								"value": "start"
							},
							"pAssetID": {
								"type": "Int32",
								"value": null
							},
							"pAssetName": {
								"type": "String",
								"value": {
									"value": "@pipeline().parameters.pAssetName",
									"type": "Expression"
								}
							},
							"pDataSizeMB": {
								"type": "Int64",
								"value": null
							},
							"pDTEnd": {
								"type": "String",
								"value": null
							},
							"pDTStart": {
								"type": "String",
								"value": {
									"value": "@variables('vProcessStart')",
									"type": "Expression"
								}
							},
							"pFeedID": {
								"type": "Int32",
								"value": null
							},
							"pJobID": {
								"type": "Int32",
								"value": null
							},
							"pMessage": {
								"type": "String",
								"value": null
							},
							"pNrRecords": {
								"type": "Int32",
								"value": null
							},
							"pParentRunID": {
								"type": "String",
								"value": null
							},
							"pParentRunLogID": {
								"type": "Int32",
								"value": null
							},
							"pPipelineName": {
								"type": "String",
								"value": {
									"value": "@pipeline().Pipeline",
									"type": "Expression"
								}
							},
							"pRunID": {
								"type": "String",
								"value": {
									"value": "@pipeline().RunId",
									"type": "Expression"
								}
							},
							"pRunLogID": {
								"type": "Int32",
								"value": null
							},
							"pRunLogTypeId": {
								"type": "String",
								"value": {
									"value": "@variables('vRunLogTypeId')",
									"type": "Expression"
								}
							},
							"pRunningStatus": {
								"type": "String",
								"value": null
							},
							"pTaskID": {
								"type": "Int32",
								"value": null
							}
						},
						"queryTimeout": "02:00:00",
						"partitionOption": "None"
					},
					"dataset": {
						"referenceName": "azsadna_datasource_generic_mssql",
						"type": "DatasetReference",
						"parameters": {
							"schema": "idfwba",
							"table": "RUNLOG"
						}
					},
					"firstRowOnly": true
				}
			},
			{
				"name": "ResisterStatus_Update_Result_End",
				"description": "Executes ResisterStatus with the appropriate Update, Result and End parameters",
				"type": "Lookup",
				"dependsOn": [
					{
						"activity": "Not Valid Asset and Asset Not File Asset Type",
						"dependencyConditions": [
							"Succeeded"
						]
					}
				],
				"policy": {
					"timeout": "7.00:00:00",
					"retry": 0,
					"retryIntervalInSeconds": 30,
					"secureOutput": false,
					"secureInput": false
				},
				"userProperties": [],
				"typeProperties": {
					"source": {
						"type": "AzureSqlSource",
						"sqlReaderStoredProcedureName": {
							"value": "idfwba.registerStatus",
							"type": "Expression"
						},
						"storedProcedureParameters": {
							"action": {
								"type": "String",
								"value": "update_message_end"
							},
							"pAssetID": {
								"type": "Int32",
								"value": {
									"value": "@activity('AssetAddOrUpdate').output.firstRow.AssetID",
									"type": "Expression"
								}
							},
							"pAssetName": {
								"type": "String",
								"value": {
									"value": "@pipeline().parameters.pAssetName",
									"type": "Expression"
								}
							},
							"pDataSizeMB": {
								"type": "Int64",
								"value": null
							},
							"pDTEnd": {
								"type": "String",
								"value": {
									"value": "@utcnow('yyyyMMdd HH:mm:ss.fff')",
									"type": "Expression"
								}
							},
							"pDTStart": {
								"type": "String",
								"value": null
							},
							"pFeedID": {
								"type": "Int32",
								"value": {
									"value": "@activity('AssetFetchProperties').output.firstRow.FeedID",
									"type": "Expression"
								}
							},
							"pJobID": {
								"type": "Int32",
								"value": null
							},
							"pMessage": {
								"type": "String",
								"value": null
							},
							"pNrRecords": {
								"type": "Int32",
								"value": null
							},
							"pParentRunID": {
								"type": "String",
								"value": null
							},
							"pParentRunLogID": {
								"type": "Int32",
								"value": null
							},
							"pPipelineName": {
								"type": "String",
								"value": {
									"value": "@pipeline().Pipeline",
									"type": "Expression"
								}
							},
							"pRunID": {
								"type": "String",
								"value": {
									"value": "@pipeline().RunId",
									"type": "Expression"
								}
							},
							"pRunLogID": {
								"type": "Int32",
								"value": {
									"value": "@variables('vRunLogId')",
									"type": "Expression"
								}
							},
							"pRunLogTypeId": {
								"type": "String",
								"value": null
							},
							"pRunningStatus": {
								"type": "String",
								"value": null
							},
							"pTaskID": {
								"type": "Int32",
								"value": null
							}
						},
						"queryTimeout": "02:00:00",
						"partitionOption": "None"
					},
					"dataset": {
						"referenceName": "azsadna_datasource_generic_mssql",
						"type": "DatasetReference",
						"parameters": {
							"schema": "idfwba",
							"table": "RUNLOG"
						}
					},
					"firstRowOnly": false
				}
			},
			{
				"name": "AssetStatusChange_Landing",
				"description": "Update Status to \"Landing\"",
				"type": "Lookup",
				"dependsOn": [
					{
						"activity": "AssetAddOrUpdate",
						"dependencyConditions": [
							"Succeeded"
						]
					}
				],
				"policy": {
					"timeout": "7.00:00:00",
					"retry": 0,
					"retryIntervalInSeconds": 30,
					"secureOutput": false,
					"secureInput": false
				},
				"userProperties": [],
				"typeProperties": {
					"source": {
						"type": "AzureSqlSource",
						"sqlReaderStoredProcedureName": "[idfwba].[AssetStatusChange]",
						"storedProcedureParameters": {
							"pAssetID": {
								"type": "String",
								"value": {
									"value": "@activity('AssetAddOrUpdate').output.firstRow.AssetID",
									"type": "Expression"
								}
							},
							"pDTCreated": {
								"type": "String",
								"value": null
							},
							"pStatusID": {
								"type": "String",
								"value": "24011"
							},
							"pUserCreated": {
								"type": "String",
								"value": null
							}
						},
						"queryTimeout": "02:00:00",
						"partitionOption": "None"
					},
					"dataset": {
						"referenceName": "azsadna_datasource_generic_mssql",
						"type": "DatasetReference",
						"parameters": {
							"schema": "idfwba",
							"table": "FEED"
						}
					}
				}
			},
			{
				"name": "Set vValidAsset",
				"type": "SetVariable",
				"dependsOn": [
					{
						"activity": "AssetStatusChange_Landing",
						"dependencyConditions": [
							"Succeeded"
						]
					}
				],
				"userProperties": [],
				"typeProperties": {
					"variableName": "vValidAsset",
					"value": {
						"value": "@if(and(\n        equals(activity('AssetFetchProperties').output.firstRow.NumMatchingFeeds,1),\n        equals(activity('AssetFetchProperties').output.firstRow.FeedStatusID,'23001')\n),true,false)",
						"type": "Expression"
					}
				}
			},
			{
				"name": "Not Valid Asset and File Asset Type",
				"description": "",
				"type": "IfCondition",
				"dependsOn": [
					{
						"activity": "ValidAsset",
						"dependencyConditions": [
							"Succeeded"
						]
					}
				],
				"userProperties": [],
				"typeProperties": {
					"expression": {
						"value": "@and(\n        equals(variables('vValidAsset'),false)\n        ,equals(pipeline().parameters.pAssetType,'File')\n)",
						"type": "Expression"
					},
					"ifTrueActivities": [
						{
							"name": "GetStorageAccount_Quarantine",
							"type": "Lookup",
							"dependsOn": [],
							"policy": {
								"timeout": "7.00:00:00",
								"retry": 0,
								"retryIntervalInSeconds": 30,
								"secureOutput": false,
								"secureInput": false
							},
							"userProperties": [],
							"typeProperties": {
								"source": {
									"type": "AzureSqlSource",
									"sqlReaderStoredProcedureName": "[idfwba].[RefLOVNameGet]",
									"storedProcedureParameters": {
										"pRefLovKey": {
											"type": "String",
											"value": "DATALAKE_STORAGE_ACCOUNT_ENDPOINT"
										},
										"pRefLovSetName": {
											"type": "String",
											"value": "System Configuration"
										}
									},
									"queryTimeout": "02:00:00",
									"partitionOption": "None"
								},
								"dataset": {
									"referenceName": "azsadna_datasource_generic_mssql",
									"type": "DatasetReference",
									"parameters": {
										"schema": "idfwba",
										"table": "FEEDTASK"
									}
								},
								"firstRowOnly": true
							}
						},
						{
							"name": "AssetAddOrUpdate_Location_Quarantine",
							"description": "Update Location to Quarantine",
							"type": "Lookup",
							"dependsOn": [
								{
									"activity": "Multi Delete File from Landing To Quarantine",
									"dependencyConditions": [
										"Succeeded"
									]
								}
							],
							"policy": {
								"timeout": "7.00:00:00",
								"retry": 0,
								"retryIntervalInSeconds": 30,
								"secureOutput": false,
								"secureInput": false
							},
							"userProperties": [],
							"typeProperties": {
								"source": {
									"type": "AzureSqlSource",
									"sqlReaderStoredProcedureName": "[idfwba].[AssetAddOrUpdate]",
									"storedProcedureParameters": {
										"pAssetCurrentLocation": {
											"type": "String",
											"value": {
												"value": "@variables('vQuarantinePath')",
												"type": "Expression"
											}
										},
										"pAssetDefinition": {
											"type": "String",
											"value": {
												"value": "@pipeline().parameters.pAssetName",
												"type": "Expression"
											}
										},
										"pAssetID": {
											"type": "String",
											"value": {
												"value": "@activity('AssetAddOrUpdate').output.firstRow.AssetID",
												"type": "Expression"
											}
										},
										"pAssetMD5": {
											"type": "String",
											"value": null
										},
										"pAssetName": {
											"type": "String",
											"value": {
												"value": "@pipeline().parameters.pAssetName",
												"type": "Expression"
											}
										},
										"pAssetSubTypeID": {
											"type": "String",
											"value": null
										},
										"pAssetTypeID": {
											"type": "String",
											"value": null
										},
										"pAttributeDescription": {
											"type": "String",
											"value": null
										},
										"pAttributeEntityDescription": {
											"type": "String",
											"value": null
										},
										"pDTCreated": {
											"type": "String",
											"value": null
										},
										"pEntityDescription": {
											"type": "String",
											"value": null
										},
										"pFeedId": {
											"type": "String",
											"value": null
										},
										"pInformationClassificationID": {
											"type": "String",
											"value": null
										},
										"pKeepValueFlag": {
											"type": "String",
											"value": null
										},
										"pNumberOfBytes": {
											"type": "String",
											"value": null
										},
										"pNumberOfRecords": {
											"type": "String",
											"value": null
										},
										"pParentAssetID": {
											"type": "String",
											"value": null
										},
										"pStatusID": {
											"type": "String",
											"value": null
										},
										"pUserCreated": {
											"type": "String",
											"value": null
										}
									},
									"queryTimeout": "02:00:00",
									"partitionOption": "None"
								},
								"dataset": {
									"referenceName": "azsadna_datasource_generic_mssql",
									"type": "DatasetReference",
									"parameters": {
										"schema": "idfwba",
										"table": "FEED"
									}
								}
							}
						},
						{
							"name": "AssetStatusChange_Ingestion_Quarantine",
							"description": "Update Status to \"Ingestion Quarantine\"",
							"type": "Lookup",
							"dependsOn": [
								{
									"activity": "AssetAddOrUpdate_Location_Quarantine",
									"dependencyConditions": [
										"Succeeded"
									]
								}
							],
							"policy": {
								"timeout": "7.00:00:00",
								"retry": 0,
								"retryIntervalInSeconds": 30,
								"secureOutput": false,
								"secureInput": false
							},
							"userProperties": [],
							"typeProperties": {
								"source": {
									"type": "AzureSqlSource",
									"sqlReaderStoredProcedureName": "[idfwba].[AssetStatusChange]",
									"storedProcedureParameters": {
										"pAssetID": {
											"type": "String",
											"value": {
												"value": "@activity('AssetAddOrUpdate').output.firstRow.AssetID",
												"type": "Expression"
											}
										},
										"pDTCreated": {
											"type": "String",
											"value": null
										},
										"pStatusID": {
											"type": "String",
											"value": "24015"
										},
										"pUserCreated": {
											"type": "String",
											"value": null
										}
									},
									"queryTimeout": "02:00:00",
									"partitionOption": "None"
								},
								"dataset": {
									"referenceName": "azsadna_datasource_generic_mssql",
									"type": "DatasetReference",
									"parameters": {
										"schema": "idfwba",
										"table": "FEED"
									}
								}
							}
						},
						{
							"name": "Write Asset History Quarantine",
							"type": "SqlServerStoredProcedure",
							"dependsOn": [
								{
									"activity": "AssetStatusChange_Ingestion_Quarantine",
									"dependencyConditions": [
										"Succeeded"
									]
								}
							],
							"policy": {
								"timeout": "7.00:00:00",
								"retry": 0,
								"retryIntervalInSeconds": 30,
								"secureOutput": false,
								"secureInput": false
							},
							"userProperties": [],
							"typeProperties": {
								"storedProcedureName": "[idfwba].[AddNewAssetHistory]",
								"storedProcedureParameters": {
									"pAssetID": {
										"value": {
											"value": "@activity('AssetAddOrUpdate').output.firstRow.AssetID",
											"type": "Expression"
										},
										"type": "String"
									},
									"pDescription": {
										"value": {
											"value": "@concat('AssetID='\n              , activity('AssetAddOrUpdate').output.firstRow.AssetID\n              , '; AssetName='\n              , pipeline().parameters.pAssetName\n              , '. Moved from '\n              , pipeline().parameters.pAssetPath\n              , ' to '\n              , variables('vQuarantinePath')\n              , '. Reason=No feed'\n)",
											"type": "Expression"
										},
										"type": "String"
									},
									"pDTCreated": {
										"value": {
											"value": "@utcnow('yyyyMMdd HH:mm:ss.fff')",
											"type": "Expression"
										},
										"type": "String"
									}
								}
							},
							"linkedServiceName": {
								"referenceName": "MVPMetaDataStore",
								"type": "LinkedServiceReference"
							}
						},
						{
							"name": "Multi Copy To Quarantine",
							"type": "ExecutePipeline",
							"dependsOn": [
								{
									"activity": "Set vLandingToQuarantineStorageAccountType",
									"dependencyConditions": [
										"Succeeded"
									]
								}
							],
							"userProperties": [],
							"typeProperties": {
								"pipeline": {
									"referenceName": "MultiStorageCopy",
									"type": "PipelineReference"
								},
								"waitOnCompletion": true,
								"parameters": {
									"pSourceDestinationType": {
										"value": "@variables('vLandingToQuarantineStorageAccountType')",
										"type": "Expression"
									},
									"pSourceAssetPath": {
										"value": "@pipeline().parameters.pAssetPath",
										"type": "Expression"
									},
									"pSourceAssetName": {
										"value": "@pipeline().parameters.pAssetName",
										"type": "Expression"
									},
									"pSourceStorageAccountServiceEndPoint": {
										"value": "@pipeline().parameters.pStorageAccount",
										"type": "Expression"
									},
									"pDestinationAssetPath": {
										"value": "@variables('vQuarantinePath')",
										"type": "Expression"
									},
									"pDestinationAssetName": {
										"value": "@pipeline().parameters.pAssetName",
										"type": "Expression"
									},
									"pDestinationStorageAccountServiceEndPoint": {
										"value": "@activity('GetStorageAccount_Quarantine').output.firstRow.value",
										"type": "Expression"
									}
								}
							}
						},
						{
							"name": "Set vLandingToQuarantineStorageAccountType",
							"type": "SetVariable",
							"dependsOn": [
								{
									"activity": "GetStorageAccount_Quarantine",
									"dependencyConditions": [
										"Succeeded"
									]
								},
								{
									"activity": "Set vQuarantinePath",
									"dependencyConditions": [
										"Succeeded"
									]
								}
							],
							"userProperties": [],
							"typeProperties": {
								"variableName": "vLandingToQuarantineStorageAccountType",
								"value": {
									"value": "@concat(pipeline().parameters.pStorageAccountType,'To','DataLake')",
									"type": "Expression"
								}
							}
						},
						{
							"name": "Multi Delete File from Landing To Quarantine",
							"type": "ExecutePipeline",
							"dependsOn": [
								{
									"activity": "Multi Copy To Quarantine",
									"dependencyConditions": [
										"Succeeded"
									]
								}
							],
							"userProperties": [],
							"typeProperties": {
								"pipeline": {
									"referenceName": "MultiStorageDelete",
									"type": "PipelineReference"
								},
								"waitOnCompletion": true,
								"parameters": {
									"pSourceType": {
										"value": "@pipeline().parameters.pStorageAccountType",
										"type": "Expression"
									},
									"pSourceAssetPath": {
										"value": "@pipeline().parameters.pAssetPath",
										"type": "Expression"
									},
									"pSourceAssetName": {
										"value": "@pipeline().parameters.pAssetName",
										"type": "Expression"
									},
									"pSourceStorageAccountServiceEndPoint": {
										"value": "@pipeline().parameters.pStorageAccount",
										"type": "Expression"
									}
								}
							}
						},
						{
							"name": "Set vQuarantinePath",
							"type": "SetVariable",
							"dependsOn": [],
							"userProperties": [],
							"typeProperties": {
								"variableName": "vQuarantinePath",
								"value": {
									"value": "@replace(pipeline().parameters.pAssetPath,pipeline().parameters.pContainer,'quarantine')",
									"type": "Expression"
								}
							}
						}
					]
				}
			},
			{
				"name": "Not Valid Asset and Asset Not File Asset Type",
				"description": "",
				"type": "IfCondition",
				"dependsOn": [
					{
						"activity": "Not Valid Asset and File Asset Type",
						"dependencyConditions": [
							"Succeeded"
						]
					}
				],
				"userProperties": [],
				"typeProperties": {
					"expression": {
						"value": "@and(\n        equals(variables('vValidAsset'),false)\n        ,not(equals(pipeline().parameters.pAssetType,'File'))\n)",
						"type": "Expression"
					},
					"ifTrueActivities": [
						{
							"name": "AssetStatusChange_Ingestion_Quarantine_NotFile",
							"description": "Update Status to \"Ingestion Quarantine\"",
							"type": "Lookup",
							"dependsOn": [],
							"policy": {
								"timeout": "7.00:00:00",
								"retry": 0,
								"retryIntervalInSeconds": 30,
								"secureOutput": false,
								"secureInput": false
							},
							"userProperties": [],
							"typeProperties": {
								"source": {
									"type": "AzureSqlSource",
									"sqlReaderStoredProcedureName": "[idfwba].[AssetStatusChange]",
									"storedProcedureParameters": {
										"pAssetID": {
											"type": "String",
											"value": {
												"value": "@activity('AssetAddOrUpdate').output.firstRow.AssetID",
												"type": "Expression"
											}
										},
										"pDTCreated": {
											"type": "String",
											"value": null
										},
										"pStatusID": {
											"type": "String",
											"value": "24015"
										},
										"pUserCreated": {
											"type": "String",
											"value": null
										}
									},
									"queryTimeout": "02:00:00",
									"partitionOption": "None"
								},
								"dataset": {
									"referenceName": "azsadna_datasource_generic_mssql",
									"type": "DatasetReference",
									"parameters": {
										"schema": "idfwba",
										"table": "FEED"
									}
								}
							}
						}
					]
				}
			},
			{
				"name": "Send Successful Email",
				"type": "ExecutePipeline",
				"dependsOn": [
					{
						"activity": "ResisterStatus_Update_Result_End",
						"dependencyConditions": [
							"Succeeded"
						]
					}
				],
				"userProperties": [],
				"typeProperties": {
					"pipeline": {
						"referenceName": "Send_Email_Azure_Function",
						"type": "PipelineReference"
					},
					"waitOnCompletion": true,
					"parameters": {
						"emailSubject": "Job Completed Successfully",
						"emailBody": {
							"value": "@concat('Job has moved the file ', pipeline().parameters.pStorageAccount, '/', pipeline().parameters.pAssetPath, '/', pipeline().parameters.pAssetName, ' to raw layer successfully')",
							"type": "Expression"
						},
						"emailTo": "vinoth.o.radhakrishnan@walgreens.com",
						"emailFrom": "uie-support@walgreens.com"
					}
				}
			},
			{
				"name": "Set vParentRunLogId",
				"type": "SetVariable",
				"dependsOn": [
					{
						"activity": "RegisterStatus_Start",
						"dependencyConditions": [
							"Succeeded"
						]
					}
				],
				"userProperties": [],
				"typeProperties": {
					"variableName": "vParentRunLogId",
					"value": {
						"value": "@string(activity('RegisterStatus_Start').output.firstRow.ParentRunLogID)",
						"type": "Expression"
					}
				}
			},
			{
				"name": "Set vRunLogId",
				"type": "SetVariable",
				"dependsOn": [
					{
						"activity": "RegisterStatus_Start",
						"dependencyConditions": [
							"Succeeded"
						]
					}
				],
				"userProperties": [],
				"typeProperties": {
					"variableName": "vRunLogId",
					"value": {
						"value": "@string(activity('RegisterStatus_Start').output.firstRow.RunLogID)",
						"type": "Expression"
					}
				}
			}
		],
		"parameters": {
			"pAssetPath": {
				"type": "string",
				"defaultValue": "landing/Accenture/Ingestion/Zip"
			},
			"pAssetName": {
				"type": "string",
				"defaultValue": "test.zip"
			},
			"pAssetType": {
				"type": "string",
				"defaultValue": "File"
			},
			"pStorageAccount": {
				"type": "string",
				"defaultValue": "https://dapdevidfadls01.dfs.core.windows.net/"
			},
			"pStorageAccountType": {
				"type": "string",
				"defaultValue": "DataLake"
			},
			"pContainer": {
				"type": "string",
				"defaultValue": "landing"
			}
		},
		"variables": {
			"vProcessStart": {
				"type": "String"
			},
			"vRunLogId": {
				"type": "String"
			},
			"vRunLogTypeId": {
				"type": "String"
			},
			"vParentRunLogId": {
				"type": "String"
			},
			"vQuarantinePath": {
				"type": "String"
			},
			"vValidAsset": {
				"type": "Boolean"
			},
			"vLandingToQuarantineStorageAccountType": {
				"type": "String"
			},
			"vDualRunningSecondaryLanding": {
				"type": "String"
			}
		},
		"folder": {
			"name": "Process/Ingestion"
		},
		"annotations": [],
		"lastPublishTime": "2021-03-11T17:44:30Z"
	},
	"type": "Microsoft.DataFactory/factories/pipelines"
}