{
	"name": "AssetProcessLanding",
	"properties": {
		"activities": [
			{
				"name": "Is Control File",
				"type": "IfCondition",
				"dependsOn": [],
				"userProperties": [],
				"typeProperties": {
					"expression": {
						"value": "@endswith(pipeline().parameters.pAssetName, 'manifest.txt')",
						"type": "Expression"
					},
					"ifFalseActivities": [
						{
							"name": "Process File from Landing Zone",
							"type": "ExecutePipeline",
							"dependsOn": [],
							"userProperties": [],
							"typeProperties": {
								"pipeline": {
									"referenceName": "AssetProcessLanding_actual",
									"type": "PipelineReference"
								},
								"waitOnCompletion": true,
								"parameters": {
									"pAssetPath": {
										"value": "@pipeline().parameters.pAssetPath",
										"type": "Expression"
									},
									"pAssetName": {
										"value": "@pipeline().parameters.pAssetName",
										"type": "Expression"
									},
									"pAssetType": {
										"value": "@pipeline().parameters.pAssetType",
										"type": "Expression"
									},
									"pStorageAccount": {
										"value": "@pipeline().parameters.pStorageAccount",
										"type": "Expression"
									},
									"pStorageAccountType": {
										"value": "@pipeline().parameters.pStorageAccountType",
										"type": "Expression"
									},
									"pContainer": {
										"value": "@pipeline().parameters.pContainer",
										"type": "Expression"
									}
								}
							}
						}
					]
				}
			}
		],
		"parameters": {
			"pAssetPath": {
				"type": "string",
				"defaultValue": "landing/Accenture/Ingestion/Zip"
			},
			"pAssetName": {
				"type": "string",
				"defaultValue": "test.zip"
			},
			"pAssetType": {
				"type": "string",
				"defaultValue": "File"
			},
			"pStorageAccount": {
				"type": "string",
				"defaultValue": "https://dapdevadlslnd01.dfs.core.windows.net/"
			},
			"pStorageAccountType": {
				"type": "string",
				"defaultValue": "DataLake"
			},
			"pContainer": {
				"type": "string",
				"defaultValue": "landing"
			}
		},
		"variables": {
			"vProcessStart": {
				"type": "String"
			},
			"vRunLogId": {
				"type": "String"
			},
			"vRunLogTypeId": {
				"type": "String"
			},
			"vParentRunLogId": {
				"type": "String"
			},
			"vQuarantinePath": {
				"type": "String"
			},
			"vValidAsset": {
				"type": "Boolean"
			},
			"vLandingToQuarantineStorageAccountType": {
				"type": "String"
			},
			"vDualRunningSecondaryLanding": {
				"type": "String"
			}
		},
		"folder": {
			"name": "Process/Ingestion"
		},
		"annotations": [],
		"lastPublishTime": "2021-03-11T17:44:30Z"
	},
	"type": "Microsoft.DataFactory/factories/pipelines"
}