{
	"name": "AssetProcessRaw_remodeled",
	"properties": {
		"activities": [
			{
				"name": "Set vExtension",
				"type": "SetVariable",
				"dependsOn": [],
				"userProperties": [],
				"typeProperties": {
					"variableName": "vExtension",
					"value": {
						"value": "@substring(pipeline().parameters.pAssetName,\n           add(lastindexof(pipeline().parameters.pAssetName,'.'),1),\n    sub(length(pipeline().parameters.pAssetName),add(lastindexof(pipeline().parameters.pAssetName,'.'),1))\n)",
						"type": "Expression"
					}
				}
			},
			{
				"name": "If Condition1",
				"type": "IfCondition",
				"dependsOn": [
					{
						"activity": "Set vExtension",
						"dependencyConditions": [
							"Succeeded"
						]
					}
				],
				"userProperties": [],
				"typeProperties": {
					"expression": {
						"value": "@or(equals(variables('vExtension'), 'zip'),or(equals(variables('vExtension'), 'cpio'), or(equals(variables('vExtension'), 'gzip'), or(equals(variables('vExtension'), 'gz'),or(equals(variables('vExtension'), 'bz2'),equals(variables('vExtension'), 'Z'))))))",
						"type": "Expression"
					},
					"ifFalseActivities": [
						{
							"name": "Execute Non Zip Format",
							"type": "ExecutePipeline",
							"dependsOn": [],
							"userProperties": [],
							"typeProperties": {
								"pipeline": {
									"referenceName": "AssetProcessRaw_nonzipformat_file",
									"type": "PipelineReference"
								},
								"waitOnCompletion": true,
								"parameters": {
									"pAssetPath": {
										"value": "@pipeline().parameters.pAssetPath",
										"type": "Expression"
									},
									"pAssetName": {
										"value": "@pipeline().parameters.pAssetName",
										"type": "Expression"
									},
									"pAssetType": {
										"value": "@pipeline().parameters.pAssetType",
										"type": "Expression"
									},
									"pStorageAccount": {
										"value": "@pipeline().parameters.pStorageAccount",
										"type": "Expression"
									},
									"pStorageAccountType": {
										"value": "@pipeline().parameters.pStorageAccountType",
										"type": "Expression"
									},
									"pContainer": {
										"value": "@pipeline().parameters.pContainer",
										"type": "Expression"
									}
								}
							}
						}
					],
					"ifTrueActivities": [
						{
							"name": "Execute Zip Format Files",
							"type": "ExecutePipeline",
							"dependsOn": [],
							"userProperties": [],
							"typeProperties": {
								"pipeline": {
									"referenceName": "AssetProcessRaw_zipformat_file",
									"type": "PipelineReference"
								},
								"waitOnCompletion": true,
								"parameters": {
									"pAssetPath": {
										"value": "@pipeline().parameters.pAssetPath",
										"type": "Expression"
									},
									"pAssetName": {
										"value": "@pipeline().parameters.pAssetName",
										"type": "Expression"
									},
									"pAssetType": {
										"value": "@pipeline().parameters.pAssetType",
										"type": "Expression"
									},
									"pStorageAccount": {
										"value": "@pipeline().parameters.pStorageAccount",
										"type": "Expression"
									},
									"pStorageAccountType": {
										"value": "@pipeline().parameters.pStorageAccountType",
										"type": "Expression"
									},
									"pContainer": {
										"value": "@pipeline().parameters.pContainer",
										"type": "Expression"
									}
								}
							}
						}
					]
				}
			}
		],
		"parameters": {
			"pAssetPath": {
				"type": "string",
				"defaultValue": "raw/Accenture/eb4ba57d-dfef-4a21-90ab-525737918750"
			},
			"pAssetName": {
				"type": "string",
				"defaultValue": "0.wagpos.POSLOG.20191110003706.cpio"
			},
			"pAssetType": {
				"type": "string",
				"defaultValue": "File"
			},
			"pStorageAccount": {
				"type": "string",
				"defaultValue": "https://dapdevidfadls01.blob.core.windows.net/"
			},
			"pStorageAccountType": {
				"type": "string",
				"defaultValue": "DataLake"
			},
			"pContainer": {
				"type": "string",
				"defaultValue": "raw"
			}
		},
		"variables": {
			"vProcessStart": {
				"type": "String"
			},
			"vRunLogId": {
				"type": "String"
			},
			"vRunLogTypeId": {
				"type": "String"
			},
			"vParentRunLogId": {
				"type": "String"
			},
			"vMD5": {
				"type": "String"
			},
			"vSize": {
				"type": "String"
			},
			"vAssetId": {
				"type": "String"
			},
			"vParentAssetId": {
				"type": "String"
			},
			"vNrRecords": {
				"type": "String"
			},
			"vQuarantinePath": {
				"type": "String"
			},
			"vMetadataExists": {
				"type": "Boolean"
			},
			"vMetadata": {
				"type": "String"
			},
			"vRawToQuarantineStorageAccountType": {
				"type": "String"
			},
			"vExtension": {
				"type": "String"
			}
		},
		"folder": {
			"name": "Process/Ingestion/Z_Ingestion"
		},
		"annotations": [],
		"lastPublishTime": "2021-03-11T17:44:30Z"
	},
	"type": "Microsoft.DataFactory/factories/pipelines"
}