{
	"name": "Check FeedID need to skip",
	"properties": {
		"activities": [
			{
				"name": "If Feed needs to skip",
				"type": "IfCondition",
				"dependsOn": [
					{
						"activity": "Get FeedID to skip unzip",
						"dependencyConditions": [
							"Succeeded"
						]
					}
				],
				"userProperties": [],
				"typeProperties": {
					"expression": {
						"value": "@equals(string(activity('Get FeedID to skip unzip').output.FirstRow.FeedID),pipeline().parameters.pFeedID)",
						"type": "Expression"
					},
					"ifFalseActivities": [
						{
							"name": "Call ForEachFileInZip",
							"type": "ExecutePipeline",
							"dependsOn": [],
							"userProperties": [],
							"typeProperties": {
								"pipeline": {
									"referenceName": "ForEachFileInZip",
									"type": "PipelineReference"
								},
								"waitOnCompletion": true,
								"parameters": {
									"pAssetName": {
										"value": "@pipeline().parameters.pListAssetName",
										"type": "Expression"
									},
									"primalPipelineRunId": {
										"value": "@pipeline().parameters.primalPipelineRunId",
										"type": "Expression"
									},
									"parentPipelineRunId": {
										"value": "@pipeline().parameters.parentPipelineRunId",
										"type": "Expression"
									},
									"currentFeedJobTask": {
										"value": "@pipeline().parameters.currentFeedJobTask",
										"type": "Expression"
									},
									"pMD5": {
										"value": "@pipeline().parameters.pMD5",
										"type": "Expression"
									},
									"pSize": {
										"value": "@pipeline().parameters.pSize",
										"type": "Expression"
									},
									"pNrRecords": {
										"value": "@pipeline().parameters.pNrRecords",
										"type": "Expression"
									},
									"pParentAssetId": {
										"value": "@pipeline().parameters.pAssetId",
										"type": "Expression"
									},
									"pAssetPath": {
										"value": "@pipeline().parameters.pAssetPath",
										"type": "Expression"
									},
									"pAssetDefinition": {
										"value": "@pipeline().parameters.pAssetName",
										"type": "Expression"
									}
								}
							}
						}
					],
					"ifTrueActivities": [
						{
							"name": "UpdateDB_poslog",
							"type": "ExecutePipeline",
							"dependsOn": [],
							"userProperties": [],
							"typeProperties": {
								"pipeline": {
									"referenceName": "UpdateDB_poslog_no_zip_file",
									"type": "PipelineReference"
								},
								"waitOnCompletion": true,
								"parameters": {
									"pAssetName": {
										"value": "@pipeline().parameters.pAssetName",
										"type": "Expression"
									},
									"primalPipelineRunId": {
										"value": "@pipeline().parameters.primalPipelineRunId",
										"type": "Expression"
									},
									"parentPipelineRunId": {
										"value": "@pipeline().parameters.parentPipelineRunId",
										"type": "Expression"
									},
									"currentFeedJobTask": {
										"value": "@pipeline().parameters.currentFeedJobTask",
										"type": "Expression"
									},
									"pMD5": {
										"value": "@pipeline().parameters.pMD5",
										"type": "Expression"
									},
									"pSize": {
										"value": "@pipeline().parameters.pSize",
										"type": "Expression"
									},
									"pNrRecords": {
										"value": "@pipeline().parameters.pNrRecords",
										"type": "Expression"
									},
									"pParentAssetId": {
										"value": "@pipeline().parameters.pParentAssetId",
										"type": "Expression"
									},
									"pAssetId": {
										"value": "@pipeline().parameters.pAssetId",
										"type": "Expression"
									},
									"pAssetPath": {
										"value": "@pipeline().parameters.pAssetPath",
										"type": "Expression"
									},
									"pAssetDefinition": {
										"value": "@pipeline().parameters.pAssetName",
										"type": "Expression"
									}
								}
							}
						},
						{
							"name": "ESP_Trigger",
							"type": "ExecutePipeline",
							"dependsOn": [
								{
									"activity": "UpdateDB_poslog",
									"dependencyConditions": [
										"Succeeded"
									]
								}
							],
							"userProperties": [],
							"typeProperties": {
								"pipeline": {
									"referenceName": "ESP_Triggers",
									"type": "PipelineReference"
								},
								"waitOnCompletion": true,
								"parameters": {
									"pAssetName": {
										"value": "@pipeline().parameters.pAssetName",
										"type": "Expression"
									},
									"primalPipelineRunId": {
										"value": "@pipeline().parameters.primalPipelineRunId",
										"type": "Expression"
									},
									"parentPipelineRunId": {
										"value": "@pipeline().parameters.pParentAssetId",
										"type": "Expression"
									},
									"currentFeedJobTask": {
										"value": "@pipeline().parameters.currentFeedJobTask",
										"type": "Expression"
									},
									"pMD5": {
										"value": "@pipeline().parameters.pMD5",
										"type": "Expression"
									},
									"pSize": {
										"value": "@pipeline().parameters.pSize",
										"type": "Expression"
									},
									"pNrRecords": {
										"value": "@pipeline().parameters.pNrRecords",
										"type": "Expression"
									},
									"pParentAssetId": {
										"value": "@pipeline().parameters.pParentAssetId",
										"type": "Expression"
									},
									"pAssetId": {
										"value": "@pipeline().parameters.pAssetId",
										"type": "Expression"
									},
									"pAssetPath": {
										"value": "@pipeline().parameters.pAssetPath",
										"type": "Expression"
									}
								}
							}
						}
					]
				}
			},
			{
				"name": "Get FeedID to skip unzip",
				"type": "Lookup",
				"dependsOn": [],
				"policy": {
					"timeout": "7.00:00:00",
					"retry": 0,
					"retryIntervalInSeconds": 30,
					"secureOutput": false,
					"secureInput": false
				},
				"userProperties": [],
				"typeProperties": {
					"source": {
						"type": "AzureSqlSource",
						"sqlReaderQuery": "select FeedID from idfwba.FeedToSkipUnzip",
						"queryTimeout": "02:00:00",
						"partitionOption": "None"
					},
					"dataset": {
						"referenceName": "azsadna_datasource_generic_mssql",
						"type": "DatasetReference",
						"parameters": {
							"schema": "idfwba",
							"table": "DUMMY_FEED"
						}
					}
				}
			}
		],
		"parameters": {
			"pFeedID": {
				"type": "string"
			},
			"pListAssetName": {
				"type": "string"
			},
			"primalPipelineRunId": {
				"type": "string"
			},
			"parentPipelineRunId": {
				"type": "string"
			},
			"currentFeedJobTask": {
				"type": "string"
			},
			"pMD5": {
				"type": "string"
			},
			"pSize": {
				"type": "string"
			},
			"pNrRecords": {
				"type": "string"
			},
			"pParentAssetId": {
				"type": "string"
			},
			"pAssetId": {
				"type": "string"
			},
			"pAssetPath": {
				"type": "string"
			},
			"pAssetName": {
				"type": "string"
			}
		},
		"folder": {
			"name": "TaskTemplates"
		},
		"annotations": []
	}
}