{
	"name": "configurable-sftp",
	"properties": {
		"activities": [
			{
				"name": "configFileFetch",
				"type": "Lookup",
				"dependsOn": [],
				"policy": {
					"timeout": "0.12:00:00",
					"retry": 0,
					"retryIntervalInSeconds": 30,
					"secureOutput": false,
					"secureInput": false
				},
				"userProperties": [],
				"typeProperties": {
					"source": {
						"type": "DelimitedTextSource",
						"storeSettings": {
							"type": "AzureBlobStorageReadSettings",
							"recursive": true,
							"enablePartitionDiscovery": false
						},
						"formatSettings": {
							"type": "DelimitedTextReadSettings"
						}
					},
					"dataset": {
						"referenceName": "ConfigFiles",
						"type": "DatasetReference",
						"parameters": {
							"EndpointURL": {
								"value": "@pipeline().parameters.EndpointURL",
								"type": "Expression"
							},
							"FolderName": {
								"value": "@pipeline().parameters.FolderName",
								"type": "Expression"
							},
							"ConfigFileName": {
								"value": "@concat(pipeline().parameters.ConfigFileName,'.csv')",
								"type": "Expression"
							}
						}
					},
					"firstRowOnly": false
				}
			},
			{
				"name": "ForEachFile",
				"type": "ForEach",
				"dependsOn": [
					{
						"activity": "configFileFetch",
						"dependencyConditions": [
							"Succeeded"
						]
					}
				],
				"userProperties": [],
				"typeProperties": {
					"items": {
						"value": "@activity('configFileFetch').output.value",
						"type": "Expression"
					},
					"activities": [
						{
							"name": "Export Data to SFTP",
							"type": "Copy",
							"dependsOn": [],
							"policy": {
								"timeout": "0.12:00:00",
								"retry": 0,
								"retryIntervalInSeconds": 30,
								"secureOutput": false,
								"secureInput": false
							},
							"userProperties": [],
							"typeProperties": {
								"source": {
									"type": "BinarySource",
									"storeSettings": {
										"type": "AzureBlobStorageReadSettings",
										"recursive": true
									},
									"formatSettings": {
										"type": "BinaryReadSettings"
									}
								},
								"sink": {
									"type": "BinarySink",
									"storeSettings": {
										"type": "SftpWriteSettings",
										"operationTimeout": "01:00:00",
										"useTempFileRename": true
									}
								},
								"enableStaging": false
							},
							"inputs": [
								{
									"referenceName": "SourceDataset",
									"type": "DatasetReference",
									"parameters": {
										"source_storage_account_name": {
											"value": "@item().source_storage_account_name",
											"type": "Expression"
										},
										"source_container": {
											"value": "@item().source_container",
											"type": "Expression"
										},
										"source_file_name": {
											"value": "@item().source_file_name",
											"type": "Expression"
										},
										"source_storage_account_endpoint": {
											"value": "@item().source_storage_account_endpoint",
											"type": "Expression"
										}
									}
								}
							],
							"outputs": [
								{
									"referenceName": "BinaryStorageSFTP",
									"type": "DatasetReference",
									"parameters": {
										"destination_directory": {
											"value": "@item().destination_directory",
											"type": "Expression"
										},
										"source_file_name": {
											"value": "@item().source_file_name",
											"type": "Expression"
										}
									}
								}
							]
						}
					]
				}
			}
		],
		"parameters": {
			"EndpointURL": {
				"type": "string"
			},
			"FolderName": {
				"type": "string"
			},
			"ConfigFileName": {
				"type": "string"
			}
		},
		"folder": {
			"name": "generic-sftp"
		},
		"annotations": []
	}
}