{
	"name": "DataEgressEncryptAndDistribute",
	"properties": {
		"activities": [
			{
				"name": "Set vTaskResultFilePath",
				"type": "SetVariable",
				"dependsOn": [
					{
						"activity": "PackAndInfo",
						"dependencyConditions": [
							"Succeeded"
						]
					}
				],
				"userProperties": [],
				"typeProperties": {
					"variableName": "vTaskResultFilePath",
					"value": {
						"value": "@activity('PackAndInfo').output.taskResultFilePath",
						"type": "Expression"
					}
				}
			},
			{
				"name": "Set vTaskResultFileName",
				"type": "SetVariable",
				"dependsOn": [
					{
						"activity": "PackAndInfo",
						"dependencyConditions": [
							"Succeeded"
						]
					}
				],
				"userProperties": [],
				"typeProperties": {
					"variableName": "vTaskResultFileName",
					"value": {
						"value": "@activity('PackAndInfo').output.taskResultFileName",
						"type": "Expression"
					}
				}
			},
			{
				"name": "Set vUnpackAndInfoError",
				"type": "SetVariable",
				"dependsOn": [
					{
						"activity": "PackAndInfo",
						"dependencyConditions": [
							"Failed"
						]
					}
				],
				"userProperties": [],
				"typeProperties": {
					"variableName": "vUnpackAndInfoError",
					"value": {
						"value": "@substring(\n    activity('PackAndInfo').Error.Message\n   ,indexOf(activity('PackAndInfo').Error.Message,'{')\n   ,add(sub(lastIndexOf(activity('PackAndInfo').Error.Message,'}')\n       ,indexOf(activity('PackAndInfo').Error.Message,'{')\n   ),1)\n)",
						"type": "Expression"
					}
				}
			},
			{
				"name": "Multi Delete Task Result file",
				"type": "ExecutePipeline",
				"dependsOn": [
					{
						"activity": "If AnyError Async Fail",
						"dependencyConditions": [
							"Succeeded"
						]
					}
				],
				"userProperties": [],
				"typeProperties": {
					"pipeline": {
						"referenceName": "MultiStorageDelete",
						"type": "PipelineReference"
					},
					"waitOnCompletion": true,
					"parameters": {
						"pSourceType": {
							"value": "@variables('vRawHopperStorageAccountType')",
							"type": "Expression"
						},
						"pSourceAssetPath": {
							"value": "@variables('vTaskResultFilePath')",
							"type": "Expression"
						},
						"pSourceAssetName": {
							"value": "@variables('vTaskResultFileName')",
							"type": "Expression"
						},
						"pSourceStorageAccountServiceEndPoint": {
							"value": "@json(variables('vTaskProperties')).SourceStorageAccountServiceEndPoint",
							"type": "Expression"
						}
					}
				}
			},
			{
				"name": "If StorageBlobType GetTaskResultFileData",
				"type": "IfCondition",
				"dependsOn": [
					{
						"activity": "If StorageBlobType WaitForTaskResultFile",
						"dependencyConditions": [
							"Succeeded"
						]
					}
				],
				"userProperties": [],
				"typeProperties": {
					"expression": {
						"value": "@equals(variables('vRawHopperStorageAccountType'),'Blob')",
						"type": "Expression"
					},
					"ifFalseActivities": [
						{
							"name": "GetTaskResultFileData_DataLake",
							"type": "Lookup",
							"dependsOn": [],
							"policy": {
								"timeout": "7.00:00:00",
								"retry": 0,
								"retryIntervalInSeconds": 30,
								"secureOutput": false,
								"secureInput": false
							},
							"userProperties": [],
							"typeProperties": {
								"source": {
									"type": "JsonSource",
									"storeSettings": {
										"type": "AzureBlobFSReadSettings",
										"recursive": true
									},
									"formatSettings": {
										"type": "JsonReadSettings"
									}
								},
								"dataset": {
									"referenceName": "azsadna_datasource_generic_adls2_json",
									"type": "DatasetReference",
									"parameters": {
										"path": {
											"value": "@variables('vTaskResultFilePath')",
											"type": "Expression"
										},
										"filename": {
											"value": "@variables('vTaskResultFileName')",
											"type": "Expression"
										},
										"StorageAccountServiceEndPoint": {
											"value": "@json(variables('vTaskProperties')).TargetStorageAccountServiceEndPoint",
											"type": "Expression"
										}
									}
								}
							}
						},
						{
							"name": "Set vGetTaskResultFileData",
							"type": "SetVariable",
							"dependsOn": [
								{
									"activity": "GetTaskResultFileData_DataLake",
									"dependencyConditions": [
										"Succeeded"
									]
								}
							],
							"userProperties": [],
							"typeProperties": {
								"variableName": "vGetTaskResultFileData",
								"value": {
									"value": "@string(activity('GetTaskResultFileData_DataLake').output)",
									"type": "Expression"
								}
							}
						}
					],
					"ifTrueActivities": [
						{
							"name": "GetTaskResultFileData_Blob",
							"type": "Lookup",
							"dependsOn": [],
							"policy": {
								"timeout": "7.00:00:00",
								"retry": 0,
								"retryIntervalInSeconds": 30,
								"secureOutput": false,
								"secureInput": false
							},
							"userProperties": [],
							"typeProperties": {
								"source": {
									"type": "JsonSource",
									"storeSettings": {
										"type": "AzureBlobFSReadSettings",
										"recursive": true
									},
									"formatSettings": {
										"type": "JsonReadSettings"
									}
								},
								"dataset": {
									"referenceName": "azsadna_datasource_generic_adls2_json",
									"type": "DatasetReference",
									"parameters": {
										"path": {
											"value": "@variables('vTaskResultFilePath')",
											"type": "Expression"
										},
										"filename": {
											"value": "@variables('vTaskResultFileName')",
											"type": "Expression"
										},
										"StorageAccountServiceEndPoint": {
											"value": "@json(variables('vTaskProperties')).TargetStorageAccountServiceEndPoint",
											"type": "Expression"
										}
									}
								}
							}
						},
						{
							"name": "Set GetTaskResultFileData",
							"type": "SetVariable",
							"dependsOn": [
								{
									"activity": "GetTaskResultFileData_Blob",
									"dependencyConditions": [
										"Succeeded"
									]
								}
							],
							"userProperties": [],
							"typeProperties": {
								"variableName": "vGetTaskResultFileData",
								"value": {
									"value": "@string(activity('GetTaskResultFileData_Blob').output)",
									"type": "Expression"
								}
							}
						}
					]
				}
			},
			{
				"name": "Set vRawHopperStorageAccountType",
				"type": "SetVariable",
				"dependsOn": [
					{
						"activity": "PackAndInfo",
						"dependencyConditions": [
							"Succeeded"
						]
					}
				],
				"userProperties": [],
				"typeProperties": {
					"variableName": "vRawHopperStorageAccountType",
					"value": {
						"value": "@json(variables('vTaskProperties')).TargetStorageAccountType",
						"type": "Expression"
					}
				}
			},
			{
				"name": "If StorageBlobType WaitForTaskResultFile",
				"type": "IfCondition",
				"dependsOn": [
					{
						"activity": "Set vRawHopperStorageAccountType",
						"dependencyConditions": [
							"Succeeded"
						]
					},
					{
						"activity": "Set vTaskResultFileName",
						"dependencyConditions": [
							"Succeeded"
						]
					},
					{
						"activity": "Set vTaskResultFilePath",
						"dependencyConditions": [
							"Succeeded"
						]
					}
				],
				"userProperties": [],
				"typeProperties": {
					"expression": {
						"value": "@equals(variables('vRawHopperStorageAccountType'),'Blob')",
						"type": "Expression"
					},
					"ifFalseActivities": [
						{
							"name": "ValidateActivityDataLake",
							"type": "ExecutePipeline",
							"dependsOn": [],
							"userProperties": [],
							"typeProperties": {
								"pipeline": {
									"referenceName": "ValidateActivityDataLake",
									"type": "PipelineReference"
								},
								"waitOnCompletion": true,
								"parameters": {
									"pSourceAssetPath": {
										"value": "@variables('vTaskResultFilePath')",
										"type": "Expression"
									},
									"pSourceAssetName": {
										"value": "@variables('vTaskResultFileName')",
										"type": "Expression"
									},
									"pSourceStorageAccountServiceEndPoint": {
										"value": "@json(variables('vTaskProperties')).TargetStorageAccountServiceEndPoint",
										"type": "Expression"
									},
									"pCustomErrorMessage": {
										"value": "@concat(' with input parameter body ',variables('vFileToolPostBody'))",
										"type": "Expression"
									},
									"pRunID": {
										"value": "@pipeline().RunId",
										"type": "Expression"
									}
								}
							}
						}
					],
					"ifTrueActivities": [
						{
							"name": "ValidateActivityBlob",
							"type": "ExecutePipeline",
							"dependsOn": [],
							"userProperties": [],
							"typeProperties": {
								"pipeline": {
									"referenceName": "ValidateActivityBlob",
									"type": "PipelineReference"
								},
								"waitOnCompletion": true,
								"parameters": {
									"pSourceAssetPath": {
										"value": "@variables('vTaskResultFilePath')",
										"type": "Expression"
									},
									"pSourceAssetName": {
										"value": "@variables('vTaskResultFileName')",
										"type": "Expression"
									},
									"pSourceStorageAccountServiceEndPoint": {
										"value": "@json(variables('vTaskProperties')).TargetStorageAccountServiceEndPoint",
										"type": "Expression"
									},
									"pCustomErrorMessage": {
										"value": "@concat(' with input parameter body ',variables('vFileToolPostBody'))",
										"type": "Expression"
									},
									"pRunID": {
										"value": "@pipeline().RunId",
										"type": "Expression"
									}
								}
							}
						}
					]
				}
			},
			{
				"name": "Set vTaskProperties",
				"type": "SetVariable",
				"dependsOn": [],
				"userProperties": [],
				"typeProperties": {
					"variableName": "vTaskProperties",
					"value": {
						"value": "@string(json(pipeline().parameters.pCurrentFeedJobTask.FeedTaskJSON).properties)",
						"type": "Expression"
					}
				}
			},
			{
				"name": "PackAndInfo",
				"type": "AzureFunctionActivity",
				"dependsOn": [
					{
						"activity": "Set vFileToolPostBody",
						"dependencyConditions": [
							"Succeeded"
						]
					}
				],
				"policy": {
					"timeout": "7.00:00:00",
					"retry": 0,
					"retryIntervalInSeconds": 30,
					"secureOutput": false,
					"secureInput": false
				},
				"userProperties": [],
				"typeProperties": {
					"functionName": "encrypt",
					"method": "POST",
					"body": {
						"value": "@json(variables('vFileToolPostBody'))",
						"type": "Expression"
					}
				},
				"linkedServiceName": {
					"referenceName": "FileTools",
					"type": "LinkedServiceReference"
				}
			},
			{
				"name": "Set vFileToolPostBody",
				"type": "SetVariable",
				"dependsOn": [
					{
						"activity": "Set vAssetName",
						"dependencyConditions": [
							"Succeeded"
						]
					}
				],
				"userProperties": [],
				"typeProperties": {
					"variableName": "vFileToolPostBody",
					"value": {
						"value": "{\n   \"sourceAccount\": \"@{json(variables('vTaskProperties')).SourceStorageAccountServiceEndPoint}\",\n   \"sourcePath\": \"@{json(variables('vTaskProperties')).FolderPath_SourceStore}\",\n   \"file\": \"@{variables('vAssetName')}\",\n   \"assetId\": \"@{pipeline().parameters.pAssetId}\",\n   \"taskId\":\"@{pipeline().RunId}\",\n   \"destAccount\": \"@{json(variables('vTaskProperties')).TargetStorageAccountServiceEndPoint}\",\n   \"destPath\": \"@{json(variables('vTaskProperties')).FolderPath_DestinationStore}\",\n   \"keyvaultUrl\": \"@{json(variables('vTaskProperties')).KeyvaultUrl}\",\n   \"publicKeySecretName\": \"@{json(variables('vTaskProperties')).FeedPublicKeySecretName}\",\n   \"taskIDSubfolderCreated\": false\n}",
						"type": "Expression"
					}
				}
			},
			{
				"name": "AssetAddOrUpdate_Egress",
				"description": "Register Asset In Egress",
				"type": "Lookup",
				"dependsOn": [
					{
						"activity": "Multi DeleteSourceFile",
						"dependencyConditions": [
							"Succeeded"
						]
					}
				],
				"policy": {
					"timeout": "7.00:00:00",
					"retry": 0,
					"retryIntervalInSeconds": 30,
					"secureOutput": false,
					"secureInput": false
				},
				"userProperties": [],
				"typeProperties": {
					"source": {
						"type": "AzureSqlSource",
						"sqlReaderStoredProcedureName": "[dbo].[AssetAddOrUpdate]",
						"storedProcedureParameters": {
							"pAssetCurrentLocation": {
								"type": "String",
								"value": {
									"value": "@json(variables('vTaskProperties')).FolderPath_DestinationStore",
									"type": "Expression"
								}
							},
							"pAssetDefinition": {
								"type": "String",
								"value": {
									"value": "@json(variables('vGetTaskResultFileData')).firstRow.taskResults[0].fileName",
									"type": "Expression"
								}
							},
							"pAssetID": {
								"type": "String",
								"value": {
									"value": "@pipeline().parameters.pAssetID",
									"type": "Expression"
								}
							},
							"pAssetMD5": {
								"type": "String",
								"value": null
							},
							"pAssetName": {
								"type": "String",
								"value": {
									"value": "@json(variables('vGetTaskResultFileData')).firstRow.taskResults[0].fileName",
									"type": "Expression"
								}
							},
							"pAssetSubTypeID": {
								"type": "String",
								"value": null
							},
							"pAssetTypeID": {
								"type": "String",
								"value": null
							},
							"pAttributeDescription": {
								"type": "String",
								"value": null
							},
							"pAttributeEntityDescription": {
								"type": "String",
								"value": null
							},
							"pDTCreated": {
								"type": "String",
								"value": null
							},
							"pEntityDescription": {
								"type": "String",
								"value": null
							},
							"pFeedId": {
								"type": "String",
								"value": null
							},
							"pInformationClassificationID": {
								"type": "String",
								"value": null
							},
							"pKeepValueFlag": {
								"type": "String",
								"value": null
							},
							"pNumberOfBytes": {
								"type": "String",
								"value": {
									"value": "@json(variables('vGetTaskResultFileData')).firstRow.totalBytesProcessed",
									"type": "Expression"
								}
							},
							"pNumberOfRecords": {
								"type": "String",
								"value": null
							},
							"pParentAssetID": {
								"type": "String",
								"value": null
							},
							"pStatusID": {
								"type": "String",
								"value": null
							},
							"pUserCreated": {
								"type": "String",
								"value": null
							}
						},
						"queryTimeout": "02:00:00",
						"partitionOption": "None"
					},
					"dataset": {
						"referenceName": "azsadna_datasource_generic_mssql",
						"type": "DatasetReference",
						"parameters": {
							"schema": "dbo",
							"table": "FEED"
						}
					}
				}
			},
			{
				"name": "AssetStatusChange_Egress",
				"description": "Update Status to \"Egress\"",
				"type": "Lookup",
				"dependsOn": [
					{
						"activity": "AssetAddOrUpdate_Egress",
						"dependencyConditions": [
							"Succeeded"
						]
					}
				],
				"policy": {
					"timeout": "7.00:00:00",
					"retry": 0,
					"retryIntervalInSeconds": 30,
					"secureOutput": false,
					"secureInput": false
				},
				"userProperties": [],
				"typeProperties": {
					"source": {
						"type": "AzureSqlSource",
						"sqlReaderStoredProcedureName": "[dbo].[AssetStatusChange]",
						"storedProcedureParameters": {
							"pAssetID": {
								"type": "String",
								"value": {
									"value": "@pipeline().parameters.pAssetID",
									"type": "Expression"
								}
							},
							"pDTCreated": {
								"type": "String",
								"value": null
							},
							"pStatusID": {
								"type": "String",
								"value": "24043"
							},
							"pUserCreated": {
								"type": "String",
								"value": null
							}
						},
						"queryTimeout": "02:00:00",
						"partitionOption": "None"
					},
					"dataset": {
						"referenceName": "azsadna_datasource_generic_mssql",
						"type": "DatasetReference",
						"parameters": {
							"schema": "dbo",
							"table": "FEED"
						}
					}
				}
			},
			{
				"name": "Multi DeleteSourceFile",
				"type": "ExecutePipeline",
				"dependsOn": [
					{
						"activity": "Multi Delete Task Result file",
						"dependencyConditions": [
							"Succeeded"
						]
					}
				],
				"userProperties": [],
				"typeProperties": {
					"pipeline": {
						"referenceName": "MultiStorageDelete",
						"type": "PipelineReference"
					},
					"waitOnCompletion": true,
					"parameters": {
						"pSourceType": {
							"value": "@variables('vRawHopperStorageAccountType')",
							"type": "Expression"
						},
						"pSourceAssetPath": {
							"value": "@json(variables('vTaskProperties')).FolderPath_SourceStore",
							"type": "Expression"
						},
						"pSourceAssetName": {
							"value": "@variables('vAssetName')",
							"type": "Expression"
						},
						"pSourceStorageAccountServiceEndPoint": {
							"value": "@json(variables('vTaskProperties')).SourceStorageAccountServiceEndPoint",
							"type": "Expression"
						}
					}
				}
			},
			{
				"name": "Set vAsycErrorCount",
				"type": "SetVariable",
				"dependsOn": [
					{
						"activity": "If StorageBlobType GetTaskResultFileData",
						"dependencyConditions": [
							"Succeeded"
						]
					}
				],
				"userProperties": [],
				"typeProperties": {
					"variableName": "vAsyncErrorCount",
					"value": {
						"value": "@string(length(coalesce(json(variables('vGetTaskResultFileData')).firstRow.taskStatus.errors,json('[]'))))",
						"type": "Expression"
					}
				}
			},
			{
				"name": "If AnyError Async Fail",
				"type": "IfCondition",
				"dependsOn": [
					{
						"activity": "Set vAsycErrorCount",
						"dependencyConditions": [
							"Succeeded"
						]
					}
				],
				"userProperties": [],
				"typeProperties": {
					"expression": {
						"value": "@not(equals(variables('vAsyncErrorCount'),'0'))",
						"type": "Expression"
					},
					"ifTrueActivities": [
						{
							"name": "Generate Exception_Async",
							"description": "Stored Procedure call to generate Exception",
							"type": "SqlServerStoredProcedure",
							"dependsOn": [
								{
									"activity": "AssetStatusChange_FailedEgressAsync",
									"dependencyConditions": [
										"Succeeded"
									]
								}
							],
							"policy": {
								"timeout": "7.00:00:00",
								"retry": 0,
								"retryIntervalInSeconds": 30,
								"secureOutput": false,
								"secureInput": false
							},
							"userProperties": [],
							"typeProperties": {
								"storedProcedureName": "sp_executesql",
								"storedProcedureParameters": {
									"stmt": {
										"value": {
											"value": "@replace(\n     variables('vErrorMessage_SQL_TPT'),\n     'ERROR_MESSAGE',\n    replace(string(coalesce(json(variables('vGetTaskResultFileData')).firstRow.taskStatus.errors,json('[]'))),\n          variables('vSingleQuote')\n          ,concat(\n             variables('vSingleQuote')\n             ,variables('vSingleQuote')\n          )\n      )\n)",
											"type": "Expression"
										},
										"type": "String"
									}
								}
							},
							"linkedServiceName": {
								"referenceName": "MVPMetaDataStore",
								"type": "LinkedServiceReference"
							}
						},
						{
							"name": "set vErrorMessage_Async",
							"type": "SetVariable",
							"dependsOn": [],
							"userProperties": [],
							"typeProperties": {
								"variableName": "vErrorMessage_SQL_TPT",
								"value": "Declare @err_msg NVARCHAR(150);\nSET @err_msg=N'ERROR_MESSAGE';\nRAISERROR(@err_msg,15,1)"
							}
						},
						{
							"name": "AssetStatusChange_FailedEgressAsync",
							"description": "Update Status to \"Egress\"",
							"type": "Lookup",
							"dependsOn": [
								{
									"activity": "set vErrorMessage_Async",
									"dependencyConditions": [
										"Succeeded"
									]
								}
							],
							"policy": {
								"timeout": "7.00:00:00",
								"retry": 0,
								"retryIntervalInSeconds": 30,
								"secureOutput": false,
								"secureInput": false
							},
							"userProperties": [],
							"typeProperties": {
								"source": {
									"type": "AzureSqlSource",
									"sqlReaderStoredProcedureName": "[dbo].[AssetStatusChange]",
									"storedProcedureParameters": {
										"pAssetID": {
											"type": "String",
											"value": {
												"value": "@pipeline().parameters.pAssetID",
												"type": "Expression"
											}
										},
										"pDTCreated": {
											"type": "String",
											"value": null
										},
										"pStatusID": {
											"type": "String",
											"value": "24044"
										},
										"pUserCreated": {
											"type": "String",
											"value": null
										}
									},
									"queryTimeout": "02:00:00",
									"partitionOption": "None"
								},
								"dataset": {
									"referenceName": "azsadna_datasource_generic_mssql",
									"type": "DatasetReference",
									"parameters": {
										"schema": "dbo",
										"table": "FEED"
									}
								}
							}
						}
					]
				}
			},
			{
				"name": "Generate Exception",
				"description": "Stored Procedure call to generate Exception",
				"type": "SqlServerStoredProcedure",
				"dependsOn": [
					{
						"activity": "AssetStatusChange_FailedEgress",
						"dependencyConditions": [
							"Succeeded"
						]
					}
				],
				"policy": {
					"timeout": "7.00:00:00",
					"retry": 0,
					"retryIntervalInSeconds": 30,
					"secureOutput": false,
					"secureInput": false
				},
				"userProperties": [],
				"typeProperties": {
					"storedProcedureName": "sp_executesql",
					"storedProcedureParameters": {
						"stmt": {
							"value": {
								"value": "@replace(\n     variables('vErrorMessage_SQL_TPT'),\n     'ERROR_MESSAGE',\n      replace(string(coalesce(activity('PackAndInfo').Error.Message,json('[]'))),\n          variables('vSingleQuote')\n          ,concat(\n             variables('vSingleQuote')\n             ,variables('vSingleQuote')\n          )\n      )\n)",
								"type": "Expression"
							},
							"type": "String"
						}
					}
				},
				"linkedServiceName": {
					"referenceName": "MVPMetaDataStore",
					"type": "LinkedServiceReference"
				}
			},
			{
				"name": "set vErrorMessage_SQL_TPT",
				"type": "SetVariable",
				"dependsOn": [
					{
						"activity": "Set vUnpackAndInfoError",
						"dependencyConditions": [
							"Succeeded"
						]
					}
				],
				"userProperties": [],
				"typeProperties": {
					"variableName": "vErrorMessage_SQL_TPT",
					"value": "Declare @err_msg NVARCHAR(150);\nSET @err_msg=N'ERROR_MESSAGE';\nRAISERROR(@err_msg,15,1)"
				}
			},
			{
				"name": "AssetStatusChange_FailedEgress",
				"description": "Update Status to \"Egress\"",
				"type": "Lookup",
				"dependsOn": [
					{
						"activity": "set vErrorMessage_SQL_TPT",
						"dependencyConditions": [
							"Succeeded"
						]
					}
				],
				"policy": {
					"timeout": "7.00:00:00",
					"retry": 0,
					"retryIntervalInSeconds": 30,
					"secureOutput": false,
					"secureInput": false
				},
				"userProperties": [],
				"typeProperties": {
					"source": {
						"type": "AzureSqlSource",
						"sqlReaderStoredProcedureName": "[dbo].[AssetStatusChange]",
						"storedProcedureParameters": {
							"pAssetID": {
								"type": "String",
								"value": {
									"value": "@pipeline().parameters.pAssetID",
									"type": "Expression"
								}
							},
							"pDTCreated": {
								"type": "String",
								"value": null
							},
							"pStatusID": {
								"type": "String",
								"value": "24044"
							},
							"pUserCreated": {
								"type": "String",
								"value": null
							}
						},
						"queryTimeout": "02:00:00",
						"partitionOption": "None"
					},
					"dataset": {
						"referenceName": "azsadna_datasource_generic_mssql",
						"type": "DatasetReference",
						"parameters": {
							"schema": "dbo",
							"table": "FEED"
						}
					}
				}
			},
			{
				"name": "Set vAssetName",
				"type": "SetVariable",
				"dependsOn": [
					{
						"activity": "AssetToProcessGet",
						"dependencyConditions": [
							"Succeeded"
						]
					}
				],
				"userProperties": [],
				"typeProperties": {
					"variableName": "vAssetName",
					"value": {
						"value": "@json(activity('AssetToProcessGet').output.firstRow.AssetListJSON).AssetList[0].AssetName",
						"type": "Expression"
					}
				}
			},
			{
				"name": "AssetToProcessGet",
				"type": "Lookup",
				"dependsOn": [
					{
						"activity": "Set vTaskProperties",
						"dependencyConditions": [
							"Succeeded"
						]
					}
				],
				"policy": {
					"timeout": "7.00:00:00",
					"retry": 0,
					"retryIntervalInSeconds": 30,
					"secureOutput": false,
					"secureInput": false
				},
				"userProperties": [],
				"typeProperties": {
					"source": {
						"type": "AzureSqlSource",
						"sqlReaderStoredProcedureName": "[dbo].[AssetToProcessGet]",
						"storedProcedureParameters": {
							"pAssetID": {
								"type": "String",
								"value": {
									"value": "@pipeline().parameters.pAssetId",
									"type": "Expression"
								}
							},
							"pAssetStatusID": {
								"type": "String",
								"value": null
							},
							"pFeedID": {
								"type": "String",
								"value": null
							},
							"pLatestAssetFlag": {
								"type": "String",
								"value": null
							},
							"pProjectID": {
								"type": "String",
								"value": null
							},
							"pSourceRangeID": {
								"type": "String",
								"value": null
							},
							"pTargetLayer": {
								"type": "String",
								"value": null
							}
						},
						"queryTimeout": "02:00:00",
						"partitionOption": "None"
					},
					"dataset": {
						"referenceName": "azsadna_datasource_generic_mssql",
						"type": "DatasetReference",
						"parameters": {
							"schema": "dbo",
							"table": "FEED"
						}
					},
					"firstRowOnly": true
				}
			}
		],
		"parameters": {
			"pAssetName": {
				"type": "string"
			},
			"pCurrentFeedJobTask": {
				"type": "object"
			},
			"pAssetId": {
				"type": "string"
			}
		},
		"variables": {
			"vTaskResultFilePath": {
				"type": "String"
			},
			"vTaskResultFileName": {
				"type": "String"
			},
			"vRunLogId": {
				"type": "String"
			},
			"vFileToolPostBody": {
				"type": "String"
			},
			"vUnpackAndInfoError": {
				"type": "String"
			},
			"vCurrentFeedJobTaskProperties": {
				"type": "String"
			},
			"vCheckFeedJobTaskforEncrypted": {
				"type": "Boolean"
			},
			"vExtension": {
				"type": "String"
			},
			"vErrorMessage": {
				"type": "String"
			},
			"vErrorMessage_SQL_TPT": {
				"type": "String"
			},
			"vSingleQuote": {
				"type": "String",
				"defaultValue": "'"
			},
			"vRawHopperStorageAccountType": {
				"type": "String"
			},
			"vGetTaskResultFileData": {
				"type": "String"
			},
			"vErrorWaitForTaskResultFile": {
				"type": "String"
			},
			"vErrorGetTaskResultFile": {
				"type": "String"
			},
			"vTaskProperties": {
				"type": "String"
			},
			"vRawHopperStorageType": {
				"type": "String"
			},
			"vAsyncErrorCount": {
				"type": "String"
			},
			"vAssetName": {
				"type": "String"
			}
		},
		"folder": {
			"name": "TaskTemplates/TaskTemplateUtils"
		},
		"annotations": [],
		"lastPublishTime": "2021-03-11T17:44:26Z"
	},
	"type": "Microsoft.DataFactory/factories/pipelines"
}