{
	"name": "DataGenerateFacts",
	"properties": {
		"activities": [
			{
				"name": "ForEach_FeedToProcess_AssetCreate",
				"description": "Generate a new Asset in \"Prepare Dimensional\" status",
				"type": "ForEach",
				"dependsOn": [
					{
						"activity": "FeedToProcessGet",
						"dependencyConditions": [
							"Succeeded"
						]
					},
					{
						"activity": "Set_vETLRunLogID",
						"dependencyConditions": [
							"Succeeded"
						]
					}
				],
				"userProperties": [],
				"typeProperties": {
					"items": {
						"value": "@json(activity('FeedToProcessGet').output.firstRow.FeedListJSON).FeedList",
						"type": "Expression"
					},
					"isSequential": false,
					"activities": [
						{
							"name": "AssetAddOrUpdate_PrepareDimensional",
							"description": "Register Asset In Serve",
							"type": "Lookup",
							"dependsOn": [],
							"policy": {
								"timeout": "7.00:00:00",
								"retry": 0,
								"retryIntervalInSeconds": 30,
								"secureOutput": false,
								"secureInput": false
							},
							"userProperties": [],
							"typeProperties": {
								"source": {
									"type": "AzureSqlSource",
									"sqlReaderStoredProcedureName": "[dbo].[AssetAddOrUpdate]",
									"storedProcedureParameters": {
										"pAssetCurrentLocation": {
											"type": "String",
											"value": {
												"value": "Serve",
												"type": "Expression"
											}
										},
										"pAssetDefinition": {
											"type": "String",
											"value": {
												"value": "@item().FeedNamePattern",
												"type": "Expression"
											}
										},
										"pAssetID": {
											"type": "String",
											"value": null
										},
										"pAssetMD5": {
											"type": "String",
											"value": null
										},
										"pAssetName": {
											"type": "String",
											"value": {
												"value": "@item().FeedNamePattern",
												"type": "Expression"
											}
										},
										"pAssetSubTypeID": {
											"type": "String",
											"value": {
												"value": "@item().AssetTypeID",
												"type": "Expression"
											}
										},
										"pAssetTypeID": {
											"type": "String",
											"value": {
												"value": "@item().AssetTypeID",
												"type": "Expression"
											}
										},
										"pAttributeDescription": {
											"type": "String",
											"value": null
										},
										"pAttributeEntityDescription": {
											"type": "String",
											"value": null
										},
										"pDTCreated": {
											"type": "String",
											"value": null
										},
										"pEntityDescription": {
											"type": "String",
											"value": null
										},
										"pFeedId": {
											"type": "String",
											"value": {
												"value": "@item().FeedID",
												"type": "Expression"
											}
										},
										"pInformationClassificationID": {
											"type": "String",
											"value": {
												"value": "@item().InformationClassificationID",
												"type": "Expression"
											}
										},
										"pKeepValueFlag": {
											"type": "String",
											"value": null
										},
										"pNumberOfBytes": {
											"type": "String",
											"value": null
										},
										"pNumberOfRecords": {
											"type": "String",
											"value": null
										},
										"pParentAssetID": {
											"type": "String",
											"value": null
										},
										"pStatusID": {
											"type": "String",
											"value": {
												"value": "24031",
												"type": "Expression"
											}
										},
										"pUserCreated": {
											"type": "String",
											"value": null
										}
									},
									"queryTimeout": "02:00:00",
									"partitionOption": "None"
								},
								"dataset": {
									"referenceName": "azsadna_datasource_generic_mssql",
									"type": "DatasetReference",
									"parameters": {
										"schema": "dbo",
										"table": "FEED"
									}
								}
							}
						},
						{
							"name": "ETLRunLogAssetAddOrUpdate",
							"type": "Lookup",
							"dependsOn": [
								{
									"activity": "AssetAddOrUpdate_PrepareDimensional",
									"dependencyConditions": [
										"Succeeded"
									]
								}
							],
							"policy": {
								"timeout": "7.00:00:00",
								"retry": 0,
								"retryIntervalInSeconds": 30,
								"secureOutput": false,
								"secureInput": false
							},
							"userProperties": [],
							"typeProperties": {
								"source": {
									"type": "AzureSqlSource",
									"sqlReaderStoredProcedureName": "[dbo].[ETLRunLogAssetAddOrUpdate]",
									"storedProcedureParameters": {
										"pAssetID": {
											"type": "String",
											"value": {
												"value": "@activity('AssetAddOrUpdate_PrepareDimensional').output.firstRow.AssetID",
												"type": "Expression"
											}
										},
										"pDTCreated": {
											"type": "String",
											"value": null
										},
										"pETLRunLogID": {
											"type": "String",
											"value": {
												"value": "@variables('vETLRunLogID')",
												"type": "Expression"
											}
										},
										"pUserCreated": {
											"type": "String",
											"value": null
										}
									},
									"queryTimeout": "02:00:00",
									"partitionOption": "None"
								},
								"dataset": {
									"referenceName": "azsadna_datasource_generic_mssql",
									"type": "DatasetReference",
									"parameters": {
										"schema": "dbo",
										"table": "DUMMY_FEED"
									}
								}
							}
						}
					]
				}
			},
			{
				"name": "DataEgressGenerateFacts_Start",
				"type": "Lookup",
				"dependsOn": [],
				"policy": {
					"timeout": "7.00:00:00",
					"retry": 0,
					"retryIntervalInSeconds": 30,
					"secureOutput": false,
					"secureInput": false
				},
				"userProperties": [],
				"typeProperties": {
					"source": {
						"type": "AzureSqlSource",
						"sqlReaderStoredProcedureName": "[dbo].[ETLRunLogAddOrUpdate]",
						"storedProcedureParameters": {
							"pDTCreated": {
								"type": "String",
								"value": null
							},
							"pDTEnd": {
								"type": "String",
								"value": null
							},
							"pDTStart": {
								"type": "String",
								"value": {
									"value": "@utcnow('yyyyMMdd HH:mm:ss.fff')",
									"type": "Expression"
								}
							},
							"pETLProcessName": {
								"type": "String",
								"value": {
									"value": "@pipeline().Pipeline",
									"type": "Expression"
								}
							},
							"pETLProcessRunID": {
								"type": "String",
								"value": {
									"value": "@pipeline().RunId",
									"type": "Expression"
								}
							},
							"pETLRunLogID": {
								"type": "String",
								"value": null
							},
							"pETLRunLogStatusID": {
								"type": "String",
								"value": "25001"
							},
							"pKeepValueFlag": {
								"type": "String",
								"value": null
							},
							"pUserCreated": {
								"type": "String",
								"value": null
							}
						},
						"queryTimeout": "02:00:00",
						"partitionOption": "None"
					},
					"dataset": {
						"referenceName": "azsadna_datasource_generic_mssql",
						"type": "DatasetReference",
						"parameters": {
							"schema": "dbo",
							"table": "DUMMY_FEED"
						}
					}
				}
			},
			{
				"name": "DataEgressGenerateFacts_End",
				"type": "Lookup",
				"dependsOn": [
					{
						"activity": "ForEach_EgressAssetToProcess_AssetStatusUpdate",
						"dependencyConditions": [
							"Succeeded"
						]
					}
				],
				"policy": {
					"timeout": "7.00:00:00",
					"retry": 0,
					"retryIntervalInSeconds": 30,
					"secureOutput": false,
					"secureInput": false
				},
				"userProperties": [],
				"typeProperties": {
					"source": {
						"type": "AzureSqlSource",
						"sqlReaderStoredProcedureName": "[dbo].[ETLRunLogAddOrUpdate]",
						"storedProcedureParameters": {
							"pDTCreated": {
								"type": "String",
								"value": null
							},
							"pDTEnd": {
								"type": "String",
								"value": {
									"value": "@utcnow('yyyyMMdd HH:mm:ss.fff')",
									"type": "Expression"
								}
							},
							"pDTStart": {
								"type": "String",
								"value": null
							},
							"pETLProcessName": {
								"type": "String",
								"value": null
							},
							"pETLProcessRunID": {
								"type": "String",
								"value": null
							},
							"pETLRunLogID": {
								"type": "String",
								"value": {
									"value": "@activity('DataEgressGenerateFacts_Start').output.firstRow.ETLRunLogID",
									"type": "Expression"
								}
							},
							"pETLRunLogStatusID": {
								"type": "String",
								"value": {
									"value": "@variables('vETLRunLogStatusID')",
									"type": "Expression"
								}
							},
							"pKeepValueFlag": {
								"type": "String",
								"value": null
							},
							"pUserCreated": {
								"type": "String",
								"value": null
							}
						},
						"queryTimeout": "02:00:00",
						"partitionOption": "None"
					},
					"dataset": {
						"referenceName": "azsadna_datasource_generic_mssql",
						"type": "DatasetReference",
						"parameters": {
							"schema": "dbo",
							"table": "DUMMY_FEED"
						}
					}
				}
			},
			{
				"name": "FeedToProcessGet",
				"type": "Lookup",
				"dependsOn": [
					{
						"activity": "DataEgressGenerateFacts_Start",
						"dependencyConditions": [
							"Succeeded"
						]
					}
				],
				"policy": {
					"timeout": "7.00:00:00",
					"retry": 0,
					"retryIntervalInSeconds": 30,
					"secureOutput": false,
					"secureInput": false
				},
				"userProperties": [],
				"typeProperties": {
					"source": {
						"type": "AzureSqlSource",
						"sqlReaderStoredProcedureName": "[dbo].[FeedToProcessGet]",
						"storedProcedureParameters": {
							"pFeedID": {
								"type": "String",
								"value": null
							},
							"pFeedStatusID": {
								"type": "String",
								"value": null
							},
							"pFeedTypeID": {
								"type": "String",
								"value": "35002"
							},
							"pProjectID": {
								"type": "String",
								"value": null
							},
							"pSourceRangeID": {
								"type": "String",
								"value": null
							}
						},
						"queryTimeout": "02:00:00",
						"partitionOption": "None"
					},
					"dataset": {
						"referenceName": "azsadna_datasource_generic_mssql",
						"type": "DatasetReference",
						"parameters": {
							"schema": "dbo",
							"table": "DUMMY_FEED"
						}
					}
				}
			},
			{
				"name": "GenerateFacts_SQLServer",
				"type": "Lookup",
				"dependsOn": [
					{
						"activity": "ForEach_FeedToProcess_AssetCreate",
						"dependencyConditions": [
							"Skipped"
						]
					}
				],
				"policy": {
					"timeout": "7.00:00:00",
					"retry": 0,
					"retryIntervalInSeconds": 30,
					"secureOutput": false,
					"secureInput": false
				},
				"userProperties": [],
				"typeProperties": {
					"source": {
						"type": "AzureSqlSource",
						"sqlReaderStoredProcedureName": "[ser].[GenerateFacts]",
						"storedProcedureParameters": {
							"pETLRunLogID": {
								"type": "String",
								"value": {
									"value": "@variables('vETLRunLogID')",
									"type": "Expression"
								}
							}
						},
						"queryTimeout": "02:00:00",
						"partitionOption": "None"
					},
					"dataset": {
						"referenceName": "azsadna_datasource_generic_mssql",
						"type": "DatasetReference",
						"parameters": {
							"schema": "dbo",
							"table": "DUMMY_FEED"
						}
					}
				}
			},
			{
				"name": "ForEach_EgressAssetToProcess_AssetStatusUpdate",
				"description": "Update Assets status to \"Dimensional\"",
				"type": "ForEach",
				"dependsOn": [
					{
						"activity": "EgressAssetToProcessGet",
						"dependencyConditions": [
							"Succeeded"
						]
					},
					{
						"activity": "Set_vETLRunLogStatusID",
						"dependencyConditions": [
							"Succeeded"
						]
					},
					{
						"activity": "Set_vAssetStatusID",
						"dependencyConditions": [
							"Succeeded"
						]
					},
					{
						"activity": "Set_vAssetCurrentLocation",
						"dependencyConditions": [
							"Succeeded"
						]
					}
				],
				"userProperties": [],
				"typeProperties": {
					"items": {
						"value": "@json(activity('EgressAssetToProcessGet').output.firstRow.AssetListJSON).AssetList",
						"type": "Expression"
					},
					"isSequential": false,
					"activities": [
						{
							"name": "AssetStatusChange_Dimensional",
							"description": "Register Asset In Landing",
							"type": "Lookup",
							"dependsOn": [
								{
									"activity": "AssetAddOrUpdate_Dimensional",
									"dependencyConditions": [
										"Succeeded"
									]
								}
							],
							"policy": {
								"timeout": "7.00:00:00",
								"retry": 0,
								"retryIntervalInSeconds": 30,
								"secureOutput": false,
								"secureInput": false
							},
							"userProperties": [],
							"typeProperties": {
								"source": {
									"type": "AzureSqlSource",
									"sqlReaderStoredProcedureName": "[dbo].[AssetStatusChange]",
									"storedProcedureParameters": {
										"pAssetID": {
											"type": "String",
											"value": {
												"value": "@item().AssetID",
												"type": "Expression"
											}
										},
										"pDTCreated": {
											"type": "String",
											"value": null
										},
										"pStatusID": {
											"type": "String",
											"value": {
												"value": "@variables('vAssetStatusID')",
												"type": "Expression"
											}
										},
										"pUserCreated": {
											"type": "String",
											"value": null
										}
									},
									"queryTimeout": "02:00:00",
									"partitionOption": "None"
								},
								"dataset": {
									"referenceName": "azsadna_datasource_generic_mssql",
									"type": "DatasetReference",
									"parameters": {
										"schema": "dbo",
										"table": "FEED"
									}
								}
							}
						},
						{
							"name": "AssetAddOrUpdate_Dimensional",
							"type": "Lookup",
							"dependsOn": [],
							"policy": {
								"timeout": "7.00:00:00",
								"retry": 0,
								"retryIntervalInSeconds": 30,
								"secureOutput": false,
								"secureInput": false
							},
							"userProperties": [],
							"typeProperties": {
								"source": {
									"type": "AzureSqlSource",
									"sqlReaderStoredProcedureName": "[dbo].[AssetAddOrUpdate]",
									"storedProcedureParameters": {
										"pAssetCurrentLocation": {
											"type": "String",
											"value": {
												"value": "@variables('vAssetCurrentLocation')",
												"type": "Expression"
											}
										},
										"pAssetDefinition": {
											"type": "String",
											"value": null
										},
										"pAssetID": {
											"type": "String",
											"value": {
												"value": "@item().AssetID",
												"type": "Expression"
											}
										},
										"pAssetMD5": {
											"type": "String",
											"value": null
										},
										"pAssetName": {
											"type": "String",
											"value": null
										},
										"pAssetSubTypeID": {
											"type": "String",
											"value": null
										},
										"pAssetTypeID": {
											"type": "String",
											"value": null
										},
										"pAttributeDescription": {
											"type": "String",
											"value": null
										},
										"pAttributeEntityDescription": {
											"type": "String",
											"value": null
										},
										"pDTCreated": {
											"type": "String",
											"value": null
										},
										"pEntityDescription": {
											"type": "String",
											"value": null
										},
										"pFeedId": {
											"type": "String",
											"value": null
										},
										"pInformationClassificationID": {
											"type": "String",
											"value": null
										},
										"pKeepValueFlag": {
											"type": "String",
											"value": {
												"value": "1",
												"type": "Expression"
											}
										},
										"pNumberOfBytes": {
											"type": "String",
											"value": null
										},
										"pNumberOfRecords": {
											"type": "String",
											"value": null
										},
										"pParentAssetID": {
											"type": "String",
											"value": null
										},
										"pStatusID": {
											"type": "String",
											"value": null
										},
										"pUserCreated": {
											"type": "String",
											"value": null
										}
									},
									"queryTimeout": "02:00:00",
									"partitionOption": "None"
								},
								"dataset": {
									"referenceName": "azsadna_datasource_generic_mssql",
									"type": "DatasetReference",
									"parameters": {
										"schema": "dbo",
										"table": "DUMMY_FEED"
									}
								}
							}
						}
					]
				}
			},
			{
				"name": "EgressAssetToProcessGet",
				"description": "Get the assets created before running GenerateFacts, based in ETLRunLogID",
				"type": "Lookup",
				"dependsOn": [
					{
						"activity": "GenerateFacts",
						"dependencyConditions": [
							"Succeeded"
						]
					}
				],
				"policy": {
					"timeout": "7.00:00:00",
					"retry": 0,
					"retryIntervalInSeconds": 30,
					"secureOutput": false,
					"secureInput": false
				},
				"userProperties": [],
				"typeProperties": {
					"source": {
						"type": "AzureSqlSource",
						"sqlReaderStoredProcedureName": "[dbo].[EgressAssetToProcessGet]",
						"storedProcedureParameters": {
							"pAssetID": {
								"type": "String",
								"value": null
							},
							"pAssetStatusID": {
								"type": "String",
								"value": null
							},
							"pAssetTypeID": {
								"type": "String",
								"value": null
							},
							"pETLRunLogID": {
								"type": "String",
								"value": {
									"value": "@activity('DataEgressGenerateFacts_Start').output.firstRow.ETLRunLogID",
									"type": "Expression"
								}
							},
							"pFeedID": {
								"type": "String",
								"value": null
							},
							"pFeedStatusID": {
								"type": "String",
								"value": null
							}
						},
						"queryTimeout": "02:00:00",
						"partitionOption": "None"
					},
					"dataset": {
						"referenceName": "azsadna_datasource_generic_mssql",
						"type": "DatasetReference",
						"parameters": {
							"schema": "dbo",
							"table": "DUMMY_FEED"
						}
					}
				}
			},
			{
				"name": "Set_vETLRunLogID",
				"description": "Used in several activities",
				"type": "SetVariable",
				"dependsOn": [
					{
						"activity": "DataEgressGenerateFacts_Start",
						"dependencyConditions": [
							"Succeeded"
						]
					}
				],
				"userProperties": [],
				"typeProperties": {
					"variableName": "vETLRunLogID",
					"value": {
						"value": "@activity('DataEgressGenerateFacts_Start').output.firstRow.ETLRunLogID",
						"type": "Expression"
					}
				}
			},
			{
				"name": "Set_vAssetCurrentLocation",
				"type": "SetVariable",
				"dependsOn": [
					{
						"activity": "GenerateFacts",
						"dependencyConditions": [
							"Succeeded"
						]
					}
				],
				"userProperties": [],
				"typeProperties": {
					"variableName": "vAssetCurrentLocation",
					"value": {
						"value": "@if(equals(activity('GenerateFacts').output.firstRow.ProcedureStatus, '0')\n      , 'Dimensional'\n      , 'Serve'\n     )",
						"type": "Expression"
					}
				}
			},
			{
				"name": "Set_vAssetStatusID",
				"type": "SetVariable",
				"dependsOn": [
					{
						"activity": "GenerateFacts",
						"dependencyConditions": [
							"Succeeded"
						]
					}
				],
				"userProperties": [],
				"typeProperties": {
					"variableName": "vAssetStatusID",
					"value": {
						"value": "@if(equals(activity('GenerateFacts').output.firstRow.ProcedureStatus, '0')\n      , '24032'\n      , '24033'\n     )",
						"type": "Expression"
					}
				}
			},
			{
				"name": "Set_vETLRunLogStatusID",
				"type": "SetVariable",
				"dependsOn": [
					{
						"activity": "GenerateFacts",
						"dependencyConditions": [
							"Succeeded"
						]
					}
				],
				"userProperties": [],
				"typeProperties": {
					"variableName": "vETLRunLogStatusID",
					"value": {
						"value": "@if(equals(activity('GenerateFacts').output.firstRow.ProcedureStatus, '0')\n      , '25002'\n      , '25003'\n     )",
						"type": "Expression"
					}
				}
			},
			{
				"name": "GenerateFacts",
				"type": "Lookup",
				"dependsOn": [
					{
						"activity": "ForEach_FeedToProcess_AssetCreate",
						"dependencyConditions": [
							"Succeeded"
						]
					}
				],
				"policy": {
					"timeout": "7.00:00:00",
					"retry": 0,
					"retryIntervalInSeconds": 30,
					"secureOutput": false,
					"secureInput": false
				},
				"userProperties": [],
				"typeProperties": {
					"source": {
						"type": "AzureSqlSource",
						"queryTimeout": "02:00:00",
						"partitionOption": "None"
					},
					"dataset": {
						"referenceName": "azsadna_datasource_generic_mssql",
						"type": "DatasetReference",
						"parameters": {
							"schema": "idfwba",
							"table": "DUMMY_FEED"
						}
					}
				}
			}
		],
		"variables": {
			"vETLRunLogID": {
				"type": "String"
			},
			"vAssetCurrentLocation": {
				"type": "String"
			},
			"vAssetStatusID": {
				"type": "String"
			},
			"vETLRunLogStatusID": {
				"type": "String"
			}
		},
		"folder": {
			"name": "Process/Egress"
		},
		"annotations": [],
		"lastPublishTime": "2021-03-11T17:44:23Z"
	},
	"type": "Microsoft.DataFactory/factories/pipelines"
}