{
	"name": "DataEgressPlainDistribute",
	"properties": {
		"activities": [
			{
				"name": "Set vTaskProperties",
				"type": "SetVariable",
				"dependsOn": [],
				"userProperties": [],
				"typeProperties": {
					"variableName": "vTaskProperties",
					"value": {
						"value": "@string(json(pipeline().parameters.pCurrentFeedJobTask.FeedTaskJSON).properties)",
						"type": "Expression"
					}
				}
			},
			{
				"name": "AssetAddOrUpdate_Egress",
				"description": "Register Asset In Egress",
				"type": "Lookup",
				"dependsOn": [
					{
						"activity": "Multi DeleteSourceFile",
						"dependencyConditions": [
							"Succeeded"
						]
					}
				],
				"policy": {
					"timeout": "7.00:00:00",
					"retry": 0,
					"retryIntervalInSeconds": 30,
					"secureOutput": false,
					"secureInput": false
				},
				"userProperties": [],
				"typeProperties": {
					"source": {
						"type": "AzureSqlSource",
						"sqlReaderStoredProcedureName": "[dbo].[AssetAddOrUpdate]",
						"storedProcedureParameters": {
							"pAssetCurrentLocation": {
								"type": "String",
								"value": {
									"value": "@json(variables('vTaskProperties')).FolderPath_DestinationStore",
									"type": "Expression"
								}
							},
							"pAssetDefinition": {
								"type": "String",
								"value": {
									"value": "@variables('vAssetName')",
									"type": "Expression"
								}
							},
							"pAssetID": {
								"type": "String",
								"value": {
									"value": "@pipeline().parameters.pAssetID",
									"type": "Expression"
								}
							},
							"pAssetMD5": {
								"type": "String",
								"value": null
							},
							"pAssetName": {
								"type": "String",
								"value": {
									"value": "@variables('vAssetName')",
									"type": "Expression"
								}
							},
							"pAssetSubTypeID": {
								"type": "String",
								"value": null
							},
							"pAssetTypeID": {
								"type": "String",
								"value": null
							},
							"pAttributeDescription": {
								"type": "String",
								"value": null
							},
							"pAttributeEntityDescription": {
								"type": "String",
								"value": null
							},
							"pDTCreated": {
								"type": "String",
								"value": null
							},
							"pEntityDescription": {
								"type": "String",
								"value": null
							},
							"pFeedId": {
								"type": "String",
								"value": null
							},
							"pInformationClassificationID": {
								"type": "String",
								"value": null
							},
							"pKeepValueFlag": {
								"type": "String",
								"value": null
							},
							"pNumberOfBytes": {
								"type": "String",
								"value": null
							},
							"pNumberOfRecords": {
								"type": "String",
								"value": null
							},
							"pParentAssetID": {
								"type": "String",
								"value": null
							},
							"pStatusID": {
								"type": "String",
								"value": null
							},
							"pUserCreated": {
								"type": "String",
								"value": null
							}
						},
						"queryTimeout": "02:00:00",
						"partitionOption": "None"
					},
					"dataset": {
						"referenceName": "azsadna_datasource_generic_mssql",
						"type": "DatasetReference",
						"parameters": {
							"schema": "dbo",
							"table": "FEED"
						}
					}
				}
			},
			{
				"name": "AssetStatusChange_Egress",
				"description": "Update Status to \"Egress\"",
				"type": "Lookup",
				"dependsOn": [
					{
						"activity": "AssetAddOrUpdate_Egress",
						"dependencyConditions": [
							"Succeeded"
						]
					}
				],
				"policy": {
					"timeout": "7.00:00:00",
					"retry": 0,
					"retryIntervalInSeconds": 30,
					"secureOutput": false,
					"secureInput": false
				},
				"userProperties": [],
				"typeProperties": {
					"source": {
						"type": "AzureSqlSource",
						"sqlReaderStoredProcedureName": "[dbo].[AssetStatusChange]",
						"storedProcedureParameters": {
							"pAssetID": {
								"type": "String",
								"value": {
									"value": "@pipeline().parameters.pAssetID",
									"type": "Expression"
								}
							},
							"pDTCreated": {
								"type": "String",
								"value": null
							},
							"pStatusID": {
								"type": "String",
								"value": "24043"
							},
							"pUserCreated": {
								"type": "String",
								"value": null
							}
						},
						"queryTimeout": "02:00:00",
						"partitionOption": "None"
					},
					"dataset": {
						"referenceName": "azsadna_datasource_generic_mssql",
						"type": "DatasetReference",
						"parameters": {
							"schema": "dbo",
							"table": "FEED"
						}
					}
				}
			},
			{
				"name": "Multi DeleteSourceFile",
				"type": "ExecutePipeline",
				"dependsOn": [
					{
						"activity": "MultiStorageDistribute",
						"dependencyConditions": [
							"Succeeded"
						]
					}
				],
				"userProperties": [],
				"typeProperties": {
					"pipeline": {
						"referenceName": "MultiStorageDelete",
						"type": "PipelineReference"
					},
					"waitOnCompletion": true,
					"parameters": {
						"pSourceType": {
							"value": "@json(variables('vTaskProperties')).SourceStorageAccountType",
							"type": "Expression"
						},
						"pSourceAssetPath": {
							"value": "@json(variables('vTaskProperties')).FolderPath_SourceStore",
							"type": "Expression"
						},
						"pSourceAssetName": {
							"value": "@variables('vAssetName')",
							"type": "Expression"
						},
						"pSourceStorageAccountServiceEndPoint": {
							"value": "@json(variables('vTaskProperties')).SourceStorageAccountServiceEndPoint",
							"type": "Expression"
						}
					}
				}
			},
			{
				"name": "Set vAssetName",
				"type": "SetVariable",
				"dependsOn": [
					{
						"activity": "AssetToProcessGet",
						"dependencyConditions": [
							"Succeeded"
						]
					}
				],
				"userProperties": [],
				"typeProperties": {
					"variableName": "vAssetName",
					"value": {
						"value": "@json(activity('AssetToProcessGet').output.firstRow.AssetListJSON).AssetList[0].AssetName",
						"type": "Expression"
					}
				}
			},
			{
				"name": "AssetToProcessGet",
				"type": "Lookup",
				"dependsOn": [
					{
						"activity": "Set vTaskProperties",
						"dependencyConditions": [
							"Succeeded"
						]
					}
				],
				"policy": {
					"timeout": "7.00:00:00",
					"retry": 0,
					"retryIntervalInSeconds": 30,
					"secureOutput": false,
					"secureInput": false
				},
				"userProperties": [],
				"typeProperties": {
					"source": {
						"type": "AzureSqlSource",
						"sqlReaderStoredProcedureName": "[dbo].[AssetToProcessGet]",
						"storedProcedureParameters": {
							"pAssetID": {
								"type": "String",
								"value": {
									"value": "@pipeline().parameters.pAssetId",
									"type": "Expression"
								}
							},
							"pAssetStatusID": {
								"type": "String",
								"value": null
							},
							"pFeedID": {
								"type": "String",
								"value": null
							},
							"pLatestAssetFlag": {
								"type": "String",
								"value": null
							},
							"pProjectID": {
								"type": "String",
								"value": null
							},
							"pSourceRangeID": {
								"type": "String",
								"value": null
							},
							"pTargetLayer": {
								"type": "String",
								"value": null
							}
						},
						"queryTimeout": "02:00:00",
						"partitionOption": "None"
					},
					"dataset": {
						"referenceName": "azsadna_datasource_generic_mssql",
						"type": "DatasetReference",
						"parameters": {
							"schema": "dbo",
							"table": "FEED"
						}
					},
					"firstRowOnly": true
				}
			},
			{
				"name": "MultiStorageDistribute",
				"type": "ExecutePipeline",
				"dependsOn": [
					{
						"activity": "Set vAssetName",
						"dependencyConditions": [
							"Succeeded"
						]
					}
				],
				"userProperties": [],
				"typeProperties": {
					"pipeline": {
						"referenceName": "MultiStorageCopy",
						"type": "PipelineReference"
					},
					"waitOnCompletion": true,
					"parameters": {
						"pSourceDestinationType": {
							"value": "@concat(json(variables('vTaskProperties')).SourceStorageAccountType,'To',json(variables('vTaskProperties')).TargetStorageAccountType)",
							"type": "Expression"
						},
						"pSourceAssetPath": {
							"value": "@json(variables('vTaskProperties')).FolderPath_SourceStore",
							"type": "Expression"
						},
						"pSourceAssetName": {
							"value": "@variables('vAssetName')",
							"type": "Expression"
						},
						"pSourceStorageAccountServiceEndPoint": {
							"value": "@json(variables('vTaskProperties')).SourceStorageAccountServiceEndPoint",
							"type": "Expression"
						},
						"pDestinationAssetPath": {
							"value": "@json(variables('vTaskProperties')).FolderPath_DestinationStore",
							"type": "Expression"
						},
						"pDestinationAssetName": {
							"value": "@variables('vAssetName')",
							"type": "Expression"
						},
						"pDestinationStorageAccountServiceEndPoint": {
							"value": "@json(variables('vTaskProperties')).TargetStorageAccountServiceEndPoint",
							"type": "Expression"
						}
					}
				}
			}
		],
		"parameters": {
			"pAssetName": {
				"type": "string"
			},
			"pCurrentFeedJobTask": {
				"type": "object"
			},
			"pAssetId": {
				"type": "string"
			}
		},
		"variables": {
			"vRunLogId": {
				"type": "String"
			},
			"vErrorMessage": {
				"type": "String"
			},
			"vErrorMessage_SQL_TPT": {
				"type": "String"
			},
			"vSingleQuote": {
				"type": "String",
				"defaultValue": "'"
			},
			"vTaskProperties": {
				"type": "String"
			},
			"vAssetName": {
				"type": "String"
			},
			"vFileName": {
				"type": "String"
			},
			"vSize": {
				"type": "String"
			},
			"vMD5": {
				"type": "String"
			},
			"vBody": {
				"type": "String"
			}
		},
		"folder": {
			"name": "TaskTemplates/TaskTemplateUtils"
		},
		"annotations": [],
		"lastPublishTime": "2021-03-11T17:44:26Z"
	},
	"type": "Microsoft.DataFactory/factories/pipelines"
}