{
	"name": "DataEgressPrepare",
	"properties": {
		"activities": [
			{
				"name": "Set vTaskProperties",
				"type": "SetVariable",
				"dependsOn": [],
				"userProperties": [],
				"typeProperties": {
					"variableName": "vTaskProperties",
					"value": {
						"value": "@string(json(pipeline().parameters.pCurrentFeedJobTask.FeedTaskJSON).properties)",
						"type": "Expression"
					}
				}
			},
			{
				"name": "Set vTableFilters",
				"type": "SetVariable",
				"dependsOn": [
					{
						"activity": "Set vTaskProperties",
						"dependencyConditions": [
							"Succeeded"
						]
					}
				],
				"userProperties": [],
				"typeProperties": {
					"variableName": "vTableFilters",
					"value": {
						"value": "@if(not(equals(coalesce(json(variables('vTaskProperties')).table.filter,''),'')),concat(' WHERE ',json(variables('vTaskProperties')).table.filter),'')",
						"type": "Expression"
					}
				}
			},
			{
				"name": "Set vTableName",
				"type": "SetVariable",
				"dependsOn": [
					{
						"activity": "Set vTaskProperties",
						"dependencyConditions": [
							"Succeeded"
						]
					}
				],
				"userProperties": [],
				"typeProperties": {
					"variableName": "vTableName",
					"value": {
						"value": "@coalesce(json(variables('vTaskProperties')).table.name,'')",
						"type": "Expression"
					}
				}
			},
			{
				"name": "FeedEntityParametersGet",
				"type": "Lookup",
				"dependsOn": [],
				"policy": {
					"timeout": "7.00:00:00",
					"retry": 0,
					"retryIntervalInSeconds": 30,
					"secureOutput": false,
					"secureInput": false
				},
				"userProperties": [],
				"typeProperties": {
					"source": {
						"type": "AzureSqlSource",
						"sqlReaderStoredProcedureName": "[dbo].[FeedEntityParametersGet]",
						"storedProcedureParameters": {
							"pFeedID": {
								"type": "String",
								"value": {
									"value": "@pipeline().parameters.pCurrentFeedJobTask.FeedID",
									"type": "Expression"
								}
							}
						},
						"queryTimeout": "02:00:00",
						"partitionOption": "None"
					},
					"dataset": {
						"referenceName": "azsadna_datasource_generic_mssql",
						"type": "DatasetReference",
						"parameters": {
							"schema": "dbo",
							"table": "DUMMY_FEED"
						}
					}
				}
			},
			{
				"name": "Set vFeedEntityParameters",
				"type": "SetVariable",
				"dependsOn": [
					{
						"activity": "FeedEntityParametersGet",
						"dependencyConditions": [
							"Succeeded"
						]
					}
				],
				"userProperties": [],
				"typeProperties": {
					"variableName": "vFeedEntityParameters",
					"value": {
						"value": "@string(json(activity('FeedEntityParametersGet').output.firstRow.FeedEntityJSON).FeedEntity[0])",
						"type": "Expression"
					}
				}
			},
			{
				"name": "AssetAddOrUpdate",
				"description": "Register Asset In Landing",
				"type": "Lookup",
				"dependsOn": [
					{
						"activity": "If_MD5_IsNull",
						"dependencyConditions": [
							"Succeeded"
						]
					}
				],
				"policy": {
					"timeout": "7.00:00:00",
					"retry": 0,
					"retryIntervalInSeconds": 30,
					"secureOutput": false,
					"secureInput": false
				},
				"userProperties": [],
				"typeProperties": {
					"source": {
						"type": "AzureSqlSource",
						"sqlReaderStoredProcedureName": "[idfwba].[AssetAddOrUpdate]",
						"storedProcedureParameters": {
							"pAssetCurrentLocation": {
								"type": "String",
								"value": {
									"value": "@json(variables('vTaskProperties')).ouput_storage_properties.FolderPath_DestinationStore",
									"type": "Expression"
								}
							},
							"pAssetDefinition": {
								"type": "String",
								"value": {
									"value": "@variables('vFileName')",
									"type": "Expression"
								}
							},
							"pAssetID": {
								"type": "String",
								"value": {
									"value": "@pipeline().parameters.pAssetID",
									"type": "Expression"
								}
							},
							"pAssetMD5": {
								"type": "String",
								"value": {
									"value": "@variables('vMD5')",
									"type": "Expression"
								}
							},
							"pAssetName": {
								"type": "String",
								"value": {
									"value": "@variables('vFileName')",
									"type": "Expression"
								}
							},
							"pAssetSubTypeID": {
								"type": "String",
								"value": null
							},
							"pAssetTypeID": {
								"type": "String",
								"value": null
							},
							"pAttributeDescription": {
								"type": "String",
								"value": null
							},
							"pAttributeEntityDescription": {
								"type": "String",
								"value": null
							},
							"pDTCreated": {
								"type": "String",
								"value": null
							},
							"pEntityDescription": {
								"type": "String",
								"value": null
							},
							"pFeedId": {
								"type": "String",
								"value": null
							},
							"pInformationClassificationID": {
								"type": "String",
								"value": null
							},
							"pKeepValueFlag": {
								"type": "String",
								"value": null
							},
							"pNumberOfBytes": {
								"type": "String",
								"value": {
									"value": "@variables('vSize')",
									"type": "Expression"
								}
							},
							"pNumberOfRecords": {
								"type": "String",
								"value": {
									"value": "@variables('vRowCount')",
									"type": "Expression"
								}
							},
							"pParentAssetID": {
								"type": "String",
								"value": null
							},
							"pStatusID": {
								"type": "String",
								"value": null
							},
							"pUserCreated": {
								"type": "String",
								"value": null
							}
						},
						"queryTimeout": "02:00:00",
						"partitionOption": "None"
					},
					"dataset": {
						"referenceName": "azsadna_datasource_generic_mssql",
						"type": "DatasetReference",
						"parameters": {
							"schema": "idfwba",
							"table": "FEED"
						}
					}
				}
			},
			{
				"name": "AssetStatusChange_EgressHopper",
				"description": "Update Status to \"Egress\"",
				"type": "Lookup",
				"dependsOn": [
					{
						"activity": "AssetAddOrUpdate",
						"dependencyConditions": [
							"Succeeded"
						]
					}
				],
				"policy": {
					"timeout": "7.00:00:00",
					"retry": 0,
					"retryIntervalInSeconds": 30,
					"secureOutput": false,
					"secureInput": false
				},
				"userProperties": [],
				"typeProperties": {
					"source": {
						"type": "AzureSqlSource",
						"sqlReaderStoredProcedureName": "[idfwba].[AssetStatusChange]",
						"storedProcedureParameters": {
							"pAssetID": {
								"type": "String",
								"value": {
									"value": "@pipeline().parameters.pAssetID",
									"type": "Expression"
								}
							},
							"pDTCreated": {
								"type": "String",
								"value": null
							},
							"pStatusID": {
								"type": "String",
								"value": "24042"
							},
							"pUserCreated": {
								"type": "String",
								"value": null
							}
						},
						"queryTimeout": "02:00:00",
						"partitionOption": "None"
					},
					"dataset": {
						"referenceName": "azsadna_datasource_generic_mssql",
						"type": "DatasetReference",
						"parameters": {
							"schema": "idfwba",
							"table": "FEED"
						}
					}
				}
			},
			{
				"name": "Set vFileName",
				"type": "SetVariable",
				"dependsOn": [
					{
						"activity": "Set vTaskProperties",
						"dependencyConditions": [
							"Succeeded"
						]
					}
				],
				"userProperties": [],
				"typeProperties": {
					"variableName": "vFileName",
					"value": {
						"value": "@concat(\n  if(equals(json(variables('vTaskProperties')).extract_type,'custom_egress')\n      ,concat(pipeline().parameters.pAssetID,'_')\n      ,' '\n  )\n  ,pipeline().parameters.pFeedName\n  ,if(equals(json(variables('vTaskProperties')).extract_type,'custom_egress')\n      ,concat('_',utcnow('yyyyMMddHHmmss'))\n      ,' '\n  )\n  ,concat('.',pipeline().parameters.pFeedExtension)\n)",
						"type": "Expression"
					}
				}
			},
			{
				"name": "EgressSQLBuild",
				"type": "Lookup",
				"dependsOn": [],
				"policy": {
					"timeout": "7.00:00:00",
					"retry": 0,
					"retryIntervalInSeconds": 30,
					"secureOutput": false,
					"secureInput": false
				},
				"userProperties": [],
				"typeProperties": {
					"source": {
						"type": "AzureSqlSource",
						"sqlReaderStoredProcedureName": "[dbo].[EgressSQLBuild]",
						"storedProcedureParameters": {
							"pAssetID": {
								"type": "String",
								"value": {
									"value": "@pipeline().parameters.pAssetID",
									"type": "Expression"
								}
							},
							"pETLProcessName": {
								"type": "String",
								"value": {
									"value": "DataGenerateFacts",
									"type": "Expression"
								}
							}
						},
						"queryTimeout": "02:00:00",
						"partitionOption": "None"
					},
					"dataset": {
						"referenceName": "azsadna_datasource_generic_mssql",
						"type": "DatasetReference",
						"parameters": {
							"schema": "dbo",
							"table": "DUMMY_FEED"
						}
					}
				}
			},
			{
				"name": "Set vQuery",
				"type": "SetVariable",
				"dependsOn": [
					{
						"activity": "Set vFileName",
						"dependencyConditions": [
							"Succeeded"
						]
					},
					{
						"activity": "Set vTableFilters",
						"dependencyConditions": [
							"Succeeded"
						]
					},
					{
						"activity": "Set vTableName",
						"dependencyConditions": [
							"Succeeded"
						]
					},
					{
						"activity": "Set vFeedEntityParameters",
						"dependencyConditions": [
							"Succeeded"
						]
					},
					{
						"activity": "EgressSQLBuild",
						"dependencyConditions": [
							"Succeeded"
						]
					}
				],
				"userProperties": [],
				"typeProperties": {
					"variableName": "vQuery",
					"value": {
						"value": "@if(equals(json(variables('vTaskProperties')).extract_method,'stored_procedure')\n   ,concat('EXEC ',coalesce(json(variables('vTaskProperties')).stored_procedure.name,'')\n\t ,' ',coalesce(json(variables('vTaskProperties')).stored_procedure.parameters,'')\n   )\n   ,if(equals(json(variables('vTaskProperties')).extract_method,'table')\n      ,concat('SELECT * FROM ',variables('vTableName')\n              ,variables('vTableFilters')\n      )\n      ,if(equals(json(variables('vTaskProperties')).extract_method,'mapping')\n       ,activity('EgressSQLBuild').output.firstRow.SQLClause\n       ,coalesce(json(variables('vTaskProperties')).query,'')\n      )\n   )\n)",
						"type": "Expression"
					}
				}
			},
			{
				"name": "Get MD5 - Size Switch Storage",
				"type": "Switch",
				"dependsOn": [
					{
						"activity": "Select EgressData Storage Destination",
						"dependencyConditions": [
							"Succeeded"
						]
					}
				],
				"userProperties": [],
				"typeProperties": {
					"on": {
						"value": "@json(variables('vTaskProperties')).ouput_storage_properties.TargetStorageAccountType",
						"type": "Expression"
					},
					"cases": [
						{
							"value": "Blob",
							"activities": [
								{
									"name": "Set vSize_Blob",
									"type": "SetVariable",
									"dependsOn": [
										{
											"activity": "Get_MD5_size_Blob",
											"dependencyConditions": [
												"Succeeded"
											]
										}
									],
									"userProperties": [],
									"typeProperties": {
										"variableName": "vSize",
										"value": {
											"value": "@string(activity('Get_MD5_size_Blob').output.size)",
											"type": "Expression"
										}
									}
								},
								{
									"name": "Get_MD5_size_Blob",
									"type": "GetMetadata",
									"dependsOn": [],
									"policy": {
										"timeout": "7.00:00:00",
										"retry": 0,
										"retryIntervalInSeconds": 30,
										"secureOutput": false,
										"secureInput": false
									},
									"userProperties": [],
									"typeProperties": {
										"dataset": {
											"referenceName": "azsadna_datasource_generic_blob",
											"type": "DatasetReference",
											"parameters": {
												"path": {
													"value": "@json(variables('vTaskProperties')).ouput_storage_properties.FolderPath_DestinationStore",
													"type": "Expression"
												},
												"filename": {
													"value": "@variables('vFileName')",
													"type": "Expression"
												},
												"StorageAccountServiceEndPoint": {
													"value": "@json(variables('vTaskProperties')).ouput_storage_properties.TargetStorageAccountServiceEndPoint",
													"type": "Expression"
												}
											}
										},
										"fieldList": [
											"contentMD5",
											"size"
										],
										"storeSettings": {
											"type": "AzureBlobStorageReadSettings",
											"recursive": true
										},
										"formatSettings": {
											"type": "BinaryReadSettings"
										}
									}
								},
								{
									"name": "Set vMD5_Blob",
									"type": "SetVariable",
									"dependsOn": [
										{
											"activity": "Get_MD5_size_Blob",
											"dependencyConditions": [
												"Succeeded"
											]
										}
									],
									"userProperties": [],
									"typeProperties": {
										"variableName": "vMD5",
										"value": {
											"value": "@coalesce(activity('Get_MD5_Size_Blob').output.contentMD5,'')",
											"type": "Expression"
										}
									}
								}
							]
						},
						{
							"value": "DataLake",
							"activities": [
								{
									"name": "Set vSize_DataLake",
									"type": "SetVariable",
									"dependsOn": [
										{
											"activity": "Get_MD5_size_DataLake",
											"dependencyConditions": [
												"Succeeded"
											]
										}
									],
									"userProperties": [],
									"typeProperties": {
										"variableName": "vSize",
										"value": {
											"value": "@string(activity('Get_MD5_size_DataLake').output.size)",
											"type": "Expression"
										}
									}
								},
								{
									"name": "Get_MD5_size_DataLake",
									"type": "GetMetadata",
									"dependsOn": [],
									"policy": {
										"timeout": "7.00:00:00",
										"retry": 0,
										"retryIntervalInSeconds": 30,
										"secureOutput": false,
										"secureInput": false
									},
									"userProperties": [],
									"typeProperties": {
										"dataset": {
											"referenceName": "azsadna_datasource_generic_blob",
											"type": "DatasetReference",
											"parameters": {
												"path": {
													"value": "@json(variables('vTaskProperties')).ouput_storage_properties.FolderPath_DestinationStore",
													"type": "Expression"
												},
												"filename": {
													"value": "@variables('vFileName')",
													"type": "Expression"
												},
												"StorageAccountServiceEndPoint": {
													"value": "@json(variables('vTaskProperties')).ouput_storage_properties.TargetStorageAccountServiceEndPoint",
													"type": "Expression"
												}
											}
										},
										"fieldList": [
											"contentMD5",
											"size"
										],
										"storeSettings": {
											"type": "AzureBlobStorageReadSettings",
											"recursive": true
										},
										"formatSettings": {
											"type": "BinaryReadSettings"
										}
									}
								},
								{
									"name": "Set vMD5_DataLake",
									"type": "SetVariable",
									"dependsOn": [
										{
											"activity": "Get_MD5_size_DataLake",
											"dependencyConditions": [
												"Succeeded"
											]
										}
									],
									"userProperties": [],
									"typeProperties": {
										"variableName": "vMD5",
										"value": {
											"value": "@string('')",
											"type": "Expression"
										}
									}
								}
							]
						}
					]
				}
			},
			{
				"name": "If_MD5_IsNull",
				"description": "If  MD5 IS NULL \n  Call FunctionApp GetMD5 (placeholder)\nELSE\n  Do nothing",
				"type": "IfCondition",
				"dependsOn": [
					{
						"activity": "Get MD5 - Size Switch Storage",
						"dependencyConditions": [
							"Succeeded"
						]
					}
				],
				"userProperties": [],
				"typeProperties": {
					"expression": {
						"value": "@equals(variables('vMD5'),'')",
						"type": "Expression"
					},
					"ifFalseActivities": [
						{
							"name": "DoNothing",
							"type": "Wait",
							"dependsOn": [],
							"userProperties": [],
							"typeProperties": {
								"waitTimeInSeconds": 1
							}
						}
					],
					"ifTrueActivities": [
						{
							"name": "Set vMD5_AferGetMD5",
							"type": "SetVariable",
							"dependsOn": [
								{
									"activity": "GetMD5",
									"dependencyConditions": [
										"Succeeded"
									]
								}
							],
							"userProperties": [],
							"typeProperties": {
								"variableName": "vMD5",
								"value": {
									"value": "@activity('GetMD5').output.originalFileMd5Hash",
									"type": "Expression"
								}
							}
						},
						{
							"name": "GetMD5",
							"type": "AzureFunctionActivity",
							"dependsOn": [
								{
									"activity": "set GetMD5 Body",
									"dependencyConditions": [
										"Succeeded"
									]
								}
							],
							"policy": {
								"timeout": "7.00:00:00",
								"retry": 0,
								"retryIntervalInSeconds": 30,
								"secureOutput": false,
								"secureInput": false
							},
							"userProperties": [],
							"typeProperties": {
								"functionName": "md5",
								"method": "POST",
								"body": {
									"value": "@variables('vBody')",
									"type": "Expression"
								}
							},
							"linkedServiceName": {
								"referenceName": "FileTools",
								"type": "LinkedServiceReference"
							}
						},
						{
							"name": "set GetMD5 Body",
							"type": "SetVariable",
							"dependsOn": [],
							"userProperties": [],
							"typeProperties": {
								"variableName": "vBody",
								"value": {
									"value": "@concat('{'\n,'\"sourceAccount\":\"',json(variables('vTaskProperties')).ouput_storage_properties.TargetStorageAccountServiceEndPoint,'\",'\n,'\"sourcePath\":\"',json(variables('vTaskProperties')).ouput_storage_properties.FolderPath_DestinationStore,'\",'\n,'\"file\":\"',variables('vFileName'), '\"}'\n)",
									"type": "Expression"
								}
							}
						}
					]
				}
			},
			{
				"name": "Select EgressData Storage Destination",
				"type": "Switch",
				"dependsOn": [
					{
						"activity": "Set vQuery",
						"dependencyConditions": [
							"Succeeded"
						]
					}
				],
				"userProperties": [],
				"typeProperties": {
					"on": {
						"value": "@json(variables('vTaskProperties')).ouput_storage_properties.TargetStorageAccountType",
						"type": "Expression"
					},
					"cases": [
						{
							"value": "Blob",
							"activities": [
								{
									"name": "Generate Export To Blob File",
									"type": "Copy",
									"dependsOn": [],
									"policy": {
										"timeout": "7.00:00:00",
										"retry": 0,
										"retryIntervalInSeconds": 30,
										"secureOutput": false,
										"secureInput": false
									},
									"userProperties": [],
									"typeProperties": {
										"source": {
											"type": "AzureSqlSource",
											"sqlReaderQuery": {
												"value": "@variables('vQuery')",
												"type": "Expression"
											},
											"queryTimeout": "02:00:00",
											"partitionOption": "None"
										},
										"sink": {
											"type": "DelimitedTextSink",
											"storeSettings": {
												"type": "AzureBlobStorageWriteSettings"
											},
											"formatSettings": {
												"type": "DelimitedTextWriteSettings",
												"quoteAllText": true,
												"fileExtension": ".txt"
											}
										},
										"enableStaging": false
									},
									"inputs": [
										{
											"referenceName": "azsadna_datasource_generic_azure_sql",
											"type": "DatasetReference",
											"parameters": {
												"ServerName": {
													"value": "@json(variables('vTaskProperties')).database.ServerName",
													"type": "Expression"
												},
												"DatabaseName": {
													"value": "@json(variables('vTaskProperties')).database.databaseName",
													"type": "Expression"
												},
												"PasswordSecretName": {
													"value": "@json(variables('vTaskProperties')).database.passwordSecretName",
													"type": "Expression"
												},
												"UserName": {
													"value": "@json(variables('vTaskProperties')).database.userName",
													"type": "Expression"
												}
											}
										}
									],
									"outputs": [
										{
											"referenceName": "azsadna_datasource_generic_blob_csv_cfg",
											"type": "DatasetReference",
											"parameters": {
												"StorageAccountServiceEndPoint": {
													"value": "json(variables('vTaskProperties')).ouput_storage_properties.TargetStorageAccountServiceEndPoint",
													"type": "Expression"
												},
												"path": {
													"value": "@json(variables('vTaskProperties')).ouput_storage_properties.FolderPath_DestinationStore",
													"type": "Expression"
												},
												"filename": {
													"value": "@variables('vFileName')",
													"type": "Expression"
												},
												"separator": {
													"value": "@coalesce(json(activity('FeedEntityParametersGet').output.firstRow.FeedEntityJSON).FeedEntity[0].FieldDelimiter,'')",
													"type": "Expression"
												},
												"hasHeader": {
													"value": "@bool(1)",
													"type": "Expression"
												},
												"FieldWrapper": {
													"value": "@coalesce(json(activity('FeedEntityParametersGet').output.firstRow.FeedEntityJSON).FeedEntity[0].FieldWrapper,'')",
													"type": "Expression"
												},
												"EscapeChar": {
													"value": "@coalesce(json(activity('FeedEntityParametersGet').output.firstRow.FeedEntityJSON).FeedEntity[0].EscapeChar,'')",
													"type": "Expression"
												}
											}
										}
									]
								},
								{
									"name": "Set vRowCount_Blob",
									"type": "SetVariable",
									"dependsOn": [
										{
											"activity": "Generate Export To Blob File",
											"dependencyConditions": [
												"Succeeded"
											]
										}
									],
									"userProperties": [],
									"typeProperties": {
										"variableName": "vRowCount",
										"value": {
											"value": "@string(activity('Generate Export To Blob File').output.rowsCopied)",
											"type": "Expression"
										}
									}
								}
							]
						},
						{
							"value": "DataLake",
							"activities": [
								{
									"name": "Generate Export To DataLake File",
									"type": "Copy",
									"dependsOn": [],
									"policy": {
										"timeout": "7.00:00:00",
										"retry": 0,
										"retryIntervalInSeconds": 30,
										"secureOutput": false,
										"secureInput": false
									},
									"userProperties": [],
									"typeProperties": {
										"source": {
											"type": "AzureSqlSource",
											"sqlReaderQuery": {
												"value": "@variables('vQuery')",
												"type": "Expression"
											},
											"queryTimeout": "02:00:00",
											"partitionOption": "None"
										},
										"sink": {
											"type": "DelimitedTextSink",
											"storeSettings": {
												"type": "AzureBlobFSWriteSettings"
											},
											"formatSettings": {
												"type": "DelimitedTextWriteSettings",
												"quoteAllText": true,
												"fileExtension": ".txt"
											}
										},
										"enableStaging": false
									},
									"inputs": [
										{
											"referenceName": "azsadna_datasource_generic_azure_sql",
											"type": "DatasetReference",
											"parameters": {
												"ServerName": {
													"value": "@json(variables('vTaskProperties')).database.ServerName",
													"type": "Expression"
												},
												"DatabaseName": {
													"value": "@json(variables('vTaskProperties')).database.databaseName",
													"type": "Expression"
												},
												"PasswordSecretName": {
													"value": "@json(variables('vTaskProperties')).database.passwordSecretName",
													"type": "Expression"
												},
												"UserName": {
													"value": "@json(variables('vTaskProperties')).database.userName",
													"type": "Expression"
												}
											}
										}
									],
									"outputs": [
										{
											"referenceName": "azsadna_datasource_generic_adls2_csv_cfg",
											"type": "DatasetReference",
											"parameters": {
												"StorageAccountServiceEndPoint": {
													"value": "@json(variables('vTaskProperties')).ouput_storage_properties.TargetStorageAccountServiceEndPoint",
													"type": "Expression"
												},
												"path": {
													"value": "@json(variables('vTaskProperties')).ouput_storage_properties.FolderPath_DestinationStore",
													"type": "Expression"
												},
												"filename": {
													"value": "@variables('vFileName')",
													"type": "Expression"
												},
												"separator": {
													"value": "@coalesce(json(activity('FeedEntityParametersGet').output.firstRow.FeedEntityJSON).FeedEntity[0].FieldDelimiter,'')",
													"type": "Expression"
												},
												"hasHeader": {
													"value": "@bool(1)",
													"type": "Expression"
												},
												"FieldWrapper": {
													"value": "@coalesce(json(activity('FeedEntityParametersGet').output.firstRow.FeedEntityJSON).FeedEntity[0].FieldWrapper,'')",
													"type": "Expression"
												},
												"EscapeChar": {
													"value": "@coalesce(json(activity('FeedEntityParametersGet').output.firstRow.FeedEntityJSON).FeedEntity[0].EscapeChar,'')",
													"type": "Expression"
												}
											}
										}
									]
								},
								{
									"name": "Set vRowCount_DataLake",
									"type": "SetVariable",
									"dependsOn": [
										{
											"activity": "Generate Export To DataLake File",
											"dependencyConditions": [
												"Succeeded"
											]
										}
									],
									"userProperties": [],
									"typeProperties": {
										"variableName": "vRowCount",
										"value": {
											"value": "@string(activity('Generate Export To DataLake File').output.rowsCopied)",
											"type": "Expression"
										}
									}
								}
							]
						}
					]
				}
			}
		],
		"parameters": {
			"pAssetName": {
				"type": "string"
			},
			"pCurrentFeedJobTask": {
				"type": "object"
			},
			"pAssetID": {
				"type": "string"
			},
			"pRunLogIDPrefix": {
				"type": "string"
			},
			"pFeedName": {
				"type": "string"
			},
			"pProjectName": {
				"type": "string"
			},
			"pFeedExtension": {
				"type": "string"
			}
		},
		"variables": {
			"vTaskProperties": {
				"type": "String"
			},
			"vFeedEntityParameters": {
				"type": "String"
			},
			"vTableName": {
				"type": "String"
			},
			"vTableFilters": {
				"type": "String"
			},
			"vBody": {
				"type": "String"
			},
			"vFileName": {
				"type": "String"
			},
			"vSize": {
				"type": "String"
			},
			"vProcessStart": {
				"type": "String"
			},
			"vRunLogStatus": {
				"type": "String"
			},
			"vRunLogTypeId": {
				"type": "String"
			},
			"vAssetName": {
				"type": "String"
			},
			"vFileNameNoExtension": {
				"type": "String"
			},
			"vFileExtension": {
				"type": "String"
			},
			"vQuery": {
				"type": "String"
			},
			"vMD5": {
				"type": "String"
			},
			"vRowCount": {
				"type": "String"
			}
		},
		"folder": {
			"name": "TaskTemplates"
		},
		"annotations": [],
		"lastPublishTime": "2021-03-11T17:44:25Z"
	},
	"type": "Microsoft.DataFactory/factories/pipelines"
}