{
	"name": "DataEgressPackAndDistributeSelect",
	"properties": {
		"activities": [
			{
				"name": "PackAndDistributeSelect",
				"type": "Switch",
				"dependsOn": [],
				"userProperties": [],
				"typeProperties": {
					"on": {
						"value": "@pipeline().parameters.pAssetType",
						"type": "Expression"
					},
					"cases": [
						{
							"value": "GPG Encrypted File",
							"activities": [
								{
									"name": "DataEgressEncryptAndDistribute",
									"type": "ExecutePipeline",
									"dependsOn": [],
									"userProperties": [],
									"typeProperties": {
										"pipeline": {
											"referenceName": "DataEgressEncryptAndDistribute",
											"type": "PipelineReference"
										},
										"waitOnCompletion": true,
										"parameters": {
											"pAssetName": {
												"value": "@pipeline().parameters.pAssetName",
												"type": "Expression"
											},
											"pCurrentFeedJobTask": {
												"value": "@pipeline().parameters.pCurrentFeedJobTask",
												"type": "Expression"
											},
											"pAssetId": {
												"value": "@pipeline().parameters.pAssetId",
												"type": "Expression"
											}
										}
									}
								}
							]
						},
						{
							"value": "GZIP File",
							"activities": [
								{
									"name": "DataEgressDistributeGZIP",
									"type": "ExecutePipeline",
									"dependsOn": [],
									"userProperties": [],
									"typeProperties": {
										"pipeline": {
											"referenceName": "DataEgressPlainDistribute",
											"type": "PipelineReference"
										},
										"waitOnCompletion": true,
										"parameters": {
											"pAssetName": {
												"value": "@pipeline().parameters.pAssetName",
												"type": "Expression"
											},
											"pCurrentFeedJobTask": {
												"value": "@pipeline().parameters.pCurrentFeedJobTask",
												"type": "Expression"
											},
											"pAssetId": {
												"value": "@pipeline().parameters.pAssetId",
												"type": "Expression"
											}
										}
									}
								}
							]
						}
					],
					"defaultActivities": [
						{
							"name": "DataEgressPlainDistribute",
							"type": "ExecutePipeline",
							"dependsOn": [],
							"userProperties": [],
							"typeProperties": {
								"pipeline": {
									"referenceName": "DataEgressPlainDistribute",
									"type": "PipelineReference"
								},
								"waitOnCompletion": true,
								"parameters": {
									"pAssetName": {
										"value": "@pipeline().parameters.pAssetName",
										"type": "Expression"
									},
									"pCurrentFeedJobTask": {
										"value": "@pipeline().parameters.pCurrentFeedJobTask",
										"type": "Expression"
									},
									"pAssetId": {
										"value": "@pipeline().parameters.pAssetId",
										"type": "Expression"
									}
								}
							}
						}
					]
				}
			}
		],
		"parameters": {
			"pAssetName": {
				"type": "string"
			},
			"pCurrentFeedJobTask": {
				"type": "object"
			},
			"pAssetId": {
				"type": "string"
			},
			"pAssetType": {
				"type": "string"
			}
		},
		"variables": {
			"vTaskResultFilePath": {
				"type": "String"
			},
			"vTaskResultFileName": {
				"type": "String"
			},
			"vRunLogId": {
				"type": "String"
			},
			"vFileToolPostBody": {
				"type": "String"
			},
			"vUnpackAndInfoError": {
				"type": "String"
			},
			"vCurrentFeedJobTaskProperties": {
				"type": "String"
			},
			"vCheckFeedJobTaskforEncrypted": {
				"type": "Boolean"
			},
			"vExtension": {
				"type": "String"
			},
			"vErrorMessage": {
				"type": "String"
			},
			"vErrorMessage_SQL_TPT": {
				"type": "String"
			},
			"vSingleQuote": {
				"type": "String",
				"defaultValue": "'"
			},
			"vRawHopperStorageAccountType": {
				"type": "String"
			},
			"vGetTaskResultFileData": {
				"type": "String"
			},
			"vErrorWaitForTaskResultFile": {
				"type": "String"
			},
			"vErrorGetTaskResultFile": {
				"type": "String"
			},
			"vTaskProperties": {
				"type": "String"
			},
			"vRawHopperStorageType": {
				"type": "String"
			},
			"vAsyncErrorCount": {
				"type": "String"
			},
			"vAssetName": {
				"type": "String"
			}
		},
		"folder": {
			"name": "TaskTemplates"
		},
		"annotations": [],
		"lastPublishTime": "2021-03-11T17:44:28Z"
	},
	"type": "Microsoft.DataFactory/factories/pipelines"
}