{
	"name": "DataEgressExecute",
	"properties": {
		"activities": [
			{
				"name": "ForEachEgressAsset",
				"type": "ForEach",
				"dependsOn": [
					{
						"activity": "EgressAssetToProcessGet",
						"dependencyConditions": [
							"Succeeded"
						]
					},
					{
						"activity": "Set_vETLRunLogID",
						"dependencyConditions": [
							"Succeeded"
						]
					}
				],
				"userProperties": [],
				"typeProperties": {
					"items": {
						"value": "@if(contains(json(coalesce(activity('EgressAssetToProcessGet').output.firstRow.AssetListJSON,'[]')), 'AssetList')\n  ,coalesce(json(activity('EgressAssetToProcessGet').output.firstRow.AssetListJSON).AssetList, json('[]'))\n  , json('[]')\n)",
						"type": "Expression"
					},
					"isSequential": false,
					"activities": [
						{
							"name": "DataEgressIterate",
							"type": "ExecutePipeline",
							"dependsOn": [],
							"userProperties": [],
							"typeProperties": {
								"pipeline": {
									"referenceName": "DataEgressIterate",
									"type": "PipelineReference"
								},
								"waitOnCompletion": true,
								"parameters": {
									"pFeedId": {
										"value": "@item().FeedID",
										"type": "Expression"
									},
									"pAssetID": {
										"value": "@item().AssetID",
										"type": "Expression"
									},
									"pAssetName": {
										"value": "@item().AssetName",
										"type": "Expression"
									},
									"pETLRunLogID": {
										"value": "@variables('vETLRunLogID')",
										"type": "Expression"
									},
									"pProjectName": {
										"value": "@item().ProjectKey",
										"type": "Expression"
									},
									"pRunLogIDPrefix": {
										"value": "@string(item().ETLRunLog[0].ETLRunLogID)",
										"type": "Expression"
									},
									"pFeedName": {
										"value": "@replace(item().AssetName,concat('.',split(item().AssetName,'.')[sub(length(split(item().AssetName,'.')),1)]),'')",
										"type": "Expression"
									},
									"pFeedExtension": {
										"value": "@split(item().AssetName,'.')[sub(length(split(item().AssetName,'.')),1)]",
										"type": "Expression"
									},
									"pAssetType": {
										"value": "@item().AssetTypeName",
										"type": "Expression"
									}
								}
							}
						}
					]
				}
			},
			{
				"name": "DataEgressExecute_Start",
				"type": "Lookup",
				"dependsOn": [],
				"policy": {
					"timeout": "7.00:00:00",
					"retry": 0,
					"retryIntervalInSeconds": 30,
					"secureOutput": false,
					"secureInput": false
				},
				"userProperties": [],
				"typeProperties": {
					"source": {
						"type": "AzureSqlSource",
						"sqlReaderStoredProcedureName": "[dbo].[ETLRunLogAddOrUpdate]",
						"storedProcedureParameters": {
							"pDTCreated": {
								"type": "String",
								"value": null
							},
							"pDTEnd": {
								"type": "String",
								"value": null
							},
							"pDTStart": {
								"type": "String",
								"value": {
									"value": "@utcnow('yyyyMMdd HH:mm:ss.fff')",
									"type": "Expression"
								}
							},
							"pETLProcessName": {
								"type": "String",
								"value": {
									"value": "@pipeline().Pipeline",
									"type": "Expression"
								}
							},
							"pETLProcessRunID": {
								"type": "String",
								"value": {
									"value": "@pipeline().RunId",
									"type": "Expression"
								}
							},
							"pETLRunLogID": {
								"type": "String",
								"value": null
							},
							"pETLRunLogStatusID": {
								"type": "String",
								"value": "25001"
							},
							"pKeepValueFlag": {
								"type": "String",
								"value": null
							},
							"pUserCreated": {
								"type": "String",
								"value": null
							}
						},
						"queryTimeout": "02:00:00",
						"partitionOption": "None"
					},
					"dataset": {
						"referenceName": "azsadna_datasource_generic_mssql",
						"type": "DatasetReference",
						"parameters": {
							"schema": "dbo",
							"table": "DUMMY_FEED"
						}
					}
				}
			},
			{
				"name": "DataEgressExecute_End",
				"type": "Lookup",
				"dependsOn": [
					{
						"activity": "ForEachEgressAsset",
						"dependencyConditions": [
							"Succeeded"
						]
					}
				],
				"policy": {
					"timeout": "7.00:00:00",
					"retry": 0,
					"retryIntervalInSeconds": 30,
					"secureOutput": false,
					"secureInput": false
				},
				"userProperties": [],
				"typeProperties": {
					"source": {
						"type": "AzureSqlSource",
						"sqlReaderStoredProcedureName": "[dbo].[ETLRunLogAddOrUpdate]",
						"storedProcedureParameters": {
							"pDTCreated": {
								"type": "String",
								"value": null
							},
							"pDTEnd": {
								"type": "String",
								"value": {
									"value": "@utcnow('yyyyMMdd HH:mm:ss.fff')",
									"type": "Expression"
								}
							},
							"pDTStart": {
								"type": "String",
								"value": null
							},
							"pETLProcessName": {
								"type": "String",
								"value": null
							},
							"pETLProcessRunID": {
								"type": "String",
								"value": null
							},
							"pETLRunLogID": {
								"type": "String",
								"value": {
									"value": "@variables('vETLRunLogID')",
									"type": "Expression"
								}
							},
							"pETLRunLogStatusID": {
								"type": "String",
								"value": "25002"
							},
							"pKeepValueFlag": {
								"type": "String",
								"value": null
							},
							"pUserCreated": {
								"type": "String",
								"value": null
							}
						},
						"queryTimeout": "02:00:00",
						"partitionOption": "None"
					},
					"dataset": {
						"referenceName": "azsadna_datasource_generic_mssql",
						"type": "DatasetReference",
						"parameters": {
							"schema": "dbo",
							"table": "DUMMY_FEED"
						}
					}
				}
			},
			{
				"name": "EgressAssetToProcessGet",
				"description": "Get the assets to Egress, the ones in status \"Dimensional\"",
				"type": "Lookup",
				"dependsOn": [
					{
						"activity": "DataEgressExecute_Start",
						"dependencyConditions": [
							"Succeeded"
						]
					}
				],
				"policy": {
					"timeout": "7.00:00:00",
					"retry": 0,
					"retryIntervalInSeconds": 30,
					"secureOutput": false,
					"secureInput": false
				},
				"userProperties": [],
				"typeProperties": {
					"source": {
						"type": "AzureSqlSource",
						"sqlReaderStoredProcedureName": "[dbo].[EgressAssetToProcessGet]",
						"storedProcedureParameters": {
							"pAssetID": {
								"type": "String",
								"value": null
							},
							"pAssetStatusID": {
								"type": "String",
								"value": {
									"value": "24032",
									"type": "Expression"
								}
							},
							"pAssetTypeID": {
								"type": "String",
								"value": null
							},
							"pETLRunLogID": {
								"type": "String",
								"value": null
							},
							"pFeedID": {
								"type": "String",
								"value": null
							},
							"pFeedStatusID": {
								"type": "String",
								"value": null
							}
						},
						"queryTimeout": "02:00:00",
						"partitionOption": "None"
					},
					"dataset": {
						"referenceName": "azsadna_datasource_generic_mssql",
						"type": "DatasetReference",
						"parameters": {
							"schema": "dbo",
							"table": "DUMMY_FEED"
						}
					}
				}
			},
			{
				"name": "Set_vETLRunLogID",
				"description": "Used in several activities",
				"type": "SetVariable",
				"dependsOn": [
					{
						"activity": "DataEgressExecute_Start",
						"dependencyConditions": [
							"Succeeded"
						]
					}
				],
				"userProperties": [],
				"typeProperties": {
					"variableName": "vETLRunLogID",
					"value": {
						"value": "@activity('DataEgressExecute_Start').output.firstRow.ETLRunLogID",
						"type": "Expression"
					}
				}
			}
		],
		"variables": {
			"vETLRunLogID": {
				"type": "String"
			}
		},
		"folder": {
			"name": "Process/Egress"
		},
		"annotations": [],
		"lastPublishTime": "2021-03-11T17:44:30Z"
	},
	"type": "Microsoft.DataFactory/factories/pipelines"
}