{
	"name": "DataEgressIterate",
	"properties": {
		"activities": [
			{
				"name": "ForEachTask",
				"description": "",
				"type": "ForEach",
				"dependsOn": [
					{
						"activity": "FeedTaskGet",
						"dependencyConditions": [
							"Succeeded"
						]
					}
				],
				"userProperties": [],
				"typeProperties": {
					"items": {
						"value": "@activity('FeedTaskGet').output.value",
						"type": "Expression"
					},
					"isSequential": true,
					"activities": [
						{
							"name": "Select Task to Execute",
							"description": "",
							"type": "Switch",
							"dependsOn": [],
							"userProperties": [],
							"typeProperties": {
								"on": {
									"value": "@item().FeedTaskDescription",
									"type": "Expression"
								},
								"cases": [
									{
										"value": "Egress Prepare",
										"activities": [
											{
												"name": "DataEgressPrepare",
												"type": "ExecutePipeline",
												"dependsOn": [],
												"userProperties": [],
												"typeProperties": {
													"pipeline": {
														"referenceName": "DataEgressPrepare",
														"type": "PipelineReference"
													},
													"waitOnCompletion": true,
													"parameters": {
														"pAssetName": {
															"value": "@pipeline().parameters.pAssetName",
															"type": "Expression"
														},
														"pCurrentFeedJobTask": {
															"value": "@item()",
															"type": "Expression"
														},
														"pAssetID": {
															"value": "@pipeline().parameters.pAssetID",
															"type": "Expression"
														},
														"pRunLogIDPrefix": {
															"value": "@pipeline().parameters.pRunLogIDPrefix",
															"type": "Expression"
														},
														"pFeedName": {
															"value": "@pipeline().parameters.pFeedName",
															"type": "Expression"
														},
														"pProjectName": {
															"value": "@pipeline().parameters.pProjectName",
															"type": "Expression"
														},
														"pFeedExtension": {
															"value": "@pipeline().parameters.pFeedExtension",
															"type": "Expression"
														}
													}
												}
											}
										]
									},
									{
										"value": "Egress Pack",
										"activities": [
											{
												"name": "DataEgressPackAndDistributeSelect",
												"type": "ExecutePipeline",
												"dependsOn": [],
												"userProperties": [],
												"typeProperties": {
													"pipeline": {
														"referenceName": "DataEgressPackAndDistributeSelect",
														"type": "PipelineReference"
													},
													"waitOnCompletion": true,
													"parameters": {
														"pAssetName": {
															"value": "@pipeline().parameters.pAssetName",
															"type": "Expression"
														},
														"pCurrentFeedJobTask": {
															"value": "@item()",
															"type": "Expression"
														},
														"pAssetId": {
															"value": "@pipeline().parameters.pAssetID",
															"type": "Expression"
														},
														"pAssetType": {
															"value": "@pipeline().parameters.pAssetType",
															"type": "Expression"
														}
													}
												}
											}
										]
									}
								]
							}
						}
					]
				}
			},
			{
				"name": "FeedTaskGet",
				"type": "Lookup",
				"dependsOn": [
					{
						"activity": "AssetStatusChange_PrepareEgress",
						"dependencyConditions": [
							"Succeeded"
						]
					},
					{
						"activity": "ETLRunLogAssetAddOrUpdate",
						"dependencyConditions": [
							"Succeeded"
						]
					}
				],
				"policy": {
					"timeout": "7.00:00:00",
					"retry": 0,
					"retryIntervalInSeconds": 30,
					"secureOutput": false,
					"secureInput": false
				},
				"userProperties": [],
				"typeProperties": {
					"source": {
						"type": "AzureSqlSource",
						"sqlReaderStoredProcedureName": "[dbo].[FeedTaskGet]",
						"storedProcedureParameters": {
							"pFeedId": {
								"type": "String",
								"value": {
									"value": "@pipeline().parameters.pFeedId",
									"type": "Expression"
								}
							}
						},
						"queryTimeout": "02:00:00",
						"partitionOption": "None"
					},
					"dataset": {
						"referenceName": "azsadna_datasource_generic_mssql",
						"type": "DatasetReference",
						"parameters": {
							"schema": "dbo",
							"table": "FEEDTASK"
						}
					},
					"firstRowOnly": false
				}
			},
			{
				"name": "ETLRunLogAssetAddOrUpdate",
				"type": "Lookup",
				"dependsOn": [],
				"policy": {
					"timeout": "7.00:00:00",
					"retry": 0,
					"retryIntervalInSeconds": 30,
					"secureOutput": false,
					"secureInput": false
				},
				"userProperties": [],
				"typeProperties": {
					"source": {
						"type": "AzureSqlSource",
						"sqlReaderStoredProcedureName": "[dbo].[ETLRunLogAssetAddOrUpdate]",
						"storedProcedureParameters": {
							"pAssetID": {
								"type": "String",
								"value": {
									"value": "@pipeline().parameters.pAssetID",
									"type": "Expression"
								}
							},
							"pDTCreated": {
								"type": "String",
								"value": null
							},
							"pETLRunLogID": {
								"type": "String",
								"value": {
									"value": "@pipeline().parameters.pETLRunLogID",
									"type": "Expression"
								}
							},
							"pUserCreated": {
								"type": "String",
								"value": null
							}
						},
						"queryTimeout": "02:00:00",
						"partitionOption": "None"
					},
					"dataset": {
						"referenceName": "azsadna_datasource_generic_mssql",
						"type": "DatasetReference",
						"parameters": {
							"schema": "dbo",
							"table": "DUMMY_FEED"
						}
					}
				}
			},
			{
				"name": "AssetStatusChange_PrepareEgress",
				"type": "Lookup",
				"dependsOn": [],
				"policy": {
					"timeout": "7.00:00:00",
					"retry": 0,
					"retryIntervalInSeconds": 30,
					"secureOutput": false,
					"secureInput": false
				},
				"userProperties": [],
				"typeProperties": {
					"source": {
						"type": "AzureSqlSource",
						"sqlReaderStoredProcedureName": "[dbo].[AssetStatusChange]",
						"storedProcedureParameters": {
							"pAssetID": {
								"type": "String",
								"value": {
									"value": "@pipeline().parameters.pAssetID",
									"type": "Expression"
								}
							},
							"pDTCreated": {
								"type": "String",
								"value": null
							},
							"pStatusID": {
								"type": "String",
								"value": {
									"value": "24041",
									"type": "Expression"
								}
							},
							"pUserCreated": {
								"type": "String",
								"value": null
							}
						},
						"queryTimeout": "02:00:00",
						"partitionOption": "None"
					},
					"dataset": {
						"referenceName": "azsadna_datasource_generic_mssql",
						"type": "DatasetReference",
						"parameters": {
							"schema": "dbo",
							"table": "DUMMY_FEED"
						}
					}
				}
			}
		],
		"parameters": {
			"pFeedId": {
				"type": "string"
			},
			"pAssetID": {
				"type": "string"
			},
			"pAssetName": {
				"type": "string"
			},
			"pETLRunLogID": {
				"type": "string"
			},
			"pProjectName": {
				"type": "string"
			},
			"pRunLogIDPrefix": {
				"type": "string"
			},
			"pFeedName": {
				"type": "string"
			},
			"pFeedExtension": {
				"type": "string"
			},
			"pAssetType": {
				"type": "string"
			}
		},
		"folder": {
			"name": "Process/Egress"
		},
		"annotations": [],
		"lastPublishTime": "2021-03-11T17:44:29Z"
	},
	"type": "Microsoft.DataFactory/factories/pipelines"
}