{
	"name": "DataExportFromAzureSQLToRaw",
	"properties": {
		"activities": [
			{
				"name": "GetMD5",
				"type": "AzureFunctionActivity",
				"dependsOn": [
					{
						"activity": "set GetMD5 Body",
						"dependencyConditions": [
							"Succeeded"
						]
					}
				],
				"policy": {
					"timeout": "7.00:00:00",
					"retry": 0,
					"retryIntervalInSeconds": 30,
					"secureOutput": false,
					"secureInput": false
				},
				"userProperties": [],
				"typeProperties": {
					"functionName": "md5",
					"method": "POST",
					"body": {
						"value": "@variables('vBody')",
						"type": "Expression"
					}
				},
				"linkedServiceName": {
					"referenceName": "FileTools",
					"type": "LinkedServiceReference"
				}
			},
			{
				"name": "set GetMD5 Body",
				"type": "SetVariable",
				"dependsOn": [
					{
						"activity": "Write Asset History",
						"dependencyConditions": [
							"Succeeded"
						]
					}
				],
				"userProperties": [],
				"typeProperties": {
					"variableName": "vBody",
					"value": {
						"value": "@concat('{'\n,'\"sourceAccount\":\"',json(pipeline().parameters.currentFeedJobTask.FeedTaskJSON).properties.ouput_storage_properties.TargetStorageAccountServiceEndPoint,'\",'\n,'\"sourcePath\":\"',json(pipeline().parameters.currentFeedJobTask.FeedTaskJSON).properties.ouput_storage_properties.FolderPath_DestinationStore,'\",'\n,'\"file\":\"',variables('vFileName'), '\"}'\n)",
						"type": "Expression"
					}
				}
			},
			{
				"name": "CountAsset_Name_MD5",
				"description": "Counts number of rows in dbo.ASSET with the same Name and MD5",
				"type": "Lookup",
				"dependsOn": [
					{
						"activity": "RegisterStatus_Update",
						"dependencyConditions": [
							"Succeeded"
						]
					},
					{
						"activity": "Set vMD5",
						"dependencyConditions": [
							"Succeeded"
						]
					}
				],
				"policy": {
					"timeout": "7.00:00:00",
					"retry": 0,
					"retryIntervalInSeconds": 30,
					"secureOutput": false,
					"secureInput": false
				},
				"userProperties": [],
				"typeProperties": {
					"source": {
						"type": "AzureSqlSource",
						"sqlReaderStoredProcedureName": "[idfwba].[CountAsset]",
						"storedProcedureParameters": {
							"pAssetName": {
								"type": "String",
								"value": {
									"value": "@pipeline().parameters.pAssetName",
									"type": "Expression"
								}
							},
							"pMD5": {
								"type": "String",
								"value": {
									"value": "@variables('vMD5')",
									"type": "Expression"
								}
							}
						},
						"partitionOption": "None"
					},
					"dataset": {
						"referenceName": "azsadna_datasource_generic_mssql",
						"type": "DatasetReference",
						"parameters": {
							"schema": "idfwba",
							"table": "DUMMY_FEED"
						}
					}
				}
			},
			{
				"name": "Set vMD5",
				"type": "SetVariable",
				"dependsOn": [
					{
						"activity": "GetMD5",
						"dependencyConditions": [
							"Succeeded"
						]
					}
				],
				"userProperties": [],
				"typeProperties": {
					"variableName": "vMD5",
					"value": {
						"value": "@activity('GetMD5').output.originalFileMd5Hash",
						"type": "Expression"
					}
				}
			},
			{
				"name": "RunException Generate Export File",
				"type": "ExecutePipeline",
				"dependsOn": [
					{
						"activity": "Multi Generate Export File",
						"dependencyConditions": [
							"Failed"
						]
					}
				],
				"userProperties": [],
				"typeProperties": {
					"pipeline": {
						"referenceName": "RunException",
						"type": "PipelineReference"
					},
					"waitOnCompletion": true,
					"parameters": {
						"pErrorMessage": {
							"value": "@activity('Multi Generate Export File').Error.Message",
							"type": "Expression"
						},
						"pRunID": {
							"value": "@pipeline().RunId",
							"type": "Expression"
						}
					}
				}
			},
			{
				"name": "RunException GetMD5",
				"type": "ExecutePipeline",
				"dependsOn": [
					{
						"activity": "GetMD5",
						"dependencyConditions": [
							"Failed"
						]
					}
				],
				"userProperties": [],
				"typeProperties": {
					"pipeline": {
						"referenceName": "RunException",
						"type": "PipelineReference"
					},
					"waitOnCompletion": true,
					"parameters": {
						"pErrorMessage": {
							"value": "@activity('GetMD5').Error.Message",
							"type": "Expression"
						},
						"pRunID": {
							"value": "@pipeline().RunId",
							"type": "Expression"
						}
					}
				}
			},
			{
				"name": "RunException Get_size",
				"type": "ExecutePipeline",
				"dependsOn": [
					{
						"activity": "Get Size Switch Storage",
						"dependencyConditions": [
							"Failed"
						]
					}
				],
				"userProperties": [],
				"typeProperties": {
					"pipeline": {
						"referenceName": "RunException",
						"type": "PipelineReference"
					},
					"waitOnCompletion": true,
					"parameters": {
						"pErrorMessage": {
							"value": "@activity('Get Size Switch Storage').Error.Message",
							"type": "Expression"
						},
						"pRunID": {
							"value": "@pipeline().RunId",
							"type": "Expression"
						}
					}
				}
			},
			{
				"name": "RegisterStatus_Update",
				"description": "Executes registerStatus with the appropriate Update parameters",
				"type": "Lookup",
				"dependsOn": [
					{
						"activity": "Get Size Switch Storage",
						"dependencyConditions": [
							"Succeeded"
						]
					}
				],
				"policy": {
					"timeout": "7.00:00:00",
					"retry": 0,
					"retryIntervalInSeconds": 30,
					"secureOutput": false,
					"secureInput": false
				},
				"userProperties": [],
				"typeProperties": {
					"source": {
						"type": "AzureSqlSource",
						"sqlReaderStoredProcedureName": {
							"value": "idfwba.registerStatus",
							"type": "Expression"
						},
						"storedProcedureParameters": {
							"action": {
								"type": "String"
							},
							"pAssetID": {
								"type": "Int32",
								"value": {
									"value": "@pipeline().parameters.pAssetID",
									"type": "Expression"
								}
							},
							"pAssetName": {
								"type": "String"
							},
							"pDataSizeMB": {
								"type": "Int64",
								"value": {
									"value": "@variables('vSize')",
									"type": "Expression"
								}
							},
							"pDTEnd": {
								"type": "String"
							},
							"pDTStart": {
								"type": "String"
							},
							"pFeedID": {
								"type": "Int32",
								"value": {
									"value": "@pipeline().parameters.currentFeedJobTask.FeedID",
									"type": "Expression"
								}
							},
							"pJobID": {
								"type": "Int32",
								"value": {
									"value": "@pipeline().parameters.currentFeedJobTask.JobID",
									"type": "Expression"
								}
							},
							"pMessage": {
								"type": "String"
							},
							"pNrRecords": {
								"type": "Int32"
							},
							"pParentRunID": {
								"type": "String"
							},
							"pParentRunLogID": {
								"type": "Int32"
							},
							"pPipelineName": {
								"type": "String",
								"value": {
									"value": "@pipeline().Pipeline",
									"type": "Expression"
								}
							},
							"pRunID": {
								"type": "String",
								"value": {
									"value": "@pipeline().RunId",
									"type": "Expression"
								}
							},
							"pRunLogID": {
								"type": "Int32",
								"value": {
									"value": "@variables('vRunLogId')",
									"type": "Expression"
								}
							},
							"pRunLogTypeId": {
								"type": "String"
							},
							"pRunningStatus": {
								"type": "String",
								"value": {
									"value": "@variables('vRunLogStatus')",
									"type": "Expression"
								}
							},
							"pTaskID": {
								"type": "Int32",
								"value": {
									"value": "@pipeline().parameters.currentFeedJobTask.TaskID",
									"type": "Expression"
								}
							}
						},
						"queryTimeout": "02:00:00",
						"partitionOption": "None"
					},
					"dataset": {
						"referenceName": "azsadna_datasource_generic_mssql",
						"type": "DatasetReference",
						"parameters": {
							"schema": "idfwba",
							"table": "RUNLOG"
						}
					},
					"firstRowOnly": false
				}
			},
			{
				"name": "Write Asset History",
				"type": "SqlServerStoredProcedure",
				"dependsOn": [
					{
						"activity": "Multi Copy to Archive",
						"dependencyConditions": [
							"Succeeded"
						]
					}
				],
				"policy": {
					"timeout": "7.00:00:00",
					"retry": 0,
					"retryIntervalInSeconds": 30,
					"secureOutput": false,
					"secureInput": false
				},
				"userProperties": [],
				"typeProperties": {
					"storedProcedureName": "[dbo].[AddNewAssetHistory]",
					"storedProcedureParameters": {
						"pAssetID": {
							"value": {
								"value": "@pipeline().parameters.pAssetId",
								"type": "Expression"
							},
							"type": "String"
						},
						"pDescription": {
							"value": {
								"value": "@concat('AssetID='\n              , pipeline().parameters.pAssetId\n              , '; AssetName='\n              , pipeline().parameters.pAssetName\n              , 'Exported from '\n              , pipeline().parameters.pAssetPath\n              , ' to '\n              ,json(pipeline().parameters.currentFeedJobTask.FeedTaskJSON).properties.ouput_storage_properties.FolderPath_DestinationStore\n               ,pipeline().RunID\n)",
								"type": "Expression"
							},
							"type": "String"
						},
						"pDTCreated": {
							"value": {
								"value": "@utcnow('yyyyMMdd HH:mm:ss.fff')",
								"type": "Expression"
							},
							"type": "String"
						}
					}
				},
				"linkedServiceName": {
					"referenceName": "MVPMetaDataStore",
					"type": "LinkedServiceReference"
				}
			},
			{
				"name": "RunException Copy to Archive",
				"type": "ExecutePipeline",
				"dependsOn": [
					{
						"activity": "Multi Copy to Archive",
						"dependencyConditions": [
							"Failed"
						]
					}
				],
				"userProperties": [],
				"typeProperties": {
					"pipeline": {
						"referenceName": "RunException",
						"type": "PipelineReference"
					},
					"waitOnCompletion": true,
					"parameters": {
						"pErrorMessage": {
							"value": "@activity('Multi Copy To Archive').Error.Message",
							"type": "Expression"
						},
						"pRunID": {
							"value": "@pipeline().RunId",
							"type": "Expression"
						}
					}
				}
			},
			{
				"name": "vProcessStart",
				"type": "SetVariable",
				"dependsOn": [],
				"userProperties": [],
				"typeProperties": {
					"variableName": "vProcessStart",
					"value": {
						"value": "@utcnow('yyyyMMdd HH:mm:ss.fff')",
						"type": "Expression"
					}
				}
			},
			{
				"name": "Set vRunLogStatus",
				"type": "SetVariable",
				"dependsOn": [],
				"userProperties": [],
				"typeProperties": {
					"variableName": "vRunLogStatus",
					"value": "Running"
				}
			},
			{
				"name": "Set vRunLogTypeId",
				"type": "SetVariable",
				"dependsOn": [],
				"userProperties": [],
				"typeProperties": {
					"variableName": "vRunLogTypeId",
					"value": "Task"
				}
			},
			{
				"name": "Set vAssetTypeID",
				"type": "SetVariable",
				"dependsOn": [],
				"userProperties": [],
				"typeProperties": {
					"variableName": "vAssetTypeID",
					"value": "3003"
				}
			},
			{
				"name": "RegisterStatus_Start",
				"description": "Executes RegisterStatus with the appropriate Start parameters",
				"type": "Lookup",
				"dependsOn": [
					{
						"activity": "Set vAssetTypeID",
						"dependencyConditions": [
							"Succeeded"
						]
					},
					{
						"activity": "Set vRunLogTypeId",
						"dependencyConditions": [
							"Succeeded"
						]
					},
					{
						"activity": "Set vRunLogStatus",
						"dependencyConditions": [
							"Succeeded"
						]
					},
					{
						"activity": "vProcessStart",
						"dependencyConditions": [
							"Succeeded"
						]
					},
					{
						"activity": "Set vDatabaseToRawHopperStorageAccountType",
						"dependencyConditions": [
							"Succeeded"
						]
					},
					{
						"activity": "Set vRawHopperToRawStorageAccountType",
						"dependencyConditions": [
							"Succeeded"
						]
					},
					{
						"activity": "Set vFileName",
						"dependencyConditions": [
							"Succeeded"
						]
					}
				],
				"policy": {
					"timeout": "7.00:00:00",
					"retry": 0,
					"retryIntervalInSeconds": 30,
					"secureOutput": false,
					"secureInput": false
				},
				"userProperties": [],
				"typeProperties": {
					"source": {
						"type": "AzureSqlSource",
						"sqlReaderStoredProcedureName": "[idfwba].[registerStatus]",
						"storedProcedureParameters": {
							"action": {
								"type": "String",
								"value": "start"
							},
							"pAssetID": {
								"type": "Int32",
								"value": {
									"value": "@pipeline().parameters.pAssetID",
									"type": "Expression"
								}
							},
							"pAssetName": {
								"type": "String"
							},
							"pDataSizeMB": {
								"type": "Int64"
							},
							"pDTEnd": {
								"type": "String"
							},
							"pDTStart": {
								"type": "String",
								"value": {
									"value": "@variables('vProcessStart')",
									"type": "Expression"
								}
							},
							"pFeedID": {
								"type": "Int32",
								"value": {
									"value": "@pipeline().parameters.currentFeedJobTask.FeedID",
									"type": "Expression"
								}
							},
							"pJobID": {
								"type": "Int32",
								"value": {
									"value": "@pipeline().parameters.currentFeedJobTask.JobID",
									"type": "Expression"
								}
							},
							"pMessage": {
								"type": "String"
							},
							"pNrRecords": {
								"type": "Int32"
							},
							"pParentRunID": {
								"type": "String",
								"value": {
									"value": "@pipeline().parameters.primalPipelineRunId",
									"type": "Expression"
								}
							},
							"pParentRunLogID": {
								"type": "Int32"
							},
							"pPipelineName": {
								"type": "String",
								"value": {
									"value": "@pipeline().Pipeline",
									"type": "Expression"
								}
							},
							"pRunID": {
								"type": "String",
								"value": {
									"value": "@pipeline().RunId",
									"type": "Expression"
								}
							},
							"pRunLogID": {
								"type": "Int32"
							},
							"pRunLogTypeId": {
								"type": "String",
								"value": "Task"
							},
							"pRunningStatus": {
								"type": "String"
							},
							"pTaskID": {
								"type": "Int32",
								"value": {
									"value": "@pipeline().parameters.currentFeedJobTask.TaskID",
									"type": "Expression"
								}
							}
						},
						"queryTimeout": "02:00:00",
						"partitionOption": "None"
					},
					"dataset": {
						"referenceName": "azsadna_datasource_generic_mssql",
						"type": "DatasetReference",
						"parameters": {
							"schema": "idfwba",
							"table": "RUNLOG"
						}
					}
				}
			},
			{
				"name": "If Not Empty or Duplicated",
				"type": "IfCondition",
				"dependsOn": [
					{
						"activity": "Set vCountAssets",
						"dependencyConditions": [
							"Succeeded"
						]
					}
				],
				"userProperties": [],
				"typeProperties": {
					"expression": {
						"value": "@and(\n  equals(variables('vCountAssets'),'0')\n  ,not(equals(variables('vSize'),'0'))\n )\n",
						"type": "Expression"
					},
					"ifTrueActivities": [
						{
							"name": "AssetAddOrUpdate",
							"description": "Register Asset In Landing",
							"type": "Lookup",
							"dependsOn": [],
							"policy": {
								"timeout": "7.00:00:00",
								"retry": 0,
								"retryIntervalInSeconds": 30,
								"secureOutput": false,
								"secureInput": false
							},
							"userProperties": [],
							"typeProperties": {
								"source": {
									"type": "AzureSqlSource",
									"sqlReaderStoredProcedureName": "[dbo].[AssetAddOrUpdate]",
									"storedProcedureParameters": {
										"pAssetCurrentLocation": {
											"type": "String",
											"value": {
												"value": "@json(pipeline().parameters.currentFeedJobTask.FeedTaskJSON).properties.ouput_storage_properties.FolderPath_DestinationStore",
												"type": "Expression"
											}
										},
										"pAssetDefinition": {
											"type": "String",
											"value": {
												"value": "@variables('vFileName')",
												"type": "Expression"
											}
										},
										"pAssetID": {
											"type": "String",
											"value": {
												"value": "@pipeline().parameters.pAssetID",
												"type": "Expression"
											}
										},
										"pAssetMD5": {
											"type": "String",
											"value": {
												"value": "@activity('GetMD5').output.originalFileMd5Hash",
												"type": "Expression"
											}
										},
										"pAssetName": {
											"type": "String",
											"value": {
												"value": "@variables('vFileName')",
												"type": "Expression"
											}
										},
										"pAssetSubTypeID": {
											"type": "String",
											"value": {
												"value": "@variables('vAssetTypeID')",
												"type": "Expression"
											}
										},
										"pAssetTypeID": {
											"type": "String",
											"value": {
												"value": "@variables('vAssetTypeID')",
												"type": "Expression"
											}
										},
										"pAttributeDescription": {
											"type": "String",
											"value": null
										},
										"pAttributeEntityDescription": {
											"type": "String",
											"value": null
										},
										"pDTCreated": {
											"type": "String",
											"value": null
										},
										"pEntityDescription": {
											"type": "String",
											"value": null
										},
										"pFeedId": {
											"type": "String",
											"value": null
										},
										"pInformationClassificationID": {
											"type": "String",
											"value": null
										},
										"pKeepValueFlag": {
											"type": "String",
											"value": null
										},
										"pNumberOfBytes": {
											"type": "String",
											"value": {
												"value": "@variables('vSize')",
												"type": "Expression"
											}
										},
										"pNumberOfRecords": {
											"type": "String",
											"value": null
										},
										"pParentAssetID": {
											"type": "String",
											"value": null
										},
										"pStatusID": {
											"type": "String",
											"value": null
										},
										"pUserCreated": {
											"type": "String",
											"value": null
										}
									},
									"queryTimeout": "02:00:00",
									"partitionOption": "None"
								},
								"dataset": {
									"referenceName": "azsadna_datasource_generic_mssql",
									"type": "DatasetReference",
									"parameters": {
										"schema": "dbo",
										"table": "FEED"
									}
								}
							}
						},
						{
							"name": "AssetStatusChange_Ingestion_RawHopper",
							"description": "Update Status to \"Ingestion RawHopper\"",
							"type": "Lookup",
							"dependsOn": [
								{
									"activity": "AssetAddOrUpdate",
									"dependencyConditions": [
										"Succeeded"
									]
								}
							],
							"policy": {
								"timeout": "7.00:00:00",
								"retry": 0,
								"retryIntervalInSeconds": 30,
								"secureOutput": false,
								"secureInput": false
							},
							"userProperties": [],
							"typeProperties": {
								"source": {
									"type": "AzureSqlSource",
									"sqlReaderStoredProcedureName": "[dbo].[AssetStatusChange]",
									"storedProcedureParameters": {
										"pAssetID": {
											"type": "String",
											"value": {
												"value": "@pipeline().parameters.pAssetID",
												"type": "Expression"
											}
										},
										"pDTCreated": {
											"type": "String",
											"value": null
										},
										"pStatusID": {
											"type": "String",
											"value": "24012"
										},
										"pUserCreated": {
											"type": "String",
											"value": null
										}
									},
									"queryTimeout": "02:00:00",
									"partitionOption": "None"
								},
								"dataset": {
									"referenceName": "azsadna_datasource_generic_mssql",
									"type": "DatasetReference",
									"parameters": {
										"schema": "dbo",
										"table": "FEED"
									}
								}
							}
						}
					]
				}
			},
			{
				"name": "If Empty or Duplicated",
				"type": "IfCondition",
				"dependsOn": [
					{
						"activity": "If Not Empty or Duplicated",
						"dependencyConditions": [
							"Succeeded"
						]
					}
				],
				"userProperties": [],
				"typeProperties": {
					"expression": {
						"value": "@or(\n  not(equals(variables('vCountAssets'),'0'))\n  ,equals(variables('vSize'),'0')\n )",
						"type": "Expression"
					},
					"ifFalseActivities": [
						{
							"name": "RunEnd",
							"description": "Executes RunEnd with the appropriate parameters",
							"type": "Lookup",
							"dependsOn": [],
							"policy": {
								"timeout": "7.00:00:00",
								"retry": 0,
								"retryIntervalInSeconds": 30,
								"secureOutput": false,
								"secureInput": false
							},
							"userProperties": [],
							"typeProperties": {
								"source": {
									"type": "AzureSqlSource",
									"sqlReaderStoredProcedureName": {
										"value": "dbo.RunEnd",
										"type": "Expression"
									},
									"storedProcedureParameters": {
										"pRunLogId": {
											"type": "String",
											"value": null
										},
										"pDTEnd": {
											"type": "String",
											"value": {
												"value": "@utcnow('yyyyMMdd HH:mm:ss.fff')",
												"type": "Expression"
											}
										},
										"pRunID": {
											"type": "String",
											"value": {
												"value": "@pipeline().RunId",
												"type": "Expression"
											}
										}
									},
									"queryTimeout": "02:00:00",
									"partitionOption": "None"
								},
								"dataset": {
									"referenceName": "azsadna_datasource_generic_mssql",
									"type": "DatasetReference",
									"parameters": {
										"schema": "dbo",
										"table": "RUNLOG"
									}
								},
								"firstRowOnly": false
							}
						}
					],
					"ifTrueActivities": [
						{
							"name": "AssetAddOrUpdate_Quarantine",
							"description": "Register Asset In Quarantine",
							"type": "Lookup",
							"dependsOn": [
								{
									"activity": "Multi Delete File from RawHopper",
									"dependencyConditions": [
										"Succeeded"
									]
								}
							],
							"policy": {
								"timeout": "7.00:00:00",
								"retry": 0,
								"retryIntervalInSeconds": 30,
								"secureOutput": false,
								"secureInput": false
							},
							"userProperties": [],
							"typeProperties": {
								"source": {
									"type": "AzureSqlSource",
									"sqlReaderStoredProcedureName": "[dbo].[AssetAddOrUpdate]",
									"storedProcedureParameters": {
										"pAssetCurrentLocation": {
											"type": "String",
											"value": {
												"value": "@json(pipeline().parameters.currentFeedJobTask.FeedTaskJSON).properties.ouput_storage_properties.FolderPath_QuarantineStore",
												"type": "Expression"
											}
										},
										"pAssetDefinition": {
											"type": "String",
											"value": {
												"value": "@variables('vFileName')",
												"type": "Expression"
											}
										},
										"pAssetID": {
											"type": "String",
											"value": {
												"value": "@pipeline().parameters.pAssetID",
												"type": "Expression"
											}
										},
										"pAssetMD5": {
											"type": "String",
											"value": {
												"value": "@activity('GetMD5').output.originalFileMd5Hash",
												"type": "Expression"
											}
										},
										"pAssetName": {
											"type": "String",
											"value": {
												"value": "@variables('vFileName')",
												"type": "Expression"
											}
										},
										"pAssetSubTypeID": {
											"type": "String",
											"value": {
												"value": "@variables('vAssetTypeID')",
												"type": "Expression"
											}
										},
										"pAssetTypeID": {
											"type": "String",
											"value": {
												"value": "@variables('vAssetTypeID')",
												"type": "Expression"
											}
										},
										"pAttributeDescription": {
											"type": "String",
											"value": null
										},
										"pAttributeEntityDescription": {
											"type": "String",
											"value": null
										},
										"pDTCreated": {
											"type": "String",
											"value": null
										},
										"pEntityDescription": {
											"type": "String",
											"value": null
										},
										"pFeedId": {
											"type": "String",
											"value": null
										},
										"pInformationClassificationID": {
											"type": "String",
											"value": null
										},
										"pKeepValueFlag": {
											"type": "String",
											"value": null
										},
										"pNumberOfBytes": {
											"type": "String",
											"value": {
												"value": "@variables('vGet_size')",
												"type": "Expression"
											}
										},
										"pNumberOfRecords": {
											"type": "String",
											"value": null
										},
										"pParentAssetID": {
											"type": "String",
											"value": null
										},
										"pStatusID": {
											"type": "String",
											"value": null
										},
										"pUserCreated": {
											"type": "String",
											"value": null
										}
									},
									"queryTimeout": "02:00:00",
									"partitionOption": "None"
								},
								"dataset": {
									"referenceName": "azsadna_datasource_generic_mssql",
									"type": "DatasetReference",
									"parameters": {
										"schema": "dbo",
										"table": "FEED"
									}
								}
							}
						},
						{
							"name": "AssetStatusChange_Ingestion_Quarantine",
							"description": "Update Status to \"Ingestion Quarantine\"",
							"type": "Lookup",
							"dependsOn": [
								{
									"activity": "AssetAddOrUpdate_Quarantine",
									"dependencyConditions": [
										"Succeeded"
									]
								}
							],
							"policy": {
								"timeout": "7.00:00:00",
								"retry": 0,
								"retryIntervalInSeconds": 30,
								"secureOutput": false,
								"secureInput": false
							},
							"userProperties": [],
							"typeProperties": {
								"source": {
									"type": "AzureSqlSource",
									"sqlReaderStoredProcedureName": "[dbo].[AssetStatusChange]",
									"storedProcedureParameters": {
										"pAssetID": {
											"type": "String",
											"value": {
												"value": "@pipeline().parameters.pAssetID",
												"type": "Expression"
											}
										},
										"pDTCreated": {
											"type": "String",
											"value": null
										},
										"pStatusID": {
											"type": "String",
											"value": "24012"
										},
										"pUserCreated": {
											"type": "String",
											"value": null
										}
									},
									"queryTimeout": "02:00:00",
									"partitionOption": "None"
								},
								"dataset": {
									"referenceName": "azsadna_datasource_generic_mssql",
									"type": "DatasetReference",
									"parameters": {
										"schema": "dbo",
										"table": "FEED"
									}
								}
							}
						},
						{
							"name": "RunException File Empty or Duplicated",
							"type": "ExecutePipeline",
							"dependsOn": [
								{
									"activity": "AssetStatusChange_Ingestion_Quarantine",
									"dependencyConditions": [
										"Succeeded"
									]
								}
							],
							"userProperties": [],
							"typeProperties": {
								"pipeline": {
									"referenceName": "RunException",
									"type": "PipelineReference"
								},
								"waitOnCompletion": true,
								"parameters": {
									"pErrorMessage": {
										"value": "@concat(\n\tvariables('vFileName'),' with MD5: ',variables('vMD5'),' in '\n ,json(pipeline().parameters.currentFeedJobTask.FeedTaskJSON).properties.ouput_storage_properties.FolderPath_DestinationStore\n\t,if(equals(variables('vSize'),0),' is Empty ','')\n\t,if(greater(int(variables('vCountAssets')),0), ' is Duplicated ','')\n)",
										"type": "Expression"
									},
									"pRunID": {
										"value": "@pipeline().RunId",
										"type": "Expression"
									}
								}
							}
						},
						{
							"name": "MailNotifyQuarantine",
							"type": "ExecutePipeline",
							"dependsOn": [
								{
									"activity": "AssetStatusChange_Ingestion_Quarantine",
									"dependencyConditions": [
										"Succeeded"
									]
								}
							],
							"userProperties": [],
							"typeProperties": {
								"pipeline": {
									"referenceName": "MailNotifyQuarantine",
									"type": "PipelineReference"
								},
								"waitOnCompletion": true,
								"parameters": {
									"pMessageBody": {
										"value": "@concat('An invalid file has been ingested in the platform because ',\n\tvariables('vFileName'),' with MD5: ',variables('vMD5'),' in '\n,json(pipeline().parameters.currentFeedJobTask.FeedTaskJSON).properties.ouput_storage_properties.FolderPath_DestinationStore\n\t,if(equals(variables('vSize'),0),' is Empty ','')\n\t,if(greater(int(variables('vCountAssets')),0), ' is Duplicated ','')\n)",
										"type": "Expression"
									},
									"pMailSubject": {
										"value": "@concat('Ingestion Notification for'\n               ,' AssetName: '\n               ,pipeline().parameters.pAssetName\n               ,' AssetPath: '\n              ,json(pipeline().parameters.currentFeedJobTask.FeedTaskJSON).properties.ouput_storage_properties.FolderPath_QuarantineStore\n               ,' AssetID: '\n               ,pipeline().parameters.pAssetID\n)",
										"type": "Expression"
									},
									"pAssetID": {
										"value": "@pipeline().parameters.pAssetID",
										"type": "Expression"
									},
									"pAssetName": {
										"value": "@pipeline().parameters.pAssetName",
										"type": "Expression"
									},
									"pAssetLocation": {
										"value": "@json(pipeline().parameters.currentFeedJobTask.FeedTaskJSON).properties.ouput_storage_properties.FolderPath_QuarantineStore",
										"type": "Expression"
									}
								}
							}
						},
						{
							"name": "Multi Copy from RawHopper to Quarantine",
							"type": "ExecutePipeline",
							"dependsOn": [
								{
									"activity": "Set vRawHopperToQuarantineStorageAccountType_copy1",
									"dependencyConditions": [
										"Succeeded"
									]
								},
								{
									"activity": "Set vRawHopperStorageType",
									"dependencyConditions": [
										"Succeeded"
									]
								}
							],
							"userProperties": [],
							"typeProperties": {
								"pipeline": {
									"referenceName": "MultiStorageCopy",
									"type": "PipelineReference"
								},
								"waitOnCompletion": true,
								"parameters": {
									"pSourceDestinationType": {
										"value": "@variables('vRawHopperToRawStorageAccountType')",
										"type": "Expression"
									},
									"pSourceAssetPath": {
										"value": "@json(pipeline().parameters.currentFeedJobTask.FeedTaskJSON).properties.ouput_storage_properties.FolderPath_DestinationStore",
										"type": "Expression"
									},
									"pSourceAssetName": {
										"value": "@variables('vFileName')",
										"type": "Expression"
									},
									"pSourceStorageAccountServiceEndPoint": {
										"value": "@json(pipeline().parameters.currentFeedJobTask.FeedTaskJSON).properties.ouput_storage_properties.TargetStorageAccountServiceEndPoint",
										"type": "Expression"
									},
									"pDestinationAssetPath": {
										"value": "@json(pipeline().parameters.currentFeedJobTask.FeedTaskJSON).properties.ouput_storage_properties.FolderPath_ArchiveStore",
										"type": "Expression"
									},
									"pDestinationAssetName": {
										"value": "@variables('vFileName')",
										"type": "Expression"
									},
									"pDestinationStorageAccountServiceEndPoint": {
										"value": "@json(pipeline().parameters.currentFeedJobTask.FeedTaskJSON).properties.ouput_storage_properties.ArchiveStorageAccountServiceEndPoint",
										"type": "Expression"
									}
								}
							}
						},
						{
							"name": "Set vRawHopperToQuarantineStorageAccountType_copy1",
							"type": "SetVariable",
							"dependsOn": [],
							"userProperties": [],
							"typeProperties": {
								"variableName": "vRawHopperToQuarantineStorageType",
								"value": {
									"value": "@concat(json(pipeline().parameters.currentFeedJobTask.FeedTaskJSON).properties.ouput_storage_properties.TargetStorageAccountType,'To',json(pipeline().parameters.currentFeedJobTask.FeedTaskJSON).properties.ouput_storage_properties.QuarantineStorageAccountType)",
									"type": "Expression"
								}
							}
						},
						{
							"name": "Multi Delete File from RawHopper",
							"type": "ExecutePipeline",
							"dependsOn": [
								{
									"activity": "Multi Copy from RawHopper to Quarantine",
									"dependencyConditions": [
										"Succeeded"
									]
								}
							],
							"userProperties": [],
							"typeProperties": {
								"pipeline": {
									"referenceName": "MultiStorageDelete",
									"type": "PipelineReference"
								},
								"waitOnCompletion": true,
								"parameters": {
									"pSourceType": {
										"value": "@variables('vRawHopperStorageType')",
										"type": "Expression"
									},
									"pSourceAssetPath": {
										"value": "@json(pipeline().parameters.currentFeedJobTask.FeedTaskJSON).properties.ouput_storage_properties.FolderPath_DestinationStore",
										"type": "Expression"
									},
									"pSourceAssetName": {
										"value": "@variables('vFileName')",
										"type": "Expression"
									},
									"pSourceStorageAccountServiceEndPoint": {
										"value": "@json(pipeline().parameters.currentFeedJobTask.FeedTaskJSON).properties.ouput_storage_properties.TargetStorageAccountServiceEndPoint",
										"type": "Expression"
									}
								}
							}
						},
						{
							"name": "Set vRawHopperStorageType",
							"type": "SetVariable",
							"dependsOn": [],
							"userProperties": [],
							"typeProperties": {
								"variableName": "vRawHopperStorageType",
								"value": {
									"value": "@json(pipeline().parameters.currentFeedJobTask.FeedTaskJSON).properties.ouput_storage_properties.TargetStorageAccountType",
									"type": "Expression"
								}
							}
						}
					]
				}
			},
			{
				"name": "Set vCountAssets",
				"type": "SetVariable",
				"dependsOn": [
					{
						"activity": "CountAsset_Name_MD5",
						"dependencyConditions": [
							"Succeeded"
						]
					}
				],
				"userProperties": [],
				"typeProperties": {
					"variableName": "vCountAssets",
					"value": {
						"value": "@activity('CountAsset_Name_MD5').output.firstRow.AssetCount",
						"type": "Expression"
					}
				}
			},
			{
				"name": "Set vDatabaseToRawHopperStorageAccountType",
				"type": "SetVariable",
				"dependsOn": [],
				"userProperties": [],
				"typeProperties": {
					"variableName": "vDatabaseToRawHopperStorageAccountType",
					"value": {
						"value": "@json(pipeline().parameters.currentFeedJobTask.FeedTaskJSON).properties.ouput_storage_properties.TargetStorageAccountType",
						"type": "Expression"
					}
				}
			},
			{
				"name": "Set vRawHopperToRawStorageAccountType",
				"type": "SetVariable",
				"dependsOn": [],
				"userProperties": [],
				"typeProperties": {
					"variableName": "vRawHopperToRawStorageAccountType",
					"value": {
						"value": "@concat(json(pipeline().parameters.currentFeedJobTask.FeedTaskJSON).properties.ouput_storage_properties.TargetStorageAccountType,'To',json(pipeline().parameters.currentFeedJobTask.FeedTaskJSON).properties.ouput_storage_properties.ArchiveStorageAccountType)",
						"type": "Expression"
					}
				}
			},
			{
				"name": "Multi Generate Export File",
				"type": "ExecutePipeline",
				"dependsOn": [
					{
						"activity": "RegisterStatus_Start",
						"dependencyConditions": [
							"Succeeded"
						]
					}
				],
				"userProperties": [],
				"typeProperties": {
					"pipeline": {
						"referenceName": "MultiStorageRefDataExport",
						"type": "PipelineReference"
					},
					"waitOnCompletion": true,
					"parameters": {
						"pDestinationAssetName": {
							"value": "@pipeline().parameters.pAssetName",
							"type": "Expression"
						},
						"pDestinationAssetPath": {
							"value": "@json(pipeline().parameters.currentFeedJobTask.FeedTaskJSON).properties.ouput_storage_properties.FolderPath_DestinationStore",
							"type": "Expression"
						},
						"pDestinationStorageAccountServiceEndpoint": {
							"value": "@json(pipeline().parameters.currentFeedJobTask.FeedTaskJSON).properties.ouput_storage_properties.TargetStorageAccountServiceEndPoint",
							"type": "Expression"
						},
						"pExportType": {
							"value": "@json(pipeline().parameters.currentFeedJobTask.FeedTaskJSON).properties.extract_type",
							"type": "Expression"
						},
						"pDatabaseServerName": {
							"value": "@json(pipeline().parameters.currentFeedJobTask.FeedTaskJSON).properties.database.serverName",
							"type": "Expression"
						},
						"pDatabaseName": {
							"value": "@json(pipeline().parameters.currentFeedJobTask.FeedTaskJSON).properties.database.databaseName",
							"type": "Expression"
						},
						"pDatabasePasswordSecretName": {
							"value": "@json(pipeline().parameters.currentFeedJobTask.FeedTaskJSON).properties.database.passwordSecretName",
							"type": "Expression"
						},
						"pDatabaseUserName": {
							"value": "@json(pipeline().parameters.currentFeedJobTask.FeedTaskJSON).properties.database.userName",
							"type": "Expression"
						},
						"pQuery": {
							"value": "@string('')",
							"type": "Expression"
						},
						"pStoredProcedureName": {
							"value": "@json(pipeline().parameters.currentFeedJobTask.FeedTaskJSON).properties.stored_procedure.name",
							"type": "Expression"
						},
						"pStoredProcedureParameters": {
							"value": "@json(pipeline().parameters.currentFeedJobTask.FeedTaskJSON).properties.stored_procedure.parameters",
							"type": "Expression"
						},
						"pExtractMethod": {
							"value": "@json(pipeline().parameters.currentFeedJobTask.FeedTaskJSON).properties.extract_method",
							"type": "Expression"
						},
						"pDestinationType": {
							"value": "@variables('vDatabaseToRawHopperStorageAccountType')",
							"type": "Expression"
						}
					}
				}
			},
			{
				"name": "Multi Copy to Archive",
				"type": "ExecutePipeline",
				"dependsOn": [
					{
						"activity": "Multi Generate Export File",
						"dependencyConditions": [
							"Succeeded"
						]
					}
				],
				"userProperties": [],
				"typeProperties": {
					"pipeline": {
						"referenceName": "MultiStorageCopy",
						"type": "PipelineReference"
					},
					"waitOnCompletion": true,
					"parameters": {
						"pSourceDestinationType": {
							"value": "@variables('vRawHopperToRawStorageAccountType')",
							"type": "Expression"
						},
						"pSourceAssetPath": {
							"value": "@json(pipeline().parameters.currentFeedJobTask.FeedTaskJSON).properties.ouput_storage_properties.FolderPath_DestinationStore",
							"type": "Expression"
						},
						"pSourceAssetName": {
							"value": "@variables('vFileName')",
							"type": "Expression"
						},
						"pSourceStorageAccountServiceEndPoint": {
							"value": "@json(pipeline().parameters.currentFeedJobTask.FeedTaskJSON).properties.ouput_storage_properties.TargetStorageAccountServiceEndPoint",
							"type": "Expression"
						},
						"pDestinationAssetPath": {
							"value": "@json(pipeline().parameters.currentFeedJobTask.FeedTaskJSON).properties.ouput_storage_properties.FolderPath_ArchiveStore",
							"type": "Expression"
						},
						"pDestinationAssetName": {
							"value": "@variables('vFileName')",
							"type": "Expression"
						},
						"pDestinationStorageAccountServiceEndPoint": {
							"value": "@json(pipeline().parameters.currentFeedJobTask.FeedTaskJSON).properties.ouput_storage_properties.ArchiveStorageAccountServiceEndPoint",
							"type": "Expression"
						}
					}
				}
			},
			{
				"name": "Set vExportType",
				"type": "SetVariable",
				"dependsOn": [],
				"userProperties": [],
				"typeProperties": {
					"variableName": "vExportType",
					"value": {
						"value": "@json(pipeline().parameters.currentFeedJobTask.FeedTaskJSON).properties.extract_type",
						"type": "Expression"
					}
				}
			},
			{
				"name": "Set vFileName",
				"type": "SetVariable",
				"dependsOn": [
					{
						"activity": "Set vExportType",
						"dependencyConditions": [
							"Succeeded"
						]
					}
				],
				"userProperties": [],
				"typeProperties": {
					"variableName": "vFileName",
					"value": {
						"value": "@concat(\n       pipeline().parameters.pAssetName\n       ,if(equals(variables('vExportType'),'incremental'),'_','')\n       ,if(equals(variables('vExportType'),'incremental'),utcnow('yyyyMMddHHmmss'),'')\n       ,'.json'\n )",
						"type": "Expression"
					}
				}
			},
			{
				"name": "Get Size Switch Storage",
				"type": "Switch",
				"dependsOn": [
					{
						"activity": "set GetMD5 Body",
						"dependencyConditions": [
							"Succeeded"
						]
					}
				],
				"userProperties": [],
				"typeProperties": {
					"on": {
						"value": "@variables('vDatabaseToRawHopperStorageAccountType')",
						"type": "Expression"
					},
					"cases": [
						{
							"value": "Blob",
							"activities": [
								{
									"name": "Get_size_Blob",
									"type": "GetMetadata",
									"dependsOn": [],
									"policy": {
										"timeout": "7.00:00:00",
										"retry": 0,
										"retryIntervalInSeconds": 30,
										"secureOutput": false,
										"secureInput": false
									},
									"userProperties": [],
									"typeProperties": {
										"dataset": {
											"referenceName": "azsadna_datasource_generic_blob",
											"type": "DatasetReference",
											"parameters": {
												"path": {
													"value": "@json(pipeline().parameters.currentFeedJobTask.FeedTaskJSON).properties.ouput_storage_properties.FolderPath_DestinationStore",
													"type": "Expression"
												},
												"filename": {
													"value": "@variables('vFileName')",
													"type": "Expression"
												},
												"StorageAccountServiceEndPoint": {
													"value": "@json(pipeline().parameters.currentFeedJobTask.FeedTaskJSON).properties.ouput_storage_properties.TargetStorageAccountServiceEndPoint",
													"type": "Expression"
												}
											}
										},
										"fieldList": [
											"size"
										],
										"storeSettings": {
											"type": "AzureBlobStorageReadSettings",
											"recursive": true
										},
										"formatSettings": {
											"type": "BinaryReadSettings"
										}
									}
								},
								{
									"name": "Set vSize_Blob",
									"type": "SetVariable",
									"dependsOn": [
										{
											"activity": "Get_size_Blob",
											"dependencyConditions": [
												"Succeeded"
											]
										}
									],
									"userProperties": [],
									"typeProperties": {
										"variableName": "vSize",
										"value": {
											"value": "@string(activity('Get_size_Blob').output.size)",
											"type": "Expression"
										}
									}
								}
							]
						},
						{
							"value": "DataLake",
							"activities": [
								{
									"name": "Get_size_DataLake",
									"type": "GetMetadata",
									"dependsOn": [],
									"policy": {
										"timeout": "7.00:00:00",
										"retry": 0,
										"retryIntervalInSeconds": 30,
										"secureOutput": false,
										"secureInput": false
									},
									"userProperties": [],
									"typeProperties": {
										"dataset": {
											"referenceName": "azsadna_datasource_generic_adls2",
											"type": "DatasetReference",
											"parameters": {
												"path": {
													"value": "@json(pipeline().parameters.currentFeedJobTask.FeedTaskJSON).properties.ouput_storage_properties.FolderPath_DestinationStore",
													"type": "Expression"
												},
												"filename": {
													"value": "@variables('vFileName')",
													"type": "Expression"
												},
												"StorageAccountServiceEndPoint": {
													"value": "@json(pipeline().parameters.currentFeedJobTask.FeedTaskJSON).properties.ouput_storage_properties.TargetStorageAccountServiceEndPoint",
													"type": "Expression"
												}
											}
										},
										"fieldList": [
											"size"
										],
										"storeSettings": {
											"type": "AzureBlobFSReadSettings",
											"recursive": true
										},
										"formatSettings": {
											"type": "BinaryReadSettings"
										}
									}
								},
								{
									"name": "Set vSize_DataLake",
									"type": "SetVariable",
									"dependsOn": [
										{
											"activity": "Get_size_DataLake",
											"dependencyConditions": [
												"Succeeded"
											]
										}
									],
									"userProperties": [],
									"typeProperties": {
										"variableName": "vSize",
										"value": {
											"value": "@string(activity('Get_size_DataLake').output.size)",
											"type": "Expression"
										}
									}
								}
							]
						}
					]
				}
			}
		],
		"parameters": {
			"currentFeedJobTask": {
				"type": "object"
			},
			"pAssetName": {
				"type": "string"
			},
			"pAssetID": {
				"type": "string"
			},
			"pAssetPath": {
				"type": "string"
			},
			"primalPipelineRunId": {
				"type": "string"
			},
			"parentPipelineRunId": {
				"type": "string"
			}
		},
		"variables": {
			"vQuery": {
				"type": "String"
			},
			"vExportType": {
				"type": "String"
			},
			"vFileName": {
				"type": "String"
			},
			"vMD5": {
				"type": "String"
			},
			"vSize": {
				"type": "String"
			},
			"vRunLogId": {
				"type": "String"
			},
			"vRunLogStatus": {
				"type": "String"
			},
			"vBody": {
				"type": "String"
			},
			"vCountAssets": {
				"type": "String"
			},
			"vAssetTypeID": {
				"type": "String"
			},
			"vProcessStart": {
				"type": "String"
			},
			"vRunLogTypeId": {
				"type": "String"
			},
			"vDestination": {
				"type": "String",
				"defaultValue": "RAW"
			},
			"vErrorMessage": {
				"type": "String"
			},
			"vDatabaseToRawHopperStorageAccountType": {
				"type": "String"
			},
			"vRawHopperToRawStorageAccountType": {
				"type": "String"
			},
			"vRawHopperToQuarantineStorageType": {
				"type": "String"
			},
			"vRawHopperStorageType": {
				"type": "String"
			},
			"vGet_size": {
				"type": "String"
			}
		},
		"folder": {
			"name": "TaskTemplates"
		},
		"annotations": [],
		"lastPublishTime": "2021-03-11T17:44:26Z"
	},
	"type": "Microsoft.DataFactory/factories/pipelines"
}