{
	"name": "DataEgressCompressAndDistribute",
	"properties": {
		"activities": [
			{
				"name": "Set vTaskProperties",
				"type": "SetVariable",
				"dependsOn": [],
				"userProperties": [],
				"typeProperties": {
					"variableName": "vTaskProperties",
					"value": {
						"value": "@string(json(pipeline().parameters.pCurrentFeedJobTask.FeedTaskJSON).properties)",
						"type": "Expression"
					}
				}
			},
			{
				"name": "AssetAddOrUpdate_Egress",
				"description": "Register Asset In Egress",
				"type": "Lookup",
				"dependsOn": [
					{
						"activity": "Multi DeleteSourceFile",
						"dependencyConditions": [
							"Succeeded"
						]
					}
				],
				"policy": {
					"timeout": "7.00:00:00",
					"retry": 0,
					"retryIntervalInSeconds": 30,
					"secureOutput": false,
					"secureInput": false
				},
				"userProperties": [],
				"typeProperties": {
					"source": {
						"type": "AzureSqlSource",
						"sqlReaderStoredProcedureName": "[dbo].[AssetAddOrUpdate]",
						"storedProcedureParameters": {
							"pAssetCurrentLocation": {
								"type": "String",
								"value": {
									"value": "@json(variables('vTaskProperties')).FolderPath_DestinationStore",
									"type": "Expression"
								}
							},
							"pAssetDefinition": {
								"type": "String",
								"value": {
									"value": "@variables('vFileName')",
									"type": "Expression"
								}
							},
							"pAssetID": {
								"type": "String",
								"value": {
									"value": "@pipeline().parameters.pAssetID",
									"type": "Expression"
								}
							},
							"pAssetMD5": {
								"type": "String",
								"value": {
									"value": "@variables('vMD5')",
									"type": "Expression"
								}
							},
							"pAssetName": {
								"type": "String",
								"value": {
									"value": "@variables('vFileName')",
									"type": "Expression"
								}
							},
							"pAssetSubTypeID": {
								"type": "String",
								"value": null
							},
							"pAssetTypeID": {
								"type": "String",
								"value": null
							},
							"pAttributeDescription": {
								"type": "String",
								"value": null
							},
							"pAttributeEntityDescription": {
								"type": "String",
								"value": null
							},
							"pDTCreated": {
								"type": "String",
								"value": null
							},
							"pEntityDescription": {
								"type": "String",
								"value": null
							},
							"pFeedId": {
								"type": "String",
								"value": null
							},
							"pInformationClassificationID": {
								"type": "String",
								"value": null
							},
							"pKeepValueFlag": {
								"type": "String",
								"value": null
							},
							"pNumberOfBytes": {
								"type": "String",
								"value": {
									"value": "@variables('vSize')",
									"type": "Expression"
								}
							},
							"pNumberOfRecords": {
								"type": "String",
								"value": null
							},
							"pParentAssetID": {
								"type": "String",
								"value": null
							},
							"pStatusID": {
								"type": "String",
								"value": null
							},
							"pUserCreated": {
								"type": "String",
								"value": null
							}
						},
						"queryTimeout": "02:00:00",
						"partitionOption": "None"
					},
					"dataset": {
						"referenceName": "azsadna_datasource_generic_mssql",
						"type": "DatasetReference",
						"parameters": {
							"schema": "dbo",
							"table": "FEED"
						}
					}
				}
			},
			{
				"name": "AssetStatusChange_Egress",
				"description": "Update Status to \"Egress\"",
				"type": "Lookup",
				"dependsOn": [
					{
						"activity": "AssetAddOrUpdate_Egress",
						"dependencyConditions": [
							"Succeeded"
						]
					}
				],
				"policy": {
					"timeout": "7.00:00:00",
					"retry": 0,
					"retryIntervalInSeconds": 30,
					"secureOutput": false,
					"secureInput": false
				},
				"userProperties": [],
				"typeProperties": {
					"source": {
						"type": "AzureSqlSource",
						"sqlReaderStoredProcedureName": "[dbo].[AssetStatusChange]",
						"storedProcedureParameters": {
							"pAssetID": {
								"type": "String",
								"value": {
									"value": "@pipeline().parameters.pAssetID",
									"type": "Expression"
								}
							},
							"pDTCreated": {
								"type": "String",
								"value": null
							},
							"pStatusID": {
								"type": "String",
								"value": "24043"
							},
							"pUserCreated": {
								"type": "String",
								"value": null
							}
						},
						"queryTimeout": "02:00:00",
						"partitionOption": "None"
					},
					"dataset": {
						"referenceName": "azsadna_datasource_generic_mssql",
						"type": "DatasetReference",
						"parameters": {
							"schema": "dbo",
							"table": "FEED"
						}
					}
				}
			},
			{
				"name": "Multi DeleteSourceFile",
				"type": "ExecutePipeline",
				"dependsOn": [
					{
						"activity": "If_MD5_IsNull",
						"dependencyConditions": [
							"Succeeded"
						]
					}
				],
				"userProperties": [],
				"typeProperties": {
					"pipeline": {
						"referenceName": "MultiStorageDelete",
						"type": "PipelineReference"
					},
					"waitOnCompletion": true,
					"parameters": {
						"pSourceType": {
							"value": "@json(variables('vTaskProperties')).SourceStorageAccountType",
							"type": "Expression"
						},
						"pSourceAssetPath": {
							"value": "@json(variables('vTaskProperties')).FolderPath_SourceStore",
							"type": "Expression"
						},
						"pSourceAssetName": {
							"value": "@variables('vAssetName')",
							"type": "Expression"
						},
						"pSourceStorageAccountServiceEndPoint": {
							"value": "@json(variables('vTaskProperties')).SourceStorageAccountServiceEndPoint",
							"type": "Expression"
						}
					}
				}
			},
			{
				"name": "Set vAssetName",
				"type": "SetVariable",
				"dependsOn": [
					{
						"activity": "AssetToProcessGet",
						"dependencyConditions": [
							"Succeeded"
						]
					}
				],
				"userProperties": [],
				"typeProperties": {
					"variableName": "vAssetName",
					"value": {
						"value": "@json(activity('AssetToProcessGet').output.firstRow.AssetListJSON).AssetList[0].AssetName",
						"type": "Expression"
					}
				}
			},
			{
				"name": "AssetToProcessGet",
				"type": "Lookup",
				"dependsOn": [
					{
						"activity": "Set vTaskProperties",
						"dependencyConditions": [
							"Succeeded"
						]
					}
				],
				"policy": {
					"timeout": "7.00:00:00",
					"retry": 0,
					"retryIntervalInSeconds": 30,
					"secureOutput": false,
					"secureInput": false
				},
				"userProperties": [],
				"typeProperties": {
					"source": {
						"type": "AzureSqlSource",
						"sqlReaderStoredProcedureName": "[dbo].[AssetToProcessGet]",
						"storedProcedureParameters": {
							"pAssetID": {
								"type": "String",
								"value": {
									"value": "@pipeline().parameters.pAssetId",
									"type": "Expression"
								}
							},
							"pAssetStatusID": {
								"type": "String",
								"value": null
							},
							"pFeedID": {
								"type": "String",
								"value": null
							},
							"pLatestAssetFlag": {
								"type": "String",
								"value": null
							},
							"pProjectID": {
								"type": "String",
								"value": null
							},
							"pSourceRangeID": {
								"type": "String",
								"value": null
							},
							"pTargetLayer": {
								"type": "String",
								"value": null
							}
						},
						"queryTimeout": "02:00:00",
						"partitionOption": "None"
					},
					"dataset": {
						"referenceName": "azsadna_datasource_generic_mssql",
						"type": "DatasetReference",
						"parameters": {
							"schema": "dbo",
							"table": "FEED"
						}
					},
					"firstRowOnly": true
				}
			},
			{
				"name": "MultiStorageCompressDistribute",
				"type": "ExecutePipeline",
				"dependsOn": [
					{
						"activity": "Set vFileName",
						"dependencyConditions": [
							"Succeeded"
						]
					}
				],
				"userProperties": [],
				"typeProperties": {
					"pipeline": {
						"referenceName": "MultiStorageCompress",
						"type": "PipelineReference"
					},
					"waitOnCompletion": true,
					"parameters": {
						"pSourceDestinationType": {
							"value": "@concat(json(variables('vTaskProperties')).SourceStorageAccountType,'To',json(variables('vTaskProperties')).TargetStorageAccountType)",
							"type": "Expression"
						},
						"pSourceAssetPath": {
							"value": "@json(variables('vTaskProperties')).FolderPath_SourceStore",
							"type": "Expression"
						},
						"pSourceAssetName": {
							"value": "@variables('vAssetName')",
							"type": "Expression"
						},
						"pSourceStorageAccountServiceEndPoint": {
							"value": "@json(variables('vTaskProperties')).SourceStorageAccountServiceEndPoint",
							"type": "Expression"
						},
						"pDestinationAssetPath": {
							"value": "@json(variables('vTaskProperties')).FolderPath_DestinationStore",
							"type": "Expression"
						},
						"pDestinationAssetName": {
							"value": "@variables('vFileName')",
							"type": "Expression"
						},
						"pDestinationStorageAccountServiceEndPoint": {
							"value": "@json(variables('vTaskProperties')).TargetStorageAccountServiceEndPoint",
							"type": "Expression"
						},
						"pCompressionType": {
							"value": "@pipeline().parameters.pCompressionType",
							"type": "Expression"
						},
						"pCompressionLevel": {
							"value": "@pipeline().parameters.pCompressionLevel",
							"type": "Expression"
						}
					}
				}
			},
			{
				"name": "Get MD5 - Size Switch Storage",
				"type": "Switch",
				"dependsOn": [
					{
						"activity": "MultiStorageCompressDistribute",
						"dependencyConditions": [
							"Succeeded"
						]
					}
				],
				"userProperties": [],
				"typeProperties": {
					"on": {
						"value": "@json(variables('vTaskProperties')).TargetStorageAccountType",
						"type": "Expression"
					},
					"cases": [
						{
							"value": "Blob",
							"activities": [
								{
									"name": "Set vSize_Blob",
									"type": "SetVariable",
									"dependsOn": [
										{
											"activity": "Get_MD5_size_Blob",
											"dependencyConditions": [
												"Succeeded"
											]
										}
									],
									"userProperties": [],
									"typeProperties": {
										"variableName": "vSize",
										"value": {
											"value": "@string(activity('Get_MD5_size_Blob').output.size)",
											"type": "Expression"
										}
									}
								},
								{
									"name": "Get_MD5_size_Blob",
									"type": "GetMetadata",
									"dependsOn": [],
									"policy": {
										"timeout": "7.00:00:00",
										"retry": 0,
										"retryIntervalInSeconds": 30,
										"secureOutput": false,
										"secureInput": false
									},
									"userProperties": [],
									"typeProperties": {
										"dataset": {
											"referenceName": "azsadna_datasource_generic_blob",
											"type": "DatasetReference",
											"parameters": {
												"path": {
													"value": "@json(variables('vTaskProperties')).FolderPath_DestinationStore",
													"type": "Expression"
												},
												"filename": {
													"value": "@variables('vFileName')",
													"type": "Expression"
												},
												"StorageAccountServiceEndPoint": {
													"value": "@json(variables('vTaskProperties')).TargetStorageAccountServiceEndPoint",
													"type": "Expression"
												}
											}
										},
										"fieldList": [
											"contentMD5",
											"size"
										],
										"storeSettings": {
											"type": "AzureBlobStorageReadSettings",
											"recursive": true
										},
										"formatSettings": {
											"type": "BinaryReadSettings"
										}
									}
								},
								{
									"name": "Set vMD5_Blob",
									"type": "SetVariable",
									"dependsOn": [
										{
											"activity": "Get_MD5_size_Blob",
											"dependencyConditions": [
												"Succeeded"
											]
										}
									],
									"userProperties": [],
									"typeProperties": {
										"variableName": "vMD5",
										"value": {
											"value": "@coalesce(activity('Get_MD5_Size_Blob').output.contentMD5,'')",
											"type": "Expression"
										}
									}
								}
							]
						},
						{
							"value": "DataLake",
							"activities": [
								{
									"name": "Set vSize_DataLake",
									"type": "SetVariable",
									"dependsOn": [
										{
											"activity": "Get_MD5_size_DataLake",
											"dependencyConditions": [
												"Succeeded"
											]
										}
									],
									"userProperties": [],
									"typeProperties": {
										"variableName": "vSize",
										"value": {
											"value": "@string(activity('Get_MD5_size_DataLake').output.size)",
											"type": "Expression"
										}
									}
								},
								{
									"name": "Get_MD5_size_DataLake",
									"type": "GetMetadata",
									"dependsOn": [],
									"policy": {
										"timeout": "7.00:00:00",
										"retry": 0,
										"retryIntervalInSeconds": 30,
										"secureOutput": false,
										"secureInput": false
									},
									"userProperties": [],
									"typeProperties": {
										"dataset": {
											"referenceName": "azsadna_datasource_generic_blob",
											"type": "DatasetReference",
											"parameters": {
												"path": {
													"value": "@json(variables('vTaskProperties')).FolderPath_DestinationStore",
													"type": "Expression"
												},
												"filename": {
													"value": "@variables('vFileName')",
													"type": "Expression"
												},
												"StorageAccountServiceEndPoint": {
													"value": "@json(variables('vTaskProperties')).TargetStorageAccountServiceEndPoint",
													"type": "Expression"
												}
											}
										},
										"fieldList": [
											"contentMD5",
											"size"
										],
										"storeSettings": {
											"type": "AzureBlobStorageReadSettings",
											"recursive": true
										},
										"formatSettings": {
											"type": "BinaryReadSettings"
										}
									}
								},
								{
									"name": "Set vMD5_DataLake",
									"type": "SetVariable",
									"dependsOn": [
										{
											"activity": "Get_MD5_size_DataLake",
											"dependencyConditions": [
												"Succeeded"
											]
										}
									],
									"userProperties": [],
									"typeProperties": {
										"variableName": "vMD5",
										"value": {
											"value": "@string('')",
											"type": "Expression"
										}
									}
								}
							]
						}
					]
				}
			},
			{
				"name": "If_MD5_IsNull",
				"description": "If  MD5 IS NULL \n  Call FunctionApp GetMD5 (placeholder)\nELSE\n  Do nothing",
				"type": "IfCondition",
				"dependsOn": [
					{
						"activity": "Get MD5 - Size Switch Storage",
						"dependencyConditions": [
							"Succeeded"
						]
					}
				],
				"userProperties": [],
				"typeProperties": {
					"expression": {
						"value": "@equals(variables('vMD5'),'')",
						"type": "Expression"
					},
					"ifFalseActivities": [
						{
							"name": "DoNothing",
							"type": "Wait",
							"dependsOn": [],
							"userProperties": [],
							"typeProperties": {
								"waitTimeInSeconds": 1
							}
						}
					],
					"ifTrueActivities": [
						{
							"name": "Set vMD5_AferGetMD5",
							"type": "SetVariable",
							"dependsOn": [
								{
									"activity": "GetMD5",
									"dependencyConditions": [
										"Succeeded"
									]
								}
							],
							"userProperties": [],
							"typeProperties": {
								"variableName": "vMD5",
								"value": {
									"value": "@activity('GetMD5').output.originalFileMd5Hash",
									"type": "Expression"
								}
							}
						},
						{
							"name": "GetMD5",
							"type": "AzureFunctionActivity",
							"dependsOn": [
								{
									"activity": "set GetMD5 Body",
									"dependencyConditions": [
										"Succeeded"
									]
								}
							],
							"policy": {
								"timeout": "7.00:00:00",
								"retry": 0,
								"retryIntervalInSeconds": 30,
								"secureOutput": false,
								"secureInput": false
							},
							"userProperties": [],
							"typeProperties": {
								"functionName": "md5",
								"method": "POST",
								"body": {
									"value": "@variables('vBody')",
									"type": "Expression"
								}
							},
							"linkedServiceName": {
								"referenceName": "FileTools",
								"type": "LinkedServiceReference"
							}
						},
						{
							"name": "set GetMD5 Body",
							"type": "SetVariable",
							"dependsOn": [],
							"userProperties": [],
							"typeProperties": {
								"variableName": "vBody",
								"value": {
									"value": "@concat('{'\n,'\"sourceAccount\":\"',json(variables('vTaskProperties')).TargetStorageAccountServiceEndPoint,'\",'\n,'\"sourcePath\":\"',json(variables('vTaskProperties')).FolderPath_DestinationStore,'\",'\n,'\"file\":\"',variables('vFileName'), '\"}'\n)",
									"type": "Expression"
								}
							}
						}
					]
				}
			},
			{
				"name": "Set vFileName",
				"type": "SetVariable",
				"dependsOn": [
					{
						"activity": "Set vAssetName",
						"dependencyConditions": [
							"Succeeded"
						]
					}
				],
				"userProperties": [],
				"typeProperties": {
					"variableName": "vFileName",
					"value": {
						"value": "@concat(\n          variables('vAssetName')\n         ,if(equals(pipeline().parameters.pCompressionType,'GZIP')\n            ,'.gz'\n            ,''\n         )\n)",
						"type": "Expression"
					}
				}
			}
		],
		"parameters": {
			"pAssetName": {
				"type": "string"
			},
			"pCurrentFeedJobTask": {
				"type": "object"
			},
			"pAssetId": {
				"type": "string"
			},
			"pCompressionType": {
				"type": "string"
			},
			"pCompressionLevel": {
				"type": "string"
			}
		},
		"variables": {
			"vRunLogId": {
				"type": "String"
			},
			"vErrorMessage": {
				"type": "String"
			},
			"vErrorMessage_SQL_TPT": {
				"type": "String"
			},
			"vSingleQuote": {
				"type": "String",
				"defaultValue": "'"
			},
			"vTaskProperties": {
				"type": "String"
			},
			"vAssetName": {
				"type": "String"
			},
			"vFileName": {
				"type": "String"
			},
			"vSize": {
				"type": "String"
			},
			"vMD5": {
				"type": "String"
			},
			"vBody": {
				"type": "String"
			}
		},
		"folder": {
			"name": "TaskTemplates/TaskTemplateUtils"
		},
		"annotations": [],
		"lastPublishTime": "2021-03-11T17:44:26Z"
	},
	"type": "Microsoft.DataFactory/factories/pipelines"
}