{
	"name": "DQ_Analysis",
	"properties": {
		"activities": [
			{
				"name": "If Condition1",
				"type": "IfCondition",
				"dependsOn": [
					{
						"activity": "vDQValue",
						"dependencyConditions": [
							"Succeeded"
						]
					}
				],
				"userProperties": [],
				"typeProperties": {
					"expression": {
						"value": "@equals(variables('vDQValue'),true)",
						"type": "Expression"
					},
					"ifTrueActivities": [
						{
							"name": "data_profiling_driver_new",
							"type": "DatabricksNotebook",
							"dependsOn": [],
							"policy": {
								"timeout": "7.00:00:00",
								"retry": 0,
								"retryIntervalInSeconds": 30,
								"secureOutput": false,
								"secureInput": false
							},
							"userProperties": [],
							"typeProperties": {
								"notebookPath": "/dapdevidfdb/AZ_DataQuality/data_profiling_driver_new",
								"baseParameters": {
									"file": {
										"value": "@concat('/dbfs/mnt/idfwbadevcleansedmount/', string(pipeline().parameters.pAssetDestinationPath),string(pipeline().parameters.pAssetName))",
										"type": "Expression"
									},
									"feedid": {
										"value": "@string(pipeline().parameters.pFeedId)\n\n",
										"type": "Expression"
									},
									"assetid": {
										"value": "@string(pipeline().parameters.pAssetId)",
										"type": "Expression"
									}
								}
							},
							"linkedServiceName": {
								"referenceName": "AzureDatabricks1",
								"type": "LinkedServiceReference"
							}
						},
						{
							"name": "data_profiling_correlation_report",
							"type": "DatabricksNotebook",
							"dependsOn": [
								{
									"activity": "data_profiling_driver_new",
									"dependencyConditions": [
										"Succeeded"
									]
								}
							],
							"policy": {
								"timeout": "7.00:00:00",
								"retry": 0,
								"retryIntervalInSeconds": 30,
								"secureOutput": false,
								"secureInput": false
							},
							"userProperties": [],
							"typeProperties": {
								"notebookPath": "/dapdevidfdb/AZ_DataQuality/data_profiling_correlation_report",
								"baseParameters": {
									"file": {
										"value": "@concat('/dbfs/mnt/idfwbadevcleansedmount/', string(pipeline().parameters.pAssetDestinationPath),string(pipeline().parameters.pAssetName))",
										"type": "Expression"
									},
									"feedid": {
										"value": "@string(pipeline().parameters.pFeedId)",
										"type": "Expression"
									},
									"assetid": {
										"value": "@string(pipeline().parameters.pAssetid)",
										"type": "Expression"
									}
								}
							},
							"linkedServiceName": {
								"referenceName": "AzureDatabricks1",
								"type": "LinkedServiceReference"
							}
						}
					]
				}
			},
			{
				"name": "DQFetchProperties",
				"description": "AssetTypeID = 6 and\nDQCheck = 1",
				"type": "Lookup",
				"dependsOn": [],
				"policy": {
					"timeout": "7.00:00:00",
					"retry": 0,
					"retryIntervalInSeconds": 30,
					"secureOutput": false,
					"secureInput": false
				},
				"userProperties": [],
				"typeProperties": {
					"source": {
						"type": "AzureSqlSource",
						"sqlReaderQuery": {
							"value": "@concat('SELECT DQCheck, AssetTypeID FROM idfwba.Feed WHERE FeedID = ', string(pipeline().parameters.pFeedId))",
							"type": "Expression"
						},
						"queryTimeout": "02:00:00",
						"partitionOption": "None"
					},
					"dataset": {
						"referenceName": "azsadna_datasource_generic_mssql",
						"type": "DatasetReference",
						"parameters": {
							"schema": "idfwba",
							"table": "Feed"
						}
					},
					"firstRowOnly": true
				}
			},
			{
				"name": "vDQValue",
				"description": "Old Code\n\n@if(and(\n        equals(activity('DQFetchProperties').output.firstRow.AssetTypeID,6),\n        equals(activity('DQFetchProperties').output.firstRow.DQCheck,true)\n),true,false)",
				"type": "SetVariable",
				"dependsOn": [
					{
						"activity": "DQFetchProperties",
						"dependencyConditions": [
							"Succeeded"
						]
					}
				],
				"userProperties": [],
				"typeProperties": {
					"variableName": "vDQValue",
					"value": {
						"value": "@if(and(\n        equals(activity('DQFetchProperties').output.firstRow.AssetTypeID,6),\n        equals(activity('DQFetchProperties').output.firstRow.DQCheck,true)\n),false,false)",
						"type": "Expression"
					}
				}
			}
		],
		"parameters": {
			"pFeedId": {
				"type": "string"
			},
			"pAssetId": {
				"type": "string"
			},
			"PAssetDestinationPath": {
				"type": "string"
			},
			"pAssetName": {
				"type": "string"
			}
		},
		"variables": {
			"vDQValue": {
				"type": "Boolean"
			}
		},
		"folder": {
			"name": "TaskTemplates"
		},
		"annotations": []
	}
}