{
	"name": "DQ_Analysis_Zip",
	"properties": {
		"activities": [
			{
				"name": "If Condition1",
				"type": "IfCondition",
				"dependsOn": [],
				"userProperties": [],
				"typeProperties": {
					"expression": {
						"value": "@equals(pipeline().parameters.pDQ,true)\n\n",
						"type": "Expression"
					},
					"ifTrueActivities": [
						{
							"name": "data_profiling_driver_new",
							"type": "DatabricksNotebook",
							"dependsOn": [],
							"policy": {
								"timeout": "7.00:00:00",
								"retry": 0,
								"retryIntervalInSeconds": 30,
								"secureOutput": false,
								"secureInput": false
							},
							"userProperties": [],
							"typeProperties": {
								"notebookPath": "/dapdevidfdb/AZ_DataQuality/data_profiling_driver_new",
								"baseParameters": {
									"file": {
										"value": "@concat('/dbfs/mnt/idfwbadevcleansedmount/', string(pipeline().parameters.pAssetDestinationPath),string(pipeline().parameters.pAssetName))",
										"type": "Expression"
									},
									"feedid": {
										"value": "@string(pipeline().parameters.pFeedId)\n\n",
										"type": "Expression"
									},
									"assetid": {
										"value": "@string(pipeline().parameters.pAssetId)",
										"type": "Expression"
									}
								}
							},
							"linkedServiceName": {
								"referenceName": "AzureDatabricks1",
								"type": "LinkedServiceReference"
							}
						},
						{
							"name": "data_profiling_correlation_report",
							"type": "DatabricksNotebook",
							"dependsOn": [
								{
									"activity": "data_profiling_driver_new",
									"dependencyConditions": [
										"Succeeded"
									]
								}
							],
							"policy": {
								"timeout": "7.00:00:00",
								"retry": 0,
								"retryIntervalInSeconds": 30,
								"secureOutput": false,
								"secureInput": false
							},
							"userProperties": [],
							"typeProperties": {
								"notebookPath": "/dapdevidfdb/AZ_DataQuality/data_profiling_correlation_report",
								"baseParameters": {
									"file": {
										"value": "@concat('/dbfs/mnt/idfwbadevcleansedmount/', string(pipeline().parameters.pAssetDestinationPath),string(pipeline().parameters.pAssetName))",
										"type": "Expression"
									},
									"feedid": {
										"value": "@string(pipeline().parameters.pFeedId)",
										"type": "Expression"
									},
									"assetid": {
										"value": "@string(pipeline().parameters.pAssetid)",
										"type": "Expression"
									}
								}
							},
							"linkedServiceName": {
								"referenceName": "AzureDatabricks1",
								"type": "LinkedServiceReference"
							}
						}
					]
				}
			}
		],
		"parameters": {
			"pFeedId": {
				"type": "string"
			},
			"pAssetId": {
				"type": "string"
			},
			"PAssetDestinationPath": {
				"type": "string"
			},
			"pAssetName": {
				"type": "string"
			},
			"pDQ": {
				"type": "string"
			}
		},
		"variables": {
			"vDQValue": {
				"type": "Boolean"
			}
		},
		"folder": {
			"name": "TaskTemplates"
		},
		"annotations": []
	}
}