{
	"name": "ESP_Triggers",
	"properties": {
		"description": "This pipeline create a new file in VM when a new feed has been registered. ",
		"activities": [
			{
				"name": "GetFeedName",
				"type": "Lookup",
				"dependsOn": [],
				"policy": {
					"timeout": "7.00:00:00",
					"retry": 0,
					"retryIntervalInSeconds": 30,
					"secureOutput": false,
					"secureInput": false
				},
				"userProperties": [],
				"typeProperties": {
					"source": {
						"type": "AzureSqlSource",
						"sqlReaderQuery": {
							"value": "Select FeedName from idfwba.Asset a left join idfwba.Feed f on a.FeedID = f.FeedID where a.FeedID = @{pipeline().parameters.currentFeedJobTask.FeedID}",
							"type": "Expression"
						},
						"queryTimeout": "02:00:00",
						"partitionOption": "None"
					},
					"dataset": {
						"referenceName": "azsadna_datasource_generic_mssql",
						"type": "DatasetReference",
						"parameters": {
							"schema": "idfwba",
							"table": "FEED"
						}
					}
				}
			},
			{
				"name": "Create trigger file on VM",
				"type": "Copy",
				"dependsOn": [
					{
						"activity": "GetFeedName",
						"dependencyConditions": [
							"Succeeded"
						]
					}
				],
				"policy": {
					"timeout": "7.00:00:00",
					"retry": 0,
					"retryIntervalInSeconds": 30,
					"secureOutput": false,
					"secureInput": false
				},
				"userProperties": [],
				"typeProperties": {
					"source": {
						"type": "AzureSqlSource",
						"sqlReaderQuery": "select '' as A",
						"queryTimeout": "02:00:00",
						"partitionOption": "None"
					},
					"sink": {
						"type": "DelimitedTextSink",
						"storeSettings": {
							"type": "SftpWriteSettings",
							"operationTimeout": "01:00:00",
							"useTempFileRename": true
						},
						"formatSettings": {
							"type": "DelimitedTextWriteSettings",
							"quoteAllText": true,
							"fileExtension": ".txt"
						}
					},
					"enableStaging": false,
					"translator": {
						"type": "TabularTranslator",
						"typeConversion": true,
						"typeConversionSettings": {
							"allowDataTruncation": true,
							"treatBooleanAsNumber": false
						}
					}
				},
				"inputs": [
					{
						"referenceName": "azsadna_datasource_generic_mssql",
						"type": "DatasetReference",
						"parameters": {
							"schema": "idfwba",
							"table": "DUMMY_FEED"
						}
					}
				],
				"outputs": [
					{
						"referenceName": "espTriggers",
						"type": "DatasetReference",
						"parameters": {
							"filename": {
								"value": "@concat(activity('GetFeedName').output.firstRow.FeedName,'_',pipeline().parameters.currentFeedJobTask.FeedID,'_',pipeline().parameters.pAssetId,'.trig')",
								"type": "Expression"
							}
						}
					}
				]
			},
			{
				"name": "if_esptrigger_fail",
				"type": "SetVariable",
				"dependsOn": [
					{
						"activity": "Create trigger file on VM",
						"dependencyConditions": [
							"Succeeded"
						]
					}
				],
				"userProperties": [],
				"typeProperties": {
					"variableName": "vESPTriggers_status",
					"value": "fail"
				}
			}
		],
		"parameters": {
			"pAssetName": {
				"type": "string"
			},
			"primalPipelineRunId": {
				"type": "string"
			},
			"parentPipelineRunId": {
				"type": "string"
			},
			"currentFeedJobTask": {
				"type": "object"
			},
			"pMD5": {
				"type": "string"
			},
			"pSize": {
				"type": "string"
			},
			"pNrRecords": {
				"type": "string"
			},
			"pParentAssetId": {
				"type": "string"
			},
			"pAssetId": {
				"type": "string"
			},
			"pAssetPath": {
				"type": "string"
			}
		},
		"variables": {
			"vProcessStart": {
				"type": "String"
			},
			"vRunLogStatus": {
				"type": "String"
			},
			"vRunLogId": {
				"type": "String"
			},
			"vParentRunLogId": {
				"type": "String"
			},
			"vRunLogTypeId": {
				"type": "String"
			},
			"vDestination": {
				"type": "String"
			},
			"vAssetId": {
				"type": "String"
			},
			"vRenamedAssetName": {
				"type": "String"
			},
			"vAssetToGet": {
				"type": "String"
			},
			"vRefLOVTargetTable": {
				"type": "String"
			},
			"vRawToCleansedStorageAccountType": {
				"type": "String"
			},
			"vCleansedStorageAccountType": {
				"type": "String"
			},
			"vRawToQuarantineStorageAccountType": {
				"type": "String"
			},
			"vQuarantineStorageAccountType": {
				"type": "String"
			},
			"vRawStorageAccountType": {
				"type": "String"
			},
			"vFeedID": {
				"type": "String"
			},
			"vRefDataExportFeedID": {
				"type": "String"
			},
			"vTriggerRefDataImport": {
				"type": "String"
			},
			"vCurrentFeedJobTaskProperties": {
				"type": "String"
			},
			"vCheckFeedJobTaskforEncrypted": {
				"type": "Boolean"
			},
			"vFileToolPostBody": {
				"type": "String"
			},
			"vExtension": {
				"type": "String"
			},
			"vUnpackAndInfoError": {
				"type": "String"
			},
			"vErrorMessage_SQL_TPT": {
				"type": "String"
			},
			"vESPTriggers_status": {
				"type": "String"
			},
			"vChildItem": {
				"type": "Array"
			},
			"vAssetDefinition": {
				"type": "String"
			},
			"vItemName": {
				"type": "String"
			},
			"vFeedName": {
				"type": "Array"
			}
		},
		"folder": {
			"name": "TaskTemplates"
		},
		"annotations": []
	}
}