{
	"name": "ESP_Triggers_Signal",
	"properties": {
		"description": "This pipeline create a new file in VM when all the assets present in the signal file are ingested. Pipeline use configurable feed filed Esp_Flg",
		"activities": [
			{
				"name": "ESP_Triggers_one_trigger",
				"type": "DatabricksNotebook",
				"dependsOn": [],
				"policy": {
					"timeout": "0.12:00:00",
					"retry": 0,
					"retryIntervalInSeconds": 30,
					"secureOutput": false,
					"secureInput": false
				},
				"userProperties": [],
				"typeProperties": {
					"notebookPath": "/Shared/ingestion_framework/ESP_Triggers",
					"baseParameters": {
						"AssetID": {
							"value": "@pipeline().parameters.pParentAssetId",
							"type": "Expression"
						},
						"FeedID": {
							"value": "@string(pipeline().parameters.pFeedId)",
							"type": "Expression"
						},
						"FeedName": {
							"value": "@pipeline().parameters.pFeedName",
							"type": "Expression"
						},
						"SignalDestinationPath": {
							"value": "@pipeline().parameters.pSigFilePath",
							"type": "Expression"
						},
						"SignalFeedID": {
							"value": "@string(pipeline().parameters.pSigFeedID)",
							"type": "Expression"
						},
						"SigFeedName": {
							"value": "@pipeline().parameters.pSigFeedName",
							"type": "Expression"
						},
						"Env": {
							"value": "@if(\n  equals(\n    pipeline().DataFactory,'dapdevidfadf01'\n  ),'dev',if(\n    equals(\n     pipeline().DataFactory,'daptestidfadf01'\n    ),'test',if(\n\tequals(\n\t    pipeline().DataFactory,'dapuatidfadf01'\n      ), 'uat',  if(\n\t  equals(\n\t    pipeline().DataFactory,'dapprodidfadf01'\n      ), 'prod', 'error: environment not found'))))\n\t  ",
							"type": "Expression"
						}
					}
				},
				"linkedServiceName": {
					"referenceName": "AzureDatabricksIngestion",
					"type": "LinkedServiceReference"
				}
			},
			{
				"name": "If Condition1",
				"type": "IfCondition",
				"dependsOn": [
					{
						"activity": "ESP_Triggers_one_trigger",
						"dependencyConditions": [
							"Succeeded"
						]
					}
				],
				"userProperties": [],
				"typeProperties": {
					"expression": {
						"value": "@contains(string(activity('ESP_Triggers_one_trigger').output.runOutput.message), 'OK')\n\n",
						"type": "Expression"
					},
					"ifTrueActivities": [
						{
							"name": "Create trigger file on VM",
							"type": "Copy",
							"dependsOn": [],
							"policy": {
								"timeout": "7.00:00:00",
								"retry": 0,
								"retryIntervalInSeconds": 30,
								"secureOutput": false,
								"secureInput": false
							},
							"userProperties": [],
							"typeProperties": {
								"source": {
									"type": "AzureSqlSource",
									"sqlReaderQuery": "select '' as A",
									"queryTimeout": "02:00:00",
									"partitionOption": "None"
								},
								"sink": {
									"type": "DelimitedTextSink",
									"storeSettings": {
										"type": "SftpWriteSettings",
										"operationTimeout": "01:00:00",
										"useTempFileRename": true
									},
									"formatSettings": {
										"type": "DelimitedTextWriteSettings",
										"quoteAllText": true,
										"fileExtension": ".txt"
									}
								},
								"enableStaging": false,
								"translator": {
									"type": "TabularTranslator",
									"typeConversion": true,
									"typeConversionSettings": {
										"allowDataTruncation": true,
										"treatBooleanAsNumber": false
									}
								}
							},
							"inputs": [
								{
									"referenceName": "azsadna_datasource_generic_mssql",
									"type": "DatasetReference",
									"parameters": {
										"schema": "idfwba",
										"table": "DUMMY_FEED"
									}
								}
							],
							"outputs": [
								{
									"referenceName": "espTriggers",
									"type": "DatasetReference",
									"parameters": {
										"filename": {
											"value": "@concat(pipeline().parameters.pFeedName,'_',formatDateTime(utcnow(), 'yyyyMMdd') ,'.trig')",
											"type": "Expression"
										}
									}
								}
							]
						}
					]
				}
			}
		],
		"parameters": {
			"pAssetName": {
				"type": "string"
			},
			"currentFeedJobTask": {
				"type": "object"
			},
			"pParentAssetId": {
				"type": "string"
			},
			"pAssetId": {
				"type": "string"
			},
			"pAssetPath": {
				"type": "string"
			},
			"pZip_ProcFlg": {
				"type": "string"
			},
			"pFeedId": {
				"type": "int"
			},
			"pSigFilePath": {
				"type": "string"
			},
			"pSigFeedID": {
				"type": "int"
			},
			"pSigFeedName": {
				"type": "string"
			},
			"pFeedName": {
				"type": "string"
			}
		},
		"variables": {
			"vProcessStart": {
				"type": "String"
			},
			"vRunLogStatus": {
				"type": "String"
			},
			"vRunLogId": {
				"type": "String"
			},
			"vParentRunLogId": {
				"type": "String"
			},
			"vRunLogTypeId": {
				"type": "String"
			},
			"vDestination": {
				"type": "String"
			},
			"vAssetId": {
				"type": "String"
			},
			"vRenamedAssetName": {
				"type": "String"
			},
			"vAssetToGet": {
				"type": "String"
			},
			"vRefLOVTargetTable": {
				"type": "String"
			},
			"vRawToCleansedStorageAccountType": {
				"type": "String"
			},
			"vCleansedStorageAccountType": {
				"type": "String"
			},
			"vRawToQuarantineStorageAccountType": {
				"type": "String"
			},
			"vQuarantineStorageAccountType": {
				"type": "String"
			},
			"vRawStorageAccountType": {
				"type": "String"
			},
			"vFeedID": {
				"type": "String"
			},
			"vRefDataExportFeedID": {
				"type": "String"
			},
			"vTriggerRefDataImport": {
				"type": "String"
			},
			"vCurrentFeedJobTaskProperties": {
				"type": "String"
			},
			"vCheckFeedJobTaskforEncrypted": {
				"type": "Boolean"
			},
			"vFileToolPostBody": {
				"type": "String"
			},
			"vExtension": {
				"type": "String"
			},
			"vUnpackAndInfoError": {
				"type": "String"
			},
			"vErrorMessage_SQL_TPT": {
				"type": "String"
			},
			"vESPTriggers_status": {
				"type": "String"
			},
			"vChildItem": {
				"type": "Array"
			},
			"vAssetDefinition": {
				"type": "String"
			},
			"vItemName": {
				"type": "String"
			},
			"vFeedName": {
				"type": "Array"
			},
			"vEsp_Flg": {
				"type": "String"
			}
		},
		"folder": {
			"name": "TaskTemplates"
		},
		"annotations": []
	}
}