{
	"name": "ETLProcedureErrorControl",
	"properties": {
		"activities": [
			{
				"name": "If Procedure Error",
				"type": "IfCondition",
				"dependsOn": [],
				"userProperties": [],
				"typeProperties": {
					"expression": {
						"value": "@equals(int(pipeline().parameters.ProcedureStatus),-1)",
						"type": "Expression"
					},
					"ifTrueActivities": [
						{
							"name": "ETLRunException_Procedure",
							"type": "ExecutePipeline",
							"dependsOn": [],
							"userProperties": [],
							"typeProperties": {
								"pipeline": {
									"referenceName": "ETLRunException",
									"type": "PipelineReference"
								},
								"waitOnCompletion": true,
								"parameters": {
									"pErrorMessage": {
										"value": "@pipeline().parameters.ProcedureMessage",
										"type": "Expression"
									},
									"pDTCreated": {
										"value": "@utcnow('yyyyMMdd HH:mm:ss.fff')",
										"type": "Expression"
									},
									"pRunLogID": {
										"value": "@pipeline().parameters.RunLogID",
										"type": "Expression"
									},
									"pUserCreated": {
										"value": "@pipeline().parameters.UserCreated",
										"type": "Expression"
									}
								}
							}
						}
					]
				}
			}
		],
		"parameters": {
			"ProcedureStatus": {
				"type": "string"
			},
			"ProcedureMessage": {
				"type": "string"
			},
			"RunLogID": {
				"type": "string"
			},
			"UserCreated": {
				"type": "string"
			}
		},
		"folder": {
			"name": "Common/AuditNLog"
		},
		"annotations": [],
		"lastPublishTime": "2021-03-11T17:44:24Z"
	},
	"type": "Microsoft.DataFactory/factories/pipelines"
}