{
	"name": "ETLRunException",
	"properties": {
		"activities": [
			{
				"name": "Generate Exception",
				"description": "Stored Procedure call to generate Exception",
				"type": "SqlServerStoredProcedure",
				"dependsOn": [
					{
						"activity": "ETLRunLogAddOrUpdate_RunException",
						"dependencyConditions": [
							"Succeeded"
						]
					}
				],
				"policy": {
					"timeout": "7.00:00:00",
					"retry": 0,
					"retryIntervalInSeconds": 30,
					"secureOutput": false,
					"secureInput": false
				},
				"userProperties": [],
				"typeProperties": {
					"storedProcedureName": "sp_executesql",
					"storedProcedureParameters": {
						"stmt": {
							"value": {
								"value": "@replace(\n     variables('vErrorMessage_SQL_TPT'),\n     'ERROR_MESSAGE',\n      replace(variables('vErrorMessage'),\n          variables('vSingleQuote')\n          ,concat(\n             variables('vSingleQuote')\n             ,variables('vSingleQuote')\n          )\n      )\n)",
								"type": "Expression"
							},
							"type": "String"
						}
					}
				},
				"linkedServiceName": {
					"referenceName": "MVPMetaDataStore",
					"type": "LinkedServiceReference"
				}
			},
			{
				"name": "set vErrorMessage",
				"type": "SetVariable",
				"dependsOn": [
					{
						"activity": "set vErrorMessage_SQL_TPT",
						"dependencyConditions": [
							"Succeeded"
						]
					}
				],
				"userProperties": [],
				"typeProperties": {
					"variableName": "vErrorMessage",
					"value": {
						"value": "@pipeline().parameters.pErrorMessage",
						"type": "Expression"
					}
				}
			},
			{
				"name": "set vErrorMessage_SQL_TPT",
				"type": "SetVariable",
				"dependsOn": [],
				"userProperties": [],
				"typeProperties": {
					"variableName": "vErrorMessage_SQL_TPT",
					"value": "Declare @err_msg NVARCHAR(150);\nSET @err_msg=N'ERROR_MESSAGE';\nRAISERROR(@err_msg,15,1)"
				}
			},
			{
				"name": "ETLRunLogAddOrUpdate_RunException",
				"type": "Lookup",
				"dependsOn": [
					{
						"activity": "set vErrorMessage",
						"dependencyConditions": [
							"Succeeded"
						]
					}
				],
				"policy": {
					"timeout": "7.00:00:00",
					"retry": 0,
					"retryIntervalInSeconds": 30,
					"secureOutput": false,
					"secureInput": false
				},
				"userProperties": [],
				"typeProperties": {
					"source": {
						"type": "AzureSqlSource",
						"sqlReaderStoredProcedureName": "[dbo].[ETLRunLogAddOrUpdate]",
						"storedProcedureParameters": {
							"pDTCreated": {
								"type": "String",
								"value": null
							},
							"pDTEnd": {
								"type": "String",
								"value": {
									"value": "@pipeline().parameters.pDTCreated",
									"type": "Expression"
								}
							},
							"pDTStart": {
								"type": "String",
								"value": null
							},
							"pETLProcessName": {
								"type": "String",
								"value": null
							},
							"pETLProcessRunID": {
								"type": "String",
								"value": null
							},
							"pETLRunLogID": {
								"type": "String",
								"value": {
									"value": "@pipeline().parameters.pRunLogID",
									"type": "Expression"
								}
							},
							"pETLRunLogStatusID": {
								"type": "String",
								"value": "25003"
							},
							"pKeepValueFlag": {
								"type": "String",
								"value": null
							},
							"pUserCreated": {
								"type": "String",
								"value": {
									"value": "@pipeline().parameters.pUserCreated",
									"type": "Expression"
								}
							}
						},
						"queryTimeout": "02:00:00",
						"partitionOption": "None"
					},
					"dataset": {
						"referenceName": "azsadna_datasource_generic_mssql",
						"type": "DatasetReference",
						"parameters": {
							"schema": "dbo",
							"table": "DUMMY_FEED"
						}
					}
				}
			}
		],
		"parameters": {
			"pErrorMessage": {
				"type": "string"
			},
			"pDTCreated": {
				"type": "string"
			},
			"pRunLogID": {
				"type": "string"
			},
			"pUserCreated": {
				"type": "string"
			}
		},
		"variables": {
			"vErrorMessage": {
				"type": "String"
			},
			"vErrorMessage_SQL_TPT": {
				"type": "String"
			},
			"vSingleQuote": {
				"type": "String",
				"defaultValue": "'"
			}
		},
		"folder": {
			"name": "Common/AuditNLog"
		},
		"annotations": [],
		"lastPublishTime": "2021-03-11T17:44:22Z"
	},
	"type": "Microsoft.DataFactory/factories/pipelines"
}