{
	"name": "FeedMappingExecute",
	"properties": {
		"activities": [
			{
				"name": "If AvailableMapping",
				"type": "IfCondition",
				"dependsOn": [
					{
						"activity": "Set vAvailableMapping",
						"dependencyConditions": [
							"Succeeded"
						]
					}
				],
				"userProperties": [],
				"typeProperties": {
					"expression": {
						"value": "@variables('vAvailableMapping')",
						"type": "Expression"
					},
					"ifTrueActivities": [
						{
							"name": "FeedFetchMappingAttributes",
							"type": "Lookup",
							"dependsOn": [],
							"policy": {
								"timeout": "7.00:00:00",
								"retry": 0,
								"retryIntervalInSeconds": 30,
								"secureOutput": false,
								"secureInput": false
							},
							"userProperties": [],
							"typeProperties": {
								"source": {
									"type": "AzureSqlSource",
									"sqlReaderStoredProcedureName": "[idfwba].[FeedFetchMappingAttributes]",
									"storedProcedureParameters": {
										"pFeedID": {
											"type": "String",
											"value": {
												"value": "@pipeline().parameters.pFeedId",
												"type": "Expression"
											}
										}
									},
									"queryTimeout": "02:00:00",
									"partitionOption": "None"
								},
								"dataset": {
									"referenceName": "azsadna_datasource_generic_mssql",
									"type": "DatasetReference",
									"parameters": {
										"schema": {
											"value": "@variables('vTableSchema')",
											"type": "Expression"
										},
										"table": {
											"value": "@variables('vTableName')",
											"type": "Expression"
										}
									}
								}
							}
						},
						{
							"name": "ETLRunException_FFMA_Activity",
							"type": "ExecutePipeline",
							"dependsOn": [
								{
									"activity": "FeedFetchMappingAttributes",
									"dependencyConditions": [
										"Failed"
									]
								}
							],
							"userProperties": [],
							"typeProperties": {
								"pipeline": {
									"referenceName": "ETLRunException",
									"type": "PipelineReference"
								},
								"waitOnCompletion": true,
								"parameters": {
									"pErrorMessage": {
										"value": "@activity('FeedFetchMappingAttributes').output.Error.Message",
										"type": "Expression"
									},
									"pDTCreated": {
										"value": "@utcnow('yyyyMMdd HH:mm:ss.fff')",
										"type": "Expression"
									},
									"pRunLogID": {
										"value": "@variables('vRunLogID')",
										"type": "Expression"
									},
									"pUserCreated": {
										"value": "@variables('vUserCreated')",
										"type": "Expression"
									}
								}
							}
						},
						{
							"name": "Set vAvailableMappingConfiguration",
							"type": "SetVariable",
							"dependsOn": [
								{
									"activity": "FeedFetchMappingAttributes",
									"dependencyConditions": [
										"Succeeded"
									]
								}
							],
							"userProperties": [],
							"typeProperties": {
								"variableName": "vAvailableMappingConfiguration",
								"value": {
									"value": "@and(\n not(equals(activity('FeedFetchMappingAttributes').output.firstRow.ProcedureStatus,-1)),\n not(equals(activity('FeedFetchMappingAttributes').output.firstRow.ProcedureJSON,'{}'))\n)",
									"type": "Expression"
								}
							}
						}
					]
				}
			},
			{
				"name": "If AvailableMappingConfiguration",
				"type": "IfCondition",
				"dependsOn": [
					{
						"activity": "If AvailableMapping",
						"dependencyConditions": [
							"Succeeded"
						]
					}
				],
				"userProperties": [],
				"typeProperties": {
					"expression": {
						"value": "@and(variables('vAvailableMapping'),variables('vAvailableMappingConfiguration'))",
						"type": "Expression"
					},
					"ifTrueActivities": [
						{
							"name": "FeedCreateTable",
							"type": "Lookup",
							"dependsOn": [],
							"policy": {
								"timeout": "7.00:00:00",
								"retry": 0,
								"retryIntervalInSeconds": 30,
								"secureOutput": false,
								"secureInput": false
							},
							"userProperties": [],
							"typeProperties": {
								"source": {
									"type": "AzureSqlSource",
									"sqlReaderStoredProcedureName": "[dbo].[FeedCreateTable]",
									"storedProcedureParameters": {
										"pFeedID": {
											"type": "String",
											"value": {
												"value": "@pipeline().parameters.pFeedId",
												"type": "Expression"
											}
										},
										"pAssetID": {
											"type": "String",
											"value": {
												"value": "@pipeline().parameters.pAssetID",
												"type": "Expression"
											}
										},
										"pSchemaName": {
											"type": "String",
											"value": null
										},
										"pTableName": {
											"type": "String",
											"value": null
										},
										"pKeepTableFlag": {
											"type": "String",
											"value": "0"
										}
									},
									"queryTimeout": "02:00:00",
									"partitionOption": "None"
								},
								"dataset": {
									"referenceName": "azsadna_datasource_generic_mssql",
									"type": "DatasetReference",
									"parameters": {
										"schema": "dbo",
										"table": "DUMMY_FEED"
									}
								}
							}
						},
						{
							"name": "Set vTableName",
							"type": "SetVariable",
							"dependsOn": [
								{
									"activity": "FCTETLProcedureErrorControl",
									"dependencyConditions": [
										"Succeeded"
									]
								}
							],
							"userProperties": [],
							"typeProperties": {
								"variableName": "vTableName",
								"value": {
									"value": "@split(activity('FeedCreateTable').output.firstRow.TableName,'.')[1]",
									"type": "Expression"
								}
							}
						},
						{
							"name": "Set vTableSchema",
							"description": "",
							"type": "SetVariable",
							"dependsOn": [
								{
									"activity": "FCTETLProcedureErrorControl",
									"dependencyConditions": [
										"Succeeded"
									]
								}
							],
							"userProperties": [],
							"typeProperties": {
								"variableName": "vTableSchema",
								"value": {
									"value": "@split(activity('FeedCreateTable').output.firstRow.TableName,'.')[0]",
									"type": "Expression"
								}
							}
						},
						{
							"name": "ETLRunException_FCT_Activity",
							"type": "ExecutePipeline",
							"dependsOn": [
								{
									"activity": "FeedCreateTable",
									"dependencyConditions": [
										"Failed"
									]
								}
							],
							"userProperties": [],
							"typeProperties": {
								"pipeline": {
									"referenceName": "ETLRunException",
									"type": "PipelineReference"
								},
								"waitOnCompletion": true,
								"parameters": {
									"pErrorMessage": {
										"value": "@activity('FeedCreateTable').output.Error.Message",
										"type": "Expression"
									},
									"pDTCreated": {
										"value": "@utcnow('yyyyMMdd HH:mm:ss.fff')",
										"type": "Expression"
									},
									"pRunLogID": {
										"value": "@variables('vRunLogID')",
										"type": "Expression"
									},
									"pUserCreated": {
										"value": "@variables('vUserCreated')",
										"type": "Expression"
									}
								}
							}
						},
						{
							"name": "FCTETLProcedureErrorControl",
							"type": "ExecutePipeline",
							"dependsOn": [
								{
									"activity": "FeedCreateTable",
									"dependencyConditions": [
										"Succeeded"
									]
								}
							],
							"userProperties": [],
							"typeProperties": {
								"pipeline": {
									"referenceName": "ETLProcedureErrorControl",
									"type": "PipelineReference"
								},
								"waitOnCompletion": true,
								"parameters": {
									"ProcedureStatus": {
										"value": "@activity('FeedCreateTable').output.firstRow.ProcedureStatus",
										"type": "Expression"
									},
									"ProcedureMessage": {
										"value": "@activity('FeedCreateTable').output.firstRow.ProcedureMessage",
										"type": "Expression"
									},
									"RunLogID": {
										"value": "@variables('vRunLogID')",
										"type": "Expression"
									},
									"UserCreated": {
										"value": "@variables('vUserCreated')",
										"type": "Expression"
									}
								}
							}
						},
						{
							"name": "ETLProcessTargetMerge",
							"type": "Lookup",
							"dependsOn": [
								{
									"activity": "Multi Load File to TempTable in Metadata DB",
									"dependencyConditions": [
										"Succeeded"
									]
								}
							],
							"policy": {
								"timeout": "7.00:00:00",
								"retry": 0,
								"retryIntervalInSeconds": 30,
								"secureOutput": false,
								"secureInput": false
							},
							"userProperties": [],
							"typeProperties": {
								"source": {
									"type": "AzureSqlSource",
									"sqlReaderStoredProcedureName": "[dbo].[ETLProcessTargetMerge]",
									"storedProcedureParameters": {
										"pTableName": {
											"type": "String",
											"value": {
												"value": "@concat(variables('vTableSchema'),'.',variables('vTableName'))",
												"type": "Expression"
											}
										},
										"pParameters": {
											"type": "String",
											"value": {
												"value": "[{\"name\":\"ETLRunLogID\",\"value\":\"@{variables('vRunLogID')}\"}]",
												"type": "Expression"
											}
										},
										"pAlternateTargetTable": {
											"type": "String",
											"value": {
												"value": "@variables('vAlternateTargetTable')",
												"type": "Expression"
											}
										},
										"pWhatIf": {
											"type": "String",
											"value": {
												"value": "@variables('vWhatIf')",
												"type": "Expression"
											}
										},
										"pFeedID": {
											"type": "String",
											"value": {
												"value": "@pipeline().parameters.pFeedId",
												"type": "Expression"
											}
										}
									},
									"queryTimeout": "02:00:00",
									"partitionOption": "None"
								},
								"dataset": {
									"referenceName": "azsadna_datasource_generic_mssql",
									"type": "DatasetReference",
									"parameters": {
										"schema": "dbo",
										"table": "DUMMY_FEED"
									}
								},
								"firstRowOnly": true
							}
						},
						{
							"name": "EPTMETLProcedureErrorControl",
							"type": "ExecutePipeline",
							"dependsOn": [
								{
									"activity": "ETLProcessTargetMerge",
									"dependencyConditions": [
										"Succeeded"
									]
								}
							],
							"userProperties": [],
							"typeProperties": {
								"pipeline": {
									"referenceName": "ETLProcedureErrorControl",
									"type": "PipelineReference"
								},
								"waitOnCompletion": true,
								"parameters": {
									"ProcedureStatus": {
										"value": "@activity('ETLProcessTargetMerge').output.firstRow.ProcedureStatus",
										"type": "Expression"
									},
									"ProcedureMessage": {
										"value": "@activity('ETLProcessTargetMerge').output.firstRow.ProcedureMessage",
										"type": "Expression"
									},
									"RunLogID": {
										"value": "@variables('vRunLogID')",
										"type": "Expression"
									},
									"UserCreated": {
										"value": "@variables('vUserCreated')",
										"type": "Expression"
									}
								}
							}
						},
						{
							"name": "ETLRunLogAssetAddOrUpdate",
							"type": "Lookup",
							"dependsOn": [
								{
									"activity": "EPTMETLProcedureErrorControl",
									"dependencyConditions": [
										"Succeeded"
									]
								}
							],
							"policy": {
								"timeout": "7.00:00:00",
								"retry": 0,
								"retryIntervalInSeconds": 30,
								"secureOutput": false,
								"secureInput": false
							},
							"userProperties": [],
							"typeProperties": {
								"source": {
									"type": "AzureSqlSource",
									"sqlReaderStoredProcedureName": "[dbo].[ETLRunLogAssetAddOrUpdate]",
									"storedProcedureParameters": {
										"pAssetID": {
											"type": "String",
											"value": {
												"value": "@pipeline().parameters.pAssetID",
												"type": "Expression"
											}
										},
										"pDTCreated": {
											"type": "String",
											"value": {
												"value": "@utcnow('yyyyMMdd HH:mm:ss.fff')",
												"type": "Expression"
											}
										},
										"pETLRunLogID": {
											"type": "String",
											"value": {
												"value": "@variables('vRunLogID')",
												"type": "Expression"
											}
										},
										"pUserCreated": {
											"type": "String",
											"value": {
												"value": "@variables('vUserCreated')",
												"type": "Expression"
											}
										}
									},
									"queryTimeout": "02:00:00",
									"partitionOption": "None"
								},
								"dataset": {
									"referenceName": "azsadna_datasource_generic_mssql",
									"type": "DatasetReference",
									"parameters": {
										"schema": "dbo",
										"table": "DUMMY_FEED"
									}
								}
							}
						},
						{
							"name": "Set vWhatIf",
							"type": "SetVariable",
							"dependsOn": [
								{
									"activity": "FCTETLProcedureErrorControl",
									"dependencyConditions": [
										"Succeeded"
									]
								}
							],
							"userProperties": [],
							"typeProperties": {
								"variableName": "vWhatIf",
								"value": {
									"value": "@if(equals(pipeline().parameters.pWhatIf,'1'),'1',string(''))",
									"type": "Expression"
								}
							}
						},
						{
							"name": "Set vAlternateTargetTable",
							"type": "SetVariable",
							"dependsOn": [
								{
									"activity": "FCTETLProcedureErrorControl",
									"dependencyConditions": [
										"Succeeded"
									]
								}
							],
							"userProperties": [],
							"typeProperties": {
								"variableName": "vAlternateTargetTable",
								"value": {
									"value": "@if(equals(pipeline().parameters.pAlternateTargetTable,'Null'),string(''),pipeline().parameters.pAlternateTargetTable)",
									"type": "Expression"
								}
							}
						},
						{
							"name": "Drop Temp Table If Exists",
							"type": "Lookup",
							"dependsOn": [
								{
									"activity": "AssetStatusChange_Cleansed",
									"dependencyConditions": [
										"Succeeded"
									]
								}
							],
							"policy": {
								"timeout": "7.00:00:00",
								"retry": 0,
								"retryIntervalInSeconds": 30,
								"secureOutput": false,
								"secureInput": false
							},
							"userProperties": [],
							"typeProperties": {
								"source": {
									"type": "AzureSqlSource",
									"sqlReaderQuery": {
										"value": "IF EXISTS \n(SELECT 1 \nFROM INFORMATION_SCHEMA.TABLES \nWHERE TABLE_SCHEMA='@{variables('vTableSchema')}'\n             AND TABLE_NAME = '@{variables('vTableName')}'\n)\nBEGIN\n DROP TABLE @{variables('vTableSchema')}.@{variables('vTableName')};\nEND\nSELECT SYSTEM_USER;",
										"type": "Expression"
									},
									"queryTimeout": "02:00:00",
									"partitionOption": "None"
								},
								"dataset": {
									"referenceName": "azsadna_datasource_generic_mssql",
									"type": "DatasetReference",
									"parameters": {
										"schema": "dbo",
										"table": "DUMMY_FEED"
									}
								}
							}
						},
						{
							"name": "AssetStatusChange_Cleansed",
							"description": "Update Status to \"Cleansed\"",
							"type": "Lookup",
							"dependsOn": [
								{
									"activity": "ETLRunLogAssetAddOrUpdate",
									"dependencyConditions": [
										"Succeeded"
									]
								}
							],
							"policy": {
								"timeout": "7.00:00:00",
								"retry": 0,
								"retryIntervalInSeconds": 30,
								"secureOutput": false,
								"secureInput": false
							},
							"userProperties": [],
							"typeProperties": {
								"source": {
									"type": "AzureSqlSource",
									"sqlReaderStoredProcedureName": "[dbo].[AssetStatusChange]",
									"storedProcedureParameters": {
										"pAssetID": {
											"type": "String",
											"value": {
												"value": "@pipeline().parameters.pAssetID",
												"type": "Expression"
											}
										},
										"pDTCreated": {
											"type": "String",
											"value": null
										},
										"pStatusID": {
											"type": "String",
											"value": "24014"
										},
										"pUserCreated": {
											"type": "String",
											"value": null
										}
									},
									"queryTimeout": "02:00:00",
									"partitionOption": "None"
								},
								"dataset": {
									"referenceName": "azsadna_datasource_generic_mssql",
									"type": "DatasetReference",
									"parameters": {
										"schema": "dbo",
										"table": "FEED"
									}
								}
							}
						},
						{
							"name": "GetStorageAccountProperties",
							"type": "Lookup",
							"dependsOn": [
								{
									"activity": "Set vTableName",
									"dependencyConditions": [
										"Succeeded"
									]
								},
								{
									"activity": "Set vTableSchema",
									"dependencyConditions": [
										"Succeeded"
									]
								},
								{
									"activity": "Set vWhatIf",
									"dependencyConditions": [
										"Succeeded"
									]
								},
								{
									"activity": "Set vAlternateTargetTable",
									"dependencyConditions": [
										"Succeeded"
									]
								}
							],
							"policy": {
								"timeout": "7.00:00:00",
								"retry": 0,
								"retryIntervalInSeconds": 30,
								"secureOutput": false,
								"secureInput": false
							},
							"userProperties": [],
							"typeProperties": {
								"source": {
									"type": "AzureSqlSource",
									"sqlReaderStoredProcedureName": "[dbo].[ProjectPropertiesGet ]",
									"storedProcedureParameters": {
										"pAssetID": {
											"type": "String",
											"value": {
												"value": "@pipeline().parameters.pAssetID",
												"type": "Expression"
											}
										},
										"pFeedID": {
											"type": "String",
											"value": null
										},
										"pProjectID": {
											"type": "String",
											"value": null
										}
									},
									"queryTimeout": "02:00:00",
									"partitionOption": "None"
								},
								"dataset": {
									"referenceName": "azsadna_datasource_generic_mssql",
									"type": "DatasetReference",
									"parameters": {
										"schema": "dbo",
										"table": "DUMMY_FEED"
									}
								}
							}
						},
						{
							"name": "ETLProcedureErrorControl",
							"type": "ExecutePipeline",
							"dependsOn": [
								{
									"activity": "GetStorageAccountProperties",
									"dependencyConditions": [
										"Succeeded"
									]
								}
							],
							"userProperties": [],
							"typeProperties": {
								"pipeline": {
									"referenceName": "ETLProcedureErrorControl",
									"type": "PipelineReference"
								},
								"waitOnCompletion": true,
								"parameters": {
									"ProcedureStatus": {
										"value": "@activity('GetStorageAccountProperties').output.firstRow.ProcedureStatus",
										"type": "Expression"
									},
									"ProcedureMessage": {
										"value": "@activity('GetStorageAccountProperties').output.firstRow.ProcedureMessage",
										"type": "Expression"
									},
									"RunLogID": {
										"value": "@variables('vRunLogID')",
										"type": "Expression"
									},
									"UserCreated": {
										"value": "@variables('vUserCreated')",
										"type": "Expression"
									}
								}
							}
						},
						{
							"name": "Multi Load File to TempTable in Metadata DB",
							"type": "ExecutePipeline",
							"dependsOn": [
								{
									"activity": "CleansedLayerProperties",
									"dependencyConditions": [
										"Succeeded"
									]
								}
							],
							"userProperties": [],
							"typeProperties": {
								"pipeline": {
									"referenceName": "MultiStorageDatabaseImport",
									"type": "PipelineReference"
								},
								"waitOnCompletion": true,
								"parameters": {
									"pSourceStorageAccountServiceEndpoint": {
										"value": "@activity('CleansedLayerProperties').output.value[0].StorageAccount",
										"type": "Expression"
									},
									"pSourceAssetPath": {
										"value": "@pipeline().parameters.pAssetPath",
										"type": "Expression"
									},
									"pSourceAssetName": {
										"value": "@pipeline().parameters.pAssetName",
										"type": "Expression"
									},
									"pSourceFieldDelimiter": {
										"value": "@coalesce(json(activity('FeedEntityParametersGet').output.firstRow.FeedEntityJSON).FeedEntity[0].FieldDelimiter,'')",
										"type": "Expression"
									},
									"pSourceFieldWrapper": {
										"value": "@coalesce(json(activity('FeedEntityParametersGet').output.firstRow.FeedEntityJSON).FeedEntity[0].FieldWrapper,'')",
										"type": "Expression"
									},
									"pSourceEscapeChar": {
										"value": "@coalesce(json(activity('FeedEntityParametersGet').output.firstRow.FeedEntityJSON).FeedEntity[0].EscapeChar,'')",
										"type": "Expression"
									},
									"pDestinationTableSchema": {
										"value": "@variables('vTableSchema')",
										"type": "Expression"
									},
									"pDestinationTableName": {
										"value": "@variables('vTableName')",
										"type": "Expression"
									},
									"pSourceNumRowsHeader": {
										"value": "@json(activity('FeedEntityParametersGet').output.firstRow.FeedEntityJSON).FeedEntity[0].NumRowsHeader",
										"type": "Expression"
									},
									"pSourceType": {
										"value": "@activity('CleansedLayerProperties').output.value[0].StorageAccountType",
										"type": "Expression"
									},
									"pMappingJSON": {
										"value": "@json(activity('FeedFetchMappingAttributes').output.firstRow.ProcedureJSON)",
										"type": "Expression"
									}
								}
							}
						},
						{
							"name": "ETLRunException_LFMD_Activity",
							"type": "ExecutePipeline",
							"dependsOn": [
								{
									"activity": "Multi Load File to TempTable in Metadata DB",
									"dependencyConditions": [
										"Failed"
									]
								}
							],
							"userProperties": [],
							"typeProperties": {
								"pipeline": {
									"referenceName": "ETLRunException",
									"type": "PipelineReference"
								},
								"waitOnCompletion": true,
								"parameters": {
									"pErrorMessage": {
										"value": "@activity('Multi Load File to TempTable in Metadata DB').output.Error.Message",
										"type": "Expression"
									},
									"pDTCreated": {
										"value": "@utcnow('yyyyMMdd HH:mm:ss.fff')",
										"type": "Expression"
									},
									"pRunLogID": {
										"value": "@variables('vRunLogID')",
										"type": "Expression"
									},
									"pUserCreated": {
										"value": "@variables('vUserCreated')",
										"type": "Expression"
									}
								}
							}
						},
						{
							"name": "CleansedLayerProperties",
							"type": "Filter",
							"dependsOn": [
								{
									"activity": "ETLProcedureErrorControl",
									"dependencyConditions": [
										"Succeeded"
									]
								}
							],
							"userProperties": [],
							"typeProperties": {
								"items": {
									"value": "@json(activity('GetStorageAccountProperties').output.firstRow.ProjectPropertiesJSON).ProjectList[0].ProjectLayer",
									"type": "Expression"
								},
								"condition": {
									"value": "@equals(item().LayerName,'Cleansed')",
									"type": "Expression"
								}
							}
						}
					]
				}
			},
			{
				"name": "Set vAvailableMapping",
				"type": "SetVariable",
				"dependsOn": [
					{
						"activity": "FeedEntityParametersGet",
						"dependencyConditions": [
							"Succeeded"
						]
					}
				],
				"userProperties": [],
				"typeProperties": {
					"variableName": "vAvailableMapping",
					"value": {
						"value": "@and(\n        not(equals(activity('FeedEntityParametersGet').output.firstRow.ProcedureStatus,-1)),\n        not(equals(activity('FeedEntityParametersGet').output.firstRow.FeedEntityJSON,'{}'))\n)\n\n",
						"type": "Expression"
					}
				}
			},
			{
				"name": "Set vRunLogID",
				"type": "SetVariable",
				"dependsOn": [],
				"userProperties": [],
				"typeProperties": {
					"variableName": "vRunLogID",
					"value": {
						"value": "@pipeline().parameters.pRunLogId",
						"type": "Expression"
					}
				}
			},
			{
				"name": "FeedEntityParametersGet",
				"type": "Lookup",
				"dependsOn": [
					{
						"activity": "Set vRunLogID",
						"dependencyConditions": [
							"Succeeded"
						]
					}
				],
				"policy": {
					"timeout": "7.00:00:00",
					"retry": 0,
					"retryIntervalInSeconds": 30,
					"secureOutput": false,
					"secureInput": false
				},
				"userProperties": [],
				"typeProperties": {
					"source": {
						"type": "AzureSqlSource",
						"sqlReaderStoredProcedureName": "[dbo].[FeedEntityParametersGet]",
						"storedProcedureParameters": {
							"pFeedID": {
								"type": "String",
								"value": {
									"value": "@pipeline().parameters.pFeedId",
									"type": "Expression"
								}
							}
						},
						"queryTimeout": "02:00:00",
						"partitionOption": "None"
					},
					"dataset": {
						"referenceName": "azsadna_datasource_generic_mssql",
						"type": "DatasetReference",
						"parameters": {
							"schema": "dbo",
							"table": "DUMMY_FEED"
						}
					}
				}
			},
			{
				"name": "ETLRunException_FEPG_Activity",
				"type": "ExecutePipeline",
				"dependsOn": [
					{
						"activity": "FeedEntityParametersGet",
						"dependencyConditions": [
							"Failed"
						]
					}
				],
				"userProperties": [],
				"typeProperties": {
					"pipeline": {
						"referenceName": "ETLRunException",
						"type": "PipelineReference"
					},
					"waitOnCompletion": true,
					"parameters": {
						"pErrorMessage": {
							"value": "@activity('FeedEntityParametersGet').output.Error.Message",
							"type": "Expression"
						},
						"pDTCreated": {
							"value": "@utcnow('yyyyMMdd HH:mm:ss.fff')",
							"type": "Expression"
						},
						"pRunLogID": {
							"value": "@variables('vRunLogID')",
							"type": "Expression"
						},
						"pUserCreated": {
							"value": "@variables('vUserCreated')",
							"type": "Expression"
						}
					}
				}
			}
		],
		"parameters": {
			"pAssetName": {
				"type": "string",
				"defaultValue": "HelloWorldSalesData_20600121.csv"
			},
			"pAssetPath": {
				"type": "string",
				"defaultValue": "cleansed/DNA-TestDataSupplier/DNA-TestSourceSystem/default/Default"
			},
			"pAssetID": {
				"type": "string"
			},
			"pRunLogId": {
				"type": "string"
			},
			"pFeedId": {
				"type": "string"
			},
			"pWhatIf": {
				"type": "string"
			},
			"pAlternateTargetTable": {
				"type": "string"
			}
		},
		"variables": {
			"vTableName": {
				"type": "String"
			},
			"vTableSchema": {
				"type": "String"
			},
			"vProcessStart": {
				"type": "String"
			},
			"vRunLogID": {
				"type": "String"
			},
			"vUserCreated": {
				"type": "String",
				"defaultValue": "DataFactory"
			},
			"vAvailableMapping": {
				"type": "Boolean"
			},
			"vAvailableMappingConfiguration": {
				"type": "Boolean"
			},
			"vWhatIf": {
				"type": "String"
			},
			"vAlternateTargetTable": {
				"type": "String"
			},
			"vSingleQuote": {
				"type": "String",
				"defaultValue": "'"
			}
		},
		"folder": {
			"name": "Process/RefDataImport"
		},
		"annotations": [],
		"lastPublishTime": "2021-03-11T17:44:26Z"
	},
	"type": "Microsoft.DataFactory/factories/pipelines"
}