{
	"name": "FeedMappingIterate",
	"properties": {
		"activities": [
			{
				"name": "AssetToProcessGet",
				"type": "Lookup",
				"dependsOn": [
					{
						"activity": "Set vRunLogID",
						"dependencyConditions": [
							"Succeeded"
						]
					}
				],
				"policy": {
					"timeout": "7.00:00:00",
					"retry": 0,
					"retryIntervalInSeconds": 30,
					"secureOutput": false,
					"secureInput": false
				},
				"userProperties": [],
				"typeProperties": {
					"source": {
						"type": "AzureSqlSource",
						"sqlReaderStoredProcedureName": "[dbo].[AssetToProcessGet]",
						"storedProcedureParameters": {
							"pAssetID": {
								"type": "String",
								"value": null
							},
							"pAssetStatusID": {
								"type": "String",
								"value": "24016"
							},
							"pFeedID": {
								"type": "String",
								"value": null
							},
							"pLatestAssetFlag": {
								"type": "String",
								"value": null
							},
							"pProjectID": {
								"type": "String",
								"value": null
							},
							"pSourceRangeID": {
								"type": "String",
								"value": null
							},
							"pTargetLayer": {
								"type": "String",
								"value": "MasterRefData"
							}
						},
						"queryTimeout": "02:00:00",
						"partitionOption": "None"
					},
					"dataset": {
						"referenceName": "azsadna_datasource_generic_mssql",
						"type": "DatasetReference",
						"parameters": {
							"schema": "dbo",
							"table": "FEED"
						}
					},
					"firstRowOnly": true
				}
			},
			{
				"name": "Set vAssetArray",
				"type": "SetVariable",
				"dependsOn": [
					{
						"activity": "AssetToProcessGet",
						"dependencyConditions": [
							"Succeeded"
						]
					}
				],
				"userProperties": [],
				"typeProperties": {
					"variableName": "vAssetArray",
					"value": {
						"value": "@if(contains(json(coalesce(activity('AssetToProcessGet').output.firstRow.AssetListJSON,'[]')), 'AssetList')\n  ,coalesce(json(activity('AssetToProcessGet').output.firstRow.AssetListJSON).AssetList, json('[]'))\n  , json('[]')\n)",
						"type": "Expression"
					}
				}
			},
			{
				"name": "Set vProcessStart",
				"type": "SetVariable",
				"dependsOn": [],
				"userProperties": [],
				"typeProperties": {
					"variableName": "vProcessStart",
					"value": {
						"value": "@utcnow('yyyyMMdd HH:mm:ss.fff')",
						"type": "Expression"
					}
				}
			},
			{
				"name": "ETL_FeedMappingExecute_Start",
				"type": "Lookup",
				"dependsOn": [
					{
						"activity": "Set vProcessStart",
						"dependencyConditions": [
							"Succeeded"
						]
					}
				],
				"policy": {
					"timeout": "7.00:00:00",
					"retry": 0,
					"retryIntervalInSeconds": 30,
					"secureOutput": false,
					"secureInput": false
				},
				"userProperties": [],
				"typeProperties": {
					"source": {
						"type": "AzureSqlSource",
						"sqlReaderStoredProcedureName": "[dbo].[ETLRunLogAddOrUpdate]",
						"storedProcedureParameters": {
							"pDTCreated": {
								"type": "String",
								"value": {
									"value": "@variables('vProcessStart')",
									"type": "Expression"
								}
							},
							"pDTEnd": {
								"type": "String",
								"value": null
							},
							"pDTStart": {
								"type": "String",
								"value": {
									"value": "@variables('vProcessStart')",
									"type": "Expression"
								}
							},
							"pETLProcessName": {
								"type": "String",
								"value": {
									"value": "@pipeline().Pipeline",
									"type": "Expression"
								}
							},
							"pETLProcessRunID": {
								"type": "String",
								"value": {
									"value": "@pipeline().RunId",
									"type": "Expression"
								}
							},
							"pETLRunLogID": {
								"type": "String",
								"value": null
							},
							"pETLRunLogStatusID": {
								"type": "String",
								"value": "25001"
							},
							"pKeepValueFlag": {
								"type": "String",
								"value": null
							},
							"pUserCreated": {
								"type": "String",
								"value": "DataFactory"
							}
						},
						"queryTimeout": "02:00:00",
						"partitionOption": "None"
					},
					"dataset": {
						"referenceName": "azsadna_datasource_generic_mssql",
						"type": "DatasetReference",
						"parameters": {
							"schema": "dbo",
							"table": "DUMMY_FEED"
						}
					}
				}
			},
			{
				"name": "Set vRunLogID",
				"type": "SetVariable",
				"dependsOn": [
					{
						"activity": "ETL_FeedMappingExecute_Start",
						"dependencyConditions": [
							"Succeeded"
						]
					}
				],
				"userProperties": [],
				"typeProperties": {
					"variableName": "vRunLogID",
					"value": {
						"value": "@activity('ETL_FeedMappingExecute_Start').output.firstRow.ETLRunLogID",
						"type": "Expression"
					}
				}
			},
			{
				"name": "For Each Asset",
				"type": "ForEach",
				"dependsOn": [
					{
						"activity": "If If RefData Updated - Backup RefData",
						"dependencyConditions": [
							"Succeeded"
						]
					}
				],
				"userProperties": [],
				"typeProperties": {
					"items": {
						"value": "@json(activity('FilterUnprocessedItems').output.firstRow.Assets)",
						"type": "Expression"
					},
					"isSequential": true,
					"activities": [
						{
							"name": "FeedMappingExecute",
							"type": "ExecutePipeline",
							"dependsOn": [],
							"userProperties": [],
							"typeProperties": {
								"pipeline": {
									"referenceName": "FeedMappingExecute",
									"type": "PipelineReference"
								},
								"waitOnCompletion": true,
								"parameters": {
									"pAssetName": {
										"value": "@item().AssetName",
										"type": "Expression"
									},
									"pAssetPath": {
										"value": "@item().AssetLocation",
										"type": "Expression"
									},
									"pAssetID": {
										"value": "@item().AssetID",
										"type": "Expression"
									},
									"pRunLogId": {
										"value": "@variables('vRunLogID')",
										"type": "Expression"
									},
									"pFeedId": {
										"value": "@item().FeedID",
										"type": "Expression"
									},
									"pWhatIf": {
										"value": "@pipeline().parameters.pWhatIf",
										"type": "Expression"
									},
									"pAlternateTargetTable": {
										"value": "@pipeline().parameters.pAlternateTargetTable",
										"type": "Expression"
									}
								}
							}
						}
					]
				}
			},
			{
				"name": "ETL_FeedMappingExecute_End",
				"type": "Lookup",
				"dependsOn": [
					{
						"activity": "For Each Asset",
						"dependencyConditions": [
							"Succeeded"
						]
					}
				],
				"policy": {
					"timeout": "7.00:00:00",
					"retry": 0,
					"retryIntervalInSeconds": 30,
					"secureOutput": false,
					"secureInput": false
				},
				"userProperties": [],
				"typeProperties": {
					"source": {
						"type": "AzureSqlSource",
						"sqlReaderStoredProcedureName": "[dbo].[ETLRunLogAddOrUpdate]",
						"storedProcedureParameters": {
							"pDTCreated": {
								"type": "String",
								"value": null
							},
							"pDTEnd": {
								"type": "String",
								"value": {
									"value": "@utcnow('yyyyMMdd HH:mm:ss.fff')",
									"type": "Expression"
								}
							},
							"pDTStart": {
								"type": "String",
								"value": null
							},
							"pETLProcessName": {
								"type": "String",
								"value": null
							},
							"pETLProcessRunID": {
								"type": "String",
								"value": null
							},
							"pETLRunLogID": {
								"type": "String",
								"value": {
									"value": "@variables('vRunLogID')",
									"type": "Expression"
								}
							},
							"pETLRunLogStatusID": {
								"type": "String",
								"value": "25002"
							},
							"pKeepValueFlag": {
								"type": "String",
								"value": null
							},
							"pUserCreated": {
								"type": "String",
								"value": {
									"value": "@variables('vUserCreated')",
									"type": "Expression"
								}
							}
						},
						"queryTimeout": "02:00:00",
						"partitionOption": "None"
					},
					"dataset": {
						"referenceName": "azsadna_datasource_generic_mssql",
						"type": "DatasetReference",
						"parameters": {
							"schema": "dbo",
							"table": "DUMMY_FEED"
						}
					}
				}
			},
			{
				"name": "FilterUnprocessedItems",
				"type": "Lookup",
				"dependsOn": [
					{
						"activity": "Set vFilterUnprocessedSQL",
						"dependencyConditions": [
							"Succeeded"
						]
					}
				],
				"policy": {
					"timeout": "7.00:00:00",
					"retry": 0,
					"retryIntervalInSeconds": 30,
					"secureOutput": false,
					"secureInput": false
				},
				"userProperties": [],
				"typeProperties": {
					"source": {
						"type": "AzureSqlSource",
						"sqlReaderStoredProcedureName": "sp_executesql",
						"storedProcedureParameters": {
							"stmt": {
								"type": "String",
								"value": {
									"value": "@variables('vFilterUnprocessedSQL')",
									"type": "Expression"
								}
							}
						},
						"queryTimeout": "02:00:00",
						"partitionOption": "None"
					},
					"dataset": {
						"referenceName": "azsadna_datasource_generic_mssql",
						"type": "DatasetReference",
						"parameters": {
							"schema": "dbo",
							"table": "DUMMY_FEED"
						}
					}
				}
			},
			{
				"name": "Set vFilterUnprocessedSQLTPT",
				"type": "SetVariable",
				"dependsOn": [
					{
						"activity": "Set vAssetArrayString",
						"dependencyConditions": [
							"Succeeded"
						]
					}
				],
				"userProperties": [],
				"typeProperties": {
					"variableName": "vFilterUnprocessedSQLTPT",
					"value": "DECLARE @vAllAssetArrayJSON NVARCHAR(MAX)='ALL_ASSET_ARRAY_JSON'\nSELECT '[' +COALESCE(STRING_AGG(JSON_MODIFY(value,'$.ETLProcessName',JSON_VALUE(value,'$.ETLRunLog[0].ETLProcessName')),','),'') +']'  as Assets \nFROM (\nSELECT DISTINCT value \nFROM OPENJSON(@vAllAssetArrayJSON) o\nCROSS APPLY\n(\n    SELECT JSON_VALUE(v,'$[0].ETLProcessName') v2,a \n    FROM (\n        SELECT  JSON_QUERY(value,'$.ETLRunLog') v,JSON_VALUE(value,'$.AssetID') a FROM OPENJSON(@vAllAssetArrayJSON) \n    ) q\n) T\nWHERE v2 <> 'FeedMappingIterate' \n    OR v2 IS NULL \n    AND JSON_VALUE(value,'$.AssetID')=a\n) T2"
				}
			},
			{
				"name": "Set vFilterUnprocessedSQL",
				"type": "SetVariable",
				"dependsOn": [
					{
						"activity": "Set vFilterUnprocessedSQLTPT",
						"dependencyConditions": [
							"Succeeded"
						]
					}
				],
				"userProperties": [],
				"typeProperties": {
					"variableName": "vFilterUnprocessedSQL",
					"value": {
						"value": "@if(equals(length(variables('vAssetArray')),0)\n   ,'SELECT JSON_QUERY(''[]'') as Assets'\n   ,replace(\n     variables('vFilterUnprocessedSQLTPT')\n      ,'ALL_ASSET_ARRAY_JSON'\n      ,variables('vAssetArrayString')\n   )\n)",
						"type": "Expression"
					}
				}
			},
			{
				"name": "Set vAssetArrayString",
				"description": "",
				"type": "SetVariable",
				"dependsOn": [
					{
						"activity": "Set vAssetArray",
						"dependencyConditions": [
							"Succeeded"
						]
					}
				],
				"userProperties": [],
				"typeProperties": {
					"variableName": "vAssetArrayString",
					"value": {
						"value": "@replace(string(variables('vAssetArray')),'\\\"','\"')",
						"type": "Expression"
					}
				}
			},
			{
				"name": "If If RefData Updated - RefDataExport",
				"description": "Number of Assets Processed is not 0",
				"type": "IfCondition",
				"dependsOn": [
					{
						"activity": "ETL_FeedMappingExecute_End",
						"dependencyConditions": [
							"Succeeded"
						]
					}
				],
				"userProperties": [],
				"typeProperties": {
					"expression": {
						"value": "@not(\n  equals(\n    length(json(activity('FilterUnprocessedItems').output.firstRow.Assets))\n    ,0\n  )\n)",
						"type": "Expression"
					},
					"ifTrueActivities": [
						{
							"name": "AssetProcessLanding",
							"type": "ExecutePipeline",
							"dependsOn": [],
							"userProperties": [],
							"typeProperties": {
								"pipeline": {
									"referenceName": "AssetProcessLanding_original_old",
									"type": "PipelineReference"
								},
								"waitOnCompletion": true,
								"parameters": {
									"pAssetPath": "/RPIDNA/DNARDM/default/Default/",
									"pAssetName": "refdata",
									"pAssetType": "Azure SQL Table",
									"pStorageAccount": "DNAdSandboxSDB01",
									"pStorageAccountType": "Database",
									"pContainer": "landing"
								}
							}
						}
					]
				}
			},
			{
				"name": "If If RefData Updated - Backup RefData",
				"description": "Number of Assets Processed is not 0",
				"type": "IfCondition",
				"dependsOn": [
					{
						"activity": "FilterUnprocessedItems",
						"dependencyConditions": [
							"Succeeded"
						]
					}
				],
				"userProperties": [],
				"typeProperties": {
					"expression": {
						"value": "@not(\n  equals(\n    length(json(activity('FilterUnprocessedItems').output.firstRow.Assets))\n    ,0\n  )\n)",
						"type": "Expression"
					},
					"ifTrueActivities": [
						{
							"name": "BackupRefLOVTable",
							"type": "Lookup",
							"dependsOn": [
								{
									"activity": "Drop Previous Backup Table",
									"dependencyConditions": [
										"Succeeded"
									]
								}
							],
							"policy": {
								"timeout": "7.00:00:00",
								"retry": 0,
								"retryIntervalInSeconds": 30,
								"secureOutput": false,
								"secureInput": false
							},
							"userProperties": [],
							"typeProperties": {
								"source": {
									"type": "AzureSqlSource",
									"sqlReaderStoredProcedureName": "[dbo].[SysTableBackup]",
									"storedProcedureParameters": {
										"pBackupType": {
											"type": "String",
											"value": null
										},
										"pPrefix": {
											"type": "String",
											"value": "RDMBackup_"
										},
										"pSourceSchema": {
											"type": "String",
											"value": "ref"
										},
										"pTableList": {
											"type": "String",
											"value": "RefLOV"
										},
										"pTargetSchema": {
											"type": "String",
											"value": "ref"
										}
									},
									"queryTimeout": "02:00:00",
									"partitionOption": "None"
								},
								"dataset": {
									"referenceName": "azsadna_datasource_generic_mssql",
									"type": "DatasetReference",
									"parameters": {
										"schema": "dbo",
										"table": "DUMMY_FEED"
									}
								}
							}
						},
						{
							"name": "Drop Previous Backup Table",
							"type": "Lookup",
							"dependsOn": [],
							"policy": {
								"timeout": "7.00:00:00",
								"retry": 0,
								"retryIntervalInSeconds": 30,
								"secureOutput": false,
								"secureInput": false
							},
							"userProperties": [],
							"typeProperties": {
								"source": {
									"type": "AzureSqlSource",
									"sqlReaderQuery": {
										"value": "IF EXISTS \n(SELECT 1 \nFROM INFORMATION_SCHEMA.TABLES \nWHERE TABLE_SCHEMA='ref'\n             AND TABLE_NAME = 'RDMBackup_RefLOV'\n)\nBEGIN\n DROP TABLE ref.RDMBackup_RefLOV;\nEND\nSELECT SYSTEM_USER;",
										"type": "Expression"
									},
									"queryTimeout": "02:00:00",
									"partitionOption": "None"
								},
								"dataset": {
									"referenceName": "azsadna_datasource_generic_mssql",
									"type": "DatasetReference",
									"parameters": {
										"schema": "dbo",
										"table": "DUMMY_FEED"
									}
								}
							}
						}
					]
				}
			}
		],
		"parameters": {
			"pWhatIf": {
				"type": "string",
				"defaultValue": "Null"
			},
			"pAlternateTargetTable": {
				"type": "string",
				"defaultValue": "Null"
			}
		},
		"variables": {
			"vAssetArray": {
				"type": "Array"
			},
			"vRunLogID": {
				"type": "String"
			},
			"vProcessStart": {
				"type": "String"
			},
			"vUserCreated": {
				"type": "String",
				"defaultValue": "DataFactory"
			},
			"vUnprocessedAssetArray": {
				"type": "Array"
			},
			"vFilterUnprocessedSQLTPT": {
				"type": "String"
			},
			"vSingleQuote": {
				"type": "String",
				"defaultValue": "'"
			},
			"vFilterUnprocessedSQL": {
				"type": "String"
			},
			"vAssetArrayString": {
				"type": "String"
			}
		},
		"folder": {
			"name": "Process/RefDataImport"
		},
		"annotations": [],
		"lastPublishTime": "2021-03-11T17:44:31Z"
	},
	"type": "Microsoft.DataFactory/factories/pipelines"
}