{
	"name": "FileTools",
	"properties": {
		"activities": [
			{
				"name": "Set vExtension",
				"type": "SetVariable",
				"dependsOn": [],
				"userProperties": [],
				"typeProperties": {
					"variableName": "vExtension",
					"value": {
						"value": "@substring(pipeline().parameters.pAssetName,\n           add(lastindexof(pipeline().parameters.pAssetName,'.'),1),\n    sub(length(pipeline().parameters.pAssetName),add(lastindexof(pipeline().parameters.pAssetName,'.'),1))\n)",
						"type": "Expression"
					}
				}
			},
			{
				"name": "If Condition1",
				"type": "IfCondition",
				"dependsOn": [
					{
						"activity": "Set vExtension",
						"dependencyConditions": [
							"Succeeded"
						]
					}
				],
				"userProperties": [],
				"typeProperties": {
					"expression": {
						"value": "@or(equals(variables('vExtension'), 'zip'),or(equals(variables('vExtension'), 'cpio'), or(equals(variables('vExtension'), 'gzip'), or(equals(variables('vExtension'), 'gz'),or(equals(variables('vExtension'), 'bz2'),equals(variables('vExtension'), 'Z'))))))",
						"type": "Expression"
					},
					"ifFalseActivities": [
						{
							"name": "Execute Non Zip Format",
							"type": "ExecutePipeline",
							"dependsOn": [],
							"userProperties": [],
							"typeProperties": {
								"pipeline": {
									"referenceName": "FileTools_allformat",
									"type": "PipelineReference"
								},
								"waitOnCompletion": true,
								"parameters": {
									"pAssetName": {
										"value": "@pipeline().parameters.pAssetName",
										"type": "Expression"
									},
									"pCurrentFeedJobTask": {
										"value": "@pipeline().parameters.pCurrentFeedJobTask",
										"type": "Expression"
									},
									"pAssetPath": {
										"value": "@pipeline().parameters.pAssetPath",
										"type": "Expression"
									},
									"pAssetId": {
										"value": "@pipeline().parameters.pAssetId",
										"type": "Expression"
									},
									"pDataFactoryRunId": {
										"value": "@pipeline().parameters.pDataFactoryRunId",
										"type": "Expression"
									},
									"pRunLogTypeId": {
										"value": "@pipeline().parameters.pRunLogTypeId",
										"type": "Expression"
									}
								}
							}
						}
					],
					"ifTrueActivities": [
						{
							"name": "Execute Zip Format Files",
							"type": "ExecutePipeline",
							"dependsOn": [],
							"userProperties": [],
							"typeProperties": {
								"pipeline": {
									"referenceName": "FileTools_zipformat",
									"type": "PipelineReference"
								},
								"waitOnCompletion": true,
								"parameters": {
									"pAssetName": {
										"value": "@pipeline().parameters.pAssetName",
										"type": "Expression"
									},
									"pCurrentFeedJobTask": {
										"value": "@pipeline().parameters.pCurrentFeedJobTask",
										"type": "Expression"
									},
									"pAssetPath": {
										"value": "@pipeline().parameters.pAssetPath",
										"type": "Expression"
									},
									"pAssetId": {
										"value": "@pipeline().parameters.pAssetId",
										"type": "Expression"
									},
									"pDataFactoryRunId": {
										"value": "@pipeline().parameters.pDataFactoryRunId",
										"type": "Expression"
									},
									"pRunLogTypeId": {
										"value": "@pipeline().parameters.pRunLogTypeId",
										"type": "Expression"
									}
								}
							}
						}
					]
				}
			}
		],
		"parameters": {
			"pAssetName": {
				"type": "string",
				"defaultValue": "test_import.csv"
			},
			"pCurrentFeedJobTask": {
				"type": "object",
				"defaultValue": {
					"FeedID": 153,
					"JobID": 1,
					"TaskID": 3,
					"ExecutionOrder": 2,
					"FeedTaskDescription": "Unpack File",
					"FeedTaskComponent": "Unpack_File",
					"FeedTaskJSON": "{\r\n \"id\": \"https://walgreens-dna.com/schemas/Unpack_File.schema.json\",\r\n \"title\": \"Unpack File to RAW\",\r\n \"type\": \"task\",\r\n \"properties\": {\r\n \"source_environment\": \"rawhopper\",\r\n \"FolderPath_SourceStore\": \"/rawhopper/DNA-TestDataSupplier/DNA-TestSourceSystem/MEXICO_crp_customer/Historical/\",\r\n \"FolderPath_DestinationStore\": \"/raw/DNA-TestDataSupplier/DNA-TestSourceSystem/MEXICO_crp_customer/Historical/\",\r\n \"SourceStorageAccountServiceEndPoint\": \"https://dapdevidfadls01.dfs.core.windows.net/\",\r\n \"TargetStorageAccountServiceEndPoint\": \"https://dapdevidfadls01.dfs.core.windows.net/\",\r\n \"SourceStorageAccountType\": \"DataLake\",\r\n \"TargetStorageAccountType\": \"DataLake\",\r\n \"KeyvaultUrl\": \"https://aznemvpkvtest01.vault.azure.net/\",\r\n \"FeedPrivateKeySecretName\": \"\",\r\n \"FeedPassphraseSecretName\": \"\"\r\n }\r\n}"
				}
			},
			"pAssetPath": {
				"type": "string",
				"defaultValue": "/rawhopper/DNA-TestDataSupplier/DNA-TestSourceSystem/MEXICO_crp_customer/Historical/"
			},
			"pAssetId": {
				"type": "string",
				"defaultValue": "1695"
			},
			"pDataFactoryRunId": {
				"type": "string",
				"defaultValue": "b002aa07-4c29-4d63-a3ca-273b787ae061"
			},
			"pRunLogTypeId": {
				"type": "string",
				"defaultValue": "Task"
			}
		},
		"variables": {
			"vTaskResultFilePath": {
				"type": "String"
			},
			"vTaskResultFileName": {
				"type": "String"
			},
			"vRunLogId": {
				"type": "String"
			},
			"vFileToolPostBody": {
				"type": "String"
			},
			"vUnpackAndInfoError": {
				"type": "String"
			},
			"vCurrentFeedJobTaskProperties": {
				"type": "String"
			},
			"vCheckFeedJobTaskforEncrypted": {
				"type": "Boolean"
			},
			"vExtension": {
				"type": "String"
			},
			"vErrorMessage": {
				"type": "String"
			},
			"vErrorMessage_SQL_TPT": {
				"type": "String"
			},
			"vSingleQuote": {
				"type": "String",
				"defaultValue": "'"
			},
			"vRawHopperStorageAccountType": {
				"type": "String"
			},
			"vGetTaskResultFileData": {
				"type": "String"
			},
			"vErrorWaitForTaskResultFile": {
				"type": "String"
			},
			"vErrorGetTaskResultFile": {
				"type": "String"
			}
		},
		"folder": {
			"name": "Common/AzureFunctions"
		},
		"annotations": [],
		"lastPublishTime": "2021-03-11T17:44:26Z"
	},
	"type": "Microsoft.DataFactory/factories/pipelines"
}