{
	"name": "FileMoveFromLandingToRaw_copy1",
	"properties": {
		"description": "Move given file from given container on given source Blob Storage account to given container on given target ADLS2 storage account.",
		"activities": [
			{
				"name": "If_MoveData",
				"description": "If vDestination = 'RAW' AND AssetCount = 1 (itself)\n  Move to RAW\nELSE\n  Move to Quarantine \n  (set assethistory message accordingly)",
				"type": "IfCondition",
				"dependsOn": [
					{
						"activity": "RunUpdate",
						"dependencyConditions": [
							"Succeeded"
						]
					}
				],
				"userProperties": [],
				"typeProperties": {
					"expression": {
						"value": "@and(equals(variables('vDestination'),'RAW')\n          , equals(activity('CountAsset_Name_MD5').output.firstRow.AssetCount,'0')\n         )",
						"type": "Expression"
					},
					"ifFalseActivities": [
						{
							"name": "Write Asset History QUARANTINE",
							"type": "SqlServerStoredProcedure",
							"dependsOn": [
								{
									"activity": "Multi Delete File from Landing To Quarantine",
									"dependencyConditions": [
										"Succeeded"
									]
								}
							],
							"policy": {
								"timeout": "7.00:00:00",
								"retry": 0,
								"retryIntervalInSeconds": 30,
								"secureOutput": false,
								"secureInput": false
							},
							"userProperties": [],
							"typeProperties": {
								"storedProcedureName": "[idfwba].[AddNewAssetHistory]",
								"storedProcedureParameters": {
									"pAssetID": {
										"value": {
											"value": "@pipeline().parameters.pAssetID",
											"type": "Expression"
										},
										"type": "String"
									},
									"pDescription": {
										"value": {
											"value": "@concat('AssetID='\n              , pipeline().parameters.pAssetID\n              , '; AssetName='\n              , pipeline().parameters.pAssetName\n              , '. Moved from '\n              , pipeline().parameters.pAssetPath\n              , ' to '\n              , json(pipeline().parameters.currentFeedJobTask.FeedTaskJSON).properties.FolderPath_QuarantineStore\n              , '. Reason='\n              , if(equals(variables('vSize'),'0'), 'Empty file', 'Duplicated')\n)",
											"type": "Expression"
										},
										"type": "String"
									},
									"pDTCreated": {
										"value": {
											"value": "@utcnow('yyyyMMdd HH:mm:ss.fff')",
											"type": "Expression"
										},
										"type": "String"
									}
								}
							},
							"linkedServiceName": {
								"referenceName": "MVPMetaDataStore",
								"type": "LinkedServiceReference"
							}
						},
						{
							"name": "AssetAddOrUpdate_Location_Quarantine",
							"description": "Update Location to Quarantine",
							"type": "Lookup",
							"dependsOn": [
								{
									"activity": "Multi Copy To Quarantine",
									"dependencyConditions": [
										"Succeeded"
									]
								}
							],
							"policy": {
								"timeout": "7.00:00:00",
								"retry": 0,
								"retryIntervalInSeconds": 30,
								"secureOutput": false,
								"secureInput": false
							},
							"userProperties": [],
							"typeProperties": {
								"source": {
									"type": "AzureSqlSource",
									"sqlReaderStoredProcedureName": "[idfwba].[AssetAddOrUpdate]",
									"storedProcedureParameters": {
										"pAssetCurrentLocation": {
											"type": "String",
											"value": {
												"value": "@json(pipeline().parameters.currentFeedJobTask.FeedTaskJSON).properties.FolderPath_QuarantineStore",
												"type": "Expression"
											}
										},
										"pAssetDefinition": {
											"type": "String",
											"value": {
												"value": "@pipeline().parameters.pAssetName",
												"type": "Expression"
											}
										},
										"pAssetID": {
											"type": "String",
											"value": {
												"value": "@pipeline().parameters.pAssetID",
												"type": "Expression"
											}
										},
										"pAssetMD5": {
											"type": "String",
											"value": null
										},
										"pAssetName": {
											"type": "String",
											"value": {
												"value": "@pipeline().parameters.pAssetName",
												"type": "Expression"
											}
										},
										"pAssetSubTypeID": {
											"type": "String",
											"value": null
										},
										"pAssetTypeID": {
											"type": "String",
											"value": null
										},
										"pAttributeDescription": {
											"type": "String",
											"value": null
										},
										"pAttributeEntityDescription": {
											"type": "String",
											"value": null
										},
										"pDTCreated": {
											"type": "String",
											"value": null
										},
										"pEntityDescription": {
											"type": "String",
											"value": null
										},
										"pFeedId": {
											"type": "String",
											"value": null
										},
										"pInformationClassificationID": {
											"type": "String",
											"value": null
										},
										"pKeepValueFlag": {
											"type": "String",
											"value": null
										},
										"pNumberOfBytes": {
											"type": "String",
											"value": null
										},
										"pNumberOfRecords": {
											"type": "String",
											"value": null
										},
										"pParentAssetID": {
											"type": "String",
											"value": null
										},
										"pStatusID": {
											"type": "String",
											"value": null
										},
										"pUserCreated": {
											"type": "String",
											"value": null
										}
									},
									"queryTimeout": "02:00:00",
									"partitionOption": "None"
								},
								"dataset": {
									"referenceName": "azsadna_datasource_generic_mssql",
									"type": "DatasetReference",
									"parameters": {
										"schema": "idfwba",
										"table": "FEED"
									}
								}
							}
						},
						{
							"name": "AssetStatusChange_Ingestion_Quarantine",
							"description": "Update Status to \"Ingestion Quarantine\"",
							"type": "Lookup",
							"dependsOn": [
								{
									"activity": "AssetAddOrUpdate_Location_Quarantine",
									"dependencyConditions": [
										"Succeeded"
									]
								}
							],
							"policy": {
								"timeout": "7.00:00:00",
								"retry": 0,
								"retryIntervalInSeconds": 30,
								"secureOutput": false,
								"secureInput": false
							},
							"userProperties": [],
							"typeProperties": {
								"source": {
									"type": "AzureSqlSource",
									"sqlReaderStoredProcedureName": "[idfwba].[AssetStatusChange]",
									"storedProcedureParameters": {
										"pAssetID": {
											"type": "String",
											"value": {
												"value": "@pipeline().parameters.pAssetID",
												"type": "Expression"
											}
										},
										"pDTCreated": {
											"type": "String",
											"value": null
										},
										"pStatusID": {
											"type": "String",
											"value": "24015"
										},
										"pUserCreated": {
											"type": "String",
											"value": null
										}
									},
									"queryTimeout": "02:00:00",
									"partitionOption": "None"
								},
								"dataset": {
									"referenceName": "azsadna_datasource_generic_mssql",
									"type": "DatasetReference",
									"parameters": {
										"schema": "idfwba",
										"table": "FEED"
									}
								}
							}
						},
						{
							"name": "MailNotifyQuarantine",
							"type": "ExecutePipeline",
							"dependsOn": [
								{
									"activity": "Write Asset History QUARANTINE",
									"dependencyConditions": [
										"Succeeded"
									]
								}
							],
							"userProperties": [],
							"typeProperties": {
								"pipeline": {
									"referenceName": "MailNotifyQuarantine",
									"type": "PipelineReference"
								},
								"waitOnCompletion": true,
								"parameters": {
									"pMessageBody": {
										"value": "@concat('An invalid file has been ingested in the platform with Reason', if(equals(variables('vSize'),'0'), 'Empty file', 'Duplicated'))",
										"type": "Expression"
									},
									"pMailSubject": {
										"value": "@concat('Ingestion Notification for'\n               ,' AssetName: '\n               ,pipeline().parameters.pAssetName\n               ,' AssetPath: '\n               ,json(pipeline().parameters.currentFeedJobTask.FeedTaskJSON).properties.FolderPath_QuarantineStore\n               ,' AssetID: '\n               ,pipeline().parameters.pAssetID\n)",
										"type": "Expression"
									},
									"pAssetID": {
										"value": "@pipeline().parameters.pAssetID",
										"type": "Expression"
									},
									"pAssetName": {
										"value": "@pipeline().parameters.pAssetName",
										"type": "Expression"
									},
									"pAssetLocation": {
										"value": "@json(pipeline().parameters.currentFeedJobTask.FeedTaskJSON).properties.FolderPath_QuarantineStore",
										"type": "Expression"
									}
								}
							}
						},
						{
							"name": "Multi Copy To Quarantine",
							"type": "ExecutePipeline",
							"dependsOn": [
								{
									"activity": "Set vLandingToQuarantineStorageAccountType",
									"dependencyConditions": [
										"Succeeded"
									]
								}
							],
							"userProperties": [],
							"typeProperties": {
								"pipeline": {
									"referenceName": "MultiStorageCopy",
									"type": "PipelineReference"
								},
								"waitOnCompletion": true,
								"parameters": {
									"pSourceDestinationType": {
										"value": "@variables('vLandingToQuarantineStorageAccountType')",
										"type": "Expression"
									},
									"pSourceAssetPath": {
										"value": "@pipeline().parameters.pAssetPath",
										"type": "Expression"
									},
									"pSourceAssetName": {
										"value": "@pipeline().parameters.pAssetName",
										"type": "Expression"
									},
									"pSourceStorageAccountServiceEndPoint": {
										"value": "@json(pipeline().parameters.currentFeedJobTask.FeedTaskJSON).properties.SourceStorageAccountServiceEndPoint",
										"type": "Expression"
									},
									"pDestinationAssetPath": {
										"value": "@json(pipeline().parameters.currentFeedJobTask.FeedTaskJSON).properties.FolderPath_QuarantineStore",
										"type": "Expression"
									},
									"pDestinationAssetName": {
										"value": "@pipeline().parameters.pAssetName",
										"type": "Expression"
									},
									"pDestinationStorageAccountServiceEndPoint": {
										"value": "@json(pipeline().parameters.currentFeedJobTask.FeedTaskJSON).properties.QuarantineStorageAccountServiceEndPoint",
										"type": "Expression"
									}
								}
							}
						},
						{
							"name": "Set vLandingToQuarantineStorageAccountType",
							"type": "SetVariable",
							"dependsOn": [],
							"userProperties": [],
							"typeProperties": {
								"variableName": "vLandingToQuarantineStorageAccountType",
								"value": {
									"value": "@concat(json(pipeline().parameters.currentFeedJobTask.FeedTaskJSON).properties.SourceStorageAccountType,'To',json(pipeline().parameters.currentFeedJobTask.FeedTaskJSON).properties.QuarantineStorageAccountType)",
									"type": "Expression"
								}
							}
						},
						{
							"name": "Multi Delete File from Landing To Quarantine",
							"type": "ExecutePipeline",
							"dependsOn": [
								{
									"activity": "Set vLandingStorageType_Quarantine",
									"dependencyConditions": [
										"Succeeded"
									]
								},
								{
									"activity": "AssetStatusChange_Ingestion_Quarantine",
									"dependencyConditions": [
										"Succeeded"
									]
								}
							],
							"userProperties": [],
							"typeProperties": {
								"pipeline": {
									"referenceName": "MultiStorageDelete",
									"type": "PipelineReference"
								},
								"waitOnCompletion": true,
								"parameters": {
									"pSourceType": {
										"value": "@variables('vLandingStorageType')",
										"type": "Expression"
									},
									"pSourceAssetPath": {
										"value": "@pipeline().parameters.pAssetPath",
										"type": "Expression"
									},
									"pSourceAssetName": {
										"value": "@pipeline().parameters.pAssetName",
										"type": "Expression"
									},
									"pSourceStorageAccountServiceEndPoint": {
										"value": "@json(pipeline().parameters.currentFeedJobTask.FeedTaskJSON).properties.SourceStorageAccountServiceEndPoint",
										"type": "Expression"
									}
								}
							}
						},
						{
							"name": "Set vLandingStorageType_Quarantine",
							"type": "SetVariable",
							"dependsOn": [],
							"userProperties": [],
							"typeProperties": {
								"variableName": "vLandingStorageType",
								"value": {
									"value": "@json(pipeline().parameters.currentFeedJobTask.FeedTaskJSON).properties.SourceStorageAccountType",
									"type": "Expression"
								}
							}
						}
					],
					"ifTrueActivities": [
						{
							"name": "Write Asset History RawHopper",
							"type": "SqlServerStoredProcedure",
							"dependsOn": [
								{
									"activity": "Multi Delete File from Landing",
									"dependencyConditions": [
										"Succeeded"
									]
								}
							],
							"policy": {
								"timeout": "7.00:00:00",
								"retry": 0,
								"retryIntervalInSeconds": 30,
								"secureOutput": false,
								"secureInput": false
							},
							"userProperties": [],
							"typeProperties": {
								"storedProcedureName": "[idfwba].[AddNewAssetHistory]",
								"storedProcedureParameters": {
									"pAssetID": {
										"value": {
											"value": "@pipeline().parameters.pAssetID",
											"type": "Expression"
										},
										"type": "String"
									},
									"pDescription": {
										"value": {
											"value": "@concat('AssetID='\n              , pipeline().parameters.pAssetID\n              , '; AssetName='\n              , pipeline().parameters.pAssetName\n              , '. Moved from '\n              , pipeline().parameters.pAssetPath\n              , ' to '\n              , json(pipeline().parameters.currentFeedJobTask.FeedTaskJSON).properties.FolderPath_DestinationStore\n)",
											"type": "Expression"
										},
										"type": "String"
									},
									"pDTCreated": {
										"value": {
											"value": "@utcnow('yyyyMMdd HH:mm:ss.fff')",
											"type": "Expression"
										},
										"type": "String"
									}
								}
							},
							"linkedServiceName": {
								"referenceName": "MVPMetaDataStore",
								"type": "LinkedServiceReference"
							}
						},
						{
							"name": "AssetAddOrUpdate_Location_RawHopper",
							"description": "Update AssetLocation to RawHopper",
							"type": "Lookup",
							"dependsOn": [
								{
									"activity": "Multi Copy to RAWHOPPER",
									"dependencyConditions": [
										"Succeeded"
									]
								}
							],
							"policy": {
								"timeout": "7.00:00:00",
								"retry": 0,
								"retryIntervalInSeconds": 30,
								"secureOutput": false,
								"secureInput": false
							},
							"userProperties": [],
							"typeProperties": {
								"source": {
									"type": "AzureSqlSource",
									"sqlReaderStoredProcedureName": "[idfwba].[AssetAddOrUpdate]",
									"storedProcedureParameters": {
										"pAssetCurrentLocation": {
											"type": "String",
											"value": {
												"value": "@json(pipeline().parameters.currentFeedJobTask.FeedTaskJSON).properties.FolderPath_DestinationStore",
												"type": "Expression"
											}
										},
										"pAssetDefinition": {
											"type": "String",
											"value": {
												"value": "@pipeline().parameters.pAssetName",
												"type": "Expression"
											}
										},
										"pAssetID": {
											"type": "String",
											"value": {
												"value": "@pipeline().parameters.pAssetID",
												"type": "Expression"
											}
										},
										"pAssetMD5": {
											"type": "String",
											"value": {
												"value": "@variables('vMD5')",
												"type": "Expression"
											}
										},
										"pAssetName": {
											"type": "String",
											"value": {
												"value": "@pipeline().parameters.pAssetName",
												"type": "Expression"
											}
										},
										"pAssetSubTypeID": {
											"type": "String",
											"value": null
										},
										"pAssetTypeID": {
											"type": "String",
											"value": null
										},
										"pAttributeDescription": {
											"type": "String",
											"value": null
										},
										"pAttributeEntityDescription": {
											"type": "String",
											"value": null
										},
										"pDTCreated": {
											"type": "String",
											"value": null
										},
										"pEntityDescription": {
											"type": "String",
											"value": null
										},
										"pFeedId": {
											"type": "String",
											"value": {
												"value": "@pipeline().parameters.currentFeedJobTask.FeedId",
												"type": "Expression"
											}
										},
										"pInformationClassificationID": {
											"type": "String",
											"value": null
										},
										"pKeepValueFlag": {
											"type": "String",
											"value": null
										},
										"pNumberOfBytes": {
											"type": "String",
											"value": null
										},
										"pNumberOfRecords": {
											"type": "String",
											"value": null
										},
										"pParentAssetID": {
											"type": "String",
											"value": null
										},
										"pStatusID": {
											"type": "String",
											"value": null
										},
										"pUserCreated": {
											"type": "String",
											"value": null
										}
									},
									"queryTimeout": "02:00:00",
									"partitionOption": "None"
								},
								"dataset": {
									"referenceName": "azsadna_datasource_generic_mssql",
									"type": "DatasetReference",
									"parameters": {
										"schema": "idfwba",
										"table": "FEED"
									}
								}
							}
						},
						{
							"name": "AssetStatusChange_Ingestion_RawHopper",
							"description": "Update Status to \"Ingestion RawHopper\"",
							"type": "Lookup",
							"dependsOn": [
								{
									"activity": "AssetAddOrUpdate_Location_RawHopper",
									"dependencyConditions": [
										"Succeeded"
									]
								}
							],
							"policy": {
								"timeout": "7.00:00:00",
								"retry": 0,
								"retryIntervalInSeconds": 30,
								"secureOutput": false,
								"secureInput": false
							},
							"userProperties": [],
							"typeProperties": {
								"source": {
									"type": "AzureSqlSource",
									"sqlReaderStoredProcedureName": "[idfwba].[AssetStatusChange]",
									"storedProcedureParameters": {
										"pAssetID": {
											"type": "String",
											"value": {
												"value": "@pipeline().parameters.pAssetID",
												"type": "Expression"
											}
										},
										"pDTCreated": {
											"type": "String",
											"value": null
										},
										"pStatusID": {
											"type": "String",
											"value": "24012"
										},
										"pUserCreated": {
											"type": "String",
											"value": null
										}
									},
									"queryTimeout": "02:00:00",
									"partitionOption": "None"
								},
								"dataset": {
									"referenceName": "azsadna_datasource_generic_mssql",
									"type": "DatasetReference",
									"parameters": {
										"schema": "idfwba",
										"table": "FEED"
									}
								}
							}
						},
						{
							"name": "Multi Copy to Archive",
							"type": "ExecutePipeline",
							"dependsOn": [
								{
									"activity": "Set vLandingToArchiveAccountType",
									"dependencyConditions": [
										"Succeeded"
									]
								}
							],
							"userProperties": [],
							"typeProperties": {
								"pipeline": {
									"referenceName": "MultiStorageCopy",
									"type": "PipelineReference"
								},
								"waitOnCompletion": true,
								"parameters": {
									"pSourceDestinationType": {
										"value": "@variables('vLandingToArchiveStorageAccountType')",
										"type": "Expression"
									},
									"pSourceAssetPath": {
										"value": "@pipeline().parameters.pAssetPath",
										"type": "Expression"
									},
									"pSourceAssetName": {
										"value": "@pipeline().parameters.pAssetName",
										"type": "Expression"
									},
									"pSourceStorageAccountServiceEndPoint": {
										"value": "@json(pipeline().parameters.currentFeedJobTask.FeedTaskJSON).properties.SourceStorageAccountServiceEndPoint",
										"type": "Expression"
									},
									"pDestinationAssetPath": {
										"value": "@json(pipeline().parameters.currentFeedJobTask.FeedTaskJSON).properties.FolderPath_ArchiveStore",
										"type": "Expression"
									},
									"pDestinationAssetName": {
										"value": "@pipeline().parameters.pAssetName",
										"type": "Expression"
									},
									"pDestinationStorageAccountServiceEndPoint": {
										"value": "@json(pipeline().parameters.currentFeedJobTask.FeedTaskJSON).properties.ArchiveStorageAccountServiceEndPoint",
										"type": "Expression"
									}
								}
							}
						},
						{
							"name": "Set vLandingToArchiveAccountType",
							"type": "SetVariable",
							"dependsOn": [],
							"userProperties": [],
							"typeProperties": {
								"variableName": "vLandingToArchiveStorageAccountType",
								"value": {
									"value": "@concat(json(pipeline().parameters.currentFeedJobTask.FeedTaskJSON).properties.SourceStorageAccountType,'To',json(pipeline().parameters.currentFeedJobTask.FeedTaskJSON).properties.ArchiveStorageAccountType)",
									"type": "Expression"
								}
							}
						},
						{
							"name": "Set vLandingToRawHopperAccountType",
							"type": "SetVariable",
							"dependsOn": [],
							"userProperties": [],
							"typeProperties": {
								"variableName": "vLandingToRawHopperStorageAccountType",
								"value": {
									"value": "@concat(json(pipeline().parameters.currentFeedJobTask.FeedTaskJSON).properties.SourceStorageAccountType,'To',json(pipeline().parameters.currentFeedJobTask.FeedTaskJSON).properties.TargetStorageAccountType)",
									"type": "Expression"
								}
							}
						},
						{
							"name": "Multi Copy to RAWHOPPER",
							"type": "ExecutePipeline",
							"dependsOn": [
								{
									"activity": "Set vLandingToRawHopperAccountType",
									"dependencyConditions": [
										"Succeeded"
									]
								},
								{
									"activity": "Multi Copy to Archive",
									"dependencyConditions": [
										"Succeeded"
									]
								}
							],
							"userProperties": [],
							"typeProperties": {
								"pipeline": {
									"referenceName": "MultiStorageCopy",
									"type": "PipelineReference"
								},
								"waitOnCompletion": true,
								"parameters": {
									"pSourceDestinationType": {
										"value": "@variables('vLandingToRawHopperStorageAccountType')",
										"type": "Expression"
									},
									"pSourceAssetPath": {
										"value": "@pipeline().parameters.pAssetPath",
										"type": "Expression"
									},
									"pSourceAssetName": {
										"value": "@pipeline().parameters.pAssetName",
										"type": "Expression"
									},
									"pSourceStorageAccountServiceEndPoint": {
										"value": "@json(pipeline().parameters.currentFeedJobTask.FeedTaskJSON).properties.SourceStorageAccountServiceEndPoint",
										"type": "Expression"
									},
									"pDestinationAssetPath": {
										"value": "@json(pipeline().parameters.currentFeedJobTask.FeedTaskJSON).properties.FolderPath_DestinationStore",
										"type": "Expression"
									},
									"pDestinationAssetName": {
										"value": "@pipeline().parameters.pAssetName",
										"type": "Expression"
									},
									"pDestinationStorageAccountServiceEndPoint": {
										"value": "@json(pipeline().parameters.currentFeedJobTask.FeedTaskJSON).properties.TargetStorageAccountServiceEndPoint",
										"type": "Expression"
									}
								}
							}
						},
						{
							"name": "Multi Delete File from Landing",
							"type": "ExecutePipeline",
							"dependsOn": [
								{
									"activity": "Set vLandingStorageType_RawHopper",
									"dependencyConditions": [
										"Succeeded"
									]
								},
								{
									"activity": "AssetStatusChange_Ingestion_RawHopper",
									"dependencyConditions": [
										"Succeeded"
									]
								}
							],
							"userProperties": [],
							"typeProperties": {
								"pipeline": {
									"referenceName": "MultiStorageDelete",
									"type": "PipelineReference"
								},
								"waitOnCompletion": true,
								"parameters": {
									"pSourceType": {
										"value": "@variables('vLandingStorageType')",
										"type": "Expression"
									},
									"pSourceAssetPath": {
										"value": "@pipeline().parameters.pAssetPath",
										"type": "Expression"
									},
									"pSourceAssetName": {
										"value": "@pipeline().parameters.pAssetName",
										"type": "Expression"
									},
									"pSourceStorageAccountServiceEndPoint": {
										"value": "@json(pipeline().parameters.currentFeedJobTask.FeedTaskJSON).properties.SourceStorageAccountServiceEndPoint",
										"type": "Expression"
									}
								}
							}
						},
						{
							"name": "Set vLandingStorageType_RawHopper",
							"type": "SetVariable",
							"dependsOn": [],
							"userProperties": [],
							"typeProperties": {
								"variableName": "vLandingStorageType",
								"value": {
									"value": "@json(pipeline().parameters.currentFeedJobTask.FeedTaskJSON).properties.SourceStorageAccountType",
									"type": "Expression"
								}
							}
						}
					]
				}
			},
			{
				"name": "vProcessStart",
				"type": "SetVariable",
				"dependsOn": [],
				"userProperties": [],
				"typeProperties": {
					"variableName": "vProcessStart",
					"value": {
						"value": "@utcnow('yyyyMMdd HH:mm:ss.fff')",
						"type": "Expression"
					}
				}
			},
			{
				"name": "Set vRunLogStatus",
				"type": "SetVariable",
				"dependsOn": [],
				"userProperties": [],
				"typeProperties": {
					"variableName": "vRunLogStatus",
					"value": "Running"
				}
			},
			{
				"name": "If_Size_Equals_Zero",
				"description": "If size = 0\n  vDestination='QUARANTINE'\nELSE\n  vDestination='RAW'",
				"type": "IfCondition",
				"dependsOn": [
					{
						"activity": "Get MD5 - Size Switch Storage",
						"dependencyConditions": [
							"Succeeded"
						]
					}
				],
				"userProperties": [],
				"typeProperties": {
					"expression": {
						"value": "@equals(variables('vSize'),'0')",
						"type": "Expression"
					},
					"ifFalseActivities": [
						{
							"name": "SetDestination_RAW",
							"type": "SetVariable",
							"dependsOn": [],
							"userProperties": [],
							"typeProperties": {
								"variableName": "vDestination",
								"value": "RAW"
							}
						}
					],
					"ifTrueActivities": [
						{
							"name": "SetDestination_QUARANTINE",
							"type": "SetVariable",
							"dependsOn": [],
							"userProperties": [],
							"typeProperties": {
								"variableName": "vDestination",
								"value": "QUARANTINE"
							}
						}
					]
				}
			},
			{
				"name": "If_MD5_IsNull_Or_Source_DataLake",
				"description": "If vDestination = 'RAW' AND MD5 IS NULL  OR vDestinationType='DataLake'\n  Call FunctionApp GetMD5 (placeholder)\nELSE\n  Do nothing (vDestination remains)",
				"type": "IfCondition",
				"dependsOn": [
					{
						"activity": "If_Size_Equals_Zero",
						"dependencyConditions": [
							"Succeeded"
						]
					}
				],
				"userProperties": [],
				"typeProperties": {
					"expression": {
						"value": "@or(\n and(equals(variables('vDestination'),'RAW'),equals(variables('vMD5'),''))\n ,equals(json(pipeline().parameters.currentFeedJobTask.FeedTaskJSON).properties.SourceStorageAccountType,'DataLake')\n)",
						"type": "Expression"
					},
					"ifFalseActivities": [
						{
							"name": "DoNothing",
							"type": "Wait",
							"dependsOn": [],
							"userProperties": [],
							"typeProperties": {
								"waitTimeInSeconds": 1
							}
						}
					],
					"ifTrueActivities": [
						{
							"name": "Set vMD5_AferGetMD5",
							"type": "SetVariable",
							"dependsOn": [
								{
									"activity": "GetMD5",
									"dependencyConditions": [
										"Succeeded"
									]
								}
							],
							"userProperties": [],
							"typeProperties": {
								"variableName": "vMD5",
								"value": {
									"value": "@activity('GetMD5').output.originalFileMd5Hash",
									"type": "Expression"
								}
							}
						},
						{
							"name": "GetMD5",
							"type": "AzureFunctionActivity",
							"dependsOn": [],
							"policy": {
								"timeout": "7.00:00:00",
								"retry": 0,
								"retryIntervalInSeconds": 30,
								"secureOutput": false,
								"secureInput": false
							},
							"userProperties": [],
							"typeProperties": {
								"functionName": "md5",
								"method": "POST",
								"body": {
									"value": "@concat('{'\n,'\"sourceAccount\":\"',json(pipeline().parameters.currentFeedJobTask.FeedTaskJSON).properties.SourceStorageAccountServiceEndPoint,'\",'\n,'\"sourcePath\":\"',pipeline().parameters.pAssetPath,'\",'\n,'\"file\":\"',pipeline().parameters.pAssetName, '\"}'\n)",
									"type": "Expression"
								}
							},
							"linkedServiceName": {
								"referenceName": "FileTools",
								"type": "LinkedServiceReference"
							}
						}
					]
				}
			},
			{
				"name": "If_Raw",
				"description": "If vDestination = 'RAW'\n  UpdateOrAddAsset (to insert the MD5)\n  CountAsset_Name_MD5\nELSE\n  Do nothing",
				"type": "IfCondition",
				"dependsOn": [
					{
						"activity": "If_MD5_IsNull_Or_Source_DataLake",
						"dependencyConditions": [
							"Succeeded"
						]
					}
				],
				"userProperties": [],
				"typeProperties": {
					"expression": {
						"value": "@equals(variables('vDestination'),'RAW')",
						"type": "Expression"
					},
					"ifFalseActivities": [
						{
							"name": "DoNothing_copy1",
							"type": "Wait",
							"dependsOn": [],
							"userProperties": [],
							"typeProperties": {
								"waitTimeInSeconds": 1
							}
						}
					],
					"ifTrueActivities": [
						{
							"name": "CountAsset_Name_MD5",
							"description": "Counts number of rows in dbo.ASSET with the same Name and MD5",
							"type": "Lookup",
							"dependsOn": [],
							"policy": {
								"timeout": "7.00:00:00",
								"retry": 0,
								"retryIntervalInSeconds": 30,
								"secureOutput": false,
								"secureInput": false
							},
							"userProperties": [],
							"typeProperties": {
								"source": {
									"type": "AzureSqlSource",
									"sqlReaderStoredProcedureName": "[idfwba].[CountAsset]",
									"storedProcedureParameters": {
										"pAssetName": {
											"type": "String",
											"value": {
												"value": "@pipeline().parameters.pAssetName",
												"type": "Expression"
											}
										},
										"pMD5": {
											"type": "String",
											"value": {
												"value": "@variables('vMD5')",
												"type": "Expression"
											}
										}
									},
									"partitionOption": "None"
								},
								"dataset": {
									"referenceName": "azsadna_datasource_generic_mssql",
									"type": "DatasetReference",
									"parameters": {
										"schema": "idfwba",
										"table": "DUMMY_FEED"
									}
								}
							}
						}
					]
				}
			},
			{
				"name": "RunStart",
				"description": "Executes RunStart with the appropriate parameters",
				"type": "Lookup",
				"dependsOn": [
					{
						"activity": "vProcessStart",
						"dependencyConditions": [
							"Succeeded"
						]
					},
					{
						"activity": "Set vRunLogStatus",
						"dependencyConditions": [
							"Succeeded"
						]
					}
				],
				"policy": {
					"timeout": "7.00:00:00",
					"retry": 0,
					"retryIntervalInSeconds": 30,
					"secureOutput": false,
					"secureInput": false
				},
				"userProperties": [],
				"typeProperties": {
					"source": {
						"type": "AzureSqlSource",
						"sqlReaderStoredProcedureName": {
							"value": "idfwba.RunStart",
							"type": "Expression"
						},
						"storedProcedureParameters": {
							"pRunId": {
								"type": "String",
								"value": {
									"value": "@pipeline().RunId",
									"type": "Expression"
								}
							},
							"pDTStart": {
								"type": "String",
								"value": {
									"value": "@variables('vProcessStart')",
									"type": "Expression"
								}
							},
							"pFeedID": {
								"type": "String",
								"value": {
									"value": "@pipeline().parameters.currentFeedJobTask.FeedID",
									"type": "Expression"
								}
							},
							"pJobID": {
								"type": "String",
								"value": {
									"value": "@pipeline().parameters.currentFeedJobTask.JobID",
									"type": "Expression"
								}
							},
							"pTaskID": {
								"type": "String",
								"value": {
									"value": "@pipeline().parameters.currentFeedJobTask.TaskID",
									"type": "Expression"
								}
							},
							"pAssetID": {
								"type": "String",
								"value": {
									"value": "@pipeline().parameters.pAssetID",
									"type": "Expression"
								}
							},
							"pParentRunLogID": {
								"type": "String",
								"value": {
									"value": "@variables('vParentRunLogId')",
									"type": "Expression"
								}
							},
							"pPipelineName": {
								"type": "String",
								"value": {
									"value": "@pipeline().Pipeline",
									"type": "Expression"
								}
							},
							"pRunLogTypeId": {
								"type": "String",
								"value": {
									"value": "Task",
									"type": "Expression"
								}
							},
							"pParentRunID": {
								"type": "String",
								"value": {
									"value": "@pipeline().parameters.primalPipelineRunId",
									"type": "Expression"
								}
							}
						},
						"queryTimeout": "02:00:00",
						"partitionOption": "None"
					},
					"dataset": {
						"referenceName": "azsadna_datasource_generic_mssql",
						"type": "DatasetReference",
						"parameters": {
							"schema": "idfwba",
							"table": "RUNLOG"
						}
					},
					"firstRowOnly": true
				}
			},
			{
				"name": "RunUpdate",
				"description": "Executes RunUpdate with the appropriate parameters",
				"type": "Lookup",
				"dependsOn": [
					{
						"activity": "If_Raw",
						"dependencyConditions": [
							"Succeeded"
						]
					}
				],
				"policy": {
					"timeout": "7.00:00:00",
					"retry": 0,
					"retryIntervalInSeconds": 30,
					"secureOutput": false,
					"secureInput": false
				},
				"userProperties": [],
				"typeProperties": {
					"source": {
						"type": "AzureSqlSource",
						"sqlReaderStoredProcedureName": {
							"value": "idfwba.RunUpdate",
							"type": "Expression"
						},
						"storedProcedureParameters": {
							"pDataSizeMB": {
								"type": "String",
								"value": {
									"value": "@variables('vSize')",
									"type": "Expression"
								}
							},
							"pFeedID": {
								"type": "String",
								"value": {
									"value": "@pipeline().parameters.currentFeedJobTask.FeedID",
									"type": "Expression"
								}
							},
							"pJobID": {
								"type": "String",
								"value": {
									"value": "@pipeline().parameters.currentFeedJobTask.JobID",
									"type": "Expression"
								}
							},
							"pTaskID": {
								"type": "String",
								"value": {
									"value": "@pipeline().parameters.currentFeedJobTask.FeedID",
									"type": "Expression"
								}
							},
							"pAssetID": {
								"type": "String",
								"value": {
									"value": "@pipeline().parameters.pAssetID",
									"type": "Expression"
								}
							},
							"pNrRecords": {
								"type": "String",
								"value": {
									"value": "@variables('vNrRecords')",
									"type": "Expression"
								}
							},
							"pPipelineName": {
								"type": "String",
								"value": {
									"value": "@pipeline().Pipeline",
									"type": "Expression"
								}
							},
							"pRunID": {
								"type": "String",
								"value": {
									"value": "@pipeline().RunId",
									"type": "Expression"
								}
							},
							"pRunLogID": {
								"type": "String",
								"value": {
									"value": "@variables('vRunLogId')",
									"type": "Expression"
								}
							},
							"pRunningStatus": {
								"type": "String",
								"value": {
									"value": "@variables('vRunLogStatus')",
									"type": "Expression"
								}
							}
						},
						"queryTimeout": "02:00:00",
						"partitionOption": "None"
					},
					"dataset": {
						"referenceName": "azsadna_datasource_generic_mssql",
						"type": "DatasetReference",
						"parameters": {
							"schema": "idfwba",
							"table": "RUNLOG"
						}
					},
					"firstRowOnly": false
				}
			},
			{
				"name": "RunEnd",
				"description": "Executes RunEnd with the appropriate parameters",
				"type": "Lookup",
				"dependsOn": [
					{
						"activity": "If_MoveData",
						"dependencyConditions": [
							"Succeeded"
						]
					}
				],
				"policy": {
					"timeout": "7.00:00:00",
					"retry": 0,
					"retryIntervalInSeconds": 30,
					"secureOutput": false,
					"secureInput": false
				},
				"userProperties": [],
				"typeProperties": {
					"source": {
						"type": "AzureSqlSource",
						"sqlReaderStoredProcedureName": {
							"value": "idfwba.RunEnd",
							"type": "Expression"
						},
						"storedProcedureParameters": {
							"pRunLogId": {
								"type": "String",
								"value": {
									"value": "@variables('vRunLogId')",
									"type": "Expression"
								}
							},
							"pDTEnd": {
								"type": "String",
								"value": {
									"value": "@utcnow('yyyyMMdd HH:mm:ss.fff')",
									"type": "Expression"
								}
							},
							"pRunID": {
								"type": "String",
								"value": {
									"value": "@pipeline().RunId",
									"type": "Expression"
								}
							}
						},
						"queryTimeout": "02:00:00",
						"partitionOption": "None"
					},
					"dataset": {
						"referenceName": "azsadna_datasource_generic_mssql",
						"type": "DatasetReference",
						"parameters": {
							"schema": "idfwba",
							"table": "RUNLOG"
						}
					},
					"firstRowOnly": false
				}
			},
			{
				"name": "Get MD5 - Size Switch Storage",
				"type": "Switch",
				"dependsOn": [
					{
						"activity": "RunStart",
						"dependencyConditions": [
							"Succeeded"
						]
					}
				],
				"userProperties": [],
				"typeProperties": {
					"on": {
						"value": "@json(pipeline().parameters.currentFeedJobTask.FeedTaskJSON).properties.SourceStorageAccountType",
						"type": "Expression"
					},
					"cases": [
						{
							"value": "Blob",
							"activities": [
								{
									"name": "Set vSize_Blob",
									"type": "SetVariable",
									"dependsOn": [
										{
											"activity": "Get_MD5_size_Blob",
											"dependencyConditions": [
												"Succeeded"
											]
										}
									],
									"userProperties": [],
									"typeProperties": {
										"variableName": "vSize",
										"value": {
											"value": "@string(activity('Get_MD5_size_Blob').output.size)",
											"type": "Expression"
										}
									}
								},
								{
									"name": "Get_MD5_size_Blob",
									"type": "GetMetadata",
									"dependsOn": [],
									"policy": {
										"timeout": "7.00:00:00",
										"retry": 0,
										"retryIntervalInSeconds": 30,
										"secureOutput": false,
										"secureInput": false
									},
									"userProperties": [],
									"typeProperties": {
										"dataset": {
											"referenceName": "azsadna_datasource_generic_blob",
											"type": "DatasetReference",
											"parameters": {
												"path": {
													"value": "@pipeline().parameters.pAssetPath",
													"type": "Expression"
												},
												"filename": {
													"value": "@pipeline().parameters.pAssetName",
													"type": "Expression"
												},
												"StorageAccountServiceEndPoint": {
													"value": "@json(pipeline().parameters.currentFeedJobTask.FeedTaskJSON).properties.SourceStorageAccountServiceEndPoint",
													"type": "Expression"
												}
											}
										},
										"fieldList": [
											"contentMD5",
											"size"
										],
										"storeSettings": {
											"type": "AzureBlobStorageReadSettings",
											"recursive": true
										},
										"formatSettings": {
											"type": "BinaryReadSettings"
										}
									}
								},
								{
									"name": "Set vMD5_Blob",
									"type": "SetVariable",
									"dependsOn": [
										{
											"activity": "Get_MD5_size_Blob",
											"dependencyConditions": [
												"Succeeded"
											]
										}
									],
									"userProperties": [],
									"typeProperties": {
										"variableName": "vMD5",
										"value": {
											"value": "@coalesce(activity('Get_MD5_Size_Blob').output.contentMD5,'')",
											"type": "Expression"
										}
									}
								}
							]
						},
						{
							"value": "DataLake",
							"activities": [
								{
									"name": "Set vSize_DataLake",
									"type": "SetVariable",
									"dependsOn": [
										{
											"activity": "Get_MD5_size_DataLake",
											"dependencyConditions": [
												"Succeeded"
											]
										}
									],
									"userProperties": [],
									"typeProperties": {
										"variableName": "vSize",
										"value": {
											"value": "@string(activity('Get_MD5_size_DataLake').output.size)",
											"type": "Expression"
										}
									}
								},
								{
									"name": "Get_MD5_size_DataLake",
									"type": "GetMetadata",
									"dependsOn": [],
									"policy": {
										"timeout": "7.00:00:00",
										"retry": 0,
										"retryIntervalInSeconds": 30,
										"secureOutput": false,
										"secureInput": false
									},
									"userProperties": [],
									"typeProperties": {
										"dataset": {
											"referenceName": "azsadna_datasource_generic_blob",
											"type": "DatasetReference",
											"parameters": {
												"path": {
													"value": "@pipeline().parameters.pAssetPath",
													"type": "Expression"
												},
												"filename": {
													"value": "@pipeline().parameters.pAssetName",
													"type": "Expression"
												},
												"StorageAccountServiceEndPoint": {
													"value": "@json(pipeline().parameters.currentFeedJobTask.FeedTaskJSON).properties.SourceStorageAccountServiceEndPoint",
													"type": "Expression"
												}
											}
										},
										"fieldList": [
											"contentMD5",
											"size"
										],
										"storeSettings": {
											"type": "AzureBlobStorageReadSettings",
											"recursive": true
										},
										"formatSettings": {
											"type": "BinaryReadSettings"
										}
									}
								},
								{
									"name": "Set vMD5_DataLake",
									"type": "SetVariable",
									"dependsOn": [
										{
											"activity": "Get_MD5_size_DataLake",
											"dependencyConditions": [
												"Succeeded"
											]
										}
									],
									"userProperties": [],
									"typeProperties": {
										"variableName": "vMD5",
										"value": {
											"value": "@string('')",
											"type": "Expression"
										}
									}
								}
							]
						}
					]
				}
			}
		],
		"parameters": {
			"pAssetName": {
				"type": "string"
			},
			"pAssetPath": {
				"type": "string"
			},
			"primalPipelineRunId": {
				"type": "string"
			},
			"parentPipelineRunId": {
				"type": "string"
			},
			"currentFeedJobTask": {
				"type": "object"
			},
			"pAssetID": {
				"type": "string"
			},
			"pParentRunLogID": {
				"type": "string"
			}
		},
		"variables": {
			"vProcessStart": {
				"type": "String"
			},
			"vNrRecords": {
				"type": "String"
			},
			"vRunLogStatus": {
				"type": "String"
			},
			"vRunLogId": {
				"type": "String"
			},
			"vParentRunLogId": {
				"type": "String"
			},
			"vRunLogTypeId": {
				"type": "String"
			},
			"vDestination": {
				"type": "String",
				"defaultValue": "RAW"
			},
			"vMD5": {
				"type": "String"
			},
			"vLandingToRawHopperStorageAccountType": {
				"type": "String"
			},
			"vLandingToArchiveStorageAccountType": {
				"type": "String"
			},
			"vRawHopperStorageType": {
				"type": "String"
			},
			"vLandingStorageType": {
				"type": "String"
			},
			"vLandingToQuarantineStorageAccountType": {
				"type": "String"
			},
			"vQuarantineStorageType": {
				"type": "String"
			},
			"vSize": {
				"type": "String"
			}
		},
		"folder": {
			"name": "TaskTemplates"
		},
		"annotations": [],
		"lastPublishTime": "2021-03-11T17:44:26Z"
	},
	"type": "Microsoft.DataFactory/factories/pipelines"
}