{
	"name": "FileMoveFromRawToCleansed_Actual",
	"properties": {
		"activities": [
			{
				"name": "Write Asset History",
				"type": "SqlServerStoredProcedure",
				"dependsOn": [
					{
						"activity": "Multi Delete File from Raw To Cleansed",
						"dependencyConditions": [
							"Succeeded"
						]
					}
				],
				"policy": {
					"timeout": "7.00:00:00",
					"retry": 0,
					"retryIntervalInSeconds": 30,
					"secureOutput": false,
					"secureInput": false
				},
				"userProperties": [],
				"typeProperties": {
					"storedProcedureName": "[idfwba].[AddNewAssetHistory]",
					"storedProcedureParameters": {
						"pAssetID": {
							"value": {
								"value": "@variables('vAssetId')",
								"type": "Expression"
							},
							"type": "String"
						},
						"pDescription": {
							"value": {
								"value": "@concat('AssetID='\n              , pipeline().parameters.pAssetId\n              , '; AssetName='\n              , pipeline().parameters.pAssetName\n              , '. Moved from '\n              , pipeline().parameters.pAssetPath\n              , ' to '\n              , json(pipeline().parameters.currentFeedJobTask.FeedTaskJSON).properties.FolderPath_DestinationStore\n, ' Renamed to '\n, variables('vRenamedAssetName')\n)",
								"type": "Expression"
							},
							"type": "String"
						},
						"pDTCreated": {
							"value": {
								"value": "@utcnow('yyyyMMdd HH:mm:ss.fff')",
								"type": "Expression"
							},
							"type": "String"
						}
					}
				},
				"linkedServiceName": {
					"referenceName": "MVPMetaDataStore",
					"type": "LinkedServiceReference"
				}
			},
			{
				"name": "Rename Destination Asset Name",
				"type": "Lookup",
				"dependsOn": [],
				"policy": {
					"timeout": "7.00:00:00",
					"retry": 0,
					"retryIntervalInSeconds": 30,
					"secureOutput": false,
					"secureInput": false
				},
				"userProperties": [],
				"typeProperties": {
					"source": {
						"type": "AzureSqlSource",
						"sqlReaderStoredProcedureName": "[idfwba].[RenameFileAccordingToPattern]",
						"storedProcedureParameters": {
							"pAssetName": {
								"type": "String",
								"value": {
									"value": "@pipeline().parameters.pAssetName",
									"type": "Expression"
								}
							},
							"pFeedID": {
								"type": "Int32",
								"value": {
									"value": "@pipeline().parameters.currentFeedJobTask.FeedID",
									"type": "Expression"
								}
							}
						},
						"queryTimeout": "02:00:00",
						"partitionOption": "None"
					},
					"dataset": {
						"referenceName": "azsadna_datasource_generic_mssql",
						"type": "DatasetReference",
						"parameters": {
							"schema": "idfwba",
							"table": "ASSET"
						}
					}
				}
			},
			{
				"name": "Set vRenamedAssetName",
				"type": "SetVariable",
				"dependsOn": [
					{
						"activity": "Rename Destination Asset Name",
						"dependencyConditions": [
							"Succeeded"
						]
					}
				],
				"userProperties": [],
				"typeProperties": {
					"variableName": "vRenamedAssetName",
					"value": {
						"value": "@activity('Rename Destination Asset Name').output.firstRow.RenamedAsset",
						"type": "Expression"
					}
				}
			},
			{
				"name": "AssetAddOrUpdate_To_Cleansed",
				"description": "If vRefLOVTargetTable='ref.RefLOV\n  Status = 'Prepare Cleansed'\nELSE\n  Status = 'Cleansed'",
				"type": "Lookup",
				"dependsOn": [
					{
						"activity": "Set vTargetTable",
						"dependencyConditions": [
							"Succeeded"
						]
					}
				],
				"policy": {
					"timeout": "7.00:00:00",
					"retry": 0,
					"retryIntervalInSeconds": 30,
					"secureOutput": false,
					"secureInput": false
				},
				"userProperties": [],
				"typeProperties": {
					"source": {
						"type": "AzureSqlSource",
						"sqlReaderStoredProcedureName": "[idfwba].[AssetAddOrUpdate]",
						"storedProcedureParameters": {
							"pAssetCurrentLocation": {
								"type": "String",
								"value": {
									"value": "@json(pipeline().parameters.currentFeedJobTask.FeedTaskJSON).properties.FolderPath_DestinationStore",
									"type": "Expression"
								}
							},
							"pAssetDefinition": {
								"type": "String",
								"value": {
									"value": "@pipeline().parameters.pAssetName",
									"type": "Expression"
								}
							},
							"pAssetID": {
								"type": "String",
								"value": {
									"value": "@variables('vAssetId')",
									"type": "Expression"
								}
							},
							"pAssetMD5": {
								"type": "String",
								"value": {
									"value": "@pipeline().parameters.pMD5",
									"type": "Expression"
								}
							},
							"pAssetName": {
								"type": "String",
								"value": {
									"value": "@variables('vRenamedAssetName')",
									"type": "Expression"
								}
							},
							"pAssetSubTypeID": {
								"type": "String",
								"value": null
							},
							"pAssetTypeID": {
								"type": "String",
								"value": null
							},
							"pAttributeDescription": {
								"type": "String",
								"value": null
							},
							"pAttributeEntityDescription": {
								"type": "String",
								"value": null
							},
							"pDTCreated": {
								"type": "String",
								"value": null
							},
							"pEntityDescription": {
								"type": "String",
								"value": null
							},
							"pFeedId": {
								"type": "String",
								"value": {
									"value": "@pipeline().parameters.currentFeedJobTask.FeedId",
									"type": "Expression"
								}
							},
							"pInformationClassificationID": {
								"type": "String",
								"value": null
							},
							"pKeepValueFlag": {
								"type": "String",
								"value": null
							},
							"pNumberOfBytes": {
								"type": "String",
								"value": {
									"value": "@pipeline().parameters.pSize",
									"type": "Expression"
								}
							},
							"pNumberOfRecords": {
								"type": "String",
								"value": {
									"value": "@pipeline().parameters.pNrRecords",
									"type": "Expression"
								}
							},
							"pParentAssetID": {
								"type": "String",
								"value": {
									"value": "@if(equals(coalesce(pipeline().parameters.pParentAssetId,'-1'),'-1')\n      ,''\n      ,pipeline().parameters.pParentAssetId\n     )",
									"type": "Expression"
								}
							},
							"pStatusID": {
								"type": "String",
								"value": null
							},
							"pUserCreated": {
								"type": "String",
								"value": null
							}
						},
						"queryTimeout": "02:00:00",
						"partitionOption": "None"
					},
					"dataset": {
						"referenceName": "azsadna_datasource_generic_mssql",
						"type": "DatasetReference",
						"parameters": {
							"schema": "idfwba",
							"table": "FEED"
						}
					}
				}
			},
			{
				"name": "AssetStatusChange_Cleansed",
				"description": "Update Status to \"Cleansed\"",
				"type": "Lookup",
				"dependsOn": [
					{
						"activity": "AssetAddOrUpdate_To_Cleansed",
						"dependencyConditions": [
							"Succeeded"
						]
					}
				],
				"policy": {
					"timeout": "7.00:00:00",
					"retry": 0,
					"retryIntervalInSeconds": 30,
					"secureOutput": false,
					"secureInput": false
				},
				"userProperties": [],
				"typeProperties": {
					"source": {
						"type": "AzureSqlSource",
						"sqlReaderStoredProcedureName": "[idfwba].[AssetStatusChange]",
						"storedProcedureParameters": {
							"pAssetID": {
								"type": "String",
								"value": {
									"value": "@variables('vAssetId')",
									"type": "Expression"
								}
							},
							"pDTCreated": {
								"type": "String",
								"value": null
							},
							"pStatusID": {
								"type": "String",
								"value": {
									"value": "@if(equals(variables('vRefLOVTargetTable'),'ref.RefLOV')\n ,'24016','24014'\n)",
									"type": "Expression"
								}
							},
							"pUserCreated": {
								"type": "String",
								"value": null
							}
						},
						"queryTimeout": "02:00:00",
						"partitionOption": "None"
					},
					"dataset": {
						"referenceName": "azsadna_datasource_generic_mssql",
						"type": "DatasetReference",
						"parameters": {
							"schema": "idfwba",
							"table": "FEED"
						}
					}
				}
			},
			{
				"name": "AssetToProcessGet",
				"type": "Lookup",
				"dependsOn": [
					{
						"activity": "UnpackAndInfo",
						"dependencyConditions": [
							"Succeeded"
						]
					}
				],
				"policy": {
					"timeout": "7.00:00:00",
					"retry": 0,
					"retryIntervalInSeconds": 30,
					"secureOutput": false,
					"secureInput": false
				},
				"userProperties": [],
				"typeProperties": {
					"source": {
						"type": "AzureSqlSource",
						"sqlReaderStoredProcedureName": "[idfwba].[AssetToProcessGet]",
						"storedProcedureParameters": {
							"pAssetID": {
								"type": "String",
								"value": {
									"value": "@variables('vAssetId')",
									"type": "Expression"
								}
							},
							"pAssetStatusID": {
								"type": "String",
								"value": null
							},
							"pFeedID": {
								"type": "String",
								"value": null
							},
							"pLatestAssetFlag": {
								"type": "String",
								"value": null
							},
							"pProjectID": {
								"type": "String",
								"value": null
							},
							"pSourceRangeID": {
								"type": "String",
								"value": null
							},
							"pTargetLayer": {
								"type": "String",
								"value": null
							}
						},
						"queryTimeout": "02:00:00",
						"partitionOption": "None"
					},
					"dataset": {
						"referenceName": "azsadna_datasource_generic_mssql",
						"type": "DatasetReference",
						"parameters": {
							"schema": "idfwba",
							"table": "FEED"
						}
					}
				}
			},
			{
				"name": "Set vAssetToGet",
				"type": "SetVariable",
				"dependsOn": [
					{
						"activity": "AssetToProcessGet",
						"dependencyConditions": [
							"Succeeded"
						]
					}
				],
				"userProperties": [],
				"typeProperties": {
					"variableName": "vAssetToGet",
					"value": {
						"value": "@string(json(activity('AssetToProcessGet').output.firstRow.AssetListJSON).AssetList[0])",
						"type": "Expression"
					}
				}
			},
			{
				"name": "Set vTargetTable",
				"type": "SetVariable",
				"dependsOn": [
					{
						"activity": "Set vAssetToGet",
						"dependencyConditions": [
							"Succeeded"
						]
					}
				],
				"userProperties": [],
				"typeProperties": {
					"variableName": "vRefLOVTargetTable",
					"value": {
						"value": "@concat(\n      json(variables('vAssetToGet')).RefLOVTargetSchema\n      ,'.'\n      ,json(variables('vAssetToGet')).RefLOVTargetTable\n)",
						"type": "Expression"
					}
				}
			},
			{
				"name": "Multi Delete File from Raw To Cleansed",
				"type": "ExecutePipeline",
				"dependsOn": [
					{
						"activity": "AssetStatusChange_Cleansed",
						"dependencyConditions": [
							"Succeeded"
						]
					},
					{
						"activity": "Set vRawStorageAccountType",
						"dependencyConditions": [
							"Succeeded"
						]
					}
				],
				"userProperties": [],
				"typeProperties": {
					"pipeline": {
						"referenceName": "MultiStorageDelete",
						"type": "PipelineReference"
					},
					"waitOnCompletion": true,
					"parameters": {
						"pSourceType": {
							"value": "@variables('vRawStorageAccountType')",
							"type": "Expression"
						},
						"pSourceAssetPath": {
							"value": "@pipeline().parameters.pAssetPath",
							"type": "Expression"
						},
						"pSourceAssetName": {
							"value": "@pipeline().parameters.pAssetName",
							"type": "Expression"
						},
						"pSourceStorageAccountServiceEndPoint": {
							"value": "@json(pipeline().parameters.currentFeedJobTask.FeedTaskJSON).properties.SourceStorageAccountServiceEndPoint",
							"type": "Expression"
						}
					}
				}
			},
			{
				"name": "Set vRawStorageAccountType",
				"type": "SetVariable",
				"dependsOn": [],
				"userProperties": [],
				"typeProperties": {
					"variableName": "vRawStorageAccountType",
					"value": {
						"value": "@json(pipeline().parameters.currentFeedJobTask.FeedTaskJSON).properties.SourceStorageAccountType",
						"type": "Expression"
					}
				}
			},
			{
				"name": "DQAnalysis",
				"type": "ExecutePipeline",
				"dependsOn": [
					{
						"activity": "Multi Delete File from Raw To Cleansed",
						"dependencyConditions": [
							"Succeeded"
						]
					}
				],
				"userProperties": [],
				"typeProperties": {
					"pipeline": {
						"referenceName": "DQ_Analysis",
						"type": "PipelineReference"
					},
					"waitOnCompletion": true,
					"parameters": {
						"pFeedId": {
							"value": "@pipeline().parameters.currentFeedJobTask.FeedID",
							"type": "Expression"
						},
						"pAssetId": {
							"value": "@variables('vAssetId')",
							"type": "Expression"
						},
						"PAssetDestinationPath": {
							"value": "@json(pipeline().parameters.currentFeedJobTask.FeedTaskJSON).properties.FolderPath_DQDestinationStore",
							"type": "Expression"
						},
						"pAssetName": {
							"value": "@pipeline().parameters.pAssetName",
							"type": "Expression"
						}
					}
				}
			},
			{
				"name": "Set vFeedJobTaskForEncrypted",
				"type": "SetVariable",
				"dependsOn": [
					{
						"activity": "Set vFeedJobTaskProperties",
						"dependencyConditions": [
							"Succeeded"
						]
					}
				],
				"userProperties": [],
				"typeProperties": {
					"variableName": "vCheckFeedJobTaskforEncrypted",
					"value": {
						"value": "@and(\n and(contains(json(variables('vCurrentFeedJobTaskProperties')),'KeyvaultUrl'),\n   and( \n     contains(json(variables('vCurrentFeedJobTaskProperties')),'FeedPrivateKeySecretName'),\n     contains(json(variables('vCurrentFeedJobTaskProperties')),'FeedPassphraseSecretName')\n   )\n ),\n or(equals(variables('vExtension'),'pgp'),equals(variables('vExtension'),'gpg')) \n)",
						"type": "Expression"
					}
				}
			},
			{
				"name": "Set vFeedJobTaskProperties",
				"type": "SetVariable",
				"dependsOn": [
					{
						"activity": "Set vAssetId",
						"dependencyConditions": [
							"Succeeded"
						]
					}
				],
				"userProperties": [],
				"typeProperties": {
					"variableName": "vCurrentFeedJobTaskProperties",
					"value": {
						"value": "@string(json(pipeline().parameters.currentFeedJobTask.FeedTaskJSON).properties)",
						"type": "Expression"
					}
				}
			},
			{
				"name": "Set vExtension",
				"type": "SetVariable",
				"dependsOn": [
					{
						"activity": "Set vRenamedAssetName",
						"dependencyConditions": [
							"Succeeded"
						]
					}
				],
				"userProperties": [],
				"typeProperties": {
					"variableName": "vExtension",
					"value": {
						"value": "@substring(pipeline().parameters.pAssetName,\n           add(lastindexof(pipeline().parameters.pAssetName,'.'),1),\n    sub(length(pipeline().parameters.pAssetName),add(lastindexof(pipeline().parameters.pAssetName,'.'),1))\n)",
						"type": "Expression"
					}
				}
			},
			{
				"name": "RunException ErrorOnRetrieveParams",
				"type": "ExecutePipeline",
				"dependsOn": [
					{
						"activity": "Set vFeedJobTaskProperties",
						"dependencyConditions": [
							"Failed"
						]
					}
				],
				"userProperties": [],
				"typeProperties": {
					"pipeline": {
						"referenceName": "RunException",
						"type": "PipelineReference"
					},
					"waitOnCompletion": true,
					"parameters": {
						"pErrorMessage": {
							"value": "activity('Set vFeedJobTaskProperties').Error.Message",
							"type": "Expression"
						},
						"pRunID": {
							"value": "@pipeline().runId",
							"type": "Expression"
						}
					}
				}
			},
			{
				"name": "RunException ErrorOnBuildingJSON",
				"type": "ExecutePipeline",
				"dependsOn": [
					{
						"activity": "If Encrypted Confguration",
						"dependencyConditions": [
							"Failed"
						]
					}
				],
				"userProperties": [],
				"typeProperties": {
					"pipeline": {
						"referenceName": "RunException",
						"type": "PipelineReference"
					},
					"waitOnCompletion": true,
					"parameters": {
						"pErrorMessage": {
							"value": "@activity('Set vFileToolPostBody for Encrypted').Error.message",
							"type": "Expression"
						},
						"pRunID": {
							"value": "@pipeline().parameters.parentPipelineRunId",
							"type": "Expression"
						}
					}
				}
			},
			{
				"name": "UnpackAndInfo",
				"type": "AzureFunctionActivity",
				"dependsOn": [
					{
						"activity": "If Encrypted Confguration",
						"dependencyConditions": [
							"Succeeded"
						]
					}
				],
				"policy": {
					"timeout": "7.00:00:00",
					"retry": 0,
					"retryIntervalInSeconds": 30,
					"secureOutput": false,
					"secureInput": false
				},
				"userProperties": [],
				"typeProperties": {
					"functionName": "process",
					"method": "POST",
					"body": {
						"value": "@json(variables('vFileToolPostBody'))",
						"type": "Expression"
					}
				},
				"linkedServiceName": {
					"referenceName": "Kishore_FunctionApp",
					"type": "LinkedServiceReference"
				}
			},
			{
				"name": "Set vUnpackAndInfoError",
				"type": "SetVariable",
				"dependsOn": [
					{
						"activity": "UnpackAndInfo",
						"dependencyConditions": [
							"Failed"
						]
					}
				],
				"userProperties": [],
				"typeProperties": {
					"variableName": "vUnpackAndInfoError",
					"value": {
						"value": "@substring(\n    activity('UnpackAndInfo').Error.Message\n   ,indexOf(activity('UnpackAndInfo').Error.Message,'{')\n   ,add(sub(lastIndexOf(activity('UnpackAndInfo').Error.Message,'}')\n       ,indexOf(activity('UnpackAndInfo').Error.Message,'{')\n   ),1)\n)",
						"type": "Expression"
					}
				}
			},
			{
				"name": "Log Task Level Errors",
				"type": "ExecutePipeline",
				"dependsOn": [
					{
						"activity": "Set vUnpackAndInfoError",
						"dependencyConditions": [
							"Succeeded"
						]
					}
				],
				"userProperties": [],
				"typeProperties": {
					"pipeline": {
						"referenceName": "ProcessError_UnpackCleansed",
						"type": "PipelineReference"
					},
					"waitOnCompletion": true,
					"parameters": {
						"vUnpackAndInfoError": {
							"value": "@variables('vUnpackAndInfoError')",
							"type": "Expression"
						},
						"pDataFactoryRunId": {
							"value": "@pipeline().parameters.parentPipelineRunId",
							"type": "Expression"
						}
					}
				}
			},
			{
				"name": "RunException UnpackAndInfoUnexpected",
				"type": "ExecutePipeline",
				"dependsOn": [
					{
						"activity": "Set vUnpackAndInfoError",
						"dependencyConditions": [
							"Failed"
						]
					}
				],
				"userProperties": [],
				"typeProperties": {
					"pipeline": {
						"referenceName": "RunException",
						"type": "PipelineReference"
					},
					"waitOnCompletion": true,
					"parameters": {
						"pErrorMessage": {
							"value": "@activity('UnpackAndInfo').Error.Message",
							"type": "Expression"
						},
						"pRunID": {
							"value": "@pipeline().parameters.parentPipelineRunId",
							"type": "Expression"
						}
					}
				}
			},
			{
				"name": "set vErrorMessage_SQL_TPT",
				"type": "SetVariable",
				"dependsOn": [
					{
						"activity": "Log Task Level Errors",
						"dependencyConditions": [
							"Succeeded"
						]
					}
				],
				"userProperties": [],
				"typeProperties": {
					"variableName": "vErrorMessage_SQL_TPT",
					"value": {
						"value": "Declare @err_msg NVARCHAR(150);\nSET @err_msg=N'ERROR_MESSAGE';\nRAISERROR(@err_msg,15,1)",
						"type": "Expression"
					}
				}
			},
			{
				"name": "Generate Exception",
				"description": "Stored Procedure call to generate Exception",
				"type": "SqlServerStoredProcedure",
				"dependsOn": [
					{
						"activity": "set vErrorMessage_SQL_TPT",
						"dependencyConditions": [
							"Succeeded"
						]
					}
				],
				"policy": {
					"timeout": "7.00:00:00",
					"retry": 0,
					"retryIntervalInSeconds": 30,
					"secureOutput": false,
					"secureInput": false
				},
				"userProperties": [],
				"typeProperties": {
					"storedProcedureName": "sp_executesql"
				},
				"linkedServiceName": {
					"referenceName": "MVPMetaDataStore",
					"type": "LinkedServiceReference"
				}
			},
			{
				"name": "If Encrypted Confguration",
				"type": "IfCondition",
				"dependsOn": [
					{
						"activity": "Set vFeedJobTaskForEncrypted",
						"dependencyConditions": [
							"Succeeded"
						]
					}
				],
				"userProperties": [],
				"typeProperties": {
					"expression": {
						"value": "@variables('vCheckFeedJobTaskforEncrypted')",
						"type": "Expression"
					},
					"ifFalseActivities": [
						{
							"name": "Set vFileToolPostBody for Unencrypted",
							"type": "SetVariable",
							"dependsOn": [],
							"userProperties": [],
							"typeProperties": {
								"variableName": "vFileToolPostBody",
								"value": {
									"value": "{     \"sourceAccount\":\"@{json(pipeline().parameters.currentFeedJobTask.FeedTaskJSON).properties.SourceStorageAccountServiceEndPoint}\",\n \"sourcePath\":\"@{pipeline().parameters.pAssetPath}\",\n \"file\":\"@{pipeline().parameters.pAssetName}\",\n \"assetId\":\"@{pipeline().parameters.pAssetId}\",\n \"taskId\":\"@{pipeline().parameters.parentPipelineRunId}\", \n\"destAccount\":\"@{json(pipeline().parameters.currentFeedJobTask.FeedTaskJSON).properties.TargetStorageAccountServiceEndPoint}\",  \"destPath\":\"@{json(pipeline().parameters.currentFeedJobTask.FeedTaskJSON).properties.FolderPath_DestinationStore}\"\n}",
									"type": "Expression"
								}
							}
						}
					],
					"ifTrueActivities": [
						{
							"name": "Set vFileToolPostBody for Encrypted",
							"type": "SetVariable",
							"dependsOn": [],
							"userProperties": [],
							"typeProperties": {
								"variableName": "vFileToolPostBody",
								"value": {
									"value": "{     \"sourceAccount\":\"@{json(pipeline().parameters.currentFeedJobTask.FeedTaskJSON).properties.SourceStorageAccountServiceEndPoint}\",\n \"sourcePath\":\"@{pipeline().parameters.pAssetPath}\",\n \"file\":\"@{pipeline().parameters.pAssetName}\",\n \"assetId\":\"@{pipeline().parameters.pAssetId}\",\n \"taskId\":\"@{pipeline().parameters.parentPipelineRunId}\", \n\"destAccount\":\"@{json(pipeline().parameters.currentFeedJobTask.FeedTaskJSON).properties.TargetStorageAccountServiceEndPoint}\",  \"destPath\":\"@{json(pipeline().parameters.currentFeedJobTask.FeedTaskJSON).properties.FolderPath_DestinationStore}\", \"keyvaultUrl\":\"@{json(pipeline().parameters.currentFeedJobTask.FeedTaskJSON).properties.KeyvaultUrl}\",  \"privateKeySecretName\":\"@{json(pipeline().parameters.currentFeedJobTask.FeedTaskJSON).properties.FeedPrivateKeySecretName}\",  \"passphraseSecretName\":\"@{json(pipeline().parameters.currentFeedJobTask.FeedTaskJSON).properties.FeedPassphraseSecretName}\"\n}",
									"type": "Expression"
								}
							}
						}
					]
				}
			},
			{
				"name": "Set vAssetId",
				"type": "SetVariable",
				"dependsOn": [
					{
						"activity": "Set vExtension",
						"dependencyConditions": [
							"Succeeded"
						]
					}
				],
				"userProperties": [],
				"typeProperties": {
					"variableName": "vAssetId",
					"value": {
						"value": "@pipeline().parameters.pAssetId",
						"type": "Expression"
					}
				}
			}
		],
		"parameters": {
			"pAssetName": {
				"type": "string"
			},
			"primalPipelineRunId": {
				"type": "string"
			},
			"parentPipelineRunId": {
				"type": "string"
			},
			"currentFeedJobTask": {
				"type": "object"
			},
			"pMD5": {
				"type": "string"
			},
			"pSize": {
				"type": "string"
			},
			"pNrRecords": {
				"type": "string"
			},
			"pParentAssetId": {
				"type": "string"
			},
			"pAssetId": {
				"type": "string"
			},
			"pAssetPath": {
				"type": "string"
			},
			"pParentRunLogID": {
				"type": "string"
			}
		},
		"variables": {
			"vProcessStart": {
				"type": "String"
			},
			"vRunLogStatus": {
				"type": "String"
			},
			"vRunLogId": {
				"type": "String"
			},
			"vParentRunLogId": {
				"type": "String"
			},
			"vRunLogTypeId": {
				"type": "String"
			},
			"vDestination": {
				"type": "String"
			},
			"vAssetId": {
				"type": "String"
			},
			"vRenamedAssetName": {
				"type": "String"
			},
			"vAssetToGet": {
				"type": "String"
			},
			"vRefLOVTargetTable": {
				"type": "String"
			},
			"vRawToCleansedStorageAccountType": {
				"type": "String"
			},
			"vCleansedStorageAccountType": {
				"type": "String"
			},
			"vRawToQuarantineStorageAccountType": {
				"type": "String"
			},
			"vQuarantineStorageAccountType": {
				"type": "String"
			},
			"vRawStorageAccountType": {
				"type": "String"
			},
			"vFeedID": {
				"type": "String"
			},
			"vRefDataExportFeedID": {
				"type": "String"
			},
			"vTriggerRefDataImport": {
				"type": "String"
			},
			"vCurrentFeedJobTaskProperties": {
				"type": "String"
			},
			"vCheckFeedJobTaskforEncrypted": {
				"type": "Boolean"
			},
			"vFileToolPostBody": {
				"type": "String"
			},
			"vExtension": {
				"type": "String"
			},
			"vUnpackAndInfoError": {
				"type": "String"
			},
			"vErrorMessage_SQL_TPT": {
				"type": "String"
			}
		},
		"folder": {
			"name": "TaskTemplates"
		},
		"annotations": []
	}
}