{
	"name": "FileTools_zipformat",
	"properties": {
		"activities": [
			{
				"name": "UnpackAndInfo",
				"type": "AzureFunctionActivity",
				"dependsOn": [
					{
						"activity": "If Encrypted Confguration",
						"dependencyConditions": [
							"Succeeded"
						]
					}
				],
				"policy": {
					"timeout": "7.00:00:00",
					"retry": 0,
					"retryIntervalInSeconds": 30,
					"secureOutput": false,
					"secureInput": false
				},
				"userProperties": [],
				"typeProperties": {
					"functionName": "process",
					"method": "POST",
					"body": {
						"value": "@json(variables('vFileToolPostBody'))",
						"type": "Expression"
					}
				},
				"linkedServiceName": {
					"referenceName": "Kishore_FunctionApp",
					"type": "LinkedServiceReference"
				}
			},
			{
				"name": "Set vTaskResultFilePath",
				"type": "SetVariable",
				"dependsOn": [
					{
						"activity": "UnpackAndInfo",
						"dependencyConditions": [
							"Succeeded"
						]
					}
				],
				"userProperties": [],
				"typeProperties": {
					"variableName": "vTaskResultFilePath",
					"value": {
						"value": "@activity('UnpackAndInfo').output.taskResultFilePath",
						"type": "Expression"
					}
				}
			},
			{
				"name": "Set vTaskResultFileName",
				"type": "SetVariable",
				"dependsOn": [
					{
						"activity": "UnpackAndInfo",
						"dependencyConditions": [
							"Succeeded"
						]
					}
				],
				"userProperties": [],
				"typeProperties": {
					"variableName": "vTaskResultFileName",
					"value": {
						"value": "@activity('UnpackAndInfo').output.taskResultFileName",
						"type": "Expression"
					}
				}
			},
			{
				"name": "For Each Error in TaskResultFile",
				"type": "ForEach",
				"dependsOn": [
					{
						"activity": "If StorageBlobType GetTaskResultFileData",
						"dependencyConditions": [
							"Succeeded"
						]
					}
				],
				"userProperties": [],
				"typeProperties": {
					"items": {
						"value": "@coalesce(json(variables('vGetTaskResultFileData')).firstRow.taskStatus.errors,json('[]'))",
						"type": "Expression"
					},
					"isSequential": false,
					"activities": [
						{
							"name": "Write Error to RunLog",
							"description": "Executes RunMessage with the appropriate parameters",
							"type": "Lookup",
							"dependsOn": [],
							"policy": {
								"timeout": "7.00:00:00",
								"retry": 0,
								"retryIntervalInSeconds": 30,
								"secureOutput": false,
								"secureInput": false
							},
							"userProperties": [],
							"typeProperties": {
								"source": {
									"type": "AzureSqlSource",
									"sqlReaderStoredProcedureName": {
										"value": "idfwba.RunMessage",
										"type": "Expression"
									},
									"storedProcedureParameters": {
										"pDate": {
											"type": "String",
											"value": {
												"value": "@item().dateTime",
												"type": "Expression"
											}
										},
										"pMessage": {
											"type": "String",
											"value": {
												"value": "@item().message",
												"type": "Expression"
											}
										},
										"pRunLogID": {
											"type": "String",
											"value": {
												"value": "@variables('vRunLogId')",
												"type": "Expression"
											}
										},
										"pRunID": {
											"type": "String",
											"value": {
												"value": "@pipeline().parameters.pDataFactoryRunId",
												"type": "Expression"
											}
										}
									},
									"queryTimeout": "02:00:00",
									"partitionOption": "None"
								},
								"dataset": {
									"referenceName": "azsadna_datasource_generic_mssql",
									"type": "DatasetReference",
									"parameters": {
										"schema": "idfwba",
										"table": "RUNLOG"
									}
								},
								"firstRowOnly": false
							}
						}
					]
				}
			},
			{
				"name": "Set vUnpackAndInfoError",
				"type": "SetVariable",
				"dependsOn": [
					{
						"activity": "UnpackAndInfo",
						"dependencyConditions": [
							"Failed"
						]
					}
				],
				"userProperties": [],
				"typeProperties": {
					"variableName": "vUnpackAndInfoError",
					"value": {
						"value": "@substring(\n    activity('UnpackAndInfo').Error.Message\n   ,indexOf(activity('UnpackAndInfo').Error.Message,'{')\n   ,add(sub(lastIndexOf(activity('UnpackAndInfo').Error.Message,'}')\n       ,indexOf(activity('UnpackAndInfo').Error.Message,'{')\n   ),1)\n)",
						"type": "Expression"
					}
				}
			},
			{
				"name": "For Each Error in Response Data",
				"type": "ForEach",
				"dependsOn": [
					{
						"activity": "Set vUnpackAndInfoError",
						"dependencyConditions": [
							"Succeeded"
						]
					}
				],
				"userProperties": [],
				"typeProperties": {
					"items": {
						"value": "@coalesce(json(variables('vUnpackAndInfoError')).taskStatus.errors,json('[]'))",
						"type": "Expression"
					},
					"isSequential": false,
					"activities": [
						{
							"name": "Write Error to RunLog table",
							"description": "Executes RunMessage with the appropriate parameters",
							"type": "Lookup",
							"dependsOn": [],
							"policy": {
								"timeout": "7.00:00:00",
								"retry": 0,
								"retryIntervalInSeconds": 30,
								"secureOutput": false,
								"secureInput": false
							},
							"userProperties": [],
							"typeProperties": {
								"source": {
									"type": "AzureSqlSource",
									"sqlReaderStoredProcedureName": {
										"value": "idfwba.RunMessage",
										"type": "Expression"
									},
									"storedProcedureParameters": {
										"pDate": {
											"type": "String",
											"value": {
												"value": "@item().dateTime",
												"type": "Expression"
											}
										},
										"pMessage": {
											"type": "String",
											"value": {
												"value": "@item().message",
												"type": "Expression"
											}
										},
										"pRunLogID": {
											"type": "String",
											"value": null
										},
										"pRunID": {
											"type": "String",
											"value": {
												"value": "@pipeline().parameters.pDataFactoryRunId",
												"type": "Expression"
											}
										}
									},
									"queryTimeout": "02:00:00",
									"partitionOption": "None"
								},
								"dataset": {
									"referenceName": "azsadna_datasource_generic_mssql",
									"type": "DatasetReference",
									"parameters": {
										"schema": "idfwba",
										"table": "RUNLOG"
									}
								},
								"firstRowOnly": false
							}
						}
					]
				}
			},
			{
				"name": "Set vFeedJobTaskProperties",
				"type": "SetVariable",
				"dependsOn": [
					{
						"activity": "Set vExtension",
						"dependencyConditions": [
							"Succeeded"
						]
					}
				],
				"userProperties": [],
				"typeProperties": {
					"variableName": "vCurrentFeedJobTaskProperties",
					"value": {
						"value": "@string(json(pipeline().parameters.pCurrentFeedJobTask.FeedTaskJSON).properties)",
						"type": "Expression"
					}
				}
			},
			{
				"name": "Set vFeedJobTaskForEncrypted",
				"type": "SetVariable",
				"dependsOn": [
					{
						"activity": "Set vFeedJobTaskProperties",
						"dependencyConditions": [
							"Succeeded"
						]
					}
				],
				"userProperties": [],
				"typeProperties": {
					"variableName": "vCheckFeedJobTaskforEncrypted",
					"value": {
						"value": "@and(\n and(contains(json(variables('vCurrentFeedJobTaskProperties')),'KeyvaultUrl'),\n   and( \n     contains(json(variables('vCurrentFeedJobTaskProperties')),'FeedPrivateKeySecretName'),\n     contains(json(variables('vCurrentFeedJobTaskProperties')),'FeedPassphraseSecretName')\n   )\n ),\n or(equals(variables('vExtension'),'pgp'),equals(variables('vExtension'),'gpg')) \n)",
						"type": "Expression"
					}
				}
			},
			{
				"name": "If Encrypted Confguration",
				"type": "IfCondition",
				"dependsOn": [
					{
						"activity": "Set vFeedJobTaskForEncrypted",
						"dependencyConditions": [
							"Succeeded"
						]
					}
				],
				"userProperties": [],
				"typeProperties": {
					"expression": {
						"value": "@variables('vCheckFeedJobTaskforEncrypted')",
						"type": "Expression"
					},
					"ifFalseActivities": [
						{
							"name": "Set vFileToolPostBody for Unencrypted",
							"type": "SetVariable",
							"dependsOn": [],
							"userProperties": [],
							"typeProperties": {
								"variableName": "vFileToolPostBody",
								"value": {
									"value": "{     \"sourceAccount\":\"@{json(pipeline().parameters.pCurrentFeedJobTask.FeedTaskJSON).properties.SourceStorageAccountServiceEndPoint}\",\n \"sourcePath\":\"@{json(pipeline().parameters.pCurrentFeedJobTask.FeedTaskJSON).properties.FolderPath_SourceStore}\",\n \"file\":\"@{pipeline().parameters.pAssetName}\",\n \"assetId\":\"@{pipeline().parameters.pAssetId}\",\n \"taskId\":\"@{pipeline().parameters.pDataFactoryRunId}\", \n\"destAccount\":\"@{json(pipeline().parameters.pCurrentFeedJobTask.FeedTaskJSON).properties.TargetStorageAccountServiceEndPoint}\",  \"destPath\":\"@{json(pipeline().parameters.pCurrentFeedJobTask.FeedTaskJSON).properties.FolderPath_DestinationStore}\",\n\"taskType\":\"landToRaw\"\n}",
									"type": "Expression"
								}
							}
						}
					],
					"ifTrueActivities": [
						{
							"name": "Set vFileToolPostBody for Encrypted",
							"type": "SetVariable",
							"dependsOn": [],
							"userProperties": [],
							"typeProperties": {
								"variableName": "vFileToolPostBody",
								"value": {
									"value": "{     \"sourceAccount\":\"@{json(pipeline().parameters.pCurrentFeedJobTask.FeedTaskJSON).properties.SourceStorageAccountServiceEndPoint}\",\n \"sourcePath\":\"@{json(pipeline().parameters.pCurrentFeedJobTask.FeedTaskJSON).properties.FolderPath_SourceStore}\",\n \"file\":\"@{pipeline().parameters.pAssetName}\",\n \"assetId\":\"@{pipeline().parameters.pAssetId}\",\n \"taskId\":\"@{pipeline().parameters.pDataFactoryRunId}\", \n\"destAccount\":\"@{json(pipeline().parameters.pCurrentFeedJobTask.FeedTaskJSON).properties.TargetStorageAccountServiceEndPoint}\",  \"destPath\":\"@{json(pipeline().parameters.pCurrentFeedJobTask.FeedTaskJSON).properties.FolderPath_DestinationStore}\", \"keyvaultUrl\":\"@{json(pipeline().parameters.pCurrentFeedJobTask.FeedTaskJSON).properties.KeyvaultUrl}\",  \"privateKeySecretName\":\"@{json(pipeline().parameters.pCurrentFeedJobTask.FeedTaskJSON).properties.FeedPrivateKeySecretName}\",  \"passphraseSecretName\":\"@{json(pipeline().parameters.pCurrentFeedJobTask.FeedTaskJSON).properties.FeedPassphraseSecretName}\",\n\"taskType\":\"landToRaw\"\n}",
									"type": "Expression"
								}
							}
						}
					]
				}
			},
			{
				"name": "Set vExtension",
				"type": "SetVariable",
				"dependsOn": [],
				"userProperties": [],
				"typeProperties": {
					"variableName": "vExtension",
					"value": {
						"value": "@substring(pipeline().parameters.pAssetName,\n           add(lastindexof(pipeline().parameters.pAssetName,'.'),1),\n    sub(length(pipeline().parameters.pAssetName),add(lastindexof(pipeline().parameters.pAssetName,'.'),1))\n)",
						"type": "Expression"
					}
				}
			},
			{
				"name": "Update Rows and Size",
				"description": "Executes RunUpdate with the appropriate parameters",
				"type": "Lookup",
				"dependsOn": [
					{
						"activity": "If StorageBlobType GetTaskResultFileData",
						"dependencyConditions": [
							"Succeeded"
						]
					}
				],
				"policy": {
					"timeout": "7.00:00:00",
					"retry": 0,
					"retryIntervalInSeconds": 30,
					"secureOutput": false,
					"secureInput": false
				},
				"userProperties": [],
				"typeProperties": {
					"source": {
						"type": "AzureSqlSource",
						"sqlReaderStoredProcedureName": {
							"value": "idfwba.RunUpdate",
							"type": "Expression"
						},
						"storedProcedureParameters": {
							"pDataSizeMB": {
								"type": "String",
								"value": {
									"value": "@json(variables('vGetTaskResultFileData')).firstRow.totalBytesProcessed",
									"type": "Expression"
								}
							},
							"pFeedID": {
								"type": "String",
								"value": null
							},
							"pJobID": {
								"type": "String",
								"value": null
							},
							"pTaskID": {
								"type": "String",
								"value": null
							},
							"pNrRecords": {
								"type": "String",
								"value": {
									"value": "@json(variables('vGetTaskResultFileData')).firstRow.totalRowsProcessed",
									"type": "Expression"
								}
							},
							"pPipelineName": {
								"type": "String",
								"value": null
							},
							"pRunID": {
								"type": "String",
								"value": {
									"value": "@pipeline().parameters.pDataFactoryRunId",
									"type": "Expression"
								}
							},
							"pRunLogID": {
								"type": "String",
								"value": null
							},
							"pRunningStatus": {
								"type": "String",
								"value": null
							},
							"pAssetID": {
								"value": {
									"value": "@pipeline().parameters.pAssetId",
									"type": "Expression"
								}
							}
						},
						"queryTimeout": "02:00:00",
						"partitionOption": "None"
					},
					"dataset": {
						"referenceName": "azsadna_datasource_generic_mssql",
						"type": "DatasetReference",
						"parameters": {
							"schema": "idfwba",
							"table": "RUNLOG"
						}
					},
					"firstRowOnly": false
				}
			},
			{
				"name": "Generate Exception",
				"description": "Stored Procedure call to generate Exception",
				"type": "SqlServerStoredProcedure",
				"dependsOn": [
					{
						"activity": "set vErrorMessage_SQL_TPT",
						"dependencyConditions": [
							"Succeeded"
						]
					}
				],
				"policy": {
					"timeout": "7.00:00:00",
					"retry": 0,
					"retryIntervalInSeconds": 30,
					"secureOutput": false,
					"secureInput": false
				},
				"userProperties": [],
				"typeProperties": {
					"storedProcedureName": "sp_executesql",
					"storedProcedureParameters": {
						"stmt": {
							"value": {
								"value": "@replace(\n     variables('vErrorMessage_SQL_TPT'),\n     'ERROR_MESSAGE',\n      replace(string(coalesce(json(variables('vUnpackAndInfoError')).taskStatus.errors,json('[]'))),\n          variables('vSingleQuote')\n          ,concat(\n             variables('vSingleQuote')\n             ,variables('vSingleQuote')\n          )\n      )\n)",
								"type": "Expression"
							},
							"type": "String"
						}
					}
				},
				"linkedServiceName": {
					"referenceName": "MVPMetaDataStore",
					"type": "LinkedServiceReference"
				}
			},
			{
				"name": "If AnyError in result File Generate Exception",
				"type": "IfCondition",
				"dependsOn": [
					{
						"activity": "For Each Error in TaskResultFile",
						"dependencyConditions": [
							"Succeeded"
						]
					}
				],
				"userProperties": [],
				"typeProperties": {
					"expression": {
						"value": "@greater(\n   length(\n      coalesce(json(variables('vGetTaskResultFileData')).firstRow.taskStatus.errors,json('[]'))\n    )\n    ,0\n)",
						"type": "Expression"
					},
					"ifTrueActivities": [
						{
							"name": "RunException AnyError",
							"type": "ExecutePipeline",
							"dependsOn": [],
							"userProperties": [],
							"typeProperties": {
								"pipeline": {
									"referenceName": "RunException",
									"type": "PipelineReference"
								},
								"waitOnCompletion": true,
								"parameters": {
									"pErrorMessage": {
										"value": "@string(json(variables('vGetTaskResultFileData')).firstRow.taskStatus.errors)",
										"type": "Expression"
									},
									"pRunID": {
										"value": "@pipeline().parameters.pDataFactoryRunId",
										"type": "Expression"
									}
								}
							}
						},
						{
							"name": "RunException AnyError_copy1",
							"type": "ExecutePipeline",
							"dependsOn": [],
							"userProperties": [],
							"typeProperties": {
								"pipeline": {
									"referenceName": "RunException",
									"type": "PipelineReference"
								},
								"waitOnCompletion": true,
								"parameters": {
									"pErrorMessage": {
										"value": "@string(json(variables('vGetTaskResultFileData')).firstRow.taskStatus.errors)",
										"type": "Expression"
									},
									"pRunID": {
										"value": "@pipeline().parameters.pDataFactoryRunId",
										"type": "Expression"
									}
								}
							}
						}
					]
				}
			},
			{
				"name": "Multi Delete Task Result file",
				"type": "ExecutePipeline",
				"dependsOn": [
					{
						"activity": "Write Result File Data to RunLog",
						"dependencyConditions": [
							"Succeeded"
						]
					}
				],
				"userProperties": [],
				"typeProperties": {
					"pipeline": {
						"referenceName": "MultiStorageDelete",
						"type": "PipelineReference"
					},
					"waitOnCompletion": true,
					"parameters": {
						"pSourceType": {
							"value": "@variables('vRawHopperStorageAccountType')",
							"type": "Expression"
						},
						"pSourceAssetPath": {
							"value": "@variables('vTaskResultFilePath')",
							"type": "Expression"
						},
						"pSourceAssetName": {
							"value": "@variables('vTaskResultFileName')",
							"type": "Expression"
						},
						"pSourceStorageAccountServiceEndPoint": {
							"value": "@json(pipeline().parameters.pCurrentFeedJobTask.FeedTaskJSON).properties.TargetStorageAccountServiceEndPoint",
							"type": "Expression"
						}
					}
				}
			},
			{
				"name": "If StorageBlobType GetTaskResultFileData",
				"type": "IfCondition",
				"dependsOn": [
					{
						"activity": "If StorageBlobType WaitForTaskResultFile",
						"dependencyConditions": [
							"Succeeded"
						]
					}
				],
				"userProperties": [],
				"typeProperties": {
					"expression": {
						"value": "@equals(variables('vRawHopperStorageAccountType'),'Blob')",
						"type": "Expression"
					},
					"ifFalseActivities": [
						{
							"name": "Set vGetTaskResultFileData",
							"type": "SetVariable",
							"dependsOn": [
								{
									"activity": "GetTaskResultFileData_DataLake",
									"dependencyConditions": [
										"Succeeded"
									]
								}
							],
							"userProperties": [],
							"typeProperties": {
								"variableName": "vGetTaskResultFileData",
								"value": {
									"value": "@string(activity('GetTaskResultFileData_DataLake').output)",
									"type": "Expression"
								}
							}
						},
						{
							"name": "GetTaskResultFileData_DataLake",
							"type": "Lookup",
							"dependsOn": [],
							"policy": {
								"timeout": "7.00:00:00",
								"retry": 0,
								"retryIntervalInSeconds": 30,
								"secureOutput": false,
								"secureInput": false
							},
							"userProperties": [],
							"typeProperties": {
								"source": {
									"type": "JsonSource",
									"storeSettings": {
										"type": "AzureBlobFSReadSettings",
										"recursive": true,
										"enablePartitionDiscovery": false
									},
									"formatSettings": {
										"type": "JsonReadSettings"
									}
								},
								"dataset": {
									"referenceName": "metadataJson",
									"type": "DatasetReference",
									"parameters": {
										"path": {
											"value": "@variables('vTaskResultFilePath')",
											"type": "Expression"
										},
										"filename": {
											"value": "@variables('vTaskResultFileName')",
											"type": "Expression"
										}
									}
								}
							}
						}
					],
					"ifTrueActivities": [
						{
							"name": "GetTaskResultFileData_Blob",
							"type": "Lookup",
							"dependsOn": [],
							"policy": {
								"timeout": "7.00:00:00",
								"retry": 0,
								"retryIntervalInSeconds": 30,
								"secureOutput": false,
								"secureInput": false
							},
							"userProperties": [],
							"typeProperties": {
								"source": {
									"type": "JsonSource",
									"storeSettings": {
										"type": "AzureBlobStorageReadSettings",
										"recursive": true
									},
									"formatSettings": {
										"type": "JsonReadSettings"
									}
								},
								"dataset": {
									"referenceName": "azsadna_datasource_generic_adls2_json",
									"type": "DatasetReference",
									"parameters": {
										"path": {
											"value": "@variables('vTaskResultFilePath')",
											"type": "Expression"
										},
										"filename": {
											"value": "@concat('rawhopper/filetoolresults',variables('vTaskResultFileName')) \n",
											"type": "Expression"
										},
										"StorageAccountServiceEndPoint": {
											"value": "@json(pipeline().parameters.pCurrentFeedJobTask.FeedTaskJSON).properties.TargetStorageAccountServiceEndPoint",
											"type": "Expression"
										}
									}
								}
							}
						},
						{
							"name": "Set GetTaskResultFileData",
							"type": "SetVariable",
							"dependsOn": [
								{
									"activity": "GetTaskResultFileData_Blob",
									"dependencyConditions": [
										"Succeeded"
									]
								}
							],
							"userProperties": [],
							"typeProperties": {
								"variableName": "vGetTaskResultFileData",
								"value": {
									"value": "@string(activity('GetTaskResultFileData_Blob').output)",
									"type": "Expression"
								}
							}
						}
					]
				}
			},
			{
				"name": "Set vRawHopperStorageAccountType",
				"type": "SetVariable",
				"dependsOn": [
					{
						"activity": "UnpackAndInfo",
						"dependencyConditions": [
							"Succeeded"
						]
					}
				],
				"userProperties": [],
				"typeProperties": {
					"variableName": "vRawHopperStorageAccountType",
					"value": {
						"value": "@json(pipeline().parameters.pCurrentFeedJobTask.FeedTaskJSON).properties.TargetStorageAccountType",
						"type": "Expression"
					}
				}
			},
			{
				"name": "If StorageBlobType WaitForTaskResultFile",
				"type": "IfCondition",
				"dependsOn": [
					{
						"activity": "Set vRawHopperStorageAccountType",
						"dependencyConditions": [
							"Succeeded"
						]
					},
					{
						"activity": "Set vTaskResultFileName",
						"dependencyConditions": [
							"Succeeded"
						]
					},
					{
						"activity": "Set vTaskResultFilePath",
						"dependencyConditions": [
							"Succeeded"
						]
					}
				],
				"userProperties": [],
				"typeProperties": {
					"expression": {
						"value": "@equals(variables('vRawHopperStorageAccountType'),'Blob')",
						"type": "Expression"
					},
					"ifFalseActivities": [
						{
							"name": "ValidateActivityDataLake",
							"type": "ExecutePipeline",
							"dependsOn": [],
							"userProperties": [],
							"typeProperties": {
								"pipeline": {
									"referenceName": "ValidateActivityDataLake",
									"type": "PipelineReference"
								},
								"waitOnCompletion": true,
								"parameters": {
									"pSourceAssetPath": {
										"value": "@variables('vTaskResultFilePath')",
										"type": "Expression"
									},
									"pSourceAssetName": {
										"value": "@variables('vTaskResultFileName')",
										"type": "Expression"
									},
									"pSourceStorageAccountServiceEndPoint": {
										"value": "@json(pipeline().parameters.pCurrentFeedJobTask.FeedTaskJSON).properties.TargetStorageAccountServiceEndPoint",
										"type": "Expression"
									},
									"pCustomErrorMessage": {
										"value": "@concat(' with input parameter body ',variables('vFileToolPostBody'))",
										"type": "Expression"
									},
									"pRunID": {
										"value": "@pipeline().parameters.pDataFactoryRunId",
										"type": "Expression"
									}
								}
							}
						}
					],
					"ifTrueActivities": [
						{
							"name": "ValidateActivityBlob",
							"type": "ExecutePipeline",
							"dependsOn": [],
							"userProperties": [],
							"typeProperties": {
								"pipeline": {
									"referenceName": "ValidateActivityBlob",
									"type": "PipelineReference"
								},
								"waitOnCompletion": true,
								"parameters": {
									"pSourceAssetPath": {
										"value": "@variables('vTaskResultFilePath')",
										"type": "Expression"
									},
									"pSourceAssetName": {
										"value": "@variables('vTaskResultFileName')",
										"type": "Expression"
									},
									"pSourceStorageAccountServiceEndPoint": {
										"value": "@json(pipeline().parameters.pCurrentFeedJobTask.FeedTaskJSON).properties.TargetStorageAccountServiceEndPoint",
										"type": "Expression"
									},
									"pCustomErrorMessage": {
										"value": "@concat(' with input parameter body ',variables('vFileToolPostBody'))",
										"type": "Expression"
									},
									"pRunID": {
										"value": "@pipeline().parameters.pDataFactoryRunId",
										"type": "Expression"
									}
								}
							}
						}
					]
				}
			},
			{
				"name": "Write Result File Data to RunLog",
				"description": "",
				"type": "Lookup",
				"dependsOn": [
					{
						"activity": "If StorageBlobType GetTaskResultFileData",
						"dependencyConditions": [
							"Succeeded"
						]
					}
				],
				"policy": {
					"timeout": "7.00:00:00",
					"retry": 0,
					"retryIntervalInSeconds": 30,
					"secureOutput": false,
					"secureInput": false
				},
				"userProperties": [],
				"typeProperties": {
					"source": {
						"type": "AzureSqlSource",
						"sqlReaderStoredProcedureName": {
							"value": "idfwba.RunMessage",
							"type": "Expression"
						},
						"storedProcedureParameters": {
							"pDate": {
								"type": "String",
								"value": {
									"value": "@utcnow('yyyyMMdd HH:mm:ss.fff')",
									"type": "Expression"
								}
							},
							"pMessage": {
								"type": "String",
								"value": {
									"value": "@string(json(variables('vGetTaskResultFileData')).firstRow)",
									"type": "Expression"
								}
							},
							"pRunLogID": {
								"type": "String",
								"value": null
							},
							"pRunID": {
								"type": "String",
								"value": {
									"value": "@pipeline().parameters.pDataFactoryRunId",
									"type": "Expression"
								}
							}
						},
						"queryTimeout": "02:00:00",
						"partitionOption": "None"
					},
					"dataset": {
						"referenceName": "azsadna_datasource_generic_mssql",
						"type": "DatasetReference",
						"parameters": {
							"schema": "idfwba",
							"table": "RUNLOG"
						}
					},
					"firstRowOnly": false
				}
			},
			{
				"name": "RunException Delete TaskResultFile",
				"type": "ExecutePipeline",
				"dependsOn": [
					{
						"activity": "Multi Delete Task Result file",
						"dependencyConditions": [
							"Failed"
						]
					}
				],
				"userProperties": [],
				"typeProperties": {
					"pipeline": {
						"referenceName": "RunException",
						"type": "PipelineReference"
					},
					"waitOnCompletion": true,
					"parameters": {
						"pErrorMessage": {
							"value": "@activity('Multi Delete Task Result file').Error.Message",
							"type": "Expression"
						},
						"pRunID": {
							"value": "@pipeline().parameters.pDataFactoryRunId",
							"type": "Expression"
						}
					}
				}
			},
			{
				"name": "RunException UpdateRowsAndSize",
				"type": "ExecutePipeline",
				"dependsOn": [
					{
						"activity": "Update Rows and Size",
						"dependencyConditions": [
							"Failed"
						]
					}
				],
				"userProperties": [],
				"typeProperties": {
					"pipeline": {
						"referenceName": "RunException",
						"type": "PipelineReference"
					},
					"waitOnCompletion": true,
					"parameters": {
						"pErrorMessage": {
							"value": "@activity('Update Rows and Size').Error.Message",
							"type": "Expression"
						}
					}
				}
			},
			{
				"name": "RunException UnpackAndInfoUnexpected",
				"type": "ExecutePipeline",
				"dependsOn": [
					{
						"activity": "Set vUnpackAndInfoError",
						"dependencyConditions": [
							"Failed"
						]
					},
					{
						"activity": "For Each Error in Response Data",
						"dependencyConditions": [
							"Failed"
						]
					}
				],
				"userProperties": [],
				"typeProperties": {
					"pipeline": {
						"referenceName": "RunException",
						"type": "PipelineReference"
					},
					"waitOnCompletion": true,
					"parameters": {
						"pErrorMessage": {
							"value": "@activity('UnpackAndInfo').Error.Message",
							"type": "Expression"
						},
						"pRunID": {
							"value": "@pipeline().parameters.pDataFactoryRunId",
							"type": "Expression"
						}
					}
				}
			},
			{
				"name": "set vErrorMessage_SQL_TPT",
				"type": "SetVariable",
				"dependsOn": [
					{
						"activity": "For Each Error in Response Data",
						"dependencyConditions": [
							"Succeeded"
						]
					}
				],
				"userProperties": [],
				"typeProperties": {
					"variableName": "vErrorMessage_SQL_TPT",
					"value": "Declare @err_msg NVARCHAR(150);\nSET @err_msg=N'ERROR_MESSAGE';\nRAISERROR(@err_msg,15,1)"
				}
			},
			{
				"name": "RunException ErrorOnRetrieveParams",
				"type": "ExecutePipeline",
				"dependsOn": [
					{
						"activity": "Set vFeedJobTaskProperties",
						"dependencyConditions": [
							"Failed"
						]
					}
				],
				"userProperties": [],
				"typeProperties": {
					"pipeline": {
						"referenceName": "RunException",
						"type": "PipelineReference"
					},
					"waitOnCompletion": true,
					"parameters": {
						"pErrorMessage": {
							"value": "activity('Set vFeedJobTaskProperties').Error.Message",
							"type": "Expression"
						},
						"pRunID": {
							"value": "@pipeline().parameters.pDataFactoryRunId",
							"type": "Expression"
						}
					}
				}
			},
			{
				"name": "RunException ErrorOnBuildingJSON",
				"type": "ExecutePipeline",
				"dependsOn": [
					{
						"activity": "If Encrypted Confguration",
						"dependencyConditions": [
							"Failed"
						]
					}
				],
				"userProperties": [],
				"typeProperties": {
					"pipeline": {
						"referenceName": "RunException",
						"type": "PipelineReference"
					},
					"waitOnCompletion": true,
					"parameters": {
						"pErrorMessage": {
							"value": "@activity('If Encrypted Confguration').Error.Message",
							"type": "Expression"
						},
						"pRunID": {
							"value": "@pipeline().parameters.pDataFactoryRunId",
							"type": "Expression"
						}
					}
				}
			},
			{
				"name": "If Condition1",
				"type": "IfCondition",
				"dependsOn": [],
				"userProperties": [],
				"typeProperties": {
					"expression": {
						"value": "@or(equals(variables('vExtension'), 'zip'),or(equals(variables('vExtension'), 'cpio'), or(equals(variables('vExtension'), 'gzip'), or(equals(variables('vExtension'), 'gz'),or(equals(variables('vExtension'), 'bz2'),equals(variables('vExtension'), 'Z'))))))",
						"type": "Expression"
					}
				}
			}
		],
		"parameters": {
			"pAssetName": {
				"type": "string",
				"defaultValue": "test_import.csv"
			},
			"pCurrentFeedJobTask": {
				"type": "object",
				"defaultValue": {
					"FeedID": 153,
					"JobID": 1,
					"TaskID": 3,
					"ExecutionOrder": 2,
					"FeedTaskDescription": "Unpack File",
					"FeedTaskComponent": "Unpack_File",
					"FeedTaskJSON": "{\r\n \"id\": \"https://walgreens-dna.com/schemas/Unpack_File.schema.json\",\r\n \"title\": \"Unpack File to RAW\",\r\n \"type\": \"task\",\r\n \"properties\": {\r\n \"source_environment\": \"rawhopper\",\r\n \"FolderPath_SourceStore\": \"/rawhopper/DNA-TestDataSupplier/DNA-TestSourceSystem/MEXICO_crp_customer/Historical/\",\r\n \"FolderPath_DestinationStore\": \"/raw/DNA-TestDataSupplier/DNA-TestSourceSystem/MEXICO_crp_customer/Historical/\",\r\n \"SourceStorageAccountServiceEndPoint\": \"https://dapdevidfadls01.dfs.core.windows.net/\",\r\n \"TargetStorageAccountServiceEndPoint\": \"https://dapdevidfadls01.dfs.core.windows.net/\",\r\n \"SourceStorageAccountType\": \"DataLake\",\r\n \"TargetStorageAccountType\": \"DataLake\",\r\n \"KeyvaultUrl\": \"https://aznemvpkvtest01.vault.azure.net/\",\r\n \"FeedPrivateKeySecretName\": \"\",\r\n \"FeedPassphraseSecretName\": \"\"\r\n }\r\n}"
				}
			},
			"pAssetPath": {
				"type": "string",
				"defaultValue": "/rawhopper/DNA-TestDataSupplier/DNA-TestSourceSystem/MEXICO_crp_customer/Historical/"
			},
			"pAssetId": {
				"type": "string",
				"defaultValue": "1695"
			},
			"pDataFactoryRunId": {
				"type": "string",
				"defaultValue": "b002aa07-4c29-4d63-a3ca-273b787ae061"
			},
			"pRunLogTypeId": {
				"type": "string",
				"defaultValue": "Task"
			}
		},
		"variables": {
			"vTaskResultFilePath": {
				"type": "String"
			},
			"vTaskResultFileName": {
				"type": "String"
			},
			"vRunLogId": {
				"type": "String"
			},
			"vFileToolPostBody": {
				"type": "String"
			},
			"vUnpackAndInfoError": {
				"type": "String"
			},
			"vCurrentFeedJobTaskProperties": {
				"type": "String"
			},
			"vCheckFeedJobTaskforEncrypted": {
				"type": "Boolean"
			},
			"vExtension": {
				"type": "String"
			},
			"vErrorMessage": {
				"type": "String"
			},
			"vErrorMessage_SQL_TPT": {
				"type": "String"
			},
			"vSingleQuote": {
				"type": "String",
				"defaultValue": "'"
			},
			"vRawHopperStorageAccountType": {
				"type": "String"
			},
			"vGetTaskResultFileData": {
				"type": "String"
			},
			"vErrorWaitForTaskResultFile": {
				"type": "String"
			},
			"vErrorGetTaskResultFile": {
				"type": "String"
			}
		},
		"folder": {
			"name": "Common/AzureFunctions"
		},
		"annotations": [],
		"lastPublishTime": "2021-03-11T17:44:26Z"
	},
	"type": "Microsoft.DataFactory/factories/pipelines"
}