{
	"name": "FileMoveFromRawToCleansed_Actual_allformat",
	"properties": {
		"activities": [
			{
				"name": "Rename Destination Asset Name",
				"type": "Lookup",
				"dependsOn": [],
				"policy": {
					"timeout": "7.00:00:00",
					"retry": 0,
					"retryIntervalInSeconds": 30,
					"secureOutput": false,
					"secureInput": false
				},
				"userProperties": [],
				"typeProperties": {
					"source": {
						"type": "AzureSqlSource",
						"sqlReaderStoredProcedureName": "[idfwba].[RenameFileAccordingToPattern]",
						"storedProcedureParameters": {
							"pAssetName": {
								"type": "String",
								"value": {
									"value": "@pipeline().parameters.pAssetName",
									"type": "Expression"
								}
							},
							"pFeedID": {
								"type": "Int32",
								"value": {
									"value": "@pipeline().parameters.currentFeedJobTask.FeedID",
									"type": "Expression"
								}
							}
						},
						"queryTimeout": "02:00:00",
						"partitionOption": "None"
					},
					"dataset": {
						"referenceName": "azsadna_datasource_generic_mssql",
						"type": "DatasetReference",
						"parameters": {
							"schema": "idfwba",
							"table": "ASSET"
						}
					}
				}
			},
			{
				"name": "Set vAssetId",
				"type": "SetVariable",
				"dependsOn": [
					{
						"activity": "Set vExtension",
						"dependencyConditions": [
							"Succeeded"
						]
					}
				],
				"userProperties": [],
				"typeProperties": {
					"variableName": "vAssetId",
					"value": {
						"value": "@pipeline().parameters.pAssetId",
						"type": "Expression"
					}
				}
			},
			{
				"name": "Set vExtension",
				"type": "SetVariable",
				"dependsOn": [
					{
						"activity": "Rename Destination Asset Name",
						"dependencyConditions": [
							"Succeeded"
						]
					}
				],
				"userProperties": [],
				"typeProperties": {
					"variableName": "vExtension",
					"value": {
						"value": "@substring(pipeline().parameters.pAssetName,\n           add(lastindexof(pipeline().parameters.pAssetName,'.'),1),\n    sub(length(pipeline().parameters.pAssetName),add(lastindexof(pipeline().parameters.pAssetName,'.'),1))\n)",
						"type": "Expression"
					}
				}
			},
			{
				"name": "Zip file or not",
				"type": "Switch",
				"dependsOn": [
					{
						"activity": "Set vAssetDefinition",
						"dependencyConditions": [
							"Succeeded"
						]
					},
					{
						"activity": "Unpack_flag",
						"dependencyConditions": [
							"Succeeded"
						]
					},
					{
						"activity": "vDQValue",
						"dependencyConditions": [
							"Succeeded"
						]
					}
				],
				"userProperties": [],
				"typeProperties": {
					"on": {
						"value": "@if(equals(or(equals(variables('vUnpackStrategy'), 'zip'), equals(variables('vUnpackStrategy'), 'zip1')), true), 'zip', 'nonziplogic') ",
						"type": "Expression"
					},
					"cases": [
						{
							"value": "zip",
							"activities": [
								{
									"name": "Copy data From Raw to Cleansed Zip Temp",
									"type": "Copy",
									"dependsOn": [],
									"policy": {
										"timeout": "7.00:00:00",
										"retry": 0,
										"retryIntervalInSeconds": 30,
										"secureOutput": false,
										"secureInput": false
									},
									"userProperties": [],
									"typeProperties": {
										"source": {
											"type": "BinarySource",
											"storeSettings": {
												"type": "AzureBlobFSReadSettings",
												"recursive": false,
												"deleteFilesAfterCompletion": false
											},
											"formatSettings": {
												"type": "BinaryReadSettings",
												"compressionProperties": {
													"type": "ZipDeflateReadSettings",
													"preserveZipFileNameAsFolder": true
												}
											}
										},
										"sink": {
											"type": "BinarySink",
											"storeSettings": {
												"type": "AzureBlobFSWriteSettings",
												"copyBehavior": "PreserveHierarchy"
											}
										},
										"enableStaging": false
									},
									"inputs": [
										{
											"referenceName": "azsadna_datasource_generic_adls2_landing_zipformat",
											"type": "DatasetReference",
											"parameters": {
												"path": {
													"value": "@pipeline().parameters.pAssetPath",
													"type": "Expression"
												},
												"filename": {
													"value": "@pipeline().parameters.pAssetName",
													"type": "Expression"
												},
												"StorageAccountServiceEndPoint": "https://dapdevidfadls01.dfs.core.windows.net/"
											}
										}
									],
									"outputs": [
										{
											"referenceName": "azsadna_datasource_generic_adls2_target_only_path",
											"type": "DatasetReference",
											"parameters": {
												"path": {
													"value": "@{json(pipeline().parameters.currentFeedJobTask.FeedTaskJSON).properties.FolderPath_DestinationStore}",
													"type": "Expression"
												},
												"StorageAccountServiceEndPoint": "https://dapdevidfadls01.dfs.core.windows.net/"
											}
										}
									]
								},
								{
									"name": "Get child item list",
									"type": "GetMetadata",
									"dependsOn": [
										{
											"activity": "Set Destination",
											"dependencyConditions": [
												"Succeeded"
											]
										},
										{
											"activity": "Copy data From Raw to Cleansed Zip Temp",
											"dependencyConditions": [
												"Succeeded"
											]
										}
									],
									"policy": {
										"timeout": "7.00:00:00",
										"retry": 0,
										"retryIntervalInSeconds": 30,
										"secureOutput": false,
										"secureInput": false
									},
									"userProperties": [],
									"typeProperties": {
										"dataset": {
											"referenceName": "azsadna_datasource_generic_adls2_target_only_path",
											"type": "DatasetReference",
											"parameters": {
												"path": {
													"value": "@concat(variables('vUnpackFolder'), pipeline().parameters.pAssetName)",
													"type": "Expression"
												},
												"StorageAccountServiceEndPoint": "https://dapdevidfadls01.dfs.core.windows.net/"
											}
										},
										"fieldList": [
											"childItems"
										],
										"storeSettings": {
											"type": "AzureBlobFSReadSettings",
											"recursive": true,
											"enablePartitionDiscovery": false
										},
										"formatSettings": {
											"type": "BinaryReadSettings"
										}
									}
								},
								{
									"name": "Set vChildItem",
									"type": "SetVariable",
									"dependsOn": [
										{
											"activity": "Get child item list",
											"dependencyConditions": [
												"Succeeded"
											]
										}
									],
									"userProperties": [],
									"typeProperties": {
										"variableName": "vChildItem",
										"value": {
											"value": "@activity('Get child item list').output.childItems",
											"type": "Expression"
										}
									}
								},
								{
									"name": "Call AssetInZipFile_Zip",
									"type": "Lookup",
									"dependsOn": [
										{
											"activity": "Set vChildItem",
											"dependencyConditions": [
												"Succeeded"
											]
										},
										{
											"activity": "Copy data From Temp to Cleansed",
											"dependencyConditions": [
												"Succeeded"
											]
										}
									],
									"policy": {
										"timeout": "7.00:00:00",
										"retry": 0,
										"retryIntervalInSeconds": 30,
										"secureOutput": false,
										"secureInput": false
									},
									"userProperties": [],
									"typeProperties": {
										"source": {
											"type": "AzureSqlSource",
											"sqlReaderStoredProcedureName": "[idfwba].[AssetInZipFile]",
											"storedProcedureParameters": {
												"currentFeedJobTask": {
													"type": "String",
													"value": {
														"value": "@concat(   '{','\"value\":', string(pipeline().parameters.currentFeedJobTask),'}')",
														"type": "Expression"
													}
												},
												"pAssetDefinition": {
													"type": "String",
													"value": {
														"value": "@pipeline().parameters.pAssetName",
														"type": "Expression"
													}
												},
												"pAssetID": {
													"type": "Int32",
													"value": {
														"value": "@pipeline().parameters.pAssetId",
														"type": "Expression"
													}
												},
												"pAssetName": {
													"type": "String",
													"value": null
												},
												"pAssetPath": {
													"type": "String",
													"value": {
														"value": "@pipeline().parameters.pAssetPath",
														"type": "Expression"
													}
												},
												"pListAssetName": {
													"type": "String",
													"value": {
														"value": "@concat(   '{','\"value\":', string(variables('vChildItem')),'}')",
														"type": "Expression"
													}
												},
												"pMD5": {
													"type": "String",
													"value": null
												},
												"pNrRecords": {
													"type": "Int32",
													"value": null
												},
												"pSize": {
													"type": "Int32",
													"value": null
												}
											},
											"queryTimeout": "02:00:00",
											"partitionOption": "None"
										},
										"dataset": {
											"referenceName": "azsadna_datasource_generic_mssql",
											"type": "DatasetReference",
											"parameters": {
												"schema": "idfwba",
												"table": "DUMMY_FEED"
											}
										},
										"firstRowOnly": false
									}
								},
								{
									"name": "Multi Delete File from Raw To Cleansed_Zip",
									"type": "ExecutePipeline",
									"dependsOn": [
										{
											"activity": "Set vRawStorageAccountType",
											"dependencyConditions": [
												"Succeeded"
											]
										}
									],
									"userProperties": [],
									"typeProperties": {
										"pipeline": {
											"referenceName": "MultiStorageDelete",
											"type": "PipelineReference"
										},
										"waitOnCompletion": true,
										"parameters": {
											"pSourceType": {
												"value": "@variables('vRawStorageAccountType')",
												"type": "Expression"
											},
											"pSourceAssetPath": {
												"value": "@pipeline().parameters.pAssetPath",
												"type": "Expression"
											},
											"pSourceAssetName": {
												"value": "@pipeline().parameters.pAssetName",
												"type": "Expression"
											},
											"pSourceStorageAccountServiceEndPoint": {
												"value": "@json(pipeline().parameters.currentFeedJobTask.FeedTaskJSON).properties.SourceStorageAccountServiceEndPoint",
												"type": "Expression"
											}
										}
									}
								},
								{
									"name": "Set vRawStorageAccountType",
									"type": "SetVariable",
									"dependsOn": [
										{
											"activity": "Copy data From Raw to Cleansed Zip Temp",
											"dependencyConditions": [
												"Succeeded"
											]
										}
									],
									"userProperties": [],
									"typeProperties": {
										"variableName": "vRawStorageAccountType",
										"value": {
											"value": "@json(pipeline().parameters.currentFeedJobTask.FeedTaskJSON).properties.SourceStorageAccountType",
											"type": "Expression"
										}
									}
								},
								{
									"name": "Execute ForEachFileInZip",
									"type": "ExecutePipeline",
									"dependsOn": [
										{
											"activity": "Call AssetInZipFile_Zip",
											"dependencyConditions": [
												"Succeeded"
											]
										}
									],
									"userProperties": [],
									"typeProperties": {
										"pipeline": {
											"referenceName": "UpdateDB zip file",
											"type": "PipelineReference"
										},
										"waitOnCompletion": true,
										"parameters": {
											"pAssetName": {
												"value": "@variables('vChildItem')",
												"type": "Expression"
											},
											"primalPipelineRunId": {
												"value": "@pipeline().parameters.primalPipelineRunId",
												"type": "Expression"
											},
											"parentPipelineRunId": {
												"value": "@pipeline().parameters.parentPipelineRunId",
												"type": "Expression"
											},
											"currentFeedJobTask": {
												"value": "@pipeline().parameters.currentFeedJobTask",
												"type": "Expression"
											},
											"pMD5": {
												"value": "@pipeline().parameters.pMD5",
												"type": "Expression"
											},
											"pSize": {
												"value": "@pipeline().parameters.pSize",
												"type": "Expression"
											},
											"pNrRecords": {
												"value": "@pipeline().parameters.pNrRecords",
												"type": "Expression"
											},
											"pParentAssetId": {
												"value": "@pipeline().parameters.pAssetId",
												"type": "Expression"
											},
											"pAssetPath": {
												"value": "@pipeline().parameters.pAssetPath",
												"type": "Expression"
											},
											"pAssetDefinition": {
												"value": "@pipeline().parameters.pAssetName",
												"type": "Expression"
											},
											"pDQ": {
												"value": "@variables('vDQFlag')",
												"type": "Expression"
											},
											"pFeedID": {
												"value": "@pipeline().parameters.pFeedID",
												"type": "Expression"
											},
											"pZip_ProcFlg": {
												"value": "@activity('Get Feed Props').output.firstRow.Zip_ProcFlg",
												"type": "Expression"
											},
											"pSigFeedId": {
												"value": "@activity('Get Feed Props').output.firstRow.SigFeedId",
												"type": "Expression"
											},
											"pSigFeedName": {
												"value": "@activity('Get Feed Props').output.firstRow.SigFeedName",
												"type": "Expression"
											},
											"pSigDestinationPath": {
												"value": "@activity('Get Feed Props').output.firstRow.SigDestinationPathName",
												"type": "Expression"
											},
											"pFeedName": {
												"value": "@activity('Get Feed Props').output.firstRow.FeedName",
												"type": "Expression"
											}
										}
									}
								},
								{
									"name": "Copy data From Temp to Cleansed",
									"type": "Copy",
									"dependsOn": [
										{
											"activity": "Get child item list",
											"dependencyConditions": [
												"Succeeded"
											]
										}
									],
									"policy": {
										"timeout": "0.12:00:00",
										"retry": 0,
										"retryIntervalInSeconds": 30,
										"secureOutput": false,
										"secureInput": false
									},
									"userProperties": [],
									"typeProperties": {
										"source": {
											"type": "BinarySource",
											"storeSettings": {
												"type": "AzureBlobFSReadSettings",
												"recursive": true,
												"modifiedDatetimeStart": "2022-11-05T00:00:00.422Z",
												"deleteFilesAfterCompletion": false
											},
											"formatSettings": {
												"type": "BinaryReadSettings"
											}
										},
										"sink": {
											"type": "BinarySink",
											"storeSettings": {
												"type": "AzureBlobFSWriteSettings",
												"copyBehavior": "PreserveHierarchy"
											}
										},
										"enableStaging": false
									},
									"inputs": [
										{
											"referenceName": "azsadna_datasource_generic_adls2_target_only_path",
											"type": "DatasetReference",
											"parameters": {
												"path": {
													"value": "@concat(variables('vUnpackFolder'), pipeline().parameters.pAssetName)",
													"type": "Expression"
												},
												"StorageAccountServiceEndPoint": "https://dapdevidfadls01.dfs.core.windows.net/"
											}
										}
									],
									"outputs": [
										{
											"referenceName": "azsadna_datasource_generic_adls2_target_only_path",
											"type": "DatasetReference",
											"parameters": {
												"path": {
													"value": "@{json(pipeline().parameters.currentFeedJobTask.FeedTaskJSON).properties.FolderPath_DestinationStore}",
													"type": "Expression"
												},
												"StorageAccountServiceEndPoint": "https://dapdevidfadls01.dfs.core.windows.net/"
											}
										}
									]
								},
								{
									"name": "Set Destination",
									"type": "SetVariable",
									"dependsOn": [],
									"userProperties": [],
									"typeProperties": {
										"variableName": "vUnpackFolder",
										"value": {
											"value": "@{json(pipeline().parameters.currentFeedJobTask.FeedTaskJSON).properties.FolderPath_DestinationStore}",
											"type": "Expression"
										}
									}
								},
								{
									"name": "Delete Temp",
									"type": "Delete",
									"dependsOn": [
										{
											"activity": "Copy data From Temp to Cleansed",
											"dependencyConditions": [
												"Succeeded"
											]
										}
									],
									"policy": {
										"timeout": "0.12:00:00",
										"retry": 0,
										"retryIntervalInSeconds": 30,
										"secureOutput": false,
										"secureInput": false
									},
									"userProperties": [],
									"typeProperties": {
										"dataset": {
											"referenceName": "azsadna_datasource_generic_adls2_target_only_path",
											"type": "DatasetReference",
											"parameters": {
												"path": {
													"value": "@concat(variables('vUnpackFolder'), pipeline().parameters.pAssetName)",
													"type": "Expression"
												},
												"StorageAccountServiceEndPoint": "https://dapdevidfadls01.dfs.core.windows.net/"
											}
										},
										"enableLogging": false,
										"storeSettings": {
											"type": "AzureBlobFSReadSettings",
											"recursive": true,
											"enablePartitionDiscovery": false
										}
									}
								}
							]
						}
					],
					"defaultActivities": [
						{
							"name": "Copy File from Raw to Cleansed Non Zip Format",
							"type": "Copy",
							"dependsOn": [],
							"policy": {
								"timeout": "7.00:00:00",
								"retry": 0,
								"retryIntervalInSeconds": 30,
								"secureOutput": false,
								"secureInput": false
							},
							"userProperties": [],
							"typeProperties": {
								"source": {
									"type": "BinarySource",
									"storeSettings": {
										"type": "AzureBlobFSReadSettings",
										"recursive": true
									},
									"formatSettings": {
										"type": "BinaryReadSettings"
									}
								},
								"sink": {
									"type": "BinarySink",
									"storeSettings": {
										"type": "AzureBlobFSWriteSettings"
									}
								},
								"enableStaging": false
							},
							"inputs": [
								{
									"referenceName": "azsadna_datasource_generic_adls2",
									"type": "DatasetReference",
									"parameters": {
										"path": {
											"value": "@{pipeline().parameters.pAssetPath}",
											"type": "Expression"
										},
										"filename": {
											"value": "@{pipeline().parameters.pAssetName}",
											"type": "Expression"
										},
										"StorageAccountServiceEndPoint": "https://dapdevidfadls01.dfs.core.windows.net/"
									}
								}
							],
							"outputs": [
								{
									"referenceName": "azsadna_datasource_generic_adls2_target",
									"type": "DatasetReference",
									"parameters": {
										"path": {
											"value": "@{json(pipeline().parameters.currentFeedJobTask.FeedTaskJSON).properties.FolderPath_DestinationStore}",
											"type": "Expression"
										},
										"filename": {
											"value": "@{pipeline().parameters.pAssetName}",
											"type": "Expression"
										},
										"StorageAccountServiceEndPoint": "https://dapdevidfadls01.dfs.core.windows.net/"
									}
								}
							]
						},
						{
							"name": "Execute Update DB",
							"type": "ExecutePipeline",
							"dependsOn": [
								{
									"activity": "Copy File from Raw to Cleansed Non Zip Format",
									"dependencyConditions": [
										"Succeeded"
									]
								}
							],
							"userProperties": [],
							"typeProperties": {
								"pipeline": {
									"referenceName": "UpdateDB_poslog_no_zip_file",
									"type": "PipelineReference"
								},
								"waitOnCompletion": true,
								"parameters": {
									"pAssetName": {
										"value": "@pipeline().parameters.pAssetName",
										"type": "Expression"
									},
									"primalPipelineRunId": {
										"value": "@pipeline().parameters.primalPipelineRunId",
										"type": "Expression"
									},
									"parentPipelineRunId": {
										"value": "@pipeline().parameters.parentPipelineRunId",
										"type": "Expression"
									},
									"currentFeedJobTask": {
										"value": "@pipeline().parameters.currentFeedJobTask",
										"type": "Expression"
									},
									"pMD5": {
										"value": "@pipeline().parameters.pMD5",
										"type": "Expression"
									},
									"pSize": {
										"value": "@pipeline().parameters.pSize",
										"type": "Expression"
									},
									"pNrRecords": {
										"value": "@pipeline().parameters.pNrRecords",
										"type": "Expression"
									},
									"pParentAssetId": {
										"value": "@pipeline().parameters.pParentAssetId",
										"type": "Expression"
									},
									"pAssetId": {
										"value": "@variables('vAssetId')",
										"type": "Expression"
									},
									"pAssetPath": {
										"value": "@pipeline().parameters.pAssetPath",
										"type": "Expression"
									},
									"pAssetDefinition": {
										"value": "@variables('vAssetDefinition')",
										"type": "Expression"
									}
								}
							}
						},
						{
							"name": "Run ESP Triggers Pipeline",
							"type": "ExecutePipeline",
							"dependsOn": [
								{
									"activity": "Execute Update DB",
									"dependencyConditions": [
										"Succeeded"
									]
								}
							],
							"userProperties": [],
							"typeProperties": {
								"pipeline": {
									"referenceName": "ESP_Triggers",
									"type": "PipelineReference"
								},
								"waitOnCompletion": true,
								"parameters": {
									"pAssetName": {
										"value": "@pipeline().parameters.pAssetName",
										"type": "Expression"
									},
									"primalPipelineRunId": {
										"value": "@pipeline().parameters.primalPipelineRunId",
										"type": "Expression"
									},
									"parentPipelineRunId": {
										"value": "@pipeline().parameters.parentPipelineRunId",
										"type": "Expression"
									},
									"currentFeedJobTask": {
										"value": "@pipeline().parameters.currentFeedJobTask",
										"type": "Expression"
									},
									"pMD5": {
										"value": "@pipeline().parameters.pMD5",
										"type": "Expression"
									},
									"pSize": {
										"value": "@pipeline().parameters.pSize",
										"type": "Expression"
									},
									"pNrRecords": {
										"value": "@pipeline().parameters.pNrRecords",
										"type": "Expression"
									},
									"pParentAssetId": {
										"value": "@pipeline().parameters.pParentAssetId",
										"type": "Expression"
									},
									"pAssetId": {
										"value": "@pipeline().parameters.pAssetId",
										"type": "Expression"
									},
									"pAssetPath": {
										"value": "@pipeline().parameters.pAssetPath",
										"type": "Expression"
									}
								}
							}
						}
					]
				}
			},
			{
				"name": "Set vAssetDefinition",
				"type": "SetVariable",
				"dependsOn": [
					{
						"activity": "Set vAssetId",
						"dependencyConditions": [
							"Succeeded"
						]
					}
				],
				"userProperties": [],
				"typeProperties": {
					"variableName": "vAssetDefinition",
					"value": {
						"value": "@pipeline().parameters.pAssetName",
						"type": "Expression"
					}
				}
			},
			{
				"name": "Get Feed Props",
				"type": "Lookup",
				"dependsOn": [],
				"policy": {
					"timeout": "0.12:00:00",
					"retry": 0,
					"retryIntervalInSeconds": 30,
					"secureOutput": false,
					"secureInput": false
				},
				"userProperties": [],
				"typeProperties": {
					"source": {
						"type": "AzureSqlSource",
						"sqlReaderQuery": {
							"value": "Select DQCheck, AssetTypeID, FeedName, \nZip_ProcFlg, Sig_FeedId as SigFeedId , sig.DestinationPathName as SigDestinationPathName, sig.SigFeedName\nfrom idfwba.Feed f\nleft join (Select FeedId,   FeedName as SigFeedName, DestinationPathName\n          from idfwba.Feed ) sig ON sig.FeedId = f.Sig_FeedId\nwhere f.FeedId=@{pipeline().parameters.pFeedID}",
							"type": "Expression"
						},
						"queryTimeout": "02:00:00",
						"partitionOption": "None"
					},
					"dataset": {
						"referenceName": "azsadna_datasource_generic_mssql",
						"type": "DatasetReference",
						"parameters": {
							"schema": "idfwba",
							"table": "DUMMY_FEED"
						}
					}
				}
			},
			{
				"name": "Unpack_flag",
				"type": "SetVariable",
				"dependsOn": [
					{
						"activity": "Set vExtension",
						"dependencyConditions": [
							"Succeeded"
						]
					},
					{
						"activity": "Get Feed Props",
						"dependencyConditions": [
							"Succeeded"
						]
					}
				],
				"userProperties": [],
				"typeProperties": {
					"variableName": "vUnpackStrategy",
					"value": {
						"value": "@concat(variables('vExtension'),activity('Get Feed Props').output.firstRow.Zip_ProcFlg)",
						"type": "Expression"
					}
				}
			},
			{
				"name": "vDQValue",
				"description": "Old Code\n\n@if(and(\n        equals(activity('DQFetchProperties').output.firstRow.AssetTypeID,6),\n        equals(activity('DQFetchProperties').output.firstRow.DQCheck,true)\n),true,false)",
				"type": "SetVariable",
				"dependsOn": [
					{
						"activity": "Get Feed Props",
						"dependencyConditions": [
							"Succeeded"
						]
					}
				],
				"userProperties": [],
				"typeProperties": {
					"variableName": "vDQFlag",
					"value": {
						"value": "@if(and(\n        equals(activity('Get Feed Props').output.firstRow.AssetTypeID,6),\n        equals(activity('Get Feed Props').output.firstRow.DQCheck,true)\n),false,false)",
						"type": "Expression"
					}
				}
			}
		],
		"parameters": {
			"pAssetName": {
				"type": "string"
			},
			"primalPipelineRunId": {
				"type": "string"
			},
			"parentPipelineRunId": {
				"type": "string"
			},
			"currentFeedJobTask": {
				"type": "object"
			},
			"pMD5": {
				"type": "string"
			},
			"pSize": {
				"type": "string"
			},
			"pNrRecords": {
				"type": "string"
			},
			"pParentAssetId": {
				"type": "string"
			},
			"pAssetId": {
				"type": "string"
			},
			"pAssetPath": {
				"type": "string"
			},
			"pFeedID": {
				"type": "string"
			},
			"FeedTaskJSON": {
				"type": "object"
			},
			"pParentRunLogID": {
				"type": "string"
			}
		},
		"variables": {
			"vProcessStart": {
				"type": "String"
			},
			"vRunLogStatus": {
				"type": "String"
			},
			"vRunLogId": {
				"type": "String"
			},
			"vParentRunLogId": {
				"type": "String"
			},
			"vRunLogTypeId": {
				"type": "String"
			},
			"vDestination": {
				"type": "String"
			},
			"vAssetId": {
				"type": "String"
			},
			"vRenamedAssetName": {
				"type": "String"
			},
			"vAssetToGet": {
				"type": "String"
			},
			"vRefLOVTargetTable": {
				"type": "String"
			},
			"vRawToCleansedStorageAccountType": {
				"type": "String"
			},
			"vCleansedStorageAccountType": {
				"type": "String"
			},
			"vRawToQuarantineStorageAccountType": {
				"type": "String"
			},
			"vQuarantineStorageAccountType": {
				"type": "String"
			},
			"vRawStorageAccountType": {
				"type": "String"
			},
			"vFeedID": {
				"type": "String"
			},
			"vRefDataExportFeedID": {
				"type": "String"
			},
			"vTriggerRefDataImport": {
				"type": "String"
			},
			"vCurrentFeedJobTaskProperties": {
				"type": "String"
			},
			"vCheckFeedJobTaskforEncrypted": {
				"type": "Boolean"
			},
			"vFileToolPostBody": {
				"type": "String"
			},
			"vExtension": {
				"type": "String"
			},
			"vUnpackAndInfoError": {
				"type": "String"
			},
			"vErrorMessage_SQL_TPT": {
				"type": "String"
			},
			"vESPTriggers_status": {
				"type": "String"
			},
			"vChildItem": {
				"type": "Array"
			},
			"vAssetDefinition": {
				"type": "String"
			},
			"vItemName": {
				"type": "String"
			},
			"vDQFlag": {
				"type": "Boolean"
			},
			"vUnpackStrategy": {
				"type": "String"
			},
			"vUnpackFolder": {
				"type": "String"
			}
		},
		"folder": {
			"name": "TaskTemplates"
		},
		"annotations": []
	}
}