{
	"name": "FileMoveFromRawToCleansed_original",
	"properties": {
		"description": "Move given file from given container on given source Blob Storage account to given container on given target ADLS2 storage account.",
		"activities": [
			{
				"name": "vProcessStart",
				"type": "SetVariable",
				"dependsOn": [],
				"userProperties": [],
				"typeProperties": {
					"variableName": "vProcessStart",
					"value": {
						"value": "@utcnow('yyyyMMdd HH:mm:ss.fff')",
						"type": "Expression"
					}
				}
			},
			{
				"name": "If_HasParent",
				"description": "Then the asset comes from Unpacking so it is new and we need to apply all checks \n  If Size<>0 And HasParent = 1 vDestination='CHECK_MD5'\n  Else vDestination = 'QUARANTINE'\nElse it's an already validated asset, vDestination='CLEANSED'",
				"type": "IfCondition",
				"dependsOn": [
					{
						"activity": "RunStart",
						"dependencyConditions": [
							"Succeeded"
						]
					}
				],
				"userProperties": [],
				"typeProperties": {
					"expression": {
						"value": "@not(equals(coalesce(pipeline().parameters.pParentAssetId,'-1'),'-1'))",
						"type": "Expression"
					},
					"ifFalseActivities": [
						{
							"name": "Set_vDestination_CLEANSED",
							"type": "SetVariable",
							"dependsOn": [],
							"userProperties": [],
							"typeProperties": {
								"variableName": "vDestination",
								"value": "CLEANSED"
							}
						},
						{
							"name": "Set_vAssetId_False",
							"type": "SetVariable",
							"dependsOn": [],
							"userProperties": [],
							"typeProperties": {
								"variableName": "vAssetId",
								"value": {
									"value": "@pipeline().parameters.pAssetId",
									"type": "Expression"
								}
							}
						}
					],
					"ifTrueActivities": [
						{
							"name": "Set_vDestination_byValidatedAndSize",
							"description": "If Validated And Size <> 0 \n  vDestination = 'CHECK_MD5'\nELSE\n  vDestination = 'QUARANTINE'\n",
							"type": "SetVariable",
							"dependsOn": [
								{
									"activity": "AssetStatusChange_Raw",
									"dependencyConditions": [
										"Succeeded"
									]
								}
							],
							"userProperties": [],
							"typeProperties": {
								"variableName": "vDestination",
								"value": {
									"value": "@if(and(not(equals(coalesce(pipeline().parameters.pParentAssetId,'-1'),'-1'))\n            ,not(equals(pipeline().parameters.pSize,'0')))\n       ,'CHECK_MD5'\n       ,'QUARANTINE'\n)",
									"type": "Expression"
								}
							}
						},
						{
							"name": "Set_vAssetId_True",
							"type": "SetVariable",
							"dependsOn": [
								{
									"activity": "AssetStatusChange_Raw",
									"dependencyConditions": [
										"Succeeded"
									]
								}
							],
							"userProperties": [],
							"typeProperties": {
								"variableName": "vAssetId",
								"value": {
									"value": "@activity('AssetAddOrUpdate').output.firstRow.AssetID",
									"type": "Expression"
								}
							}
						},
						{
							"name": "AssetAddOrUpdate",
							"type": "Lookup",
							"dependsOn": [],
							"policy": {
								"timeout": "7.00:00:00",
								"retry": 0,
								"retryIntervalInSeconds": 30,
								"secureOutput": false,
								"secureInput": false
							},
							"userProperties": [],
							"typeProperties": {
								"source": {
									"type": "AzureSqlSource",
									"sqlReaderStoredProcedureName": "[idfwba].[AssetAddOrUpdate]",
									"storedProcedureParameters": {
										"pAssetCurrentLocation": {
											"type": "String",
											"value": {
												"value": "@json(pipeline().parameters.currentFeedJobTask.FeedTaskJSON).properties.FolderPath_SourceStore",
												"type": "Expression"
											}
										},
										"pAssetDefinition": {
											"type": "String",
											"value": {
												"value": "@pipeline().parameters.pAssetName",
												"type": "Expression"
											}
										},
										"pAssetID": {
											"type": "String",
											"value": null
										},
										"pAssetMD5": {
											"type": "String",
											"value": {
												"value": "@pipeline().parameters.pMD5",
												"type": "Expression"
											}
										},
										"pAssetName": {
											"type": "String",
											"value": {
												"value": "@pipeline().parameters.pAssetName",
												"type": "Expression"
											}
										},
										"pAssetSubTypeID": {
											"type": "String",
											"value": null
										},
										"pAssetTypeID": {
											"type": "String",
											"value": null
										},
										"pAttributeDescription": {
											"type": "String",
											"value": null
										},
										"pAttributeEntityDescription": {
											"type": "String",
											"value": null
										},
										"pDTCreated": {
											"type": "String",
											"value": null
										},
										"pEntityDescription": {
											"type": "String",
											"value": null
										},
										"pFeedId": {
											"type": "String",
											"value": {
												"value": "@pipeline().parameters.currentFeedJobTask.FeedID",
												"type": "Expression"
											}
										},
										"pInformationClassificationID": {
											"type": "String",
											"value": null
										},
										"pKeepValueFlag": {
											"type": "String",
											"value": null
										},
										"pNumberOfBytes": {
											"type": "String",
											"value": {
												"value": "@pipeline().parameters.pSize",
												"type": "Expression"
											}
										},
										"pNumberOfRecords": {
											"type": "String",
											"value": {
												"value": "@pipeline().parameters.pNrRecords",
												"type": "Expression"
											}
										},
										"pParentAssetID": {
											"type": "String",
											"value": {
												"value": "@pipeline().parameters.pParentAssetId",
												"type": "Expression"
											}
										},
										"pStatusID": {
											"type": "String",
											"value": null
										},
										"pUserCreated": {
											"type": "String",
											"value": null
										}
									},
									"queryTimeout": "02:00:00",
									"partitionOption": "None"
								},
								"dataset": {
									"referenceName": "azsadna_datasource_generic_mssql",
									"type": "DatasetReference",
									"parameters": {
										"schema": "idfwba",
										"table": "FEED"
									}
								}
							}
						},
						{
							"name": "AssetStatusChange_Raw",
							"description": "Update Status to \"Raw\"",
							"type": "Lookup",
							"dependsOn": [
								{
									"activity": "AssetAddOrUpdate",
									"dependencyConditions": [
										"Succeeded"
									]
								}
							],
							"policy": {
								"timeout": "7.00:00:00",
								"retry": 0,
								"retryIntervalInSeconds": 30,
								"secureOutput": false,
								"secureInput": false
							},
							"userProperties": [],
							"typeProperties": {
								"source": {
									"type": "AzureSqlSource",
									"sqlReaderStoredProcedureName": "[idfwba].[AssetStatusChange]",
									"storedProcedureParameters": {
										"pAssetID": {
											"type": "String",
											"value": {
												"value": "@activity('AssetAddOrUpdate').output.firstRow.AssetID",
												"type": "Expression"
											}
										},
										"pDTCreated": {
											"type": "String",
											"value": null
										},
										"pStatusID": {
											"type": "String",
											"value": "24013"
										},
										"pUserCreated": {
											"type": "String",
											"value": null
										}
									},
									"queryTimeout": "02:00:00",
									"partitionOption": "None"
								},
								"dataset": {
									"referenceName": "azsadna_datasource_generic_mssql",
									"type": "DatasetReference",
									"parameters": {
										"schema": "idfwba",
										"table": "FEED"
									}
								}
							}
						}
					]
				}
			},
			{
				"name": "If_Check_MD5",
				"description": "If vDestination = 'CHECK_MD5'\n  Check size and MD5\n  Update vDestination accordingly\nELSE \n  Do nothing",
				"type": "IfCondition",
				"dependsOn": [
					{
						"activity": "If_HasParent",
						"dependencyConditions": [
							"Succeeded"
						]
					}
				],
				"userProperties": [],
				"typeProperties": {
					"expression": {
						"value": "@equals(variables('vDestination'),'CHECK_MD5')",
						"type": "Expression"
					},
					"ifFalseActivities": [
						{
							"name": "DoNothing",
							"type": "Wait",
							"dependsOn": [],
							"userProperties": [],
							"typeProperties": {
								"waitTimeInSeconds": 1
							}
						}
					],
					"ifTrueActivities": [
						{
							"name": "CountAsset_Name_MD5",
							"description": "Counts number of rows in dbo.ASSET with the same Name and MD5",
							"type": "Lookup",
							"dependsOn": [],
							"policy": {
								"timeout": "7.00:00:00",
								"retry": 0,
								"retryIntervalInSeconds": 30,
								"secureOutput": false,
								"secureInput": false
							},
							"userProperties": [],
							"typeProperties": {
								"source": {
									"type": "AzureSqlSource",
									"sqlReaderStoredProcedureName": "[idfwba].[CountAsset]",
									"storedProcedureParameters": {
										"pAssetName": {
											"type": "String",
											"value": {
												"value": "@pipeline().parameters.pAssetName",
												"type": "Expression"
											}
										},
										"pMD5": {
											"type": "String",
											"value": {
												"value": "@pipeline().parameters.pMD5",
												"type": "Expression"
											}
										}
									},
									"partitionOption": "None"
								},
								"dataset": {
									"referenceName": "azsadna_datasource_generic_mssql",
									"type": "DatasetReference",
									"parameters": {
										"schema": "idfwba",
										"table": "DUMMY_FEED"
									}
								}
							}
						},
						{
							"name": "Set_vDestination_byMD5",
							"description": "If CountAsset = 1 (itself)\n  vDestination = 'CLEANSED'\nELSE\n  vDestination = 'QUARANTINE'\n",
							"type": "SetVariable",
							"dependsOn": [
								{
									"activity": "CountAsset_Name_MD5",
									"dependencyConditions": [
										"Succeeded"
									]
								}
							],
							"userProperties": [],
							"typeProperties": {
								"variableName": "vDestination",
								"value": {
									"value": "@if(equals(activity('CountAsset_Name_MD5').output.firstRow.AssetCount,'1')\n       ,'CLEANSED'\n       ,'QUARANTINE'\n)\n\n",
									"type": "Expression"
								}
							}
						}
					]
				}
			},
			{
				"name": "If_MoveData",
				"description": "If vDestination = 'CLEANSED'  Move to CLEANSED\nELSE Move to QUARANTINE\n  (set assethistory message accordingly)",
				"type": "IfCondition",
				"dependsOn": [
					{
						"activity": "If_Check_MD5",
						"dependencyConditions": [
							"Succeeded"
						]
					}
				],
				"userProperties": [],
				"typeProperties": {
					"expression": {
						"value": "@equals(variables('vDestination'),'CLEANSED')",
						"type": "Expression"
					},
					"ifFalseActivities": [
						{
							"name": "Write Asset History QUARANTINE",
							"type": "SqlServerStoredProcedure",
							"dependsOn": [
								{
									"activity": "Multi Delete File from Raw To Quarantine",
									"dependencyConditions": [
										"Succeeded"
									]
								}
							],
							"policy": {
								"timeout": "7.00:00:00",
								"retry": 0,
								"retryIntervalInSeconds": 30,
								"secureOutput": false,
								"secureInput": false
							},
							"userProperties": [],
							"typeProperties": {
								"storedProcedureName": "[idfwba].[AddNewAssetHistory]",
								"storedProcedureParameters": {
									"pAssetID": {
										"value": {
											"value": "@variables('vAssetId')",
											"type": "Expression"
										},
										"type": "String"
									},
									"pDescription": {
										"value": {
											"value": "@concat('AssetID='\n              , variables('vAssetId')\n              , '; AssetName='\n              , pipeline().parameters.pAssetName\n              , '. Moved from '\n              , pipeline().parameters.pAssetPath\n              , ' to '\n              , json(pipeline().parameters.currentFeedJobTask.FeedTaskJSON).properties.FolderPath_QuarantineStore\n              , '. Reason='\n              , if(equals(pipeline().parameters.pSize,'0'), 'Empty file', 'Duplicated')\n)",
											"type": "Expression"
										},
										"type": "String"
									},
									"pDTCreated": {
										"value": {
											"value": "@utcnow('yyyyMMdd HH:mm:ss.fff')",
											"type": "Expression"
										},
										"type": "String"
									}
								}
							},
							"linkedServiceName": {
								"referenceName": "MVPMetaDataStore",
								"type": "LinkedServiceReference"
							}
						},
						{
							"name": "AssetAddOrUpdate_Location_Quarantine",
							"description": "Update Location to Quarantine",
							"type": "Lookup",
							"dependsOn": [
								{
									"activity": "Multi Copy to Quarantine",
									"dependencyConditions": [
										"Succeeded"
									]
								}
							],
							"policy": {
								"timeout": "7.00:00:00",
								"retry": 0,
								"retryIntervalInSeconds": 30,
								"secureOutput": false,
								"secureInput": false
							},
							"userProperties": [],
							"typeProperties": {
								"source": {
									"type": "AzureSqlSource",
									"sqlReaderStoredProcedureName": "[idfwba].[AssetAddOrUpdate]",
									"storedProcedureParameters": {
										"pAssetCurrentLocation": {
											"type": "String",
											"value": {
												"value": "@json(pipeline().parameters.currentFeedJobTask.FeedTaskJSON).properties.FolderPath_QuarantineStore",
												"type": "Expression"
											}
										},
										"pAssetDefinition": {
											"type": "String",
											"value": {
												"value": "@pipeline().parameters.pAssetName",
												"type": "Expression"
											}
										},
										"pAssetID": {
											"type": "String",
											"value": {
												"value": "@variables('vAssetId')",
												"type": "Expression"
											}
										},
										"pAssetMD5": {
											"type": "String",
											"value": null
										},
										"pAssetName": {
											"type": "String",
											"value": {
												"value": "@pipeline().parameters.pAssetName",
												"type": "Expression"
											}
										},
										"pAssetSubTypeID": {
											"type": "String",
											"value": null
										},
										"pAssetTypeID": {
											"type": "String",
											"value": null
										},
										"pAttributeDescription": {
											"type": "String",
											"value": null
										},
										"pAttributeEntityDescription": {
											"type": "String",
											"value": null
										},
										"pDTCreated": {
											"type": "String",
											"value": null
										},
										"pEntityDescription": {
											"type": "String",
											"value": null
										},
										"pFeedId": {
											"type": "String",
											"value": {
												"value": "@pipeline().parameters.currentFeedJobTask.FeedId",
												"type": "Expression"
											}
										},
										"pInformationClassificationID": {
											"type": "String",
											"value": null
										},
										"pKeepValueFlag": {
											"type": "String",
											"value": null
										},
										"pNumberOfBytes": {
											"type": "String",
											"value": {
												"value": "@pipeline().parameters.pSize",
												"type": "Expression"
											}
										},
										"pNumberOfRecords": {
											"type": "String",
											"value": {
												"value": "@pipeline().parameters.pNrRecords",
												"type": "Expression"
											}
										},
										"pParentAssetID": {
											"type": "String",
											"value": {
												"value": "@if(equals(coalesce(pipeline().parameters.pParentAssetId,'-1'),'-1')\n      ,''\n      ,pipeline().parameters.pParentAssetId\n     )",
												"type": "Expression"
											}
										},
										"pStatusID": {
											"type": "String",
											"value": null
										},
										"pUserCreated": {
											"type": "String",
											"value": null
										}
									},
									"queryTimeout": "02:00:00",
									"partitionOption": "None"
								},
								"dataset": {
									"referenceName": "azsadna_datasource_generic_mssql",
									"type": "DatasetReference",
									"parameters": {
										"schema": "idfwba",
										"table": "FEED"
									}
								}
							}
						},
						{
							"name": "AssetStatusChange_Ingestion_Quarantine",
							"description": "Update Status to \"Ingestion Quarantine\"",
							"type": "Lookup",
							"dependsOn": [
								{
									"activity": "AssetAddOrUpdate_Location_Quarantine",
									"dependencyConditions": [
										"Succeeded"
									]
								}
							],
							"policy": {
								"timeout": "7.00:00:00",
								"retry": 0,
								"retryIntervalInSeconds": 30,
								"secureOutput": false,
								"secureInput": false
							},
							"userProperties": [],
							"typeProperties": {
								"source": {
									"type": "AzureSqlSource",
									"sqlReaderStoredProcedureName": "[idfwba].[AssetStatusChange]",
									"storedProcedureParameters": {
										"pAssetID": {
											"type": "String",
											"value": {
												"value": "@activity('AssetAddOrUpdate_Location_Quarantine').output.firstRow.AssetID",
												"type": "Expression"
											}
										},
										"pDTCreated": {
											"type": "String",
											"value": null
										},
										"pStatusID": {
											"type": "String",
											"value": "24015"
										},
										"pUserCreated": {
											"type": "String",
											"value": null
										}
									},
									"queryTimeout": "02:00:00",
									"partitionOption": "None"
								},
								"dataset": {
									"referenceName": "azsadna_datasource_generic_mssql",
									"type": "DatasetReference",
									"parameters": {
										"schema": "idfwba",
										"table": "FEED"
									}
								}
							}
						},
						{
							"name": "Multi Copy to Quarantine",
							"type": "ExecutePipeline",
							"dependsOn": [
								{
									"activity": "Set vRawToQuarantineStorageAccountType_copy1",
									"dependencyConditions": [
										"Succeeded"
									]
								},
								{
									"activity": "Set vTriggerRefDataImportDisable",
									"dependencyConditions": [
										"Succeeded"
									]
								}
							],
							"userProperties": [],
							"typeProperties": {
								"pipeline": {
									"referenceName": "MultiStorageCopy",
									"type": "PipelineReference"
								},
								"waitOnCompletion": true,
								"parameters": {
									"pSourceDestinationType": {
										"value": "@variables('vRawToQuarantineStorageAccountType')",
										"type": "Expression"
									},
									"pSourceAssetPath": {
										"value": "@pipeline().parameters.pAssetPath",
										"type": "Expression"
									},
									"pSourceAssetName": {
										"value": "@pipeline().parameters.pAssetName",
										"type": "Expression"
									},
									"pSourceStorageAccountServiceEndPoint": {
										"value": "@json(pipeline().parameters.currentFeedJobTask.FeedTaskJSON).properties.TargetStorageAccountServiceEndPoint",
										"type": "Expression"
									},
									"pDestinationAssetPath": {
										"value": "@json(pipeline().parameters.currentFeedJobTask.FeedTaskJSON).properties.FolderPath_QuarantineStore",
										"type": "Expression"
									},
									"pDestinationAssetName": {
										"value": "@pipeline().parameters.pAssetName",
										"type": "Expression"
									},
									"pDestinationStorageAccountServiceEndPoint": {
										"value": "@json(pipeline().parameters.currentFeedJobTask.FeedTaskJSON).properties.QuarantineStorageAccountServiceEndPoint",
										"type": "Expression"
									}
								}
							}
						},
						{
							"name": "Multi Delete File from Raw To Quarantine",
							"type": "ExecutePipeline",
							"dependsOn": [
								{
									"activity": "Set vRawStorageAccountType_ToQuarantine",
									"dependencyConditions": [
										"Succeeded"
									]
								}
							],
							"userProperties": [],
							"typeProperties": {
								"pipeline": {
									"referenceName": "MultiStorageDelete",
									"type": "PipelineReference"
								},
								"waitOnCompletion": true,
								"parameters": {
									"pSourceType": {
										"value": "@variables('vRawStorageAccountType')",
										"type": "Expression"
									},
									"pSourceAssetPath": {
										"value": "@pipeline().parameters.pAssetPath",
										"type": "Expression"
									},
									"pSourceAssetName": {
										"value": "@pipeline().parameters.pAssetName",
										"type": "Expression"
									},
									"pSourceStorageAccountServiceEndPoint": {
										"value": "@json(pipeline().parameters.currentFeedJobTask.FeedTaskJSON).properties.SourceStorageAccountServiceEndPoint",
										"type": "Expression"
									}
								}
							}
						},
						{
							"name": "Set vRawToQuarantineStorageAccountType_copy1",
							"type": "SetVariable",
							"dependsOn": [],
							"userProperties": [],
							"typeProperties": {
								"variableName": "vRawToQuarantineStorageAccountType",
								"value": {
									"value": "@concat(json(pipeline().parameters.currentFeedJobTask.FeedTaskJSON).properties.SourceStorageAccountType,'To',json(pipeline().parameters.currentFeedJobTask.FeedTaskJSON).properties.QuarantineStorageAccountType)",
									"type": "Expression"
								}
							}
						},
						{
							"name": "Set vRawStorageAccountType_ToQuarantine",
							"type": "SetVariable",
							"dependsOn": [
								{
									"activity": "AssetStatusChange_Ingestion_Quarantine",
									"dependencyConditions": [
										"Succeeded"
									]
								}
							],
							"userProperties": [],
							"typeProperties": {
								"variableName": "vRawStorageAccountType",
								"value": {
									"value": "@json(pipeline().parameters.currentFeedJobTask.FeedTaskJSON).properties.SourceStorageAccountType",
									"type": "Expression"
								}
							}
						},
						{
							"name": "MailNotifyQuarantine",
							"type": "ExecutePipeline",
							"dependsOn": [
								{
									"activity": "Write Asset History QUARANTINE",
									"dependencyConditions": [
										"Succeeded"
									]
								}
							],
							"userProperties": [],
							"typeProperties": {
								"pipeline": {
									"referenceName": "MailNotifyQuarantine",
									"type": "PipelineReference"
								},
								"waitOnCompletion": true,
								"parameters": {
									"pMessageBody": {
										"value": "@concat('An invalid file has been ingested in the platform with Reason', if(equals(pipeline().parameters.pSize,'0'), 'Empty file', 'Duplicated'))",
										"type": "Expression"
									},
									"pMailSubject": {
										"value": "@concat('Ingestion Notification for'\n               ,' AssetName: '\n               ,pipeline().parameters.pAssetName\n               ,' AssetPath: '\n               ,json(pipeline().parameters.currentFeedJobTask.FeedTaskJSON).properties.FolderPath_QuarantineStore\n               ,' AssetID: '\n               ,pipeline().parameters.pAssetID\n)",
										"type": "Expression"
									},
									"pAssetID": {
										"value": "@variables('vAssetId')",
										"type": "Expression"
									},
									"pAssetName": {
										"value": "@pipeline().parameters.pAssetName",
										"type": "Expression"
									},
									"pAssetLocation": {
										"value": "@json(pipeline().parameters.currentFeedJobTask.FeedTaskJSON).properties.FolderPath_QuarantineStore",
										"type": "Expression"
									}
								}
							}
						},
						{
							"name": "Set vTriggerRefDataImportDisable",
							"type": "SetVariable",
							"dependsOn": [],
							"userProperties": [],
							"typeProperties": {
								"variableName": "vTriggerRefDataImport",
								"value": {
									"value": "@bool(0)",
									"type": "Expression"
								}
							}
						}
					],
					"ifTrueActivities": [
						{
							"name": "Write Asset History",
							"type": "SqlServerStoredProcedure",
							"dependsOn": [
								{
									"activity": "Multi Delete File from Raw To Cleansed",
									"dependencyConditions": [
										"Succeeded"
									]
								}
							],
							"policy": {
								"timeout": "7.00:00:00",
								"retry": 0,
								"retryIntervalInSeconds": 30,
								"secureOutput": false,
								"secureInput": false
							},
							"userProperties": [],
							"typeProperties": {
								"storedProcedureName": "[idfwba].[AddNewAssetHistory]",
								"storedProcedureParameters": {
									"pAssetID": {
										"value": {
											"value": "@variables('vAssetId')",
											"type": "Expression"
										},
										"type": "String"
									},
									"pDescription": {
										"value": {
											"value": "@concat('AssetID='\n              , pipeline().parameters.pAssetId\n              , '; AssetName='\n              , pipeline().parameters.pAssetName\n              , '. Moved from '\n              , pipeline().parameters.pAssetPath\n              , ' to '\n              , json(pipeline().parameters.currentFeedJobTask.FeedTaskJSON).properties.FolderPath_DestinationStore\n, ' Renamed to '\n, variables('vRenamedAssetName')\n)",
											"type": "Expression"
										},
										"type": "String"
									},
									"pDTCreated": {
										"value": {
											"value": "@utcnow('yyyyMMdd HH:mm:ss.fff')",
											"type": "Expression"
										},
										"type": "String"
									}
								}
							},
							"linkedServiceName": {
								"referenceName": "MVPMetaDataStore",
								"type": "LinkedServiceReference"
							}
						},
						{
							"name": "Rename Destination Asset Name",
							"type": "Lookup",
							"dependsOn": [],
							"policy": {
								"timeout": "7.00:00:00",
								"retry": 0,
								"retryIntervalInSeconds": 30,
								"secureOutput": false,
								"secureInput": false
							},
							"userProperties": [],
							"typeProperties": {
								"source": {
									"type": "AzureSqlSource",
									"sqlReaderStoredProcedureName": "[idfwba].[RenameFileAccordingToPattern]",
									"storedProcedureParameters": {
										"pAssetName": {
											"type": "String",
											"value": {
												"value": "@pipeline().parameters.pAssetName",
												"type": "Expression"
											}
										},
										"pFeedID": {
											"type": "Int32",
											"value": {
												"value": "@pipeline().parameters.currentFeedJobTask.FeedID",
												"type": "Expression"
											}
										}
									},
									"queryTimeout": "02:00:00",
									"partitionOption": "None"
								},
								"dataset": {
									"referenceName": "azsadna_datasource_generic_mssql",
									"type": "DatasetReference",
									"parameters": {
										"schema": "idfwba",
										"table": "ASSET"
									}
								}
							}
						},
						{
							"name": "Set vRenamedAssetName",
							"type": "SetVariable",
							"dependsOn": [
								{
									"activity": "Rename Destination Asset Name",
									"dependencyConditions": [
										"Succeeded"
									]
								}
							],
							"userProperties": [],
							"typeProperties": {
								"variableName": "vRenamedAssetName",
								"value": {
									"value": "@activity('Rename Destination Asset Name').output.firstRow.RenamedAsset",
									"type": "Expression"
								}
							}
						},
						{
							"name": "AssetAddOrUpdate_To_Cleansed",
							"description": "If vRefLOVTargetTable='ref.RefLOV\n  Status = 'Prepare Cleansed'\nELSE\n  Status = 'Cleansed'",
							"type": "Lookup",
							"dependsOn": [
								{
									"activity": "Set vTargetTable",
									"dependencyConditions": [
										"Succeeded"
									]
								}
							],
							"policy": {
								"timeout": "7.00:00:00",
								"retry": 0,
								"retryIntervalInSeconds": 30,
								"secureOutput": false,
								"secureInput": false
							},
							"userProperties": [],
							"typeProperties": {
								"source": {
									"type": "AzureSqlSource",
									"sqlReaderStoredProcedureName": "[idfwba].[AssetAddOrUpdate]",
									"storedProcedureParameters": {
										"pAssetCurrentLocation": {
											"type": "String",
											"value": {
												"value": "@json(pipeline().parameters.currentFeedJobTask.FeedTaskJSON).properties.FolderPath_DestinationStore",
												"type": "Expression"
											}
										},
										"pAssetDefinition": {
											"type": "String",
											"value": {
												"value": "@pipeline().parameters.pAssetName",
												"type": "Expression"
											}
										},
										"pAssetID": {
											"type": "String",
											"value": {
												"value": "@variables('vAssetId')",
												"type": "Expression"
											}
										},
										"pAssetMD5": {
											"type": "String",
											"value": {
												"value": "@pipeline().parameters.pMD5",
												"type": "Expression"
											}
										},
										"pAssetName": {
											"type": "String",
											"value": {
												"value": "@variables('vRenamedAssetName')",
												"type": "Expression"
											}
										},
										"pAssetSubTypeID": {
											"type": "String",
											"value": null
										},
										"pAssetTypeID": {
											"type": "String",
											"value": null
										},
										"pAttributeDescription": {
											"type": "String",
											"value": null
										},
										"pAttributeEntityDescription": {
											"type": "String",
											"value": null
										},
										"pDTCreated": {
											"type": "String",
											"value": null
										},
										"pEntityDescription": {
											"type": "String",
											"value": null
										},
										"pFeedId": {
											"type": "String",
											"value": {
												"value": "@pipeline().parameters.currentFeedJobTask.FeedId",
												"type": "Expression"
											}
										},
										"pInformationClassificationID": {
											"type": "String",
											"value": null
										},
										"pKeepValueFlag": {
											"type": "String",
											"value": null
										},
										"pNumberOfBytes": {
											"type": "String",
											"value": {
												"value": "@pipeline().parameters.pSize",
												"type": "Expression"
											}
										},
										"pNumberOfRecords": {
											"type": "String",
											"value": {
												"value": "@pipeline().parameters.pNrRecords",
												"type": "Expression"
											}
										},
										"pParentAssetID": {
											"type": "String",
											"value": {
												"value": "@if(equals(coalesce(pipeline().parameters.pParentAssetId,'-1'),'-1')\n      ,''\n      ,pipeline().parameters.pParentAssetId\n     )",
												"type": "Expression"
											}
										},
										"pStatusID": {
											"type": "String",
											"value": null
										},
										"pUserCreated": {
											"type": "String",
											"value": null
										}
									},
									"queryTimeout": "02:00:00",
									"partitionOption": "None"
								},
								"dataset": {
									"referenceName": "azsadna_datasource_generic_mssql",
									"type": "DatasetReference",
									"parameters": {
										"schema": "idfwba",
										"table": "FEED"
									}
								}
							}
						},
						{
							"name": "AssetStatusChange_Cleansed",
							"description": "Update Status to \"Cleansed\"",
							"type": "Lookup",
							"dependsOn": [
								{
									"activity": "AssetAddOrUpdate_To_Cleansed",
									"dependencyConditions": [
										"Succeeded"
									]
								}
							],
							"policy": {
								"timeout": "7.00:00:00",
								"retry": 0,
								"retryIntervalInSeconds": 30,
								"secureOutput": false,
								"secureInput": false
							},
							"userProperties": [],
							"typeProperties": {
								"source": {
									"type": "AzureSqlSource",
									"sqlReaderStoredProcedureName": "[idfwba].[AssetStatusChange]",
									"storedProcedureParameters": {
										"pAssetID": {
											"type": "String",
											"value": {
												"value": "@variables('vAssetId')",
												"type": "Expression"
											}
										},
										"pDTCreated": {
											"type": "String",
											"value": null
										},
										"pStatusID": {
											"type": "String",
											"value": {
												"value": "@if(equals(variables('vRefLOVTargetTable'),'ref.RefLOV')\n ,'24016','24014'\n)",
												"type": "Expression"
											}
										},
										"pUserCreated": {
											"type": "String",
											"value": null
										}
									},
									"queryTimeout": "02:00:00",
									"partitionOption": "None"
								},
								"dataset": {
									"referenceName": "azsadna_datasource_generic_mssql",
									"type": "DatasetReference",
									"parameters": {
										"schema": "idfwba",
										"table": "FEED"
									}
								}
							}
						},
						{
							"name": "AssetToProcessGet",
							"type": "Lookup",
							"dependsOn": [
								{
									"activity": "Multi Copy to Cleansed",
									"dependencyConditions": [
										"Succeeded"
									]
								}
							],
							"policy": {
								"timeout": "7.00:00:00",
								"retry": 0,
								"retryIntervalInSeconds": 30,
								"secureOutput": false,
								"secureInput": false
							},
							"userProperties": [],
							"typeProperties": {
								"source": {
									"type": "AzureSqlSource",
									"sqlReaderStoredProcedureName": "[idfwba].[AssetToProcessGet]",
									"storedProcedureParameters": {
										"pAssetID": {
											"type": "String",
											"value": {
												"value": "@variables('vAssetId')",
												"type": "Expression"
											}
										},
										"pAssetStatusID": {
											"type": "String",
											"value": null
										},
										"pFeedID": {
											"type": "String",
											"value": null
										},
										"pLatestAssetFlag": {
											"type": "String",
											"value": null
										},
										"pProjectID": {
											"type": "String",
											"value": null
										},
										"pSourceRangeID": {
											"type": "String",
											"value": null
										},
										"pTargetLayer": {
											"type": "String",
											"value": null
										}
									},
									"queryTimeout": "02:00:00",
									"partitionOption": "None"
								},
								"dataset": {
									"referenceName": "azsadna_datasource_generic_mssql",
									"type": "DatasetReference",
									"parameters": {
										"schema": "idfwba",
										"table": "FEED"
									}
								}
							}
						},
						{
							"name": "Set vAssetToGet",
							"type": "SetVariable",
							"dependsOn": [
								{
									"activity": "AssetToProcessGet",
									"dependencyConditions": [
										"Succeeded"
									]
								}
							],
							"userProperties": [],
							"typeProperties": {
								"variableName": "vAssetToGet",
								"value": {
									"value": "@string(json(activity('AssetToProcessGet').output.firstRow.AssetListJSON).AssetList[0])",
									"type": "Expression"
								}
							}
						},
						{
							"name": "Set vTargetTable",
							"type": "SetVariable",
							"dependsOn": [
								{
									"activity": "Set vAssetToGet",
									"dependencyConditions": [
										"Succeeded"
									]
								}
							],
							"userProperties": [],
							"typeProperties": {
								"variableName": "vRefLOVTargetTable",
								"value": {
									"value": "@concat(\n      json(variables('vAssetToGet')).RefLOVTargetSchema\n      ,'.'\n      ,json(variables('vAssetToGet')).RefLOVTargetTable\n)",
									"type": "Expression"
								}
							}
						},
						{
							"name": "Multi Copy to Cleansed",
							"type": "ExecutePipeline",
							"dependsOn": [
								{
									"activity": "Set vRenamedAssetName",
									"dependencyConditions": [
										"Succeeded"
									]
								}
							],
							"userProperties": [],
							"typeProperties": {
								"pipeline": {
									"referenceName": "MultiStorageCopy_wrangled",
									"type": "PipelineReference"
								},
								"waitOnCompletion": true,
								"parameters": {
									"pSourceDestinationType": {
										"value": "@concat(json(pipeline().parameters.currentFeedJobTask.FeedTaskJSON).properties.SourceStorageAccountType,'To',json(pipeline().parameters.currentFeedJobTask.FeedTaskJSON).properties.TargetStorageAccountType)",
										"type": "Expression"
									},
									"pSourceAssetPath": {
										"value": "@pipeline().parameters.pAssetPath",
										"type": "Expression"
									},
									"pSourceAssetName": {
										"value": "@pipeline().parameters.pAssetName",
										"type": "Expression"
									},
									"pSourceStorageAccountServiceEndPoint": {
										"value": "@json(pipeline().parameters.currentFeedJobTask.FeedTaskJSON).properties.SourceStorageAccountServiceEndPoint",
										"type": "Expression"
									},
									"pDestinationAssetPath": {
										"value": "@json(pipeline().parameters.currentFeedJobTask.FeedTaskJSON).properties.FolderPath_DestinationStore",
										"type": "Expression"
									},
									"pDestinationAssetName": {
										"value": "@variables('vRenamedAssetName')",
										"type": "Expression"
									},
									"pDestinationStorageAccountServiceEndPoint": {
										"value": "@json(pipeline().parameters.currentFeedJobTask.FeedTaskJSON).properties.TargetStorageAccountServiceEndPoint",
										"type": "Expression"
									}
								}
							}
						},
						{
							"name": "Multi Delete File from Raw To Cleansed",
							"type": "ExecutePipeline",
							"dependsOn": [
								{
									"activity": "AssetStatusChange_Cleansed",
									"dependencyConditions": [
										"Succeeded"
									]
								},
								{
									"activity": "Set vRawStorageAccountType",
									"dependencyConditions": [
										"Succeeded"
									]
								}
							],
							"userProperties": [],
							"typeProperties": {
								"pipeline": {
									"referenceName": "MultiStorageDelete",
									"type": "PipelineReference"
								},
								"waitOnCompletion": true,
								"parameters": {
									"pSourceType": {
										"value": "@variables('vRawStorageAccountType')",
										"type": "Expression"
									},
									"pSourceAssetPath": {
										"value": "@pipeline().parameters.pAssetPath",
										"type": "Expression"
									},
									"pSourceAssetName": {
										"value": "@pipeline().parameters.pAssetName",
										"type": "Expression"
									},
									"pSourceStorageAccountServiceEndPoint": {
										"value": "@json(pipeline().parameters.currentFeedJobTask.FeedTaskJSON).properties.SourceStorageAccountServiceEndPoint",
										"type": "Expression"
									}
								}
							}
						},
						{
							"name": "Set vRawStorageAccountType",
							"type": "SetVariable",
							"dependsOn": [],
							"userProperties": [],
							"typeProperties": {
								"variableName": "vRawStorageAccountType",
								"value": {
									"value": "@json(pipeline().parameters.currentFeedJobTask.FeedTaskJSON).properties.SourceStorageAccountType",
									"type": "Expression"
								}
							}
						},
						{
							"name": "DQAnalysis",
							"type": "ExecutePipeline",
							"dependsOn": [
								{
									"activity": "Multi Delete File from Raw To Cleansed",
									"dependencyConditions": [
										"Succeeded"
									]
								}
							],
							"userProperties": [],
							"typeProperties": {
								"pipeline": {
									"referenceName": "DQ_Analysis",
									"type": "PipelineReference"
								},
								"waitOnCompletion": true,
								"parameters": {
									"pFeedId": {
										"value": "@pipeline().parameters.currentFeedJobTask.FeedID",
										"type": "Expression"
									},
									"pAssetId": {
										"value": "@variables('vAssetId')",
										"type": "Expression"
									},
									"PAssetDestinationPath": {
										"value": "@json(pipeline().parameters.currentFeedJobTask.FeedTaskJSON).properties.FolderPath_DQDestinationStore",
										"type": "Expression"
									},
									"pAssetName": {
										"value": "@pipeline().parameters.pAssetName",
										"type": "Expression"
									}
								}
							}
						}
					]
				}
			},
			{
				"name": "RunStart",
				"description": "Executes RunStart with the appropriate parameters",
				"type": "Lookup",
				"dependsOn": [
					{
						"activity": "vProcessStart",
						"dependencyConditions": [
							"Succeeded"
						]
					}
				],
				"policy": {
					"timeout": "7.00:00:00",
					"retry": 0,
					"retryIntervalInSeconds": 30,
					"secureOutput": false,
					"secureInput": false
				},
				"userProperties": [],
				"typeProperties": {
					"source": {
						"type": "AzureSqlSource",
						"sqlReaderStoredProcedureName": {
							"value": "idfwba.RunStart",
							"type": "Expression"
						},
						"storedProcedureParameters": {
							"pRunId": {
								"type": "String",
								"value": {
									"value": "@pipeline().RunId",
									"type": "Expression"
								}
							},
							"pDTStart": {
								"type": "String",
								"value": {
									"value": "@variables('vProcessStart')",
									"type": "Expression"
								}
							},
							"pFeedID": {
								"type": "String",
								"value": {
									"value": "@pipeline().parameters.currentFeedJobTask.FeedID",
									"type": "Expression"
								}
							},
							"pJobID": {
								"type": "String",
								"value": {
									"value": "@pipeline().parameters.currentFeedJobTask.JobID",
									"type": "Expression"
								}
							},
							"pTaskID": {
								"type": "String",
								"value": {
									"value": "@pipeline().parameters.currentFeedJobTask.TaskID",
									"type": "Expression"
								}
							},
							"pAssetID": {
								"type": "String",
								"value": {
									"value": "@pipeline().parameters.pAssetID",
									"type": "Expression"
								}
							},
							"pParentRunLogID": {
								"type": "String",
								"value": {
									"value": "@variables('vRunLogId')",
									"type": "Expression"
								}
							},
							"pPipelineName": {
								"type": "String",
								"value": {
									"value": "@pipeline().Pipeline",
									"type": "Expression"
								}
							},
							"pRunLogTypeId": {
								"type": "String",
								"value": {
									"value": "Task",
									"type": "Expression"
								}
							},
							"pParentRunID": {
								"type": "String",
								"value": {
									"value": "@pipeline().parameters.primalPipelineRunId",
									"type": "Expression"
								}
							}
						},
						"queryTimeout": "02:00:00",
						"partitionOption": "None"
					},
					"dataset": {
						"referenceName": "azsadna_datasource_generic_mssql",
						"type": "DatasetReference",
						"parameters": {
							"schema": "idfwba",
							"table": "RUNLOG"
						}
					},
					"firstRowOnly": true
				}
			},
			{
				"name": "RunEnd",
				"description": "Executes RunEnd with the appropriate parameters",
				"type": "Lookup",
				"dependsOn": [
					{
						"activity": "RunUpdate",
						"dependencyConditions": [
							"Succeeded"
						]
					}
				],
				"policy": {
					"timeout": "7.00:00:00",
					"retry": 0,
					"retryIntervalInSeconds": 30,
					"secureOutput": false,
					"secureInput": false
				},
				"userProperties": [],
				"typeProperties": {
					"source": {
						"type": "AzureSqlSource",
						"sqlReaderStoredProcedureName": {
							"value": "idfwba.RunEnd",
							"type": "Expression"
						},
						"storedProcedureParameters": {
							"pRunLogId": {
								"type": "String",
								"value": {
									"value": "@variables('vRunLogId')",
									"type": "Expression"
								}
							},
							"pDTEnd": {
								"type": "String",
								"value": {
									"value": "@utcnow('yyyyMMdd HH:mm:ss.fff')",
									"type": "Expression"
								}
							},
							"pRunID": {
								"type": "String",
								"value": {
									"value": "@pipeline().RunId",
									"type": "Expression"
								}
							}
						},
						"queryTimeout": "02:00:00",
						"partitionOption": "None"
					},
					"dataset": {
						"referenceName": "azsadna_datasource_generic_mssql",
						"type": "DatasetReference",
						"parameters": {
							"schema": "idfwba",
							"table": "RUNLOG"
						}
					},
					"firstRowOnly": false
				}
			},
			{
				"name": "RunUpdate",
				"description": "Executes RunUpdate with the appropriate parameters",
				"type": "Lookup",
				"dependsOn": [
					{
						"activity": "If_RefDataExport",
						"dependencyConditions": [
							"Succeeded"
						]
					}
				],
				"policy": {
					"timeout": "7.00:00:00",
					"retry": 0,
					"retryIntervalInSeconds": 30,
					"secureOutput": false,
					"secureInput": false
				},
				"userProperties": [],
				"typeProperties": {
					"source": {
						"type": "AzureSqlSource",
						"sqlReaderStoredProcedureName": {
							"value": "idfwba.RunUpdate",
							"type": "Expression"
						},
						"storedProcedureParameters": {
							"pDataSizeMB": {
								"type": "String",
								"value": {
									"value": "@pipeline().parameters.pSize",
									"type": "Expression"
								}
							},
							"pFeedID": {
								"type": "String",
								"value": null
							},
							"pJobID": {
								"type": "String",
								"value": null
							},
							"pTaskID": {
								"type": "String",
								"value": null
							},
							"pNrRecords": {
								"type": "String",
								"value": {
									"value": "@pipeline().parameters.pNrRecords",
									"type": "Expression"
								}
							},
							"pPipelineName": {
								"type": "String",
								"value": null
							},
							"pRunID": {
								"type": "String",
								"value": {
									"value": "@pipeline().RunId",
									"type": "Expression"
								}
							},
							"pRunLogID": {
								"type": "String",
								"value": null
							},
							"pRunningStatus": {
								"type": "String",
								"value": null
							},
							"pAssetID": {
								"value": {
									"value": "@pipeline().parameters.pAssetId",
									"type": "Expression"
								}
							}
						},
						"queryTimeout": "02:00:00",
						"partitionOption": "None"
					},
					"dataset": {
						"referenceName": "azsadna_datasource_generic_mssql",
						"type": "DatasetReference",
						"parameters": {
							"schema": "idfwba",
							"table": "RUNLOG"
						}
					},
					"firstRowOnly": false
				}
			},
			{
				"name": "If_RefDataExport",
				"type": "IfCondition",
				"dependsOn": [
					{
						"activity": "If_MoveData",
						"dependencyConditions": [
							"Succeeded"
						]
					}
				],
				"userProperties": [],
				"typeProperties": {
					"expression": {
						"value": "@variables('vTriggerRefDataImport')",
						"type": "Expression"
					},
					"ifTrueActivities": [
						{
							"name": "RefDataImport",
							"type": "ExecutePipeline",
							"dependsOn": [],
							"userProperties": [],
							"typeProperties": {
								"pipeline": {
									"referenceName": "RefDataImport",
									"type": "PipelineReference"
								},
								"waitOnCompletion": true,
								"parameters": {
									"pAssetName": "refdata",
									"pAssetPath": "/RPIDNA/DNARDM/default/Default/"
								}
							}
						}
					]
				}
			}
		],
		"parameters": {
			"pAssetName": {
				"type": "string"
			},
			"primalPipelineRunId": {
				"type": "string"
			},
			"parentPipelineRunId": {
				"type": "string"
			},
			"currentFeedJobTask": {
				"type": "object"
			},
			"pMD5": {
				"type": "string"
			},
			"pSize": {
				"type": "string"
			},
			"pNrRecords": {
				"type": "string"
			},
			"pParentAssetId": {
				"type": "string"
			},
			"pAssetId": {
				"type": "string"
			},
			"pAssetPath": {
				"type": "string"
			},
			"pParentRunLogID": {
				"type": "string"
			}
		},
		"variables": {
			"vProcessStart": {
				"type": "String"
			},
			"vRunLogStatus": {
				"type": "String"
			},
			"vRunLogId": {
				"type": "String"
			},
			"vParentRunLogId": {
				"type": "String"
			},
			"vRunLogTypeId": {
				"type": "String"
			},
			"vDestination": {
				"type": "String",
				"defaultValue": "CLEANSED"
			},
			"vAssetId": {
				"type": "String"
			},
			"vRenamedAssetName": {
				"type": "String"
			},
			"vAssetToGet": {
				"type": "String"
			},
			"vRefLOVTargetTable": {
				"type": "String"
			},
			"vRawToCleansedStorageAccountType": {
				"type": "String"
			},
			"vCleansedStorageAccountType": {
				"type": "String"
			},
			"vRawToQuarantineStorageAccountType": {
				"type": "String"
			},
			"vQuarantineStorageAccountType": {
				"type": "String"
			},
			"vRawStorageAccountType": {
				"type": "String"
			},
			"vFeedID": {
				"type": "String"
			},
			"vRefDataExportFeedID": {
				"type": "String"
			},
			"vTriggerRefDataImport": {
				"type": "Boolean"
			},
			"vCurrentFeedJobTaskProperties": {
				"type": "String"
			},
			"vCheckFeedJobTaskforEncrypted": {
				"type": "String"
			},
			"vFileToolPostBody": {
				"type": "String"
			}
		},
		"folder": {
			"name": "TaskTemplates"
		},
		"annotations": [],
		"lastPublishTime": "2021-03-11T17:44:27Z"
	},
	"type": "Microsoft.DataFactory/factories/pipelines"
}