{
	"name": "FileTools_allformat",
	"properties": {
		"activities": [
			{
				"name": "Copy File from Raw Hopper to Raw",
				"type": "Copy",
				"dependsOn": [],
				"policy": {
					"timeout": "7.00:00:00",
					"retry": 0,
					"retryIntervalInSeconds": 30,
					"secureOutput": false,
					"secureInput": false
				},
				"userProperties": [],
				"typeProperties": {
					"source": {
						"type": "BinarySource",
						"storeSettings": {
							"type": "AzureBlobFSReadSettings",
							"recursive": true
						},
						"formatSettings": {
							"type": "BinaryReadSettings"
						}
					},
					"sink": {
						"type": "BinarySink",
						"storeSettings": {
							"type": "AzureBlobFSWriteSettings"
						}
					},
					"enableStaging": false
				},
				"inputs": [
					{
						"referenceName": "azsadna_datasource_generic_adls2",
						"type": "DatasetReference",
						"parameters": {
							"path": {
								"value": "@{json(pipeline().parameters.pCurrentFeedJobTask.FeedTaskJSON).properties.FolderPath_SourceStore}",
								"type": "Expression"
							},
							"filename": "@{pipeline().parameters.pAssetName}",
							"StorageAccountServiceEndPoint": "https://dapdevidfadls01.dfs.core.windows.net/"
						}
					}
				],
				"outputs": [
					{
						"referenceName": "azsadna_datasource_generic_adls2",
						"type": "DatasetReference",
						"parameters": {
							"path": {
								"value": "@{json(pipeline().parameters.pCurrentFeedJobTask.FeedTaskJSON).properties.FolderPath_DestinationStore}",
								"type": "Expression"
							},
							"filename": {
								"value": "@concat(pipeline().parameters.pDataFactoryRunId,'/',pipeline().parameters.pAssetName)",
								"type": "Expression"
							},
							"StorageAccountServiceEndPoint": "https://dapdevidfadls01.dfs.core.windows.net/"
						}
					}
				]
			},
			{
				"name": "Set AssetId in Metadata",
				"type": "AzureFunctionActivity",
				"dependsOn": [
					{
						"activity": "Copy File from Raw Hopper to Raw",
						"dependencyConditions": [
							"Succeeded"
						]
					}
				],
				"policy": {
					"timeout": "7.00:00:00",
					"retry": 0,
					"retryIntervalInSeconds": 30,
					"secureOutput": false,
					"secureInput": false
				},
				"userProperties": [],
				"typeProperties": {
					"functionName": "setmetadata",
					"method": "POST",
					"headers": {
						"Content-Type": "application/json"
					},
					"body": {
						"value": "{     \"sourceAccount\":\"@{json(pipeline().parameters.pCurrentFeedJobTask.FeedTaskJSON).properties.TargetStorageAccountServiceEndPoint}\", \"sourcePath\":\"@{json(pipeline().parameters.pCurrentFeedJobTask.FeedTaskJSON).properties.FolderPath_DestinationStore}\",\n\"file\":\"@{concat(pipeline().parameters.pDataFactoryRunId,'/',pipeline().parameters.pAssetName)}\",\n \"assetId\":\"@{pipeline().parameters.pAssetId}\"\n}",
						"type": "Expression"
					}
				},
				"linkedServiceName": {
					"referenceName": "Kishore_FunctionApp",
					"type": "LinkedServiceReference"
				}
			}
		],
		"parameters": {
			"pAssetName": {
				"type": "string",
				"defaultValue": "test_import.csv"
			},
			"pCurrentFeedJobTask": {
				"type": "object",
				"defaultValue": {
					"FeedID": 153,
					"JobID": 1,
					"TaskID": 3,
					"ExecutionOrder": 2,
					"FeedTaskDescription": "Unpack File",
					"FeedTaskComponent": "Unpack_File",
					"FeedTaskJSON": "{\r\n \"id\": \"https://walgreens-dna.com/schemas/Unpack_File.schema.json\",\r\n \"title\": \"Unpack File to RAW\",\r\n \"type\": \"task\",\r\n \"properties\": {\r\n \"source_environment\": \"rawhopper\",\r\n \"FolderPath_SourceStore\": \"/rawhopper/DNA-TestDataSupplier/DNA-TestSourceSystem/MEXICO_crp_customer/Historical/\",\r\n \"FolderPath_DestinationStore\": \"/raw/DNA-TestDataSupplier/DNA-TestSourceSystem/MEXICO_crp_customer/Historical/\",\r\n \"SourceStorageAccountServiceEndPoint\": \"https://dapdevidfadls01.dfs.core.windows.net/\",\r\n \"TargetStorageAccountServiceEndPoint\": \"https://dapdevidfadls01.dfs.core.windows.net/\",\r\n \"SourceStorageAccountType\": \"DataLake\",\r\n \"TargetStorageAccountType\": \"DataLake\",\r\n \"KeyvaultUrl\": \"https://aznemvpkvtest01.vault.azure.net/\",\r\n \"FeedPrivateKeySecretName\": \"\",\r\n \"FeedPassphraseSecretName\": \"\"\r\n }\r\n}"
				}
			},
			"pAssetPath": {
				"type": "string",
				"defaultValue": "/rawhopper/DNA-TestDataSupplier/DNA-TestSourceSystem/MEXICO_crp_customer/Historical/"
			},
			"pAssetId": {
				"type": "string",
				"defaultValue": "1695"
			},
			"pDataFactoryRunId": {
				"type": "string",
				"defaultValue": "b0002aa07-4c29-4d63-a3ca-273b787ae061"
			},
			"pRunLogTypeId": {
				"type": "string",
				"defaultValue": "Task"
			}
		},
		"variables": {
			"vTaskResultFilePath": {
				"type": "String"
			},
			"vTaskResultFileName": {
				"type": "String"
			},
			"vRunLogId": {
				"type": "String"
			},
			"vFileToolPostBody": {
				"type": "String"
			},
			"vUnpackAndInfoError": {
				"type": "String"
			},
			"vCurrentFeedJobTaskProperties": {
				"type": "String"
			},
			"vCheckFeedJobTaskforEncrypted": {
				"type": "Boolean"
			},
			"vExtension": {
				"type": "String"
			},
			"vErrorMessage": {
				"type": "String"
			},
			"vErrorMessage_SQL_TPT": {
				"type": "String"
			},
			"vSingleQuote": {
				"type": "String",
				"defaultValue": "'"
			},
			"vRawHopperStorageAccountType": {
				"type": "String"
			},
			"vGetTaskResultFileData": {
				"type": "String"
			},
			"vErrorWaitForTaskResultFile": {
				"type": "String"
			},
			"vErrorGetTaskResultFile": {
				"type": "String"
			}
		},
		"folder": {
			"name": "Common/AzureFunctions"
		},
		"annotations": [],
		"lastPublishTime": "2021-03-11T17:44:26Z"
	},
	"type": "Microsoft.DataFactory/factories/pipelines"
}