{
	"name": "FileUnpackToRaw_nomail_nofunc",
	"properties": {
		"description": "Reads file from RAWHOPPER Container, unpacks it an moves it to RAW",
		"activities": [
			{
				"name": "UnpackAndGetData",
				"type": "ExecutePipeline",
				"dependsOn": [
					{
						"activity": "Set vAssetName",
						"dependencyConditions": [
							"Succeeded"
						]
					}
				],
				"userProperties": [],
				"typeProperties": {
					"pipeline": {
						"referenceName": "FileTools_nomail_nofunc",
						"type": "PipelineReference"
					},
					"waitOnCompletion": true,
					"parameters": {
						"pAssetName": {
							"value": "@variables('vAssetName')",
							"type": "Expression"
						},
						"pCurrentFeedJobTask": {
							"value": "@pipeline().parameters.pCurrentFeedJobTask",
							"type": "Expression"
						},
						"pAssetPath": {
							"value": "@json(pipeline().parameters.pCurrentFeedJobTask.FeedTaskJSON).properties.FolderPath_SourceStore",
							"type": "Expression"
						},
						"pAssetId": {
							"value": "@pipeline().parameters.pAssetId",
							"type": "Expression"
						},
						"pDataFactoryRunId": {
							"value": "@pipeline().RunId",
							"type": "Expression"
						},
						"pRunLogTypeId": {
							"value": "@variables('vRunLogTypeId')",
							"type": "Expression"
						}
					}
				}
			},
			{
				"name": "vProcessStart",
				"type": "SetVariable",
				"dependsOn": [],
				"userProperties": [],
				"typeProperties": {
					"variableName": "vProcessStart",
					"value": {
						"value": "@utcnow('yyyyMMdd HH:mm:ss.fff')",
						"type": "Expression"
					}
				}
			},
			{
				"name": "Set vRunLogStatus",
				"type": "SetVariable",
				"dependsOn": [],
				"userProperties": [],
				"typeProperties": {
					"variableName": "vRunLogStatus",
					"value": "Running"
				}
			},
			{
				"name": "Set vRunLogTypeId",
				"type": "SetVariable",
				"dependsOn": [],
				"userProperties": [],
				"typeProperties": {
					"variableName": "vRunLogTypeId",
					"value": "Task"
				}
			},
			{
				"name": "RunEnd",
				"description": "Executes RunEnd with the appropriate parameters",
				"type": "Lookup",
				"dependsOn": [
					{
						"activity": "Write Result Ok",
						"dependencyConditions": [
							"Succeeded"
						]
					}
				],
				"policy": {
					"timeout": "7.00:00:00",
					"retry": 0,
					"retryIntervalInSeconds": 30,
					"secureOutput": false,
					"secureInput": false
				},
				"userProperties": [],
				"typeProperties": {
					"source": {
						"type": "AzureSqlSource",
						"sqlReaderStoredProcedureName": {
							"value": "idfwba.RunEnd",
							"type": "Expression"
						},
						"storedProcedureParameters": {
							"pRunLogId": {
								"type": "String",
								"value": null
							},
							"pDTEnd": {
								"type": "String",
								"value": {
									"value": "@utcnow('yyyyMMdd HH:mm:ss.fff')",
									"type": "Expression"
								}
							},
							"pRunID": {
								"type": "String",
								"value": {
									"value": "@pipeline().RunId",
									"type": "Expression"
								}
							}
						},
						"queryTimeout": "02:00:00",
						"partitionOption": "None"
					},
					"dataset": {
						"referenceName": "azsadna_datasource_generic_mssql",
						"type": "DatasetReference",
						"parameters": {
							"schema": "idfwba",
							"table": "RUNLOG"
						}
					},
					"firstRowOnly": false
				}
			},
			{
				"name": "RunStart",
				"type": "Lookup",
				"dependsOn": [
					{
						"activity": "Set vRunLogTypeId",
						"dependencyConditions": [
							"Succeeded"
						]
					},
					{
						"activity": "Set vRunLogStatus",
						"dependencyConditions": [
							"Succeeded"
						]
					},
					{
						"activity": "vProcessStart",
						"dependencyConditions": [
							"Succeeded"
						]
					}
				],
				"policy": {
					"timeout": "7.00:00:00",
					"retry": 0,
					"retryIntervalInSeconds": 30,
					"secureOutput": false,
					"secureInput": false
				},
				"userProperties": [],
				"typeProperties": {
					"source": {
						"type": "AzureSqlSource",
						"sqlReaderStoredProcedureName": "[idfwba].[RunStart]",
						"storedProcedureParameters": {
							"pAssetID": {
								"type": "String",
								"value": {
									"value": "@pipeline().parameters.pAssetID",
									"type": "Expression"
								}
							},
							"pDTStart": {
								"type": "String",
								"value": {
									"value": "@variables('vProcessStart')",
									"type": "Expression"
								}
							},
							"pFeedID": {
								"type": "String",
								"value": {
									"value": "@pipeline().parameters.pCurrentFeedJobTask.FeedID",
									"type": "Expression"
								}
							},
							"pJobID": {
								"type": "String",
								"value": {
									"value": "@pipeline().parameters.pCurrentFeedJobTask.JobID",
									"type": "Expression"
								}
							},
							"pParentRunID": {
								"type": "String",
								"value": {
									"value": "@pipeline().parameters.primalPipelineRunId",
									"type": "Expression"
								}
							},
							"pParentRunLogID": {
								"type": "String",
								"value": null
							},
							"pPipelineName": {
								"type": "String",
								"value": {
									"value": "@pipeline().Pipeline",
									"type": "Expression"
								}
							},
							"pRunID": {
								"type": "String",
								"value": {
									"value": "@pipeline().RunId",
									"type": "Expression"
								}
							},
							"pRunLogTypeId": {
								"type": "String",
								"value": "Task"
							},
							"pTaskID": {
								"type": "String",
								"value": {
									"value": "@pipeline().parameters.pCurrentFeedJobTask.TaskID",
									"type": "Expression"
								}
							}
						},
						"queryTimeout": "02:00:00",
						"partitionOption": "None"
					},
					"dataset": {
						"referenceName": "azsadna_datasource_generic_mssql",
						"type": "DatasetReference",
						"parameters": {
							"schema": "idfwba",
							"table": "RUNLOG"
						}
					}
				}
			},
			{
				"name": "Write Asset History",
				"type": "SqlServerStoredProcedure",
				"dependsOn": [
					{
						"activity": "AssetStatusChange_Raw",
						"dependencyConditions": [
							"Succeeded"
						]
					}
				],
				"policy": {
					"timeout": "7.00:00:00",
					"retry": 0,
					"retryIntervalInSeconds": 30,
					"secureOutput": false,
					"secureInput": false
				},
				"userProperties": [],
				"typeProperties": {
					"storedProcedureName": "[idfwba].[AddNewAssetHistory]",
					"storedProcedureParameters": {
						"pAssetID": {
							"value": {
								"value": "@pipeline().parameters.pAssetId",
								"type": "Expression"
							},
							"type": "String"
						},
						"pDescription": {
							"value": {
								"value": "@concat('AssetID='\n              , pipeline().parameters.pAssetId\n              , '; AssetName='\n              , variables('vAssetName')\n              , '. Unpacked from  '\n              , json(pipeline().parameters.pCurrentFeedJobTask.FeedTaskJSON).properties.FolderPath_SourceStore\n              , ' to '\n              , json(pipeline().parameters.pCurrentFeedJobTask.FeedTaskJSON).properties.FolderPath_DestinationStore\n               ,pipeline().RunID\n)",
								"type": "Expression"
							},
							"type": "String"
						},
						"pDTCreated": {
							"value": {
								"value": "@utcnow('yyyyMMdd HH:mm:ss.fff')",
								"type": "Expression"
							},
							"type": "String"
						}
					}
				},
				"linkedServiceName": {
					"referenceName": "MVPMetaDataStore",
					"type": "LinkedServiceReference"
				}
			},
			{
				"name": "Write Result Ok",
				"description": "Executes RunResult with the appropriate parameters",
				"type": "Lookup",
				"dependsOn": [
					{
						"activity": "Write Asset History",
						"dependencyConditions": [
							"Succeeded"
						]
					}
				],
				"policy": {
					"timeout": "7.00:00:00",
					"retry": 0,
					"retryIntervalInSeconds": 30,
					"secureOutput": false,
					"secureInput": false
				},
				"userProperties": [],
				"typeProperties": {
					"source": {
						"type": "AzureSqlSource",
						"sqlReaderStoredProcedureName": {
							"value": "idfwba.RunResult",
							"type": "Expression"
						},
						"storedProcedureParameters": {
							"pResultName": {
								"type": "String",
								"value": null
							},
							"pRunLogID": {
								"type": "String",
								"value": null
							},
							"pStatus": {
								"type": "String",
								"value": {
									"value": "Finished",
									"type": "Expression"
								}
							},
							"pRunID": {
								"type": "String",
								"value": {
									"value": "@pipeline().RunId",
									"type": "Expression"
								}
							},
							"pResultValue": {
								"type": "String",
								"value": null
							}
						},
						"queryTimeout": "02:00:00",
						"partitionOption": "None"
					},
					"dataset": {
						"referenceName": "azsadna_datasource_generic_mssql",
						"type": "DatasetReference",
						"parameters": {
							"schema": "idfwba",
							"table": "RUNLOG"
						}
					},
					"firstRowOnly": false
				}
			},
			{
				"name": "AssetAddOrUpdate_Location_Raw",
				"description": "Update Location to Quarantine",
				"type": "Lookup",
				"dependsOn": [
					{
						"activity": "Multi DeleteSourceFile",
						"dependencyConditions": [
							"Succeeded"
						]
					}
				],
				"policy": {
					"timeout": "7.00:00:00",
					"retry": 0,
					"retryIntervalInSeconds": 30,
					"secureOutput": false,
					"secureInput": false
				},
				"userProperties": [],
				"typeProperties": {
					"source": {
						"type": "AzureSqlSource",
						"sqlReaderStoredProcedureName": "[idfwba].[AssetAddOrUpdate]",
						"storedProcedureParameters": {
							"pAssetCurrentLocation": {
								"type": "String",
								"value": {
									"value": "@concat( 'unpacked in ', json(pipeline().parameters.pCurrentFeedJobTask.FeedTaskJSON).properties.FolderPath_DestinationStore,pipeline().RunID)",
									"type": "Expression"
								}
							},
							"pAssetDefinition": {
								"type": "String",
								"value": null
							},
							"pAssetID": {
								"type": "String",
								"value": {
									"value": "@pipeline().parameters.pAssetId",
									"type": "Expression"
								}
							},
							"pAssetMD5": {
								"type": "String",
								"value": null
							},
							"pAssetName": {
								"type": "String",
								"value": null
							},
							"pAssetSubTypeID": {
								"type": "String",
								"value": null
							},
							"pAssetTypeID": {
								"type": "String",
								"value": null
							},
							"pAttributeDescription": {
								"type": "String",
								"value": null
							},
							"pAttributeEntityDescription": {
								"type": "String",
								"value": null
							},
							"pDTCreated": {
								"type": "String",
								"value": null
							},
							"pEntityDescription": {
								"type": "String",
								"value": null
							},
							"pFeedId": {
								"type": "String",
								"value": null
							},
							"pInformationClassificationID": {
								"type": "String",
								"value": null
							},
							"pKeepValueFlag": {
								"type": "String",
								"value": null
							},
							"pNumberOfBytes": {
								"type": "String",
								"value": null
							},
							"pNumberOfRecords": {
								"type": "String",
								"value": null
							},
							"pParentAssetID": {
								"type": "String",
								"value": null
							},
							"pStatusID": {
								"type": "String",
								"value": null
							},
							"pUserCreated": {
								"type": "String",
								"value": null
							}
						},
						"queryTimeout": "02:00:00",
						"partitionOption": "None"
					},
					"dataset": {
						"referenceName": "azsadna_datasource_generic_mssql",
						"type": "DatasetReference",
						"parameters": {
							"schema": "idfwba",
							"table": "FEED"
						}
					}
				}
			},
			{
				"name": "AssetStatusChange_Raw",
				"description": "Update Status to \"Raw\"",
				"type": "Lookup",
				"dependsOn": [
					{
						"activity": "AssetAddOrUpdate_Location_Raw",
						"dependencyConditions": [
							"Succeeded"
						]
					}
				],
				"policy": {
					"timeout": "7.00:00:00",
					"retry": 0,
					"retryIntervalInSeconds": 30,
					"secureOutput": false,
					"secureInput": false
				},
				"userProperties": [],
				"typeProperties": {
					"source": {
						"type": "AzureSqlSource",
						"sqlReaderStoredProcedureName": "[idfwba].[AssetStatusChange]",
						"storedProcedureParameters": {
							"pAssetID": {
								"type": "String",
								"value": {
									"value": "@pipeline().parameters.pAssetId",
									"type": "Expression"
								}
							},
							"pDTCreated": {
								"type": "String",
								"value": null
							},
							"pStatusID": {
								"type": "String",
								"value": "24013"
							},
							"pUserCreated": {
								"type": "String",
								"value": null
							}
						},
						"queryTimeout": "02:00:00",
						"partitionOption": "None"
					},
					"dataset": {
						"referenceName": "azsadna_datasource_generic_mssql",
						"type": "DatasetReference",
						"parameters": {
							"schema": "idfwba",
							"table": "FEED"
						}
					}
				}
			},
			{
				"name": "AssetFetchProperties",
				"type": "Lookup",
				"dependsOn": [
					{
						"activity": "RunStart",
						"dependencyConditions": [
							"Succeeded"
						]
					}
				],
				"policy": {
					"timeout": "7.00:00:00",
					"retry": 0,
					"retryIntervalInSeconds": 30,
					"secureOutput": false,
					"secureInput": false
				},
				"userProperties": [],
				"typeProperties": {
					"source": {
						"type": "AzureSqlSource",
						"sqlReaderStoredProcedureName": "[idfwba].[AssetFetchProperties]",
						"storedProcedureParameters": {
							"pAssetID": {
								"type": "String",
								"value": {
									"value": "@pipeline().parameters.pAssetId",
									"type": "Expression"
								}
							},
							"pAssetName": {
								"type": "String",
								"value": {
									"value": "@pipeline().parameters.pAssetName",
									"type": "Expression"
								}
							},
							"pAssetPath": {
								"type": "String",
								"value": {
									"value": "@pipeline().parameters.pAssetPath",
									"type": "Expression"
								}
							},
							"pOnlyActiveFeedsFlag": {
								"type": "String",
								"value": "1"
							}
						},
						"queryTimeout": "02:00:00",
						"partitionOption": "None"
					},
					"dataset": {
						"referenceName": "azsadna_datasource_generic_mssql",
						"type": "DatasetReference",
						"parameters": {
							"schema": "idfwba",
							"table": "FEED"
						}
					}
				}
			},
			{
				"name": "Set vAssetName",
				"type": "SetVariable",
				"dependsOn": [
					{
						"activity": "AssetFetchProperties",
						"dependencyConditions": [
							"Succeeded"
						]
					}
				],
				"userProperties": [],
				"typeProperties": {
					"variableName": "vAssetName",
					"value": {
						"value": "@activity('AssetFetchProperties').output.firstRow.AssetCurrentName",
						"type": "Expression"
					}
				}
			},
			{
				"name": "RunException Unpacking",
				"type": "ExecutePipeline",
				"dependsOn": [
					{
						"activity": "UnpackAndGetData",
						"dependencyConditions": [
							"Failed"
						]
					}
				],
				"userProperties": [],
				"typeProperties": {
					"pipeline": {
						"referenceName": "RunException",
						"type": "PipelineReference"
					},
					"waitOnCompletion": true,
					"parameters": {
						"pErrorMessage": {
							"value": "@activity('UnpackAndGetData').Error.Message",
							"type": "Expression"
						},
						"pRunID": {
							"value": "@pipeline().RunId",
							"type": "Expression"
						}
					}
				}
			},
			{
				"name": "RunException Deleting",
				"type": "ExecutePipeline",
				"dependsOn": [
					{
						"activity": "Multi DeleteSourceFile",
						"dependencyConditions": [
							"Failed"
						]
					}
				],
				"userProperties": [],
				"typeProperties": {
					"pipeline": {
						"referenceName": "RunException",
						"type": "PipelineReference"
					},
					"waitOnCompletion": true,
					"parameters": {
						"pErrorMessage": {
							"value": "@activity('Multi DeleteSourceFile').Error.Message",
							"type": "Expression"
						},
						"pRunID": {
							"value": "@pipeline().RunId",
							"type": "Expression"
						}
					}
				}
			},
			{
				"name": "Multi DeleteSourceFile",
				"type": "ExecutePipeline",
				"dependsOn": [
					{
						"activity": "UnpackAndGetData",
						"dependencyConditions": [
							"Succeeded"
						]
					},
					{
						"activity": "Set vRawHopperStorageType",
						"dependencyConditions": [
							"Succeeded"
						]
					}
				],
				"userProperties": [],
				"typeProperties": {
					"pipeline": {
						"referenceName": "MultiStorageDelete",
						"type": "PipelineReference"
					},
					"waitOnCompletion": true,
					"parameters": {
						"pSourceType": {
							"value": "@variables('vRawHopperStorageType')",
							"type": "Expression"
						},
						"pSourceAssetPath": {
							"value": "@json(pipeline().parameters.pCurrentFeedJobTask.FeedTaskJSON).properties.FolderPath_SourceStore",
							"type": "Expression"
						},
						"pSourceAssetName": {
							"value": "@variables('vAssetName')",
							"type": "Expression"
						},
						"pSourceStorageAccountServiceEndPoint": {
							"value": "@json(pipeline().parameters.pCurrentFeedJobTask.FeedTaskJSON).properties.TargetStorageAccountServiceEndPoint",
							"type": "Expression"
						}
					}
				}
			},
			{
				"name": "Set vRawHopperStorageType",
				"type": "SetVariable",
				"dependsOn": [],
				"userProperties": [],
				"typeProperties": {
					"variableName": "vRawHopperStorageType",
					"value": {
						"value": "@json(pipeline().parameters.pCurrentFeedJobTask.FeedTaskJSON).properties.TargetStorageAccountType",
						"type": "Expression"
					}
				}
			}
		],
		"parameters": {
			"pAssetName": {
				"type": "string"
			},
			"pAssetPath": {
				"type": "string"
			},
			"pCurrentFeedJobTask": {
				"type": "object"
			},
			"primalPipelineRunId": {
				"type": "string"
			},
			"parentPipelineRunId": {
				"type": "string"
			},
			"pAssetId": {
				"type": "string"
			},
			"pParentRunLogID": {
				"type": "string"
			}
		},
		"variables": {
			"quotechar": {
				"type": "String",
				"defaultValue": "'"
			},
			"vProcessStart": {
				"type": "String"
			},
			"vNrRecords": {
				"type": "String"
			},
			"vRunLogStatus": {
				"type": "String"
			},
			"vRunLogId": {
				"type": "String"
			},
			"vParentRunLogId": {
				"type": "String"
			},
			"vRunLogTypeId": {
				"type": "String"
			},
			"vCurrentFeedJobTask": {
				"type": "String"
			},
			"vCurrentFeedJobTaskDefault": {
				"type": "String"
			},
			"vCurrentFeedJobTaskDefaultOld": {
				"type": "String"
			},
			"vAssetPath": {
				"type": "String"
			},
			"vAssetName": {
				"type": "String"
			},
			"vRawHopperStorageType": {
				"type": "String"
			}
		},
		"folder": {
			"name": "TaskTemplates"
		},
		"annotations": [],
		"lastPublishTime": "2021-03-11T17:44:27Z"
	},
	"type": "Microsoft.DataFactory/factories/pipelines"
}