{
	"name": "FileMoveFromLandingToRaw",
	"properties": {
		"description": "Move given file from given container on given source Blob Storage account to given container on given target ADLS2 storage account.",
		"activities": [
			{
				"name": "Set vExtension",
				"type": "SetVariable",
				"dependsOn": [],
				"userProperties": [],
				"typeProperties": {
					"variableName": "vExtension",
					"value": {
						"value": "@substring(pipeline().parameters.pAssetName,\n           add(lastindexof(pipeline().parameters.pAssetName,'.'),1),\n    sub(length(pipeline().parameters.pAssetName),add(lastindexof(pipeline().parameters.pAssetName,'.'),1))\n)",
						"type": "Expression"
					}
				}
			},
			{
				"name": "If Condition1",
				"type": "IfCondition",
				"dependsOn": [
					{
						"activity": "Set vExtension",
						"dependencyConditions": [
							"Succeeded"
						]
					}
				],
				"userProperties": [],
				"typeProperties": {
					"expression": {
						"value": "@or(equals(variables('vExtension'), 'zip'),or(equals(variables('vExtension'), 'cpio'), or(equals(variables('vExtension'), 'gzip'), or(equals(variables('vExtension'), 'gz'),or(equals(variables('vExtension'), 'bz2'),equals(variables('vExtension'), 'Z'))))))",
						"type": "Expression"
					},
					"ifFalseActivities": [
						{
							"name": "Execute Non Zip Format",
							"type": "ExecutePipeline",
							"dependsOn": [],
							"userProperties": [],
							"typeProperties": {
								"pipeline": {
									"referenceName": "FileMoveFromLandingToRaw_nonzipformat",
									"type": "PipelineReference"
								},
								"waitOnCompletion": true,
								"parameters": {
									"pAssetName": {
										"value": "@pipeline().parameters.pAssetName",
										"type": "Expression"
									},
									"pAssetPath": {
										"value": "@pipeline().parameters.pAssetPath",
										"type": "Expression"
									},
									"primalPipelineRunId": {
										"value": "@pipeline().parameters.primalPipelineRunId",
										"type": "Expression"
									},
									"parentPipelineRunId": {
										"value": "@pipeline().parameters.parentPipelineRunId",
										"type": "Expression"
									},
									"currentFeedJobTask": {
										"value": "@pipeline().parameters.currentFeedJobTask",
										"type": "Expression"
									},
									"pAssetID": {
										"value": "@pipeline().parameters.pAssetID",
										"type": "Expression"
									}
								}
							}
						}
					],
					"ifTrueActivities": [
						{
							"name": "Execute Zip Format Files",
							"type": "ExecutePipeline",
							"dependsOn": [],
							"userProperties": [],
							"typeProperties": {
								"pipeline": {
									"referenceName": "FileMoveFromLandingToRaw_zipformat",
									"type": "PipelineReference"
								},
								"waitOnCompletion": true,
								"parameters": {
									"pAssetName": {
										"value": "@pipeline().parameters.pAssetName",
										"type": "Expression"
									},
									"pAssetPath": {
										"value": "@pipeline().parameters.pAssetPath",
										"type": "Expression"
									},
									"primalPipelineRunId": {
										"value": "@pipeline().parameters.primalPipelineRunId",
										"type": "Expression"
									},
									"parentPipelineRunId": {
										"value": "@pipeline().parameters.parentPipelineRunId",
										"type": "Expression"
									},
									"currentFeedJobTask": {
										"value": "@pipeline().parameters.currentFeedJobTask",
										"type": "Expression"
									},
									"pAssetID": {
										"value": "@pipeline().parameters.pAssetID",
										"type": "Expression"
									}
								}
							}
						}
					]
				}
			}
		],
		"parameters": {
			"pAssetName": {
				"type": "string"
			},
			"pAssetPath": {
				"type": "string"
			},
			"primalPipelineRunId": {
				"type": "string"
			},
			"parentPipelineRunId": {
				"type": "string"
			},
			"currentFeedJobTask": {
				"type": "object"
			},
			"pAssetID": {
				"type": "string"
			},
			"pParentRunLogID": {
				"type": "string"
			}
		},
		"variables": {
			"vProcessStart": {
				"type": "String"
			},
			"vNrRecords": {
				"type": "String"
			},
			"vRunLogStatus": {
				"type": "String"
			},
			"vRunLogId": {
				"type": "String"
			},
			"vParentRunLogId": {
				"type": "String"
			},
			"vRunLogTypeId": {
				"type": "String"
			},
			"vDestination": {
				"type": "String",
				"defaultValue": "RAW"
			},
			"vMD5": {
				"type": "String"
			},
			"vLandingToRawHopperStorageAccountType": {
				"type": "String"
			},
			"vLandingToArchiveStorageAccountType": {
				"type": "String"
			},
			"vRawHopperStorageType": {
				"type": "String"
			},
			"vLandingStorageType": {
				"type": "String"
			},
			"vLandingToQuarantineStorageAccountType": {
				"type": "String"
			},
			"vQuarantineStorageType": {
				"type": "String"
			},
			"vSize": {
				"type": "String"
			},
			"vExtension": {
				"type": "String"
			}
		},
		"folder": {
			"name": "TaskTemplates"
		},
		"annotations": [],
		"lastPublishTime": "2021-03-11T17:44:26Z"
	},
	"type": "Microsoft.DataFactory/factories/pipelines"
}