{
	"name": "ForEachFileInZip",
	"properties": {
		"activities": [
			{
				"name": "For each File",
				"type": "ForEach",
				"dependsOn": [],
				"userProperties": [],
				"typeProperties": {
					"items": {
						"value": "@pipeline().parameters.pAssetName",
						"type": "Expression"
					},
					"isSequential": true,
					"activities": [
						{
							"name": "ESP_Triggers",
							"type": "ExecutePipeline",
							"dependsOn": [
								{
									"activity": "DQAnalysis_Zip",
									"dependencyConditions": [
										"Succeeded"
									]
								}
							],
							"userProperties": [],
							"typeProperties": {
								"pipeline": {
									"referenceName": "ESP_Triggers",
									"type": "PipelineReference"
								},
								"waitOnCompletion": true,
								"parameters": {
									"pAssetName": {
										"value": "@pipeline().parameters.pAssetName",
										"type": "Expression"
									},
									"primalPipelineRunId": {
										"value": "@pipeline().parameters.primalPipelineRunId",
										"type": "Expression"
									},
									"parentPipelineRunId": {
										"value": "@pipeline().parameters.parentPipelineRunId",
										"type": "Expression"
									},
									"currentFeedJobTask": {
										"value": "@pipeline().parameters.currentFeedJobTask",
										"type": "Expression"
									},
									"pMD5": {
										"value": "@pipeline().parameters.pMD5",
										"type": "Expression"
									},
									"pSize": {
										"value": "@pipeline().parameters.pSize",
										"type": "Expression"
									},
									"pNrRecords": {
										"value": "@pipeline().parameters.pNrRecords",
										"type": "Expression"
									},
									"pParentAssetId": {
										"value": "@pipeline().parameters.pParentAssetId",
										"type": "Expression"
									},
									"pAssetId": {
										"value": "@pipeline().parameters.pAssetId",
										"type": "Expression"
									},
									"pAssetPath": {
										"value": "@pipeline().parameters.pAssetPath",
										"type": "Expression"
									}
								}
							}
						},
						{
							"name": "DQAnalysis_Zip",
							"type": "ExecutePipeline",
							"dependsOn": [],
							"userProperties": [],
							"typeProperties": {
								"pipeline": {
									"referenceName": "DQ_Analysis_Zip",
									"type": "PipelineReference"
								},
								"waitOnCompletion": true,
								"parameters": {
									"pFeedId": {
										"value": "@pipeline().parameters.currentFeedJobTask.FeedID",
										"type": "Expression"
									},
									"pAssetId": {
										"value": "@variables('vAssetId')",
										"type": "Expression"
									},
									"PAssetDestinationPath": {
										"value": "@json(pipeline().parameters.currentFeedJobTask.FeedTaskJSON).properties.FolderPath_DQDestinationStore",
										"type": "Expression"
									},
									"pAssetName": {
										"value": "@pipeline().parameters.pAssetName",
										"type": "Expression"
									},
									"pDQ": {
										"value": "@pipeline().parameters.DQFlag",
										"type": "Expression"
									}
								}
							}
						}
					]
				}
			}
		],
		"parameters": {
			"pAssetName": {
				"type": "array"
			},
			"primalPipelineRunId": {
				"type": "string"
			},
			"parentPipelineRunId": {
				"type": "string"
			},
			"currentFeedJobTask": {
				"type": "object"
			},
			"pMD5": {
				"type": "string"
			},
			"pSize": {
				"type": "string"
			},
			"pNrRecords": {
				"type": "string"
			},
			"pParentAssetId": {
				"type": "string"
			},
			"pAssetId": {
				"type": "string"
			},
			"pAssetPath": {
				"type": "string"
			},
			"pAssetDefinition": {
				"type": "string"
			},
			"DQFlag": {
				"type": "string"
			}
		},
		"variables": {
			"vProcessStart": {
				"type": "String"
			},
			"vRunLogStatus": {
				"type": "String"
			},
			"vRunLogId": {
				"type": "String"
			},
			"vParentRunLogId": {
				"type": "String"
			},
			"vRunLogTypeId": {
				"type": "String"
			},
			"vDestination": {
				"type": "String"
			},
			"vAssetId": {
				"type": "String"
			},
			"vRenamedAssetName": {
				"type": "String"
			},
			"vAssetToGet": {
				"type": "String"
			},
			"vRefLOVTargetTable": {
				"type": "String"
			},
			"vRawToCleansedStorageAccountType": {
				"type": "String"
			},
			"vCleansedStorageAccountType": {
				"type": "String"
			},
			"vRawToQuarantineStorageAccountType": {
				"type": "String"
			},
			"vQuarantineStorageAccountType": {
				"type": "String"
			},
			"vRawStorageAccountType": {
				"type": "String"
			},
			"vFeedID": {
				"type": "String"
			},
			"vRefDataExportFeedID": {
				"type": "String"
			},
			"vTriggerRefDataImport": {
				"type": "String"
			},
			"vCurrentFeedJobTaskProperties": {
				"type": "String"
			},
			"vCheckFeedJobTaskforEncrypted": {
				"type": "Boolean"
			},
			"vFileToolPostBody": {
				"type": "String"
			},
			"vExtension": {
				"type": "String"
			},
			"vUnpackAndInfoError": {
				"type": "String"
			},
			"vErrorMessage_SQL_TPT": {
				"type": "String"
			},
			"vESPTriggers_status": {
				"type": "String"
			},
			"vChildItem": {
				"type": "Array"
			},
			"vAssetDefinition": {
				"type": "String"
			},
			"vItemName": {
				"type": "String"
			},
			"vChangeType": {
				"type": "Array"
			}
		},
		"folder": {
			"name": "TaskTemplates"
		},
		"annotations": []
	}
}