{
	"name": "MailNotifyQuarantine",
	"properties": {
		"activities": [
			{
				"name": "MailSend_SendGrid",
				"type": "WebActivity",
				"dependsOn": [
					{
						"activity": "MailSend_Stored_Procedure",
						"dependencyConditions": [
							"Succeeded"
						]
					}
				],
				"policy": {
					"timeout": "7.00:00:00",
					"retry": 0,
					"retryIntervalInSeconds": 30,
					"secureOutput": false,
					"secureInput": false
				},
				"userProperties": [],
				"typeProperties": {
					"url": {
						"value": "@activity('Get Callback Url Secret from Keyvault').output.value",
						"type": "Expression"
					},
					"connectVia": {
						"referenceName": "GS-DNA-SHIR-01",
						"type": "IntegrationRuntimeReference"
					},
					"method": "POST",
					"headers": {
						"Content-Type": "application/json"
					},
					"body": {
						"value": "@activity('MailSend_Stored_Procedure').output.firstRow.ProcedureJSON",
						"type": "Expression"
					}
				}
			},
			{
				"name": "MailSend_Stored_Procedure",
				"type": "Lookup",
				"dependsOn": [
					{
						"activity": "Get Callback Url Secret from Keyvault",
						"dependencyConditions": [
							"Succeeded"
						]
					},
					{
						"activity": "Get Email Sender From KeyVault",
						"dependencyConditions": [
							"Succeeded"
						]
					},
					{
						"activity": "Get Email Receiver List From KeyVault",
						"dependencyConditions": [
							"Succeeded"
						]
					}
				],
				"policy": {
					"timeout": "7.00:00:00",
					"retry": 0,
					"retryIntervalInSeconds": 30,
					"secureOutput": false,
					"secureInput": false
				},
				"userProperties": [],
				"typeProperties": {
					"source": {
						"type": "AzureSqlSource",
						"sqlReaderStoredProcedureName": "[idfwba].[MailSend]",
						"storedProcedureParameters": {
							"pMailJSON": {
								"type": "String",
								"value": {
									"value": "{\"MailBody\":\"@{pipeline().parameters.pMessageBody}\",\"MailSubject\":\"@{pipeline().parameters.pMailSubject}\",\"AssetID\":\"@{pipeline().parameters.pAssetID}\",\"AssetName\":\"@{pipeline().parameters.pAssetName}\",\"AssetLocation\":\"@{pipeline().parameters.pAssetLocation}\"}",
									"type": "Expression"
								}
							},
							"pMailType": {
								"type": "String",
								"value": "Warning"
							},
							"pReceiverList": {
								"type": "String",
								"value": {
									"value": "@activity('Get Email Receiver List From KeyVault').output.value",
									"type": "Expression"
								}
							},
							"pSender": {
								"type": "String",
								"value": {
									"value": "@activity('Get Email Sender From KeyVault').output.value",
									"type": "Expression"
								}
							},
							"pStorageAccountEndPoint": {
								"type": "String",
								"value": null
							}
						},
						"queryTimeout": "02:00:00",
						"partitionOption": "None"
					},
					"dataset": {
						"referenceName": "azsadna_datasource_generic_mssql",
						"type": "DatasetReference",
						"parameters": {
							"schema": "idfwba",
							"table": "MailSend"
						}
					}
				}
			},
			{
				"name": "Get Callback Url Secret from Keyvault",
				"type": "WebActivity",
				"dependsOn": [
					{
						"activity": "Get KeyVaultUrl",
						"dependencyConditions": [
							"Succeeded"
						]
					}
				],
				"policy": {
					"timeout": "7.00:00:00",
					"retry": 0,
					"retryIntervalInSeconds": 30,
					"secureOutput": false,
					"secureInput": false
				},
				"userProperties": [],
				"typeProperties": {
					"url": {
						"value": "@concat(\n   activity('Get KeyVaultUrl').output.firstRow.value\n   ,'secrets/'\n   ,variables('vCallBackUrlSecretName')\n   ,'/?api-version=7.1'\n)",
						"type": "Expression"
					},
					"connectVia": {
						"referenceName": "GS-DNA-SHIR-01",
						"type": "IntegrationRuntimeReference"
					},
					"method": "GET",
					"authentication": {
						"type": "MSI",
						"resource": "https://vault.azure.net"
					}
				}
			},
			{
				"name": "Get KeyVaultUrl",
				"type": "Lookup",
				"dependsOn": [],
				"policy": {
					"timeout": "7.00:00:00",
					"retry": 0,
					"retryIntervalInSeconds": 30,
					"secureOutput": false,
					"secureInput": false
				},
				"userProperties": [],
				"typeProperties": {
					"source": {
						"type": "AzureSqlSource",
						"sqlReaderStoredProcedureName": "[idfwba].[RefLOVNameGet]",
						"storedProcedureParameters": {
							"pRefLovKey": {
								"type": "String",
								"value": "KEYVAULT_URL"
							},
							"pRefLovSetName": {
								"type": "String",
								"value": "System Configuration"
							}
						},
						"queryTimeout": "02:00:00",
						"partitionOption": "None"
					},
					"dataset": {
						"referenceName": "azsadna_datasource_generic_mssql",
						"type": "DatasetReference",
						"parameters": {
							"schema": "idfwba",
							"table": "DUMMY_FEED"
						}
					}
				}
			},
			{
				"name": "Get Email Sender From KeyVault",
				"type": "WebActivity",
				"dependsOn": [
					{
						"activity": "Get KeyVaultUrl",
						"dependencyConditions": [
							"Succeeded"
						]
					}
				],
				"policy": {
					"timeout": "7.00:00:00",
					"retry": 0,
					"retryIntervalInSeconds": 30,
					"secureOutput": false,
					"secureInput": false
				},
				"userProperties": [],
				"typeProperties": {
					"url": {
						"value": "@concat(\n   activity('Get KeyVaultUrl').output.firstRow.value\n   ,'secrets/'\n   ,variables('vSenderEmailSecretName')\n   ,'/?api-version=7.1'\n)",
						"type": "Expression"
					},
					"connectVia": {
						"referenceName": "GS-DNA-SHIR-01",
						"type": "IntegrationRuntimeReference"
					},
					"method": "GET",
					"authentication": {
						"type": "MSI",
						"resource": "https://vault.azure.net"
					}
				}
			},
			{
				"name": "Get Email Receiver List From KeyVault",
				"type": "WebActivity",
				"dependsOn": [
					{
						"activity": "Get KeyVaultUrl",
						"dependencyConditions": [
							"Succeeded"
						]
					}
				],
				"policy": {
					"timeout": "7.00:00:00",
					"retry": 0,
					"retryIntervalInSeconds": 30,
					"secureOutput": false,
					"secureInput": false
				},
				"userProperties": [],
				"typeProperties": {
					"url": {
						"value": "@concat(\n   activity('Get KeyVaultUrl').output.firstRow.value\n   ,'secrets/'\n   ,variables('vReiverListEmailSecretName')\n   ,'/?api-version=7.1'\n)",
						"type": "Expression"
					},
					"connectVia": {
						"referenceName": "GS-DNA-SHIR-01",
						"type": "IntegrationRuntimeReference"
					},
					"method": "GET",
					"authentication": {
						"type": "MSI",
						"resource": "https://vault.azure.net"
					}
				}
			}
		],
		"parameters": {
			"pMessageBody": {
				"type": "string",
				"defaultValue": "An invalid file has been ingested in the platform"
			},
			"pMailSubject": {
				"type": "string",
				"defaultValue": "Ingestion Notification"
			},
			"pAssetID": {
				"type": "string",
				"defaultValue": "527"
			},
			"pAssetName": {
				"type": "string",
				"defaultValue": "refdata.json"
			},
			"pAssetLocation": {
				"type": "string",
				"defaultValue": "/quarantine/DNARDM/"
			}
		},
		"variables": {
			"vCallBackUrlSecretName": {
				"type": "String",
				"defaultValue": "la-gdh-notification-logicapp-callback-url"
			},
			"vSenderEmailSecretName": {
				"type": "String",
				"defaultValue": "la-gdh-notification-logicapp-sendgrid-sender-email"
			},
			"vReiverListEmailSecretName": {
				"type": "String",
				"defaultValue": "la-gdh-notification-logicapp-sendgrid-receiver-list-email"
			}
		},
		"folder": {
			"name": "Common/AuditNLog"
		},
		"annotations": [],
		"lastPublishTime": "2021-03-11T17:44:23Z"
	},
	"type": "Microsoft.DataFactory/factories/pipelines"
}