{
	"name": "MoveFromRawtoCleansed_Condition",
	"properties": {
		"activities": [
			{
				"name": "Set vExtension_copy1",
				"type": "SetVariable",
				"dependsOn": [],
				"userProperties": [],
				"typeProperties": {
					"variableName": "vExtension",
					"value": {
						"value": "@substring(pipeline().parameters.pAssetName,\n           add(lastindexof(pipeline().parameters.pAssetName,'.'),1),\n    sub(length(pipeline().parameters.pAssetName),add(lastindexof(pipeline().parameters.pAssetName,'.'),1))\n)",
						"type": "Expression"
					}
				}
			},
			{
				"name": "If Zip File",
				"type": "IfCondition",
				"dependsOn": [
					{
						"activity": "Set vExtension_copy1",
						"dependencyConditions": [
							"Succeeded"
						]
					}
				],
				"userProperties": [],
				"typeProperties": {
					"expression": {
						"value": "@or(equals(variables('vExtension'), 'zip'),or(equals(variables('vExtension'), 'cpio'), or(equals(variables('vExtension'), 'gzip'), or(equals(variables('vExtension'), 'gz'),or(equals(variables('vExtension'), 'bz2'),equals(variables('vExtension'), 'Z'))))))",
						"type": "Expression"
					},
					"ifFalseActivities": [
						{
							"name": "Execute Non Zip Format",
							"type": "ExecutePipeline",
							"dependsOn": [],
							"userProperties": [],
							"typeProperties": {
								"pipeline": {
									"referenceName": "FileMoveFromRawToCleansed_nonzipformat",
									"type": "PipelineReference"
								},
								"waitOnCompletion": true,
								"parameters": {
									"pAssetName": {
										"value": "@pipeline().parameters.pAssetName",
										"type": "Expression"
									},
									"primalPipelineRunId": {
										"value": "@pipeline().parameters.primalPipelineRunId",
										"type": "Expression"
									},
									"parentPipelineRunId": {
										"value": "@pipeline().parameters.parentPipelineRunId",
										"type": "Expression"
									},
									"currentFeedJobTask": {
										"value": "@pipeline().parameters.currentFeedJobTask",
										"type": "Expression"
									},
									"pAssetId": {
										"value": "@pipeline().parameters.pAssetId",
										"type": "Expression"
									},
									"pAssetPath": {
										"value": "@pipeline().parameters.pAssetPath",
										"type": "Expression"
									}
								}
							}
						}
					],
					"ifTrueActivities": [
						{
							"name": "Execute Zip Format Files",
							"type": "ExecutePipeline",
							"dependsOn": [],
							"userProperties": [],
							"typeProperties": {
								"pipeline": {
									"referenceName": "FileMoveFromRawToCleansed_zipformat",
									"type": "PipelineReference"
								},
								"waitOnCompletion": true,
								"parameters": {
									"pAssetName": {
										"value": "@pipeline().parameters.pAssetName",
										"type": "Expression"
									},
									"primalPipelineRunId": {
										"value": "@pipeline().parameters.primalPipelineRunId",
										"type": "Expression"
									},
									"parentPipelineRunId": {
										"value": "@pipeline().parameters.parentPipelineRunId",
										"type": "Expression"
									},
									"currentFeedJobTask": {
										"value": "@pipeline().parameters.currentFeedJobTask",
										"type": "Expression"
									},
									"pMD5": {
										"value": "@pipeline().parameters.pMD5",
										"type": "Expression"
									},
									"pSize": {
										"value": "@pipeline().parameters.pSize",
										"type": "Expression"
									},
									"pNrRecords": {
										"value": "@pipeline().parameters.pNrRecords",
										"type": "Expression"
									},
									"pParentAssetId": {
										"value": "@pipeline().parameters.pParentAssetId",
										"type": "Expression"
									},
									"pAssetId": {
										"value": "@pipeline().parameters.pAssetId",
										"type": "Expression"
									},
									"pAssetPath": {
										"value": "@pipeline().parameters.pAssetPath",
										"type": "Expression"
									}
								}
							}
						}
					]
				}
			}
		],
		"parameters": {
			"pFeedId": {
				"type": "string"
			},
			"pAssetName": {
				"type": "string"
			},
			"pAssetPath": {
				"type": "string"
			},
			"primalPipelineRunId": {
				"type": "string"
			},
			"parentPipelineRunId": {
				"type": "string"
			},
			"pAssetId": {
				"type": "string"
			},
			"pParentAssetId": {
				"type": "string"
			},
			"pMD5": {
				"type": "string"
			},
			"pNrRecords": {
				"type": "string"
			},
			"pSize": {
				"type": "string"
			},
			"currentFeedJobTask": {
				"type": "string"
			}
		},
		"variables": {
			"vProcessStart": {
				"type": "String"
			},
			"vExtension": {
				"type": "String"
			}
		},
		"folder": {
			"name": "Process/Ingestion/Z_Ingestion"
		},
		"annotations": [],
		"lastPublishTime": "2021-03-11T17:44:29Z"
	},
	"type": "Microsoft.DataFactory/factories/pipelines"
}