{
	"name": "MultiStorageDatabaseImport",
	"properties": {
		"activities": [
			{
				"name": "Select the right Import Activity",
				"type": "Switch",
				"dependsOn": [],
				"userProperties": [],
				"typeProperties": {
					"on": {
						"value": "@pipeline().parameters.pSourceType",
						"type": "Expression"
					},
					"cases": [
						{
							"value": "Blob",
							"activities": [
								{
									"name": "Load Blob File to TempTable in Metadata DB",
									"type": "Copy",
									"dependsOn": [],
									"policy": {
										"timeout": "7.00:00:00",
										"retry": 0,
										"retryIntervalInSeconds": 30,
										"secureOutput": false,
										"secureInput": false
									},
									"userProperties": [],
									"typeProperties": {
										"source": {
											"type": "DelimitedTextSource",
											"storeSettings": {
												"type": "AzureBlobStorageReadSettings",
												"recursive": true,
												"enablePartitionDiscovery": false
											},
											"formatSettings": {
												"type": "DelimitedTextReadSettings",
												"skipLineCount": {
													"value": "@pipeline().parameters.pSourceNumRowsHeader",
													"type": "Expression"
												}
											}
										},
										"sink": {
											"type": "AzureSqlSink",
											"preCopyScript": {
												"value": "IF EXISTS \n(SELECT 1 \nFROM INFORMATION_SCHEMA.TABLES \nWHERE TABLE_SCHEMA='@{pipeline().parameters.pDestinationTableSchema}'\n             AND TABLE_NAME = '@{pipeline().parameters.pDestinationTableName}'\n)\nBEGIN\n TRUNCATE TABLE @{pipeline().parameters.pDestinationTableSchema}.@{pipeline().parameters.pDestinationTableName};\nEND",
												"type": "Expression"
											},
											"disableMetricsCollection": false
										},
										"enableStaging": false,
										"translator": {
											"value": "@pipeline().parameters.pMappingJSON",
											"type": "Expression"
										}
									},
									"inputs": [
										{
											"referenceName": "azsadna_datasource_generic_blob_csv_cfg",
											"type": "DatasetReference",
											"parameters": {
												"StorageAccountServiceEndPoint": {
													"value": "@pipeline().parameters.pSourceStorageAccountServiceEndpoint",
													"type": "Expression"
												},
												"path": {
													"value": "@pipeline().parameters.pSourceAssetPath",
													"type": "Expression"
												},
												"filename": {
													"value": "@pipeline().parameters.pSourceAssetName",
													"type": "Expression"
												},
												"separator": {
													"value": "@pipeline().parameters.pSourceFieldDelimiter",
													"type": "Expression"
												},
												"hasHeader": false,
												"FieldWrapper": {
													"value": "@pipeline().parameters.pSourceFieldWrapper",
													"type": "Expression"
												},
												"EscapeChar": {
													"value": "@pipeline().parameters.pSourceEscapeChar",
													"type": "Expression"
												}
											}
										}
									],
									"outputs": [
										{
											"referenceName": "azsadna_datasource_generic_mssql",
											"type": "DatasetReference",
											"parameters": {
												"schema": {
													"value": "@pipeline().parameters.pDestinationTableSchema",
													"type": "Expression"
												},
												"table": {
													"value": "@pipeline().parameters.pDestinationTableName",
													"type": "Expression"
												}
											}
										}
									]
								}
							]
						},
						{
							"value": "DataLake",
							"activities": [
								{
									"name": "Load DataLake File to TempTable in Metadata DB_copy1",
									"type": "Copy",
									"dependsOn": [],
									"policy": {
										"timeout": "7.00:00:00",
										"retry": 0,
										"retryIntervalInSeconds": 30,
										"secureOutput": false,
										"secureInput": false
									},
									"userProperties": [],
									"typeProperties": {
										"source": {
											"type": "DelimitedTextSource",
											"storeSettings": {
												"type": "AzureBlobFSReadSettings",
												"recursive": true,
												"enablePartitionDiscovery": false
											},
											"formatSettings": {
												"type": "DelimitedTextReadSettings",
												"skipLineCount": {
													"value": "@pipeline().parameters.pSourceNumRowsHeader",
													"type": "Expression"
												}
											}
										},
										"sink": {
											"type": "AzureSqlSink",
											"preCopyScript": {
												"value": "IF EXISTS \n(SELECT 1 \nFROM INFORMATION_SCHEMA.TABLES \nWHERE TABLE_SCHEMA='@{pipeline().parameters.pDestinationTableSchema}'\n             AND TABLE_NAME = '@{pipeline().parameters.pDestinationTableName}'\n)\nBEGIN\n TRUNCATE TABLE @{pipeline().parameters.pDestinationTableSchema}.@{pipeline().parameters.pDestinationTableName};\nEND",
												"type": "Expression"
											},
											"disableMetricsCollection": false
										},
										"enableStaging": false,
										"translator": {
											"value": "@pipeline().parameters.pMappingJSON",
											"type": "Expression"
										}
									},
									"inputs": [
										{
											"referenceName": "azsadna_datasource_generic_adls2_csv_cfg",
											"type": "DatasetReference",
											"parameters": {
												"StorageAccountServiceEndPoint": {
													"value": "@pipeline().parameters.pSourceStorageAccountServiceEndpoint",
													"type": "Expression"
												},
												"path": {
													"value": "@pipeline().parameters.pSourceAssetPath",
													"type": "Expression"
												},
												"filename": {
													"value": "@pipeline().parameters.pSourceAssetName",
													"type": "Expression"
												},
												"separator": {
													"value": "@pipeline().parameters.pSourceFieldDelimiter",
													"type": "Expression"
												},
												"hasHeader": false,
												"FieldWrapper": {
													"value": "@pipeline().parameters.pSourceFieldWrapper",
													"type": "Expression"
												},
												"EscapeChar": {
													"value": "@pipeline().parameters.pSourceEscapeChar",
													"type": "Expression"
												}
											}
										}
									],
									"outputs": [
										{
											"referenceName": "azsadna_datasource_generic_mssql",
											"type": "DatasetReference",
											"parameters": {
												"schema": {
													"value": "@pipeline().parameters.pDestinationTableSchema",
													"type": "Expression"
												},
												"table": {
													"value": "@pipeline().parameters.pDestinationTableName",
													"type": "Expression"
												}
											}
										}
									]
								}
							]
						}
					]
				}
			}
		],
		"parameters": {
			"pSourceStorageAccountServiceEndpoint": {
				"type": "string"
			},
			"pSourceAssetPath": {
				"type": "string"
			},
			"pSourceAssetName": {
				"type": "string"
			},
			"pSourceFieldDelimiter": {
				"type": "string"
			},
			"pSourceFieldWrapper": {
				"type": "string"
			},
			"pSourceEscapeChar": {
				"type": "string"
			},
			"pDestinationTableSchema": {
				"type": "string"
			},
			"pDestinationTableName": {
				"type": "string"
			},
			"pSourceNumRowsHeader": {
				"type": "int"
			},
			"pSourceType": {
				"type": "string"
			},
			"pMappingJSON": {
				"type": "object"
			}
		},
		"folder": {
			"name": "Common/MultiStorageUtils"
		},
		"annotations": [],
		"lastPublishTime": "2021-03-11T17:44:25Z"
	},
	"type": "Microsoft.DataFactory/factories/pipelines"
}