{
	"name": "MultiStorageCompress",
	"properties": {
		"activities": [
			{
				"name": "Select the right Compress Activity",
				"type": "Switch",
				"dependsOn": [],
				"userProperties": [],
				"typeProperties": {
					"on": {
						"value": "@pipeline().parameters.pSourceDestinationType",
						"type": "Expression"
					},
					"cases": [
						{
							"value": "BlobToDataLake",
							"activities": [
								{
									"name": "Compress from Blob to ADLS2",
									"description": "Copy a file from the source store to the destination store but compressed.",
									"type": "Copy",
									"dependsOn": [],
									"policy": {
										"timeout": "7.00:00:00",
										"retry": 0,
										"retryIntervalInSeconds": 30,
										"secureOutput": false,
										"secureInput": false
									},
									"userProperties": [],
									"typeProperties": {
										"source": {
											"type": "BinarySource",
											"storeSettings": {
												"type": "AzureBlobStorageReadSettings",
												"recursive": false
											},
											"formatSettings": {
												"type": "BinaryReadSettings"
											}
										},
										"sink": {
											"type": "BinarySink",
											"storeSettings": {
												"type": "AzureBlobFSWriteSettings"
											}
										},
										"enableStaging": false
									},
									"inputs": [
										{
											"referenceName": "azsadna_datasource_generic_blob",
											"type": "DatasetReference",
											"parameters": {
												"path": {
													"value": "@pipeline().parameters.pSourceAssetPath",
													"type": "Expression"
												},
												"filename": {
													"value": "@pipeline().parameters.pSourceAssetName",
													"type": "Expression"
												},
												"StorageAccountServiceEndPoint": {
													"value": "@pipeline().parameters.pSourceStorageAccountServiceEndPoint",
													"type": "Expression"
												}
											}
										}
									],
									"outputs": [
										{
											"referenceName": "azsadna_datasource_generic_adls2_compress",
											"type": "DatasetReference",
											"parameters": {
												"path": {
													"value": "@pipeline().parameters.pDestinationAssetPath",
													"type": "Expression"
												},
												"filename": {
													"value": "@pipeline().parameters.pDestinationAssetName",
													"type": "Expression"
												},
												"StorageAccountServiceEndPoint": {
													"value": "@pipeline().parameters.pDestinationStorageAccountServiceEndPoint",
													"type": "Expression"
												},
												"compressiontype": {
													"value": "@pipeline().parameters.pCompressionType",
													"type": "Expression"
												},
												"compressionlevel": {
													"value": "@pipeline().parameters.pCompressionLevel",
													"type": "Expression"
												}
											}
										}
									]
								}
							]
						},
						{
							"value": "BlobToBlob",
							"activities": [
								{
									"name": "Compressed from Blob to Blob",
									"description": "Copy a file from the source store to the destination store but Compressed.",
									"type": "Copy",
									"dependsOn": [],
									"policy": {
										"timeout": "7.00:00:00",
										"retry": 0,
										"retryIntervalInSeconds": 30,
										"secureOutput": false,
										"secureInput": false
									},
									"userProperties": [],
									"typeProperties": {
										"source": {
											"type": "BinarySource",
											"storeSettings": {
												"type": "AzureBlobStorageReadSettings",
												"recursive": false
											},
											"formatSettings": {
												"type": "BinaryReadSettings"
											}
										},
										"sink": {
											"type": "BinarySink",
											"storeSettings": {
												"type": "AzureBlobStorageWriteSettings"
											}
										},
										"enableStaging": false
									},
									"inputs": [
										{
											"referenceName": "azsadna_datasource_generic_blob",
											"type": "DatasetReference",
											"parameters": {
												"path": {
													"value": "@pipeline().parameters.pSourceAssetPath",
													"type": "Expression"
												},
												"filename": {
													"value": "@pipeline().parameters.pSourceAssetName",
													"type": "Expression"
												},
												"StorageAccountServiceEndPoint": {
													"value": "@pipeline().parameters.pSourceStorageAccountServiceEndPoint",
													"type": "Expression"
												}
											}
										}
									],
									"outputs": [
										{
											"referenceName": "azsadna_datasource_generic_blob_compress",
											"type": "DatasetReference",
											"parameters": {
												"path": {
													"value": "@pipeline().parameters.pDestinationAssetPath",
													"type": "Expression"
												},
												"filename": {
													"value": "@pipeline().parameters.pSourceAssetName",
													"type": "Expression"
												},
												"StorageAccountServiceEndPoint": {
													"value": "@pipeline().parameters.pDestinationStorageAccountServiceEndPoint",
													"type": "Expression"
												},
												"compressiontype": {
													"value": "@pipeline().parameters.pCompressionType",
													"type": "Expression"
												},
												"compressionlevel": {
													"value": "@pipeline().parameters.pCompressionLevel",
													"type": "Expression"
												}
											}
										}
									]
								}
							]
						},
						{
							"value": "DataLakeToBlob",
							"activities": [
								{
									"name": "Compress from DataLake to Blob",
									"description": "Copy a file from the source store to the destination store but compressed.",
									"type": "Copy",
									"dependsOn": [],
									"policy": {
										"timeout": "7.00:00:00",
										"retry": 0,
										"retryIntervalInSeconds": 30,
										"secureOutput": false,
										"secureInput": false
									},
									"userProperties": [],
									"typeProperties": {
										"source": {
											"type": "BinarySource",
											"storeSettings": {
												"type": "AzureBlobFSReadSettings",
												"recursive": false
											},
											"formatSettings": {
												"type": "BinaryReadSettings"
											}
										},
										"sink": {
											"type": "BinarySink",
											"storeSettings": {
												"type": "AzureBlobStorageWriteSettings"
											}
										},
										"enableStaging": false
									},
									"inputs": [
										{
											"referenceName": "azsadna_datasource_generic_adls2",
											"type": "DatasetReference",
											"parameters": {
												"path": {
													"value": "@pipeline().parameters.pSourceAssetPath",
													"type": "Expression"
												},
												"filename": {
													"value": "@pipeline().parameters.pSourceAssetName",
													"type": "Expression"
												},
												"StorageAccountServiceEndPoint": {
													"value": "@pipeline().parameters.pSourceStorageAccountServiceEndPoint",
													"type": "Expression"
												}
											}
										}
									],
									"outputs": [
										{
											"referenceName": "azsadna_datasource_generic_blob_compress",
											"type": "DatasetReference",
											"parameters": {
												"path": {
													"value": "@pipeline().parameters.pDestinationAssetPath",
													"type": "Expression"
												},
												"filename": {
													"value": "@pipeline().parameters.pDestinationAssetName",
													"type": "Expression"
												},
												"StorageAccountServiceEndPoint": {
													"value": "@pipeline().parameters.pDestinationStorageAccountServiceEndPoint",
													"type": "Expression"
												},
												"compressiontype": {
													"value": "@pipeline().parameters.pCompressionType",
													"type": "Expression"
												},
												"compressionlevel": {
													"value": "@pipeline().parameters.pCompressionLevel",
													"type": "Expression"
												}
											}
										}
									]
								}
							]
						},
						{
							"value": "DataLakeToDataLake",
							"activities": [
								{
									"name": "Compress from DataLake to DataLake",
									"description": "Copy a file from the source store to the destination store but Compressed.",
									"type": "Copy",
									"dependsOn": [],
									"policy": {
										"timeout": "7.00:00:00",
										"retry": 0,
										"retryIntervalInSeconds": 30,
										"secureOutput": false,
										"secureInput": false
									},
									"userProperties": [],
									"typeProperties": {
										"source": {
											"type": "BinarySource",
											"storeSettings": {
												"type": "AzureBlobFSReadSettings",
												"recursive": false
											},
											"formatSettings": {
												"type": "BinaryReadSettings"
											}
										},
										"sink": {
											"type": "BinarySink",
											"storeSettings": {
												"type": "AzureBlobFSWriteSettings"
											}
										},
										"enableStaging": false
									},
									"inputs": [
										{
											"referenceName": "azsadna_datasource_generic_adls2",
											"type": "DatasetReference",
											"parameters": {
												"path": {
													"value": "@pipeline().parameters.pSourceAssetPath",
													"type": "Expression"
												},
												"filename": {
													"value": "@pipeline().parameters.pSourceAssetName",
													"type": "Expression"
												},
												"StorageAccountServiceEndPoint": {
													"value": "@pipeline().parameters.pSourceStorageAccountServiceEndPoint",
													"type": "Expression"
												}
											}
										}
									],
									"outputs": [
										{
											"referenceName": "azsadna_datasource_generic_adls2_compress",
											"type": "DatasetReference",
											"parameters": {
												"path": {
													"value": "@pipeline().parameters.pDestinationAssetPath",
													"type": "Expression"
												},
												"filename": {
													"value": "@pipeline().parameters.pDestinationAssetName",
													"type": "Expression"
												},
												"StorageAccountServiceEndPoint": {
													"value": "@pipeline().parameters.pDestinationStorageAccountServiceEndPoint",
													"type": "Expression"
												},
												"compressiontype": {
													"value": "@pipeline().parameters.pCompressionType",
													"type": "Expression"
												},
												"compressionlevel": {
													"value": "@pipeline().parameters.pCompressionLevel",
													"type": "Expression"
												}
											}
										}
									]
								}
							]
						}
					]
				}
			}
		],
		"parameters": {
			"pSourceDestinationType": {
				"type": "string"
			},
			"pSourceAssetPath": {
				"type": "string"
			},
			"pSourceAssetName": {
				"type": "string"
			},
			"pSourceStorageAccountServiceEndPoint": {
				"type": "string"
			},
			"pDestinationAssetPath": {
				"type": "string"
			},
			"pDestinationAssetName": {
				"type": "string"
			},
			"pDestinationStorageAccountServiceEndPoint": {
				"type": "string"
			},
			"pCompressionType": {
				"type": "string"
			},
			"pCompressionLevel": {
				"type": "string"
			}
		},
		"folder": {
			"name": "Common/MultiStorageUtils"
		},
		"annotations": [],
		"lastPublishTime": "2021-03-11T17:44:25Z"
	},
	"type": "Microsoft.DataFactory/factories/pipelines"
}