{
	"name": "MultiStorageDelete",
	"properties": {
		"activities": [
			{
				"name": "Select the right Delete Activity",
				"type": "Switch",
				"dependsOn": [],
				"userProperties": [],
				"typeProperties": {
					"on": {
						"value": "@pipeline().parameters.pSourceType",
						"type": "Expression"
					},
					"cases": [
						{
							"value": "Blob",
							"activities": [
								{
									"name": "Delete from Blob",
									"description": "Delete a file from the source store",
									"type": "Delete",
									"dependsOn": [],
									"policy": {
										"timeout": "7.00:00:00",
										"retry": 0,
										"retryIntervalInSeconds": 30,
										"secureOutput": false,
										"secureInput": false
									},
									"userProperties": [],
									"typeProperties": {
										"dataset": {
											"referenceName": "azsadna_datasource_generic_blob",
											"type": "DatasetReference",
											"parameters": {
												"path": {
													"value": "@pipeline().parameters.pSourceAssetPath",
													"type": "Expression"
												},
												"filename": {
													"value": "@pipeline().parameters.pSourceAssetName",
													"type": "Expression"
												},
												"StorageAccountServiceEndPoint": {
													"value": "@pipeline().parameters.pSourceStorageAccountServiceEndPoint",
													"type": "Expression"
												}
											}
										},
										"enableLogging": false,
										"storeSettings": {
											"type": "AzureBlobStorageReadSettings",
											"recursive": false
										}
									}
								}
							]
						},
						{
							"value": "DataLake",
							"activities": [
								{
									"name": "Delete from DataLake",
									"description": "Delete a file from the source store",
									"type": "Delete",
									"dependsOn": [],
									"policy": {
										"timeout": "7.00:00:00",
										"retry": 0,
										"retryIntervalInSeconds": 30,
										"secureOutput": false,
										"secureInput": false
									},
									"userProperties": [],
									"typeProperties": {
										"dataset": {
											"referenceName": "azsadna_datasource_generic_adls2",
											"type": "DatasetReference",
											"parameters": {
												"path": {
													"value": "@pipeline().parameters.pSourceAssetPath",
													"type": "Expression"
												},
												"filename": {
													"value": "@pipeline().parameters.pSourceAssetName",
													"type": "Expression"
												},
												"StorageAccountServiceEndPoint": {
													"value": "@pipeline().parameters.pSourceStorageAccountServiceEndPoint",
													"type": "Expression"
												}
											}
										},
										"enableLogging": false,
										"storeSettings": {
											"type": "AzureBlobFSReadSettings",
											"recursive": false
										}
									}
								}
							]
						}
					]
				}
			}
		],
		"parameters": {
			"pSourceType": {
				"type": "string"
			},
			"pSourceAssetPath": {
				"type": "string"
			},
			"pSourceAssetName": {
				"type": "string"
			},
			"pSourceStorageAccountServiceEndPoint": {
				"type": "string"
			}
		},
		"folder": {
			"name": "Common/MultiStorageUtils"
		},
		"annotations": [],
		"lastPublishTime": "2021-03-11T17:44:25Z"
	},
	"type": "Microsoft.DataFactory/factories/pipelines"
}