{
	"name": "MultiStorageRefDataExport",
	"properties": {
		"activities": [
			{
				"name": "Select the right Export Activity",
				"type": "Switch",
				"dependsOn": [
					{
						"activity": "Set vFileName",
						"dependencyConditions": [
							"Succeeded"
						]
					}
				],
				"userProperties": [],
				"typeProperties": {
					"on": {
						"value": "@pipeline().parameters.pDestinationType",
						"type": "Expression"
					},
					"cases": [
						{
							"value": "Blob",
							"activities": [
								{
									"name": "Generate Export To Blob File",
									"type": "Copy",
									"dependsOn": [],
									"policy": {
										"timeout": "7.00:00:00",
										"retry": 0,
										"retryIntervalInSeconds": 30,
										"secureOutput": false,
										"secureInput": false
									},
									"userProperties": [],
									"typeProperties": {
										"source": {
											"type": "AzureSqlSource",
											"sqlReaderQuery": {
												"value": "@variables('vQuery')",
												"type": "Expression"
											},
											"queryTimeout": "02:00:00",
											"partitionOption": "None"
										},
										"sink": {
											"type": "DelimitedTextSink",
											"storeSettings": {
												"type": "AzureBlobStorageWriteSettings"
											},
											"formatSettings": {
												"type": "DelimitedTextWriteSettings",
												"quoteAllText": true,
												"fileExtension": ".txt"
											}
										},
										"enableStaging": false,
										"translator": {
											"type": "TabularTranslator",
											"mappings": [
												{
													"source": {
														"name": "ProcedureJSON"
													},
													"sink": {
														"type": "String",
														"ordinal": 1
													}
												}
											]
										}
									},
									"inputs": [
										{
											"referenceName": "azsadna_datasource_generic_azure_sql",
											"type": "DatasetReference",
											"parameters": {
												"ServerName": {
													"value": "@pipeline().parameters.pDatabaseServerName",
													"type": "Expression"
												},
												"DatabaseName": {
													"value": "@pipeline().parameters.pDatabaseName",
													"type": "Expression"
												},
												"PasswordSecretName": {
													"value": "@pipeline().parameters.pDatabasePasswordSecretName",
													"type": "Expression"
												},
												"UserName": {
													"value": "@pipeline().parameters.pDatabaseUserName",
													"type": "Expression"
												}
											}
										}
									],
									"outputs": [
										{
											"referenceName": "azsadna_datasource_generic_blob_csv",
											"type": "DatasetReference",
											"parameters": {
												"StorageAccountServiceEndPoint": {
													"value": "@pipeline().parameters.pDestinationStorageAccountServiceEndpoint",
													"type": "Expression"
												},
												"path": {
													"value": "@pipeline().parameters.pDestinationAssetPath",
													"type": "Expression"
												},
												"filename": {
													"value": "@variables('vFileName')",
													"type": "Expression"
												}
											}
										}
									]
								}
							]
						},
						{
							"value": "DataLake",
							"activities": [
								{
									"name": "Generate Export To DataLake File",
									"type": "Copy",
									"dependsOn": [],
									"policy": {
										"timeout": "7.00:00:00",
										"retry": 0,
										"retryIntervalInSeconds": 30,
										"secureOutput": false,
										"secureInput": false
									},
									"userProperties": [],
									"typeProperties": {
										"source": {
											"type": "AzureSqlSource",
											"sqlReaderQuery": {
												"value": "@variables('vQuery')",
												"type": "Expression"
											},
											"queryTimeout": "02:00:00",
											"partitionOption": "None"
										},
										"sink": {
											"type": "DelimitedTextSink",
											"storeSettings": {
												"type": "AzureBlobFSWriteSettings"
											},
											"formatSettings": {
												"type": "DelimitedTextWriteSettings",
												"quoteAllText": true,
												"fileExtension": ".txt"
											}
										},
										"enableStaging": false,
										"translator": {
											"type": "TabularTranslator",
											"mappings": [
												{
													"source": {
														"name": "ProcedureJSON"
													},
													"sink": {
														"type": "String",
														"ordinal": 1
													}
												}
											]
										}
									},
									"inputs": [
										{
											"referenceName": "azsadna_datasource_generic_azure_sql",
											"type": "DatasetReference",
											"parameters": {
												"ServerName": {
													"value": "@pipeline().parameters.pDatabaseServerName",
													"type": "Expression"
												},
												"DatabaseName": {
													"value": "@pipeline().parameters.pDatabaseName",
													"type": "Expression"
												},
												"PasswordSecretName": {
													"value": "@pipeline().parameters.pDatabasePasswordSecretName",
													"type": "Expression"
												},
												"UserName": {
													"value": "@pipeline().parameters.pDatabaseUserName",
													"type": "Expression"
												}
											}
										}
									],
									"outputs": [
										{
											"referenceName": "azsadna_datasource_generic_adls2_csv",
											"type": "DatasetReference",
											"parameters": {
												"StorageAccountServiceEndPoint": {
													"value": "@pipeline().parameters.pDestinationStorageAccountServiceEndpoint",
													"type": "Expression"
												},
												"path": {
													"value": "@pipeline().parameters.pDestinationAssetPath",
													"type": "Expression"
												},
												"filename": {
													"value": "@variables('vFileName')",
													"type": "Expression"
												}
											}
										}
									]
								}
							]
						}
					]
				}
			},
			{
				"name": "Set vExportType",
				"type": "SetVariable",
				"dependsOn": [],
				"userProperties": [],
				"typeProperties": {
					"variableName": "vExportType",
					"value": {
						"value": "@pipeline().parameters.pExportType",
						"type": "Expression"
					}
				}
			},
			{
				"name": "Set vQuery",
				"type": "SetVariable",
				"dependsOn": [
					{
						"activity": "Set vExportType",
						"dependencyConditions": [
							"Succeeded"
						]
					}
				],
				"userProperties": [],
				"typeProperties": {
					"variableName": "vQuery",
					"value": {
						"value": "@if(equals(pipeline().parameters.pExtractMethod,'stored_procedure')\n  ,concat('EXEC '\n               ,pipeline().parameters.pStoredProcedureName\n               ,' '\n               ,pipeline().parameters.pStoredProcedureParameters)\n  ,pipeline().parameters.pQuery\n)",
						"type": "Expression"
					}
				}
			},
			{
				"name": "RunException ExportType",
				"type": "ExecutePipeline",
				"dependsOn": [
					{
						"activity": "Set vExportType",
						"dependencyConditions": [
							"Failed"
						]
					}
				],
				"userProperties": [],
				"typeProperties": {
					"pipeline": {
						"referenceName": "RunException",
						"type": "PipelineReference"
					},
					"waitOnCompletion": true,
					"parameters": {
						"pErrorMessage": {
							"value": "@activity('Set vExportType').Error.Message",
							"type": "Expression"
						},
						"pRunID": {
							"value": "@pipeline().RunId",
							"type": "Expression"
						}
					}
				}
			},
			{
				"name": "Set vFileName",
				"type": "SetVariable",
				"dependsOn": [
					{
						"activity": "Set vQuery",
						"dependencyConditions": [
							"Succeeded"
						]
					}
				],
				"userProperties": [],
				"typeProperties": {
					"variableName": "vFileName",
					"value": {
						"value": "@concat(\n       pipeline().parameters.pDestinationAssetName\n       ,if(equals(pipeline().parameters.pExportType,'incremental'),'_','')\n       ,if(equals(pipeline().parameters.pExportType,'incremental'),utcnow('yyyyMMddHHmmss'),'')\n       ,'.json'\n )",
						"type": "Expression"
					}
				}
			},
			{
				"name": "RunException Query",
				"type": "ExecutePipeline",
				"dependsOn": [
					{
						"activity": "Set vQuery",
						"dependencyConditions": [
							"Failed"
						]
					}
				],
				"userProperties": [],
				"typeProperties": {
					"pipeline": {
						"referenceName": "RunException",
						"type": "PipelineReference"
					},
					"waitOnCompletion": true,
					"parameters": {
						"pErrorMessage": {
							"value": "@activity('Set vQuery').Error.Message",
							"type": "Expression"
						},
						"pRunID": {
							"value": "@pipeline().RunId",
							"type": "Expression"
						}
					}
				}
			}
		],
		"parameters": {
			"pDestinationAssetName": {
				"type": "string"
			},
			"pDestinationAssetPath": {
				"type": "string"
			},
			"pDestinationStorageAccountServiceEndpoint": {
				"type": "string"
			},
			"pExportType": {
				"type": "string"
			},
			"pDatabaseServerName": {
				"type": "string"
			},
			"pDatabaseName": {
				"type": "string"
			},
			"pDatabasePasswordSecretName": {
				"type": "string"
			},
			"pDatabaseUserName": {
				"type": "string"
			},
			"pQuery": {
				"type": "string"
			},
			"pStoredProcedureName": {
				"type": "string"
			},
			"pStoredProcedureParameters": {
				"type": "string"
			},
			"pExtractMethod": {
				"type": "string"
			},
			"pDestinationType": {
				"type": "string"
			}
		},
		"variables": {
			"vFileName": {
				"type": "String"
			},
			"vExportType": {
				"type": "String"
			},
			"vQuery": {
				"type": "String"
			}
		},
		"folder": {
			"name": "Common/MultiStorageUtils"
		},
		"annotations": [],
		"lastPublishTime": "2021-03-11T17:44:25Z"
	},
	"type": "Microsoft.DataFactory/factories/pipelines"
}