{
	"name": "MultiStorageEgressData",
	"properties": {
		"activities": [
			{
				"name": "Select the right Export Activity",
				"type": "Switch",
				"dependsOn": [],
				"userProperties": [],
				"typeProperties": {
					"on": {
						"value": "@pipeline().parameters.pDestinationType",
						"type": "Expression"
					},
					"cases": [
						{
							"value": "Blob",
							"activities": [
								{
									"name": "Generate Export To Blob File",
									"type": "Copy",
									"dependsOn": [],
									"policy": {
										"timeout": "7.00:00:00",
										"retry": 0,
										"retryIntervalInSeconds": 30,
										"secureOutput": false,
										"secureInput": false
									},
									"userProperties": [],
									"typeProperties": {
										"source": {
											"type": "AzureSqlSource",
											"sqlReaderQuery": {
												"value": "@pipeline().parameters.pQuery",
												"type": "Expression"
											},
											"queryTimeout": "02:00:00",
											"partitionOption": "None"
										},
										"sink": {
											"type": "DelimitedTextSink",
											"storeSettings": {
												"type": "AzureBlobStorageWriteSettings"
											},
											"formatSettings": {
												"type": "DelimitedTextWriteSettings",
												"quoteAllText": true,
												"fileExtension": ".txt"
											}
										},
										"enableStaging": false
									},
									"inputs": [
										{
											"referenceName": "azsadna_datasource_generic_azure_sql",
											"type": "DatasetReference",
											"parameters": {
												"ServerName": {
													"value": "@pipeline().parameters.pDatabaseServerName",
													"type": "Expression"
												},
												"DatabaseName": {
													"value": "@pipeline().parameters.pDatabaseName",
													"type": "Expression"
												},
												"PasswordSecretName": {
													"value": "@pipeline().parameters.pDatabasePasswordSecretName",
													"type": "Expression"
												},
												"UserName": {
													"value": "@pipeline().parameters.pDatabaseUserName",
													"type": "Expression"
												}
											}
										}
									],
									"outputs": [
										{
											"referenceName": "azsadna_datasource_generic_blob_csv_cfg",
											"type": "DatasetReference",
											"parameters": {
												"StorageAccountServiceEndPoint": {
													"value": "@pipeline().parameters.pDestinationStorageAccountServiceEndpoint",
													"type": "Expression"
												},
												"path": {
													"value": "@pipeline().parameters.pDestinationAssetPath",
													"type": "Expression"
												},
												"filename": {
													"value": "@pipeline().parameters.pDestinationAssetName",
													"type": "Expression"
												},
												"separator": {
													"value": "@pipeline().parameters.pDestinationFieldDelimiter",
													"type": "Expression"
												},
												"hasHeader": {
													"value": "@bool(1)",
													"type": "Expression"
												},
												"FieldWrapper": {
													"value": "@pipeline().parameters.pDestinationFieldWrapper",
													"type": "Expression"
												},
												"EscapeChar": {
													"value": "@pipeline().parameters.pDestinationEscapeChar",
													"type": "Expression"
												}
											}
										}
									]
								}
							]
						},
						{
							"value": "DataLake",
							"activities": [
								{
									"name": "Generate Export To DataLake File",
									"type": "Copy",
									"dependsOn": [],
									"policy": {
										"timeout": "7.00:00:00",
										"retry": 0,
										"retryIntervalInSeconds": 30,
										"secureOutput": false,
										"secureInput": false
									},
									"userProperties": [],
									"typeProperties": {
										"source": {
											"type": "AzureSqlSource",
											"sqlReaderQuery": {
												"value": "@pipeline().parameters.pQuery",
												"type": "Expression"
											},
											"queryTimeout": "02:00:00",
											"partitionOption": "None"
										},
										"sink": {
											"type": "DelimitedTextSink",
											"storeSettings": {
												"type": "AzureBlobFSWriteSettings"
											},
											"formatSettings": {
												"type": "DelimitedTextWriteSettings",
												"quoteAllText": true,
												"fileExtension": ".txt"
											}
										},
										"enableStaging": false
									},
									"inputs": [
										{
											"referenceName": "azsadna_datasource_generic_azure_sql",
											"type": "DatasetReference",
											"parameters": {
												"ServerName": {
													"value": "@pipeline().parameters.pDatabaseServerName",
													"type": "Expression"
												},
												"DatabaseName": {
													"value": "@pipeline().parameters.pDatabaseName",
													"type": "Expression"
												},
												"PasswordSecretName": {
													"value": "@pipeline().parameters.pDatabasePasswordSecretName",
													"type": "Expression"
												},
												"UserName": {
													"value": "@pipeline().parameters.pDatabaseUserName",
													"type": "Expression"
												}
											}
										}
									],
									"outputs": [
										{
											"referenceName": "azsadna_datasource_generic_adls2_csv_cfg",
											"type": "DatasetReference",
											"parameters": {
												"StorageAccountServiceEndPoint": {
													"value": "@pipeline().parameters.pDestinationStorageAccountServiceEndpoint",
													"type": "Expression"
												},
												"path": {
													"value": "@pipeline().parameters.pDestinationAssetPath",
													"type": "Expression"
												},
												"filename": {
													"value": "@pipeline().parameters.pDestinationAssetName",
													"type": "Expression"
												},
												"separator": {
													"value": "@pipeline().parameters.pDestinationFieldDelimiter",
													"type": "Expression"
												},
												"hasHeader": {
													"value": "@bool(1)",
													"type": "Expression"
												},
												"FieldWrapper": {
													"value": "@pipeline().parameters.pDestinationFieldWrapper",
													"type": "Expression"
												},
												"EscapeChar": {
													"value": "@pipeline().parameters.pDestinationEscapeChar",
													"type": "Expression"
												}
											}
										}
									]
								}
							]
						}
					]
				}
			}
		],
		"parameters": {
			"pDestinationAssetName": {
				"type": "string"
			},
			"pDestinationAssetPath": {
				"type": "string"
			},
			"pDestinationStorageAccountServiceEndpoint": {
				"type": "string"
			},
			"pDatabaseServerName": {
				"type": "string"
			},
			"pDatabaseName": {
				"type": "string"
			},
			"pDatabasePasswordSecretName": {
				"type": "string"
			},
			"pDatabaseUserName": {
				"type": "string"
			},
			"pQuery": {
				"type": "string"
			},
			"pDestinationType": {
				"type": "string"
			},
			"pDestinationFieldDelimiter": {
				"type": "string"
			},
			"pDestinationFieldWrapper": {
				"type": "string"
			},
			"pDestinationEscapeChar": {
				"type": "string"
			}
		},
		"folder": {
			"name": "Common/MultiStorageUtils"
		},
		"annotations": [],
		"lastPublishTime": "2021-03-11T17:44:25Z"
	},
	"type": "Microsoft.DataFactory/factories/pipelines"
}