{
	"name": "MultiStorageRefDataImport",
	"properties": {
		"activities": [
			{
				"name": "Select the right Import Activity",
				"type": "Switch",
				"dependsOn": [],
				"userProperties": [],
				"typeProperties": {
					"on": {
						"value": "@pipeline().parameters.pSourceType",
						"type": "Expression"
					},
					"cases": [
						{
							"value": "Blob",
							"activities": [
								{
									"name": "Copy To RefDataImport From DataLake_copy1",
									"type": "Copy",
									"dependsOn": [],
									"policy": {
										"timeout": "7.00:00:00",
										"retry": 0,
										"retryIntervalInSeconds": 30,
										"secureOutput": false,
										"secureInput": false
									},
									"userProperties": [],
									"typeProperties": {
										"source": {
											"type": "DelimitedTextSource",
											"storeSettings": {
												"type": "AzureBlobStorageReadSettings",
												"recursive": true
											},
											"formatSettings": {
												"type": "DelimitedTextReadSettings"
											}
										},
										"sink": {
											"type": "AzureSqlSink",
											"sqlWriterStoredProcedureName": "[dbo].[RefDataImport]",
											"sqlWriterTableType": "BulkDataType",
											"storedProcedureTableTypeParameterName": "pBulkRefDataJSON",
											"storedProcedureParameters": {
												"pDTCreated": {
													"type": "String",
													"value": null
												},
												"pRefDataJSON": {
													"type": "String",
													"value": null
												},
												"pTargetLayerID": {
													"type": "String",
													"value": "20011"
												},
												"pUserCreated": {
													"type": "String",
													"value": null
												}
											}
										},
										"enableStaging": false,
										"translator": {
											"type": "TabularTranslator",
											"mappings": [
												{
													"source": {
														"type": "String",
														"ordinal": 1
													},
													"sink": {
														"name": "BulkData",
														"type": "String",
														"physicalType": "nvarchar"
													}
												}
											],
											"typeConversion": true,
											"typeConversionSettings": {
												"allowDataTruncation": true,
												"treatBooleanAsNumber": false
											}
										}
									},
									"inputs": [
										{
											"referenceName": "azsadna_datasource_generic_blob_csv",
											"type": "DatasetReference",
											"parameters": {
												"StorageAccountServiceEndPoint": {
													"value": "@pipeline().parameters.pSourceStorageAccountServiceEndpoint",
													"type": "Expression"
												},
												"path": {
													"value": "@pipeline().parameters.pSourceAssetPath",
													"type": "Expression"
												},
												"filename": {
													"value": "@pipeline().parameters.pSourceAssetName",
													"type": "Expression"
												}
											}
										}
									],
									"outputs": [
										{
											"referenceName": "azsadna_datasource_generic_mssql",
											"type": "DatasetReference",
											"parameters": {
												"schema": "dbo",
												"table": "BulkDataType"
											}
										}
									]
								}
							]
						},
						{
							"value": "DataLake",
							"activities": [
								{
									"name": "Copy To RefDataImport From DataLake",
									"type": "Copy",
									"dependsOn": [],
									"policy": {
										"timeout": "7.00:00:00",
										"retry": 0,
										"retryIntervalInSeconds": 30,
										"secureOutput": false,
										"secureInput": false
									},
									"userProperties": [],
									"typeProperties": {
										"source": {
											"type": "DelimitedTextSource",
											"storeSettings": {
												"type": "AzureBlobFSReadSettings",
												"recursive": true
											},
											"formatSettings": {
												"type": "DelimitedTextReadSettings"
											}
										},
										"sink": {
											"type": "AzureSqlSink",
											"sqlWriterStoredProcedureName": "[dbo].[RefDataImport]",
											"sqlWriterTableType": "BulkDataType",
											"storedProcedureTableTypeParameterName": "pBulkRefDataJSON",
											"storedProcedureParameters": {
												"pDTCreated": {
													"type": "String",
													"value": null
												},
												"pRefDataJSON": {
													"type": "String",
													"value": null
												},
												"pTargetLayerID": {
													"type": "String",
													"value": "20011"
												},
												"pUserCreated": {
													"type": "String",
													"value": null
												}
											}
										},
										"enableStaging": false,
										"translator": {
											"type": "TabularTranslator",
											"mappings": [
												{
													"source": {
														"type": "String",
														"ordinal": 1
													},
													"sink": {
														"name": "BulkData",
														"type": "String",
														"physicalType": "nvarchar"
													}
												}
											],
											"typeConversion": true,
											"typeConversionSettings": {
												"allowDataTruncation": true,
												"treatBooleanAsNumber": false
											}
										}
									},
									"inputs": [
										{
											"referenceName": "azsadna_datasource_generic_adls2_csv",
											"type": "DatasetReference",
											"parameters": {
												"StorageAccountServiceEndPoint": {
													"value": "@pipeline().parameters.pSourceStorageAccountServiceEndpoint",
													"type": "Expression"
												},
												"path": {
													"value": "@pipeline().parameters.pSourceAssetPath",
													"type": "Expression"
												},
												"filename": {
													"value": "@pipeline().parameters.pSourceAssetName",
													"type": "Expression"
												}
											}
										}
									],
									"outputs": [
										{
											"referenceName": "azsadna_datasource_generic_mssql",
											"type": "DatasetReference",
											"parameters": {
												"schema": "dbo",
												"table": "BulkDataType"
											}
										}
									]
								}
							]
						}
					]
				}
			}
		],
		"parameters": {
			"pSourceStorageAccountServiceEndpoint": {
				"type": "string"
			},
			"pSourceAssetPath": {
				"type": "string"
			},
			"pSourceAssetName": {
				"type": "string"
			},
			"pSourceType": {
				"type": "string"
			}
		},
		"folder": {
			"name": "Common/MultiStorageUtils"
		},
		"annotations": [],
		"lastPublishTime": "2021-03-11T17:44:24Z"
	},
	"type": "Microsoft.DataFactory/factories/pipelines"
}