{
	"name": "pl_gen_raw_to_curated_demo",
	"properties": {
		"activities": [
			{
				"name": "set_var_batchdate",
				"type": "SetVariable",
				"dependsOn": [],
				"userProperties": [],
				"typeProperties": {
					"variableName": "var_batch_date",
					"value": {
						"value": "@concat(formatDateTime(subtractFromTime(subtractFromTime(utcnow(),pipeline().parameters.prm_p_sub_day,'Day'),pipeline().parameters.prm_p_sub_month,'Month'),pipeline().parameters.prm_p_date_format))",
						"type": "Expression"
					}
				}
			},
			{
				"name": "smartingestion_driver",
				"type": "DatabricksNotebook",
				"dependsOn": [
					{
						"activity": "set_var_batchdate",
						"dependencyConditions": [
							"Succeeded"
						]
					}
				],
				"policy": {
					"timeout": "7.00:00:00",
					"retry": 0,
					"retryIntervalInSeconds": 30,
					"secureOutput": false,
					"secureInput": false
				},
				"userProperties": [],
				"typeProperties": {
					"notebookPath": "/dapdevidfdb/AZ_idf_drivers/db_smart_ingestion_driver",
					"baseParameters": {
						"prm_act_src_name": {
							"value": "@pipeline().parameters.prm_src_name",
							"type": "Expression"
						},
						"prm_act_schema_name": {
							"value": "@pipeline().parameters.prm_p_schema_name",
							"type": "Expression"
						},
						"prm_act_file_prefix": {
							"value": "@pipeline().parameters.prm_p_file_prefix",
							"type": "Expression"
						},
						"prm_act_src_id": {
							"value": "@pipeline().parameters.prm_src_id",
							"type": "Expression"
						},
						"prm_act_batchdate": {
							"value": "@variables('var_batch_date')",
							"type": "Expression"
						},
						"prm_act_filename": {
							"value": "@pipeline().parameters.prm_p_src_file_name",
							"type": "Expression"
						},
						"prm_act_file_ext": {
							"value": "@pipeline().parameters.prm_p_file_ext",
							"type": "Expression"
						},
						"prm_act_pipeline_name": {
							"value": "@pipeline().Pipeline",
							"type": "Expression"
						},
						"prm_act_trigger_name": {
							"value": "@pipeline().TriggerName",
							"type": "Expression"
						},
						"prm_act_varbatchdate": {
							"value": "@variables('var_batch_date')",
							"type": "Expression"
						},
						"prm_act_runid": {
							"value": "@pipeline().RunId",
							"type": "Expression"
						}
					}
				},
				"linkedServiceName": {
					"referenceName": "AzureDatabricks1",
					"type": "LinkedServiceReference"
				}
			},
			{
				"name": "activity_status_check",
				"description": "",
				"type": "DatabricksNotebook",
				"dependsOn": [
					{
						"activity": "smartingestion_driver",
						"dependencyConditions": [
							"Succeeded"
						]
					}
				],
				"policy": {
					"timeout": "7.00:00:00",
					"retry": 0,
					"retryIntervalInSeconds": 30,
					"secureOutput": false,
					"secureInput": false
				},
				"userProperties": [],
				"typeProperties": {
					"notebookPath": "/dapdevidfdb/AZ_idf_drivers/db_check_failure_status",
					"baseParameters": {
						"prm_act_error_code": {
							"value": "@string(activity('smartingestion_driver').output.runOutput.ERROR_CODE)",
							"type": "Expression"
						},
						"prm_act_status_desc": {
							"value": "@activity('smartingestion_driver').output.runOutput.AUDIT_RECORDS.STATUS_DESC",
							"type": "Expression"
						}
					}
				},
				"linkedServiceName": {
					"referenceName": "AzureDatabricks1",
					"type": "LinkedServiceReference"
				}
			}
		],
		"parameters": {
			"prm_p_sub_day": {
				"type": "int",
				"defaultValue": 0
			},
			"prm_p_sub_month": {
				"type": "int",
				"defaultValue": 0
			},
			"prm_p_date_format": {
				"type": "string",
				"defaultValue": "yyyyMMdd"
			},
			"prm_p_src_file_name": {
				"type": "string",
				"defaultValue": "employee_name"
			},
			"prm_src_id": {
				"type": "string",
				"defaultValue": "5"
			},
			"prm_src_name": {
				"type": "string",
				"defaultValue": "abinitio"
			},
			"prm_p_schema_name": {
				"type": "string",
				"defaultValue": "NA"
			},
			"prm_p_file_ext": {
				"type": "string",
				"defaultValue": ".csv"
			},
			"prm_p_file_prefix": {
				"type": "string",
				"defaultValue": "employeename"
			}
		},
		"variables": {
			"var_batch_date": {
				"type": "String"
			}
		},
		"annotations": [],
		"lastPublishTime": "2020-12-14T18:40:50Z"
	}
}