{
	"name": "ProcessError_UnpackCleansed",
	"properties": {
		"activities": [
			{
				"name": "For Each Error in Response Data",
				"type": "ForEach",
				"dependsOn": [],
				"userProperties": [],
				"typeProperties": {
					"items": {
						"value": "@coalesce(json(pipeline().parameters.vUnpackAndInfoError).taskStatus.errors,json('[]')) ",
						"type": "Expression"
					},
					"activities": [
						{
							"name": "Write Error to RunLog table",
							"description": "Executes RunMessage with the appropriate parameters",
							"type": "Lookup",
							"dependsOn": [],
							"policy": {
								"timeout": "7.00:00:00",
								"retry": 0,
								"retryIntervalInSeconds": 30,
								"secureOutput": false,
								"secureInput": false
							},
							"userProperties": [],
							"typeProperties": {
								"source": {
									"type": "AzureSqlSource",
									"sqlReaderStoredProcedureName": "[idfwba].[RunMessage]",
									"storedProcedureParameters": {
										"pDate": {
											"type": "String",
											"value": {
												"value": "@item().dateTime",
												"type": "Expression"
											}
										},
										"pMessage": {
											"type": "String",
											"value": {
												"value": "@item().message",
												"type": "Expression"
											}
										},
										"pRunLogID": {
											"type": "String",
											"value": null
										},
										"pRunID": {
											"type": "String",
											"value": {
												"value": "@pipeline().parameters.pDataFactoryRunId",
												"type": "Expression"
											}
										}
									},
									"queryTimeout": "02:00:00",
									"partitionOption": "None"
								},
								"dataset": {
									"referenceName": "azsadna_datasource_generic_mssql",
									"type": "DatasetReference",
									"parameters": {
										"schema": "idfwba",
										"table": "RUNLOG"
									}
								}
							}
						}
					]
				}
			}
		],
		"parameters": {
			"vUnpackAndInfoError": {
				"type": "string"
			},
			"pDataFactoryRunId": {
				"type": "string"
			}
		},
		"folder": {
			"name": "TaskTemplates"
		},
		"annotations": []
	}
}