{
	"name": "RefDataImport",
	"properties": {
		"activities": [
			{
				"name": "AssetFetchProperties",
				"type": "Lookup",
				"dependsOn": [
					{
						"activity": "Set vRunLogID",
						"dependencyConditions": [
							"Succeeded"
						]
					}
				],
				"policy": {
					"timeout": "7.00:00:00",
					"retry": 0,
					"retryIntervalInSeconds": 30,
					"secureOutput": false,
					"secureInput": false
				},
				"userProperties": [],
				"typeProperties": {
					"source": {
						"type": "AzureSqlSource",
						"sqlReaderStoredProcedureName": "[dbo].[AssetFetchProperties]",
						"storedProcedureParameters": {
							"pAssetID": {
								"type": "String",
								"value": null
							},
							"pAssetName": {
								"type": "String",
								"value": {
									"value": "@pipeline().parameters.pAssetName",
									"type": "Expression"
								}
							},
							"pAssetPath": {
								"type": "String",
								"value": {
									"value": "@pipeline().parameters.pAssetPath",
									"type": "Expression"
								}
							},
							"pOnlyActiveFeedsFlag": {
								"type": "String",
								"value": "1"
							}
						},
						"queryTimeout": "02:00:00",
						"partitionOption": "None"
					},
					"dataset": {
						"referenceName": "azsadna_datasource_generic_mssql",
						"type": "DatasetReference",
						"parameters": {
							"schema": "dbo",
							"table": "FEED"
						}
					}
				}
			},
			{
				"name": "AssetToProcessGet",
				"type": "Lookup",
				"dependsOn": [
					{
						"activity": "AFPETLProcedureErrorControl",
						"dependencyConditions": [
							"Succeeded"
						]
					}
				],
				"policy": {
					"timeout": "7.00:00:00",
					"retry": 0,
					"retryIntervalInSeconds": 30,
					"secureOutput": false,
					"secureInput": false
				},
				"userProperties": [],
				"typeProperties": {
					"source": {
						"type": "AzureSqlSource",
						"sqlReaderStoredProcedureName": "[dbo].[AssetToProcessGet]",
						"storedProcedureParameters": {
							"pAssetID": {
								"type": "String",
								"value": null
							},
							"pAssetStatusID": {
								"type": "String",
								"value": "24014"
							},
							"pFeedID": {
								"type": "String",
								"value": {
									"value": "@activity('AssetFetchProperties').output.firstRow.FeedID",
									"type": "Expression"
								}
							},
							"pLatestAssetFlag": {
								"type": "String",
								"value": "1"
							},
							"pProjectID": {
								"type": "String",
								"value": null
							},
							"pSourceRangeID": {
								"type": "String",
								"value": null
							},
							"pTargetLayer": {
								"type": "String",
								"value": null
							}
						},
						"queryTimeout": "02:00:00",
						"partitionOption": "None"
					},
					"dataset": {
						"referenceName": "azsadna_datasource_generic_mssql",
						"type": "DatasetReference",
						"parameters": {
							"schema": "dbo",
							"table": "FEED"
						}
					},
					"firstRowOnly": true
				}
			},
			{
				"name": "Set vProcessStart",
				"type": "SetVariable",
				"dependsOn": [],
				"userProperties": [],
				"typeProperties": {
					"variableName": "vProcessStart",
					"value": {
						"value": "@utcnow('yyyyMMdd HH:mm:ss.fff')",
						"type": "Expression"
					}
				}
			},
			{
				"name": "ETL_RefDataImport_Start",
				"type": "Lookup",
				"dependsOn": [
					{
						"activity": "Set vProcessStart",
						"dependencyConditions": [
							"Succeeded"
						]
					}
				],
				"policy": {
					"timeout": "7.00:00:00",
					"retry": 0,
					"retryIntervalInSeconds": 30,
					"secureOutput": false,
					"secureInput": false
				},
				"userProperties": [],
				"typeProperties": {
					"source": {
						"type": "AzureSqlSource",
						"sqlReaderStoredProcedureName": "[dbo].[ETLRunLogAddOrUpdate]",
						"storedProcedureParameters": {
							"pDTCreated": {
								"type": "String",
								"value": {
									"value": "@variables('vProcessStart')",
									"type": "Expression"
								}
							},
							"pDTEnd": {
								"type": "String",
								"value": null
							},
							"pDTStart": {
								"type": "String",
								"value": {
									"value": "@variables('vProcessStart')",
									"type": "Expression"
								}
							},
							"pETLProcessName": {
								"type": "String",
								"value": {
									"value": "@pipeline().Pipeline",
									"type": "Expression"
								}
							},
							"pETLProcessRunID": {
								"type": "String",
								"value": {
									"value": "@pipeline().RunId",
									"type": "Expression"
								}
							},
							"pETLRunLogID": {
								"type": "String",
								"value": null
							},
							"pETLRunLogStatusID": {
								"type": "String",
								"value": "25001"
							},
							"pKeepValueFlag": {
								"type": "String",
								"value": null
							},
							"pUserCreated": {
								"type": "String",
								"value": "DataFactory"
							}
						},
						"queryTimeout": "02:00:00",
						"partitionOption": "None"
					},
					"dataset": {
						"referenceName": "azsadna_datasource_generic_mssql",
						"type": "DatasetReference",
						"parameters": {
							"schema": "dbo",
							"table": "DUMMY_FEED"
						}
					}
				}
			},
			{
				"name": "Set AssetArray",
				"type": "SetVariable",
				"dependsOn": [
					{
						"activity": "ATPGETLProcedureErrorControl",
						"dependencyConditions": [
							"Succeeded"
						]
					}
				],
				"userProperties": [],
				"typeProperties": {
					"variableName": "vAssetArray",
					"value": {
						"value": "@if(contains(json(coalesce(activity('AssetToProcessGet').output.firstRow.AssetListJSON,'[]')), 'AssetList')\n  ,coalesce(json(activity('AssetToProcessGet').output.firstRow.AssetListJSON).AssetList, json('[]'))\n  , json('[]')\n)",
						"type": "Expression"
					}
				}
			},
			{
				"name": "If AssetToProcessCount greater than 0",
				"type": "IfCondition",
				"dependsOn": [
					{
						"activity": "ForEach Asset",
						"dependencyConditions": [
							"Succeeded"
						]
					}
				],
				"userProperties": [],
				"typeProperties": {
					"expression": {
						"value": "@greater(length(variables('vAssetArray')),0)",
						"type": "Expression"
					},
					"ifFalseActivities": [
						{
							"name": "ETLRunException_ForEach_Activity_Empty",
							"type": "ExecutePipeline",
							"dependsOn": [],
							"userProperties": [],
							"typeProperties": {
								"pipeline": {
									"referenceName": "ETLRunException",
									"type": "PipelineReference"
								},
								"waitOnCompletion": true,
								"parameters": {
									"pErrorMessage": "No Assets Found",
									"pDTCreated": {
										"value": "@utcnow('yyyyMMdd HH:mm:ss.fff')",
										"type": "Expression"
									},
									"pRunLogID": {
										"value": "@variables('vRunLogID')",
										"type": "Expression"
									},
									"pUserCreated": {
										"value": "@variables('vUserCreated')",
										"type": "Expression"
									}
								}
							}
						}
					]
				}
			},
			{
				"name": "ForEach Asset",
				"type": "ForEach",
				"dependsOn": [
					{
						"activity": "Set Init vForEachErrorErrorListInit",
						"dependencyConditions": [
							"Succeeded"
						]
					}
				],
				"userProperties": [],
				"typeProperties": {
					"items": {
						"value": "@if(contains(json(activity('AssetToProcessGet').output.firstRow.AssetListJSON), 'AssetList')\n  ,coalesce(json(activity('AssetToProcessGet').output.firstRow.AssetListJSON).AssetList, json('[]'))\n  , json('[]')\n)",
						"type": "Expression"
					},
					"isSequential": true,
					"activities": [
						{
							"name": "ETLRunLogAssetAddOrUpdate",
							"type": "Lookup",
							"dependsOn": [
								{
									"activity": "MultiStorageRefDataImport",
									"dependencyConditions": [
										"Succeeded"
									]
								}
							],
							"policy": {
								"timeout": "7.00:00:00",
								"retry": 0,
								"retryIntervalInSeconds": 30,
								"secureOutput": false,
								"secureInput": false
							},
							"userProperties": [],
							"typeProperties": {
								"source": {
									"type": "AzureSqlSource",
									"sqlReaderStoredProcedureName": "[dbo].[ETLRunLogAssetAddOrUpdate]",
									"storedProcedureParameters": {
										"pAssetID": {
											"type": "String",
											"value": {
												"value": "@item().AssetID",
												"type": "Expression"
											}
										},
										"pDTCreated": {
											"type": "String",
											"value": {
												"value": "@utcnow('yyyyMMdd HH:mm:ss.fff')",
												"type": "Expression"
											}
										},
										"pETLRunLogID": {
											"type": "String",
											"value": {
												"value": "@variables('vRunLogID')",
												"type": "Expression"
											}
										},
										"pUserCreated": {
											"type": "String",
											"value": {
												"value": "@variables('vUserCreated')",
												"type": "Expression"
											}
										}
									},
									"queryTimeout": "02:00:00",
									"partitionOption": "None"
								},
								"dataset": {
									"referenceName": "azsadna_datasource_generic_mssql",
									"type": "DatasetReference",
									"parameters": {
										"schema": "dbo",
										"table": "DUMMY_FEED"
									}
								}
							}
						},
						{
							"name": "ETLRunException_GSA_Error",
							"type": "ExecutePipeline",
							"dependsOn": [
								{
									"activity": "MultiStorageRefDataImport",
									"dependencyConditions": [
										"Failed"
									]
								}
							],
							"userProperties": [],
							"typeProperties": {
								"pipeline": {
									"referenceName": "ETLRunException",
									"type": "PipelineReference"
								},
								"waitOnCompletion": true,
								"parameters": {
									"pErrorMessage": {
										"value": "@activity('MultiStorageRefDataImport').Error.Message",
										"type": "Expression"
									},
									"pDTCreated": {
										"value": "@utcnow('yyyyMMdd HH:mm:ss.fff')",
										"type": "Expression"
									},
									"pRunLogID": {
										"value": "@variables('vRunLogID')",
										"type": "Expression"
									},
									"pUserCreated": {
										"value": "@variables('vUserCreated')",
										"type": "Expression"
									}
								}
							}
						},
						{
							"name": "Set vForEachErrorCount",
							"type": "SetVariable",
							"dependsOn": [
								{
									"activity": "ETLRunLogAssetAddOrUpdate",
									"dependencyConditions": [
										"Succeeded"
									]
								}
							],
							"userProperties": [],
							"typeProperties": {
								"variableName": "vForEachErrorCount",
								"value": {
									"value": "@if(equals(activity('ETLRunLogAssetAddOrUpdate').output.firstRow.ProcedureStatus,'-1')\n    ,string(add(int(variables('vForEachErrorCountInit')),1))\n    ,variables('vForEachErrorCountInit')\n)",
									"type": "Expression"
								}
							}
						},
						{
							"name": "Set vForEachErrorCountInit",
							"type": "SetVariable",
							"dependsOn": [
								{
									"activity": "Set vForEachErrorCount",
									"dependencyConditions": [
										"Succeeded"
									]
								}
							],
							"userProperties": [],
							"typeProperties": {
								"variableName": "vForEachErrorCountInit",
								"value": {
									"value": "@variables('vForEachErrorCount')",
									"type": "Expression"
								}
							}
						},
						{
							"name": "Set vForEachErrorList",
							"type": "SetVariable",
							"dependsOn": [
								{
									"activity": "ETLRunLogAssetAddOrUpdate",
									"dependencyConditions": [
										"Succeeded"
									]
								}
							],
							"userProperties": [],
							"typeProperties": {
								"variableName": "vForEachErrorList",
								"value": {
									"value": "@if(equals(activity('ETLRunLogAssetAddOrUpdate').output.firstRow.ProcedureStatus,'-1')\n    ,concat(variables('vForEachErrorListInit'),'Register Runlog Asset: ',item().AssetID,' - ',activity('ETLRunLogAssetAddOrUpdate').output.firstRow.ProcedureMessage,' | ')\n    ,variables('vForEachErrorListInit')\n)",
									"type": "Expression"
								}
							}
						},
						{
							"name": "Set vForEachListInit",
							"type": "SetVariable",
							"dependsOn": [
								{
									"activity": "Set vForEachErrorList",
									"dependencyConditions": [
										"Succeeded"
									]
								}
							],
							"userProperties": [],
							"typeProperties": {
								"variableName": "vForEachErrorListInit",
								"value": {
									"value": "@variables('vForEachErrorList')",
									"type": "Expression"
								}
							}
						},
						{
							"name": "ETLRunException_ERLA_Activity_Error",
							"type": "ExecutePipeline",
							"dependsOn": [
								{
									"activity": "ETLRunLogAssetAddOrUpdate",
									"dependencyConditions": [
										"Failed"
									]
								}
							],
							"userProperties": [],
							"typeProperties": {
								"pipeline": {
									"referenceName": "ETLRunException",
									"type": "PipelineReference"
								},
								"waitOnCompletion": true,
								"parameters": {
									"pErrorMessage": {
										"value": "@activity('ETLRunLogAssetAddOrUpdate').Error.Message",
										"type": "Expression"
									},
									"pDTCreated": {
										"value": "@utcnow('yyyyMMdd HH:mm:ss.fff')",
										"type": "Expression"
									},
									"pRunLogID": {
										"value": "@variables('vRunLogID')",
										"type": "Expression"
									},
									"pUserCreated": {
										"value": "@variables('vUserCreated')",
										"type": "Expression"
									}
								}
							}
						},
						{
							"name": "GetStorageAccountProperties",
							"type": "Lookup",
							"dependsOn": [],
							"policy": {
								"timeout": "7.00:00:00",
								"retry": 0,
								"retryIntervalInSeconds": 30,
								"secureOutput": false,
								"secureInput": false
							},
							"userProperties": [],
							"typeProperties": {
								"source": {
									"type": "AzureSqlSource",
									"sqlReaderStoredProcedureName": "[dbo].[ProjectPropertiesGet ]",
									"storedProcedureParameters": {
										"pAssetID": {
											"type": "String",
											"value": {
												"value": "@item().AssetID",
												"type": "Expression"
											}
										},
										"pFeedID": {
											"type": "String",
											"value": null
										},
										"pProjectID": {
											"type": "String",
											"value": null
										}
									},
									"queryTimeout": "02:00:00",
									"partitionOption": "None"
								},
								"dataset": {
									"referenceName": "azsadna_datasource_generic_mssql",
									"type": "DatasetReference",
									"parameters": {
										"schema": "dbo",
										"table": "DUMMY_FEED"
									}
								}
							}
						},
						{
							"name": "CleansedLayerProperties",
							"type": "Filter",
							"dependsOn": [
								{
									"activity": "ETLProcedureErrorControl",
									"dependencyConditions": [
										"Succeeded"
									]
								}
							],
							"userProperties": [],
							"typeProperties": {
								"items": {
									"value": "@json(activity('GetStorageAccountProperties').output.firstRow.ProjectPropertiesJSON).ProjectList[0].ProjectLayer",
									"type": "Expression"
								},
								"condition": {
									"value": "@equals(item().LayerName,'Cleansed')",
									"type": "Expression"
								}
							}
						},
						{
							"name": "MultiStorageRefDataImport",
							"type": "ExecutePipeline",
							"dependsOn": [
								{
									"activity": "CleansedLayerProperties",
									"dependencyConditions": [
										"Succeeded"
									]
								}
							],
							"userProperties": [],
							"typeProperties": {
								"pipeline": {
									"referenceName": "MultiStorageRefDataImport",
									"type": "PipelineReference"
								},
								"waitOnCompletion": true,
								"parameters": {
									"pSourceStorageAccountServiceEndpoint": {
										"value": "@activity('CleansedLayerProperties').output.value[0].StorageAccount",
										"type": "Expression"
									},
									"pSourceAssetPath": {
										"value": "@item().AssetLocation",
										"type": "Expression"
									},
									"pSourceAssetName": {
										"value": "@item().AssetName",
										"type": "Expression"
									},
									"pSourceType": {
										"value": "@activity('CleansedLayerProperties').output.value[0].StorageAccountType",
										"type": "Expression"
									}
								}
							}
						},
						{
							"name": "ETLRunException_CLP_Error",
							"type": "ExecutePipeline",
							"dependsOn": [
								{
									"activity": "CleansedLayerProperties",
									"dependencyConditions": [
										"Failed"
									]
								}
							],
							"userProperties": [],
							"typeProperties": {
								"pipeline": {
									"referenceName": "ETLRunException",
									"type": "PipelineReference"
								},
								"waitOnCompletion": true,
								"parameters": {
									"pErrorMessage": {
										"value": "@activity('CleansedLayerProperties').Error.Message",
										"type": "Expression"
									},
									"pDTCreated": {
										"value": "@utcnow('yyyyMMdd HH:mm:ss.fff')",
										"type": "Expression"
									},
									"pRunLogID": {
										"value": "@variables('vRunLogID')",
										"type": "Expression"
									},
									"pUserCreated": {
										"value": "@variables('vUserCreated')",
										"type": "Expression"
									}
								}
							}
						},
						{
							"name": "ETLProcedureErrorControl",
							"type": "ExecutePipeline",
							"dependsOn": [
								{
									"activity": "GetStorageAccountProperties",
									"dependencyConditions": [
										"Succeeded"
									]
								}
							],
							"userProperties": [],
							"typeProperties": {
								"pipeline": {
									"referenceName": "ETLProcedureErrorControl",
									"type": "PipelineReference"
								},
								"waitOnCompletion": true,
								"parameters": {
									"ProcedureStatus": {
										"value": "@activity('GetStorageAccountProperties').output.firstRow.ProcedureStatus",
										"type": "Expression"
									},
									"ProcedureMessage": {
										"value": "@activity('GetStorageAccountProperties').output.firstRow.ProcedureMessage",
										"type": "Expression"
									},
									"RunLogID": {
										"value": "@variables('vRunLogID')",
										"type": "Expression"
									},
									"UserCreated": {
										"value": "@variables('vUserCreated')",
										"type": "Expression"
									}
								}
							}
						}
					]
				}
			},
			{
				"name": "ETLRunException_AFP_Activity",
				"type": "ExecutePipeline",
				"dependsOn": [
					{
						"activity": "AssetFetchProperties",
						"dependencyConditions": [
							"Failed"
						]
					}
				],
				"userProperties": [],
				"typeProperties": {
					"pipeline": {
						"referenceName": "ETLRunException",
						"type": "PipelineReference"
					},
					"waitOnCompletion": true,
					"parameters": {
						"pErrorMessage": {
							"value": "@activity('AssetFetchProperties').output.Error.Message",
							"type": "Expression"
						},
						"pDTCreated": {
							"value": "@utcnow('yyyyMMdd HH:mm:ss.fff')",
							"type": "Expression"
						},
						"pRunLogID": {
							"value": "@variables('vRunLogID')",
							"type": "Expression"
						},
						"pUserCreated": {
							"value": "@variables('vUserCreated')",
							"type": "Expression"
						}
					}
				}
			},
			{
				"name": "ETLRunException_ATPG_Activity",
				"type": "ExecutePipeline",
				"dependsOn": [
					{
						"activity": "AssetToProcessGet",
						"dependencyConditions": [
							"Failed"
						]
					}
				],
				"userProperties": [],
				"typeProperties": {
					"pipeline": {
						"referenceName": "ETLRunException",
						"type": "PipelineReference"
					},
					"waitOnCompletion": true,
					"parameters": {
						"pErrorMessage": {
							"value": "@activity('AssetToProcessGet').output.Error.Message",
							"type": "Expression"
						},
						"pDTCreated": {
							"value": "@utcnow('yyyyMMdd HH:mm:ss.fff')",
							"type": "Expression"
						},
						"pRunLogID": {
							"value": "@variables('vRunLogID')",
							"type": "Expression"
						},
						"pUserCreated": {
							"value": "@variables('vUserCreated')",
							"type": "Expression"
						}
					}
				}
			},
			{
				"name": "ETLRunException_ForEach_Activity",
				"type": "ExecutePipeline",
				"dependsOn": [
					{
						"activity": "ForEach Asset",
						"dependencyConditions": [
							"Failed"
						]
					}
				],
				"userProperties": [],
				"typeProperties": {
					"pipeline": {
						"referenceName": "ETLRunException",
						"type": "PipelineReference"
					},
					"waitOnCompletion": true,
					"parameters": {
						"pErrorMessage": {
							"value": "@activity('ForEach Asset').Error.Message",
							"type": "Expression"
						},
						"pDTCreated": {
							"value": "@utcnow('yyyyMMdd HH:mm:ss.fff')",
							"type": "Expression"
						},
						"pRunLogID": {
							"value": "@variables('vRunLogID')",
							"type": "Expression"
						},
						"pUserCreated": {
							"value": "@variables('vUserCreated')",
							"type": "Expression"
						}
					}
				}
			},
			{
				"name": "Set Init vForEachErrorCountInit",
				"type": "SetVariable",
				"dependsOn": [
					{
						"activity": "Set AssetArray",
						"dependencyConditions": [
							"Succeeded"
						]
					}
				],
				"userProperties": [],
				"typeProperties": {
					"variableName": "vForEachErrorCountInit",
					"value": "0"
				}
			},
			{
				"name": "Set Init vForEachErrorErrorListInit",
				"type": "SetVariable",
				"dependsOn": [
					{
						"activity": "Set Init vForEachErrorCountInit",
						"dependencyConditions": [
							"Succeeded"
						]
					}
				],
				"userProperties": [],
				"typeProperties": {
					"variableName": "vForEachErrorListInit",
					"value": {
						"value": "@string('')",
						"type": "Expression"
					}
				}
			},
			{
				"name": "Set vRunLogID",
				"type": "SetVariable",
				"dependsOn": [
					{
						"activity": "ETL_RefDataImport_Start",
						"dependencyConditions": [
							"Succeeded"
						]
					}
				],
				"userProperties": [],
				"typeProperties": {
					"variableName": "vRunLogID",
					"value": {
						"value": "@activity('ETL_RefDataImport_Start').output.firstRow.ETLRunLogID",
						"type": "Expression"
					}
				}
			},
			{
				"name": "If ForEach Asset ErrorCount greater than 0",
				"type": "IfCondition",
				"dependsOn": [
					{
						"activity": "If AssetToProcessCount greater than 0",
						"dependencyConditions": [
							"Succeeded"
						]
					}
				],
				"userProperties": [],
				"typeProperties": {
					"expression": {
						"value": "@greater(int(variables('vForEachErrorCountInit')),0)",
						"type": "Expression"
					},
					"ifFalseActivities": [
						{
							"name": "ETL_RefDataImport_End",
							"type": "Lookup",
							"dependsOn": [],
							"policy": {
								"timeout": "7.00:00:00",
								"retry": 0,
								"retryIntervalInSeconds": 30,
								"secureOutput": false,
								"secureInput": false
							},
							"userProperties": [],
							"typeProperties": {
								"source": {
									"type": "AzureSqlSource",
									"sqlReaderStoredProcedureName": "[dbo].[ETLRunLogAddOrUpdate]",
									"storedProcedureParameters": {
										"pDTCreated": {
											"type": "String",
											"value": null
										},
										"pDTEnd": {
											"type": "String",
											"value": {
												"value": "@utcnow('yyyyMMdd HH:mm:ss.fff')",
												"type": "Expression"
											}
										},
										"pDTStart": {
											"type": "String",
											"value": null
										},
										"pETLProcessName": {
											"type": "String",
											"value": null
										},
										"pETLProcessRunID": {
											"type": "String",
											"value": null
										},
										"pETLRunLogID": {
											"type": "String",
											"value": {
												"value": "@variables('vRunLogID')",
												"type": "Expression"
											}
										},
										"pETLRunLogStatusID": {
											"type": "String",
											"value": "25002"
										},
										"pKeepValueFlag": {
											"type": "String",
											"value": null
										},
										"pUserCreated": {
											"type": "String",
											"value": {
												"value": "@variables('vUserCreated')",
												"type": "Expression"
											}
										}
									},
									"queryTimeout": "02:00:00",
									"partitionOption": "None"
								},
								"dataset": {
									"referenceName": "azsadna_datasource_generic_mssql",
									"type": "DatasetReference",
									"parameters": {
										"schema": "dbo",
										"table": "DUMMY_FEED"
									}
								}
							}
						}
					],
					"ifTrueActivities": [
						{
							"name": "ETLRunException_ForEach_Procedure",
							"type": "ExecutePipeline",
							"dependsOn": [],
							"userProperties": [],
							"typeProperties": {
								"pipeline": {
									"referenceName": "ETLRunException",
									"type": "PipelineReference"
								},
								"waitOnCompletion": true,
								"parameters": {
									"pErrorMessage": {
										"value": "@concat('ForEach Asset Errors: ',variables('vForEachErrorListInit'))",
										"type": "Expression"
									},
									"pDTCreated": {
										"value": "@utcnow('yyyyMMdd HH:mm:ss.fff')",
										"type": "Expression"
									},
									"pRunLogID": {
										"value": "@variables('vRunLogID')",
										"type": "Expression"
									},
									"pUserCreated": {
										"value": "@variables('vUserCreated')",
										"type": "Expression"
									}
								}
							}
						}
					]
				}
			},
			{
				"name": "AFPETLProcedureErrorControl",
				"type": "ExecutePipeline",
				"dependsOn": [
					{
						"activity": "AssetFetchProperties",
						"dependencyConditions": [
							"Succeeded"
						]
					}
				],
				"userProperties": [],
				"typeProperties": {
					"pipeline": {
						"referenceName": "ETLProcedureErrorControl",
						"type": "PipelineReference"
					},
					"waitOnCompletion": true,
					"parameters": {
						"ProcedureStatus": {
							"value": "@activity('AssetFetchProperties').output.firstRow.ProcedureStatus",
							"type": "Expression"
						},
						"ProcedureMessage": {
							"value": "@activity('AssetFetchProperties').output.firstRow.ProcedureMessage",
							"type": "Expression"
						},
						"RunLogID": {
							"value": "@variables('vRunLogID')",
							"type": "Expression"
						},
						"UserCreated": {
							"value": "@variables('vUserCreated')",
							"type": "Expression"
						}
					}
				}
			},
			{
				"name": "ATPGETLProcedureErrorControl",
				"type": "ExecutePipeline",
				"dependsOn": [
					{
						"activity": "AssetToProcessGet",
						"dependencyConditions": [
							"Succeeded"
						]
					}
				],
				"userProperties": [],
				"typeProperties": {
					"pipeline": {
						"referenceName": "ETLProcedureErrorControl",
						"type": "PipelineReference"
					},
					"waitOnCompletion": true,
					"parameters": {
						"ProcedureStatus": {
							"value": "@activity('AssetToProcessGet').output.firstRow.ProcedureStatus",
							"type": "Expression"
						},
						"ProcedureMessage": {
							"value": "@activity('AssetToProcessGet').output.firstRow.ProcedureMessage",
							"type": "Expression"
						},
						"RunLogID": {
							"value": "@variables('vRunLogID')",
							"type": "Expression"
						},
						"UserCreated": {
							"value": "@variables('vUserCreated')",
							"type": "Expression"
						}
					}
				}
			}
		],
		"parameters": {
			"pAssetName": {
				"type": "string",
				"defaultValue": "refdata"
			},
			"pAssetPath": {
				"type": "string",
				"defaultValue": "/RPIDNA/DNARDM/default/Default/"
			}
		},
		"variables": {
			"vAsset": {
				"type": "String"
			},
			"vProcessStart": {
				"type": "String"
			},
			"vAssetArray": {
				"type": "Array"
			},
			"vUserCreated": {
				"type": "String",
				"defaultValue": "DataFactory"
			},
			"vForEachErrorCount": {
				"type": "String"
			},
			"vForEachErrorList": {
				"type": "String"
			},
			"vForEachErrorCountInit": {
				"type": "String"
			},
			"vForEachErrorListInit": {
				"type": "String"
			},
			"vRunLogID": {
				"type": "String"
			}
		},
		"folder": {
			"name": "Process/RefDataImport"
		},
		"annotations": [],
		"lastPublishTime": "2021-03-11T17:44:26Z"
	},
	"type": "Microsoft.DataFactory/factories/pipelines"
}