{
	"name": "RunException",
	"properties": {
		"activities": [
			{
				"name": "Write Error to RunLog_End",
				"description": "Executes registerStatus with appropriate Message and Error parameters",
				"type": "Lookup",
				"dependsOn": [
					{
						"activity": "set vErrorMessage",
						"dependencyConditions": [
							"Succeeded"
						]
					}
				],
				"policy": {
					"timeout": "7.00:00:00",
					"retry": 0,
					"retryIntervalInSeconds": 30,
					"secureOutput": false,
					"secureInput": false
				},
				"userProperties": [],
				"typeProperties": {
					"source": {
						"type": "AzureSqlSource",
						"sqlReaderStoredProcedureName": {
							"value": "idfwba.registerStatus",
							"type": "Expression"
						},
						"storedProcedureParameters": {
							"action": {
								"type": "String",
								"value": "message_end"
							},
							"pAssetID": {
								"type": "Int32",
								"value": null
							},
							"pAssetName": {
								"type": "String",
								"value": null
							},
							"pDataSizeMB": {
								"type": "Int64",
								"value": null
							},
							"pDTEnd": {
								"type": "String",
								"value": {
									"value": "@utcnow('yyyyMMdd HH:mm:ss.fff')",
									"type": "Expression"
								}
							},
							"pDTStart": {
								"type": "String",
								"value": null
							},
							"pFeedID": {
								"type": "Int32",
								"value": null
							},
							"pJobID": {
								"type": "Int32",
								"value": null
							},
							"pMessage": {
								"type": "String",
								"value": {
									"value": "@variables('vErrorMessage')",
									"type": "Expression"
								}
							},
							"pNrRecords": {
								"type": "Int32",
								"value": null
							},
							"pParentRunID": {
								"type": "String",
								"value": null
							},
							"pParentRunLogID": {
								"type": "Int32",
								"value": null
							},
							"pPipelineName": {
								"type": "String",
								"value": null
							},
							"pRunID": {
								"type": "String",
								"value": {
									"value": "@pipeline().parameters.pRunID",
									"type": "Expression"
								}
							},
							"pRunLogID": {
								"type": "Int32",
								"value": null
							},
							"pRunLogTypeId": {
								"type": "String",
								"value": null
							},
							"pRunningStatus": {
								"type": "String",
								"value": null
							},
							"pTaskID": {
								"type": "Int32",
								"value": null
							}
						},
						"queryTimeout": "02:00:00",
						"partitionOption": "None"
					},
					"dataset": {
						"referenceName": "azsadna_datasource_generic_mssql",
						"type": "DatasetReference",
						"parameters": {
							"schema": "idfwba",
							"table": "RUNLOG"
						}
					},
					"firstRowOnly": false
				}
			},
			{
				"name": "Generate Exception",
				"description": "Stored Procedure call to generate Exception",
				"type": "SqlServerStoredProcedure",
				"dependsOn": [
					{
						"activity": "Write Error to RunLog_End",
						"dependencyConditions": [
							"Succeeded"
						]
					}
				],
				"policy": {
					"timeout": "7.00:00:00",
					"retry": 0,
					"retryIntervalInSeconds": 30,
					"secureOutput": false,
					"secureInput": false
				},
				"userProperties": [],
				"typeProperties": {
					"storedProcedureName": "sp_executesql",
					"storedProcedureParameters": {
						"stmt": {
							"value": {
								"value": "@replace(\n     variables('vErrorMessage_SQL_TPT'),\n     'ERROR_MESSAGE',\n      replace(variables('vErrorMessage'),\n          variables('vSingleQuote')\n          ,concat(\n             variables('vSingleQuote')\n             ,variables('vSingleQuote')\n          )\n      )\n)",
								"type": "Expression"
							},
							"type": "String"
						}
					}
				},
				"linkedServiceName": {
					"referenceName": "MVPMetaDataStore",
					"type": "LinkedServiceReference"
				}
			},
			{
				"name": "set vErrorMessage",
				"type": "SetVariable",
				"dependsOn": [
					{
						"activity": "set vErrorMessage_SQL_TPT",
						"dependencyConditions": [
							"Succeeded"
						]
					}
				],
				"userProperties": [],
				"typeProperties": {
					"variableName": "vErrorMessage",
					"value": {
						"value": "@pipeline().parameters.pErrorMessage",
						"type": "Expression"
					}
				}
			},
			{
				"name": "set vErrorMessage_SQL_TPT",
				"type": "SetVariable",
				"dependsOn": [],
				"userProperties": [],
				"typeProperties": {
					"variableName": "vErrorMessage_SQL_TPT",
					"value": "Declare @err_msg NVARCHAR(150);\nSET @err_msg=N'ERROR_MESSAGE';\nRAISERROR(@err_msg,15,1)"
				}
			},
			{
				"name": "Send Email with Error Details",
				"type": "ExecutePipeline",
				"dependsOn": [
					{
						"activity": "Generate Exception",
						"dependencyConditions": [
							"Succeeded"
						]
					}
				],
				"userProperties": [],
				"typeProperties": {
					"pipeline": {
						"referenceName": "Send_Email_Azure_Function",
						"type": "PipelineReference"
					},
					"waitOnCompletion": true,
					"parameters": {
						"emailSubject": "Job has errored out",
						"emailBody": {
							"value": "@pipeline().parameters.pErrorMessage",
							"type": "Expression"
						},
						"emailTo": "vinoth.o.radhakrishnan@walgreens.com",
						"emailFrom": "uie-support@walgreens.com"
					}
				}
			}
		],
		"parameters": {
			"pErrorMessage": {
				"type": "string"
			},
			"pRunID": {
				"type": "string"
			}
		},
		"variables": {
			"vErrorMessage": {
				"type": "String"
			},
			"vErrorMessage_SQL_TPT": {
				"type": "String"
			},
			"vSingleQuote": {
				"type": "String",
				"defaultValue": "'"
			}
		},
		"folder": {
			"name": "Common/AuditNLog"
		},
		"annotations": [],
		"lastPublishTime": "2021-03-11T17:44:23Z"
	},
	"type": "Microsoft.DataFactory/factories/pipelines"
}