{
	"name": "Send_Email_Azure_Function",
	"properties": {
		"activities": [
			{
				"name": "Send Email With Details",
				"type": "AzureFunctionActivity",
				"dependsOn": [],
				"policy": {
					"timeout": "7.00:00:00",
					"retry": 0,
					"retryIntervalInSeconds": 30,
					"secureOutput": false,
					"secureInput": false
				},
				"userProperties": [],
				"typeProperties": {
					"functionName": "SendEmail",
					"method": "POST",
					"headers": {
						"Content-Type": "application/json"
					},
					"body": {
						"value": "{\n     \"EmailFrom\": \"@{pipeline().parameters.emailFrom}\",\n     \"EmailTo\": \"@{pipeline().parameters.emailTo}\",\n     \"EmailSubject\": \"@{pipeline().parameters.emailSubject}\",\n     \"EmailBody\": \"@{pipeline().parameters.emailBody}\"\n}",
						"type": "Expression"
					}
				},
				"linkedServiceName": {
					"referenceName": "AzureEmailFunction",
					"type": "LinkedServiceReference"
				}
			}
		],
		"parameters": {
			"emailSubject": {
				"type": "string"
			},
			"emailBody": {
				"type": "string"
			},
			"emailTo": {
				"type": "string"
			},
			"emailFrom": {
				"type": "string"
			}
		},
		"folder": {
			"name": "Common/AzureFunctions"
		},
		"annotations": []
	}
}