{
	"name": "SetBlobMetadata",
	"properties": {
		"activities": [
			{
				"name": "Set AccountBlobServiceEndpoint",
				"type": "SetVariable",
				"dependsOn": [],
				"userProperties": [],
				"typeProperties": {
					"variableName": "vAccountBlobServiceEndPoint",
					"value": {
						"value": "@replace(pipeline().parameters.pAccountServiceEndpoint,'.blob.','.dfs.')",
						"type": "Expression"
					}
				}
			},
			{
				"name": "GetMetadataFromFile",
				"description": "",
				"type": "WebActivity",
				"dependsOn": [
					{
						"activity": "Set AccountBlobServiceEndpoint",
						"dependencyConditions": [
							"Succeeded"
						]
					}
				],
				"policy": {
					"timeout": "7.00:00:00",
					"retry": 0,
					"retryIntervalInSeconds": 30,
					"secureOutput": false,
					"secureInput": false
				},
				"userProperties": [],
				"typeProperties": {
					"url": {
						"value": "@concat(\n   variables('vAccountBlobServiceEndPoint')\n  , pipeline().parameters.pAssetPath, '/', pipeline().parameters.pAssetName\n  ,'?comp=metadata'\n)",
						"type": "Expression"
					},
					"method": "PUT",
					"headers": {
						"x-ms-version": "2018-11-09",
						"x-ms-date": {
							"value": "@utcnow('r')",
							"type": "Expression"
						}
					},
					"body": {
						"value": "@string('')",
						"type": "Expression"
					},
					"authentication": {
						"type": "MSI",
						"resource": "https://storage.azure.com/"
					}
				}
			}
		],
		"parameters": {
			"pAccountServiceEndpoint": {
				"type": "string"
			},
			"pAssetPath": {
				"type": "string"
			},
			"pAssetName": {
				"type": "string"
			},
			"pMetadataName": {
				"type": "string"
			},
			"pMetadataValue": {
				"type": "string"
			}
		},
		"variables": {
			"vAccountBlobServiceEndPoint": {
				"type": "String"
			}
		},
		"folder": {
			"name": "Common/AzureRestBlob"
		},
		"annotations": [],
		"lastPublishTime": "2021-03-11T17:44:21Z"
	},
	"type": "Microsoft.DataFactory/factories/pipelines"
}