{
	"name": "testcompressdataset",
	"properties": {
		"activities": [
			{
				"name": "Copy data1",
				"type": "Copy",
				"dependsOn": [],
				"policy": {
					"timeout": "7.00:00:00",
					"retry": 0,
					"retryIntervalInSeconds": 30,
					"secureOutput": false,
					"secureInput": false
				},
				"userProperties": [],
				"typeProperties": {
					"source": {
						"type": "BinarySource",
						"storeSettings": {
							"type": "AzureBlobFSReadSettings",
							"recursive": false
						},
						"formatSettings": {
							"type": "BinaryReadSettings",
							"compressionProperties": {
								"type": "ZipDeflateReadSettings",
								"preserveZipFileNameAsFolder": false
							}
						}
					},
					"sink": {
						"type": "BinarySink",
						"storeSettings": {
							"type": "AzureBlobFSWriteSettings",
							"copyBehavior": "PreserveHierarchy"
						}
					},
					"enableStaging": false
				},
				"inputs": [
					{
						"referenceName": "azsadna_datasource_generic_adls2_landing_zipformat",
						"type": "DatasetReference",
						"parameters": {
							"path": "landing2/Accenture",
							"filename": "test_vin_20211012_1.zip",
							"StorageAccountServiceEndPoint": "https://dapdevidfadls01.dfs.core.windows.net/"
						}
					}
				],
				"outputs": [
					{
						"referenceName": "azsadna_datasource_generic_adls2_target_only_path",
						"type": "DatasetReference",
						"parameters": {
							"path": "wrangled/Accenture",
							"StorageAccountServiceEndPoint": "https://dapdevidfadls01.dfs.core.windows.net/"
						}
					}
				]
			}
		],
		"annotations": []
	}
}