{
	"name": "UpdateDB_poslog_no_zip_file",
	"properties": {
		"activities": [
			{
				"name": "Write Asset History",
				"type": "SqlServerStoredProcedure",
				"dependsOn": [
					{
						"activity": "Multi Delete File from Raw To Cleansed",
						"dependencyConditions": [
							"Succeeded"
						]
					}
				],
				"policy": {
					"timeout": "7.00:00:00",
					"retry": 0,
					"retryIntervalInSeconds": 30,
					"secureOutput": false,
					"secureInput": false
				},
				"userProperties": [],
				"typeProperties": {
					"storedProcedureName": "[idfwba].[AddNewAssetHistory]",
					"storedProcedureParameters": {
						"pAssetID": {
							"value": {
								"value": "@pipeline().parameters.pAssetId",
								"type": "Expression"
							},
							"type": "String"
						},
						"pDescription": {
							"value": {
								"value": "@concat('AssetID='\n              , pipeline().parameters.pAssetId\n              , '; AssetName='\n              , variables('vRenamedAssetName')\n              , '. Moved from '\n              , pipeline().parameters.pAssetPath\n              , ' to '\n              , json(pipeline().parameters.currentFeedJobTask.FeedTaskJSON).properties.FolderPath_DestinationStore\n, ' Renamed to '\n, variables('vRenamedAssetName')\n)",
								"type": "Expression"
							},
							"type": "String"
						},
						"pDTCreated": {
							"value": {
								"value": "@utcnow('yyyyMMdd HH:mm:ss.fff')",
								"type": "Expression"
							},
							"type": "String"
						}
					}
				},
				"linkedServiceName": {
					"referenceName": "MVPMetaDataStore",
					"type": "LinkedServiceReference"
				}
			},
			{
				"name": "AssetAddOrUpdate_To_Cleansed",
				"description": "If vRefLOVTargetTable='ref.RefLOV\n  Status = 'Prepare Cleansed'\nELSE\n  Status = 'Cleansed'",
				"type": "Lookup",
				"dependsOn": [],
				"policy": {
					"timeout": "7.00:00:00",
					"retry": 0,
					"retryIntervalInSeconds": 30,
					"secureOutput": false,
					"secureInput": false
				},
				"userProperties": [],
				"typeProperties": {
					"source": {
						"type": "AzureSqlSource",
						"sqlReaderStoredProcedureName": "[idfwba].[AssetAddOrUpdate]",
						"storedProcedureParameters": {
							"pAssetCurrentLocation": {
								"type": "String",
								"value": {
									"value": "@json(pipeline().parameters.currentFeedJobTask.FeedTaskJSON).properties.FolderPath_DestinationStore",
									"type": "Expression"
								}
							},
							"pAssetDefinition": {
								"type": "String",
								"value": {
									"value": "@pipeline().parameters.pAssetDefinition",
									"type": "Expression"
								}
							},
							"pAssetID": {
								"type": "String",
								"value": {
									"value": "@pipeline().parameters.pAssetId",
									"type": "Expression"
								}
							},
							"pAssetMD5": {
								"type": "String",
								"value": {
									"value": "@pipeline().parameters.pMD5",
									"type": "Expression"
								}
							},
							"pAssetName": {
								"type": "String",
								"value": {
									"value": "@pipeline().parameters.pAssetName",
									"type": "Expression"
								}
							},
							"pAssetSubTypeID": {
								"type": "String",
								"value": null
							},
							"pAssetTypeID": {
								"type": "String",
								"value": null
							},
							"pAttributeDescription": {
								"type": "String",
								"value": null
							},
							"pAttributeEntityDescription": {
								"type": "String",
								"value": null
							},
							"pDTCreated": {
								"type": "String",
								"value": null
							},
							"pEntityDescription": {
								"type": "String",
								"value": null
							},
							"pFeedId": {
								"type": "String",
								"value": {
									"value": "@pipeline().parameters.currentFeedJobTask.FeedId",
									"type": "Expression"
								}
							},
							"pInformationClassificationID": {
								"type": "String",
								"value": null
							},
							"pKeepValueFlag": {
								"type": "String",
								"value": null
							},
							"pNumberOfBytes": {
								"type": "String",
								"value": {
									"value": "@pipeline().parameters.pSize",
									"type": "Expression"
								}
							},
							"pNumberOfRecords": {
								"type": "String",
								"value": {
									"value": "@pipeline().parameters.pNrRecords",
									"type": "Expression"
								}
							},
							"pParentAssetID": {
								"type": "String",
								"value": {
									"value": "@if(equals(coalesce(pipeline().parameters.pParentAssetId,'-1'),'-1')\n      ,''\n      ,pipeline().parameters.pParentAssetId\n     )",
									"type": "Expression"
								}
							},
							"pStatusID": {
								"type": "String",
								"value": null
							},
							"pUserCreated": {
								"type": "String",
								"value": null
							}
						},
						"queryTimeout": "02:00:00",
						"partitionOption": "None"
					},
					"dataset": {
						"referenceName": "azsadna_datasource_generic_mssql",
						"type": "DatasetReference",
						"parameters": {
							"schema": "idfwba",
							"table": "FEED"
						}
					}
				}
			},
			{
				"name": "AssetStatusChange_Cleansed",
				"description": "Update Status to \"Cleansed\"",
				"type": "Lookup",
				"dependsOn": [
					{
						"activity": "AssetAddOrUpdate_To_Cleansed",
						"dependencyConditions": [
							"Succeeded"
						]
					}
				],
				"policy": {
					"timeout": "7.00:00:00",
					"retry": 0,
					"retryIntervalInSeconds": 30,
					"secureOutput": false,
					"secureInput": false
				},
				"userProperties": [],
				"typeProperties": {
					"source": {
						"type": "AzureSqlSource",
						"sqlReaderStoredProcedureName": "[idfwba].[AssetStatusChange]",
						"storedProcedureParameters": {
							"pAssetID": {
								"type": "String",
								"value": {
									"value": "@activity('AssetAddOrUpdate_To_Cleansed').output.firstRow.AssetID",
									"type": "Expression"
								}
							},
							"pDTCreated": {
								"type": "String",
								"value": null
							},
							"pStatusID": {
								"type": "String",
								"value": {
									"value": "@int('24014')",
									"type": "Expression"
								}
							},
							"pUserCreated": {
								"type": "String",
								"value": null
							}
						},
						"queryTimeout": "02:00:00",
						"partitionOption": "None"
					},
					"dataset": {
						"referenceName": "azsadna_datasource_generic_mssql",
						"type": "DatasetReference",
						"parameters": {
							"schema": "idfwba",
							"table": "FEED"
						}
					}
				}
			},
			{
				"name": "Multi Delete File from Raw To Cleansed",
				"type": "ExecutePipeline",
				"dependsOn": [
					{
						"activity": "AssetStatusChange_Cleansed",
						"dependencyConditions": [
							"Succeeded"
						]
					},
					{
						"activity": "Set vRawStorageAccountType",
						"dependencyConditions": [
							"Succeeded"
						]
					}
				],
				"userProperties": [],
				"typeProperties": {
					"pipeline": {
						"referenceName": "MultiStorageDelete",
						"type": "PipelineReference"
					},
					"waitOnCompletion": true,
					"parameters": {
						"pSourceType": {
							"value": "@variables('vRawStorageAccountType')",
							"type": "Expression"
						},
						"pSourceAssetPath": {
							"value": "@pipeline().parameters.pAssetPath",
							"type": "Expression"
						},
						"pSourceAssetName": {
							"value": "@pipeline().parameters.pAssetName",
							"type": "Expression"
						},
						"pSourceStorageAccountServiceEndPoint": {
							"value": "@json(pipeline().parameters.currentFeedJobTask.FeedTaskJSON).properties.SourceStorageAccountServiceEndPoint",
							"type": "Expression"
						}
					}
				}
			},
			{
				"name": "Set vRawStorageAccountType",
				"type": "SetVariable",
				"dependsOn": [],
				"userProperties": [],
				"typeProperties": {
					"variableName": "vRawStorageAccountType",
					"value": {
						"value": "@json(pipeline().parameters.currentFeedJobTask.FeedTaskJSON).properties.SourceStorageAccountType",
						"type": "Expression"
					}
				}
			},
			{
				"name": "DQAnalysis",
				"type": "ExecutePipeline",
				"dependsOn": [
					{
						"activity": "Multi Delete File from Raw To Cleansed",
						"dependencyConditions": [
							"Succeeded"
						]
					}
				],
				"userProperties": [],
				"typeProperties": {
					"pipeline": {
						"referenceName": "DQ_Analysis",
						"type": "PipelineReference"
					},
					"waitOnCompletion": true,
					"parameters": {
						"pFeedId": {
							"value": "@pipeline().parameters.currentFeedJobTask.FeedID",
							"type": "Expression"
						},
						"pAssetId": {
							"value": "@pipeline().parameters.pAssetId",
							"type": "Expression"
						},
						"PAssetDestinationPath": {
							"value": "@json(pipeline().parameters.currentFeedJobTask.FeedTaskJSON).properties.FolderPath_DQDestinationStore",
							"type": "Expression"
						},
						"pAssetName": {
							"value": "@pipeline().parameters.pAssetName",
							"type": "Expression"
						}
					}
				}
			}
		],
		"parameters": {
			"pAssetName": {
				"type": "string"
			},
			"primalPipelineRunId": {
				"type": "string"
			},
			"parentPipelineRunId": {
				"type": "string"
			},
			"currentFeedJobTask": {
				"type": "object"
			},
			"pMD5": {
				"type": "string"
			},
			"pSize": {
				"type": "string"
			},
			"pNrRecords": {
				"type": "string"
			},
			"pParentAssetId": {
				"type": "string"
			},
			"pAssetId": {
				"type": "string"
			},
			"pAssetPath": {
				"type": "string"
			},
			"pAssetDefinition": {
				"type": "string"
			}
		},
		"variables": {
			"vProcessStart": {
				"type": "String"
			},
			"vRunLogStatus": {
				"type": "String"
			},
			"vRunLogId": {
				"type": "String"
			},
			"vParentRunLogId": {
				"type": "String"
			},
			"vRunLogTypeId": {
				"type": "String"
			},
			"vDestination": {
				"type": "String"
			},
			"vAssetId": {
				"type": "String"
			},
			"vRenamedAssetName": {
				"type": "String"
			},
			"vAssetToGet": {
				"type": "String"
			},
			"vRefLOVTargetTable": {
				"type": "String"
			},
			"vRawToCleansedStorageAccountType": {
				"type": "String"
			},
			"vCleansedStorageAccountType": {
				"type": "String"
			},
			"vRawToQuarantineStorageAccountType": {
				"type": "String"
			},
			"vQuarantineStorageAccountType": {
				"type": "String"
			},
			"vRawStorageAccountType": {
				"type": "String"
			},
			"vFeedID": {
				"type": "String"
			},
			"vRefDataExportFeedID": {
				"type": "String"
			},
			"vTriggerRefDataImport": {
				"type": "String"
			},
			"vCurrentFeedJobTaskProperties": {
				"type": "String"
			},
			"vCheckFeedJobTaskforEncrypted": {
				"type": "Boolean"
			},
			"vFileToolPostBody": {
				"type": "String"
			},
			"vExtension": {
				"type": "String"
			},
			"vUnpackAndInfoError": {
				"type": "String"
			},
			"vErrorMessage_SQL_TPT": {
				"type": "String"
			},
			"vESPTriggers_status": {
				"type": "String"
			},
			"vChildItem": {
				"type": "Array"
			}
		},
		"folder": {
			"name": "TaskTemplates"
		},
		"annotations": []
	}
}