{
	"name": "UpdateDB zip file",
	"properties": {
		"activities": [
			{
				"name": "If Condition_Sig",
				"type": "IfCondition",
				"dependsOn": [],
				"userProperties": [],
				"typeProperties": {
					"expression": {
						"value": "@equals(pipeline().parameters.pZip_ProcFlg,1)",
						"type": "Expression"
					},
					"ifFalseActivities": [
						{
							"name": "Execute ForEachFileInZip",
							"type": "ExecutePipeline",
							"dependsOn": [],
							"userProperties": [],
							"typeProperties": {
								"pipeline": {
									"referenceName": "ForEachFileInZip",
									"type": "PipelineReference"
								},
								"waitOnCompletion": true,
								"parameters": {
									"pAssetName": {
										"value": "@pipeline().parameters.pAssetName",
										"type": "Expression"
									},
									"primalPipelineRunId": {
										"value": "@pipeline().parameters.primalPipelineRunId",
										"type": "Expression"
									},
									"parentPipelineRunId": {
										"value": "@pipeline().parameters.parentPipelineRunId",
										"type": "Expression"
									},
									"currentFeedJobTask": {
										"value": "@pipeline().parameters.currentFeedJobTask",
										"type": "Expression"
									},
									"pMD5": {
										"value": "@pipeline().parameters.pMD5",
										"type": "Expression"
									},
									"pSize": {
										"value": "@pipeline().parameters.pSize",
										"type": "Expression"
									},
									"pNrRecords": {
										"value": "@pipeline().parameters.pNrRecords",
										"type": "Expression"
									},
									"pParentAssetId": {
										"value": "@pipeline().parameters.pAssetId",
										"type": "Expression"
									},
									"pAssetPath": {
										"value": "@pipeline().parameters.pAssetPath",
										"type": "Expression"
									},
									"DQFlag": {
										"value": "@pipeline().parameters.pDQ",
										"type": "Expression"
									}
								}
							}
						}
					],
					"ifTrueActivities": [
						{
							"name": "DQ_Analysis_Zip",
							"type": "ExecutePipeline",
							"dependsOn": [],
							"userProperties": [],
							"typeProperties": {
								"pipeline": {
									"referenceName": "DQ_Analysis_Zip",
									"type": "PipelineReference"
								},
								"waitOnCompletion": true,
								"parameters": {
									"pFeedId": {
										"value": "@pipeline().parameters.pFeedID",
										"type": "Expression"
									},
									"pAssetId": {
										"value": "@pipeline().parameters.pParentAssetId",
										"type": "Expression"
									},
									"PAssetDestinationPath": {
										"value": "@pipeline().parameters.pAssetPath",
										"type": "Expression"
									},
									"pDQ": {
										"value": "@pipeline().parameters.pDQ",
										"type": "Expression"
									}
								}
							}
						},
						{
							"name": "Execute ESP_Triggers_Zip",
							"type": "ExecutePipeline",
							"dependsOn": [
								{
									"activity": "DQ_Analysis_Zip",
									"dependencyConditions": [
										"Succeeded"
									]
								}
							],
							"userProperties": [],
							"typeProperties": {
								"pipeline": {
									"referenceName": "ESP_Triggers_Signal",
									"type": "PipelineReference"
								},
								"waitOnCompletion": true,
								"parameters": {
									"currentFeedJobTask": {
										"value": "@pipeline().parameters.currentFeedJobTask",
										"type": "Expression"
									},
									"pParentAssetId": {
										"value": "@pipeline().parameters.pParentAssetId",
										"type": "Expression"
									},
									"pZip_ProcFlg": {
										"value": "@pipeline().parameters.pZip_ProcFlg",
										"type": "Expression"
									},
									"pFeedId": {
										"value": "@pipeline().parameters.pFeedID",
										"type": "Expression"
									},
									"pSigFilePath": {
										"value": "@pipeline().parameters.pSigDestinationPath",
										"type": "Expression"
									},
									"pSigFeedID": {
										"value": "@pipeline().parameters.pSigFeedId",
										"type": "Expression"
									},
									"pSigFeedName": {
										"value": "@pipeline().parameters.pSigFeedName",
										"type": "Expression"
									},
									"pFeedName": {
										"value": "@pipeline().parameters.pFeedName",
										"type": "Expression"
									}
								}
							}
						}
					]
				}
			}
		],
		"parameters": {
			"pAssetName": {
				"type": "string"
			},
			"primalPipelineRunId": {
				"type": "string"
			},
			"parentPipelineRunId": {
				"type": "string"
			},
			"currentFeedJobTask": {
				"type": "object"
			},
			"pMD5": {
				"type": "string"
			},
			"pSize": {
				"type": "string"
			},
			"pNrRecords": {
				"type": "string"
			},
			"pParentAssetId": {
				"type": "string"
			},
			"pAssetId": {
				"type": "string"
			},
			"pAssetPath": {
				"type": "string"
			},
			"pAssetDefinition": {
				"type": "string"
			},
			"pDQ": {
				"type": "string"
			},
			"pFeedID": {
				"type": "string"
			},
			"pZip_ProcFlg": {
				"type": "string"
			},
			"pSigFeedId": {
				"type": "string"
			},
			"pSigFeedName": {
				"type": "string"
			},
			"pSigDestinationPath": {
				"type": "string"
			},
			"pFeedName": {
				"type": "string"
			}
		},
		"variables": {
			"vProcessStart": {
				"type": "String"
			},
			"vRunLogStatus": {
				"type": "String"
			},
			"vRunLogId": {
				"type": "String"
			},
			"vParentRunLogId": {
				"type": "String"
			},
			"vRunLogTypeId": {
				"type": "String"
			},
			"vDestination": {
				"type": "String"
			},
			"vAssetId": {
				"type": "String"
			},
			"vRenamedAssetName": {
				"type": "String"
			},
			"vAssetToGet": {
				"type": "String"
			},
			"vRefLOVTargetTable": {
				"type": "String"
			},
			"vRawToCleansedStorageAccountType": {
				"type": "String"
			},
			"vCleansedStorageAccountType": {
				"type": "String"
			},
			"vRawToQuarantineStorageAccountType": {
				"type": "String"
			},
			"vQuarantineStorageAccountType": {
				"type": "String"
			},
			"vRawStorageAccountType": {
				"type": "String"
			},
			"vFeedID": {
				"type": "String"
			},
			"vRefDataExportFeedID": {
				"type": "String"
			},
			"vTriggerRefDataImport": {
				"type": "String"
			},
			"vCurrentFeedJobTaskProperties": {
				"type": "String"
			},
			"vCheckFeedJobTaskforEncrypted": {
				"type": "Boolean"
			},
			"vFileToolPostBody": {
				"type": "String"
			},
			"vExtension": {
				"type": "String"
			},
			"vUnpackAndInfoError": {
				"type": "String"
			},
			"vErrorMessage_SQL_TPT": {
				"type": "String"
			},
			"vESPTriggers_status": {
				"type": "String"
			},
			"vChildItem": {
				"type": "Array"
			},
			"vZipStrategyDefault": {
				"type": "String"
			},
			"vZipStrategy_1": {
				"type": "String"
			},
			"vPlaceholder": {
				"type": "String"
			}
		},
		"folder": {
			"name": "TaskTemplates"
		},
		"annotations": []
	}
}