{
	"name": "ValidateActivityBlob",
	"properties": {
		"activities": [
			{
				"name": "ValidateBlob",
				"type": "Validation",
				"dependsOn": [],
				"userProperties": [],
				"typeProperties": {
					"dataset": {
						"referenceName": "azsadna_datasource_generic_adls2_json",
						"type": "DatasetReference",
						"parameters": {
							"path": {
								"value": "@pipeline().parameters.pSourceAssetPath",
								"type": "Expression"
							},
							"filename": {
								"value": "@pipeline().parameters.pSourceAssetName",
								"type": "Expression"
							},
							"StorageAccountServiceEndPoint": {
								"value": "@pipeline().parameters.pSourceStorageAccountServiceEndPoint",
								"type": "Expression"
							}
						}
					},
					"timeout": "0.01:00:00",
					"sleep": 5
				}
			},
			{
				"name": "set vErrorMessage",
				"type": "SetVariable",
				"dependsOn": [
					{
						"activity": "ValidateBlob",
						"dependencyConditions": [
							"Failed"
						]
					}
				],
				"userProperties": [],
				"typeProperties": {
					"variableName": "vErrorMessage",
					"value": {
						"value": "@if(equals(activity('ValidateBlob').output.Error,null)\n       ,concat('Timeout for azure function async result file  '\n             ,pipeline().parameters.pSourceAssetName\n             ,' in path '\n             ,pipeline().parameters.pSourceAssetPath\n             ,pipeline().parameters.pCustomErrorMessage\n       )\n       ,activity('ValidateBlob').output.Error.Message\n)",
						"type": "Expression"
					}
				}
			},
			{
				"name": "RunException",
				"type": "ExecutePipeline",
				"dependsOn": [
					{
						"activity": "set vErrorMessage",
						"dependencyConditions": [
							"Succeeded"
						]
					}
				],
				"userProperties": [],
				"typeProperties": {
					"pipeline": {
						"referenceName": "RunException",
						"type": "PipelineReference"
					},
					"waitOnCompletion": true,
					"parameters": {
						"pErrorMessage": {
							"value": "@variables('vErrorMessage')",
							"type": "Expression"
						},
						"pRunID": {
							"value": "@pipeline().parameters.pRunID",
							"type": "Expression"
						}
					}
				}
			}
		],
		"parameters": {
			"pSourceAssetPath": {
				"type": "string"
			},
			"pSourceAssetName": {
				"type": "string"
			},
			"pSourceStorageAccountServiceEndPoint": {
				"type": "string"
			},
			"pCustomErrorMessage": {
				"type": "string"
			},
			"pRunID": {
				"type": "string"
			}
		},
		"variables": {
			"vErrorMessage": {
				"type": "String"
			}
		},
		"folder": {
			"name": "Common/MultiStorageUtils"
		},
		"annotations": [],
		"lastPublishTime": "2021-03-11T17:44:24Z"
	},
	"type": "Microsoft.DataFactory/factories/pipelines"
}