{
	"name": "ValidateActivityDataLake",
	"properties": {
		"activities": [
			{
				"name": "set vErrorMessage",
				"type": "SetVariable",
				"dependsOn": [
					{
						"activity": "ValidateDataLake",
						"dependencyConditions": [
							"Failed"
						]
					}
				],
				"userProperties": [],
				"typeProperties": {
					"variableName": "vErrorMessage",
					"value": {
						"value": "@if(equals(activity('ValidateDataLake').output.Error,null)\n       ,concat('Timeout for azure function async result file  '\n             ,pipeline().parameters.pSourceAssetName\n             ,' in path '\n             ,pipeline().parameters.pSourceAssetPath\n             ,pipeline().parameters.pCustomErrorMessage\n       )\n       ,activity('ValidateDataLake').output.Error.Message\n)",
						"type": "Expression"
					}
				}
			},
			{
				"name": "RunException",
				"type": "ExecutePipeline",
				"dependsOn": [
					{
						"activity": "set vErrorMessage",
						"dependencyConditions": [
							"Succeeded"
						]
					}
				],
				"userProperties": [],
				"typeProperties": {
					"pipeline": {
						"referenceName": "RunException",
						"type": "PipelineReference"
					},
					"waitOnCompletion": true,
					"parameters": {
						"pErrorMessage": {
							"value": "@variables('vErrorMessage')",
							"type": "Expression"
						},
						"pRunID": {
							"value": "@pipeline().parameters.pRunID",
							"type": "Expression"
						}
					}
				}
			},
			{
				"name": "ValidateDataLake",
				"type": "Validation",
				"dependsOn": [],
				"userProperties": [],
				"typeProperties": {
					"dataset": {
						"referenceName": "azsadna_datasource_generic_adls2_json",
						"type": "DatasetReference",
						"parameters": {
							"path": {
								"value": "@pipeline().parameters.pSourceAssetPath",
								"type": "Expression"
							},
							"filename": {
								"value": "@pipeline().parameters.pSourceAssetName",
								"type": "Expression"
							},
							"StorageAccountServiceEndPoint": {
								"value": "@pipeline().parameters.pSourceStorageAccountServiceEndPoint",
								"type": "Expression"
							}
						}
					},
					"timeout": "7.00:00:00",
					"sleep": 10
				}
			}
		],
		"parameters": {
			"pSourceAssetPath": {
				"type": "string",
				"defaultValue": "rawhopper/filetoolresults/"
			},
			"pSourceAssetName": {
				"type": "string",
				"defaultValue": "@concat('rawhopper/filetoolresults/',string(b2d70bce-3546-4a3a-88e4-6a661fdaba47.json))"
			},
			"pSourceStorageAccountServiceEndPoint": {
				"type": "string",
				"defaultValue": "https://dapdevidfadls01.dfs.core.windows.net/"
			},
			"pCustomErrorMessage": {
				"type": "string",
				"defaultValue": "with input parameter body {     \\\"sourceAccount\\\":\\\"https://dapdevidfadls01.dfs.core.windows.net/\\\",\\n \\\"sourcePath\\\":\\\"/rawhopper/DNA-TestDataSupplier/DNA-TestSourceSystem/MEXICO_crp_customer/Historical/\\\",\\n \\\"file\\\":\\\"test_import.csv\\\",\\n \\\"assetId\\\":\\\"1705\\\",\\n \\\"taskId\\\":\\\"b2d70bce-3546-4a3a-88e4-6a661fdaba47\\\", \\n\\\"destAccount\\\":\\\"https://dapdevidfadls01.dfs.core.windows.net/\\\",  \\\"destPath\\\":\\\"/raw/DNA-TestDataSupplier/DNA-TestSourceSystem/MEXICO_crp_customer/Historical/\\\"\\n}"
			},
			"pRunID": {
				"type": "string",
				"defaultValue": "b2d70bce-3546-4a3a-88e4-6a661fdaba47"
			}
		},
		"variables": {
			"vErrorMessage": {
				"type": "String"
			}
		},
		"folder": {
			"name": "Common/MultiStorageUtils"
		},
		"annotations": [],
		"lastPublishTime": "2021-03-11T17:44:25Z"
	},
	"type": "Microsoft.DataFactory/factories/pipelines"
}