{
	"name": "ValidAssetProcessRaw",
	"properties": {
		"activities": [
			{
				"name": "ForEachTask",
				"description": "",
				"type": "ForEach",
				"dependsOn": [
					{
						"activity": "GetFeedTasks",
						"dependencyConditions": [
							"Succeeded"
						]
					}
				],
				"userProperties": [],
				"typeProperties": {
					"items": {
						"value": "@activity('GetFeedTasks').output.value",
						"type": "Expression"
					},
					"isSequential": true,
					"activities": [
						{
							"name": "Select Task to Execute",
							"description": "We only allow here the tasks applying to RAW. \nOther tasks applying to LANDING are skipped",
							"type": "Switch",
							"dependsOn": [],
							"userProperties": [],
							"typeProperties": {
								"on": {
									"value": "@item().FeedTaskDescription",
									"type": "Expression"
								},
								"cases": [
									{
										"value": "Move from Landing to Raw",
										"activities": [
											{
												"name": "Skip Move from Landing-does not apply to Raw",
												"type": "Wait",
												"dependsOn": [],
												"userProperties": [],
												"typeProperties": {
													"waitTimeInSeconds": 1
												}
											}
										]
									},
									{
										"value": "Unpack File",
										"activities": [
											{
												"name": "Skip Unpack-does not apply to Raw",
												"type": "Wait",
												"dependsOn": [],
												"userProperties": [],
												"typeProperties": {
													"waitTimeInSeconds": 1
												}
											}
										]
									},
									{
										"value": "Move from Raw to Cleansed",
										"activities": [
											{
												"name": "Move File from Raw To Cleansed",
												"type": "ExecutePipeline",
												"dependsOn": [],
												"userProperties": [],
												"typeProperties": {
													"pipeline": {
														"referenceName": "FileMoveFromRawToCleansed_allformat",
														"type": "PipelineReference"
													},
													"waitOnCompletion": true,
													"parameters": {
														"pAssetName": {
															"value": "@pipeline().parameters.pAssetName",
															"type": "Expression"
														},
														"primalPipelineRunId": {
															"value": "@pipeline().parameters.primalPipelineRunId",
															"type": "Expression"
														},
														"parentPipelineRunId": {
															"value": "@pipeline().parameters.parentPipelineRunId",
															"type": "Expression"
														},
														"currentFeedJobTask": {
															"value": "@item()",
															"type": "Expression"
														},
														"pMD5": {
															"value": "@pipeline().parameters.pMD5",
															"type": "Expression"
														},
														"pSize": {
															"value": "@pipeline().parameters.pSize",
															"type": "Expression"
														},
														"pNrRecords": {
															"value": "@pipeline().parameters.pNrRecords",
															"type": "Expression"
														},
														"pParentAssetId": {
															"value": "@pipeline().parameters.pParentAssetId",
															"type": "Expression"
														},
														"pAssetId": {
															"value": "@pipeline().parameters.pAssetId",
															"type": "Expression"
														},
														"pAssetPath": {
															"value": "@pipeline().parameters.pAssetPath",
															"type": "Expression"
														},
														"pFeedId": {
															"value": "@pipeline().parameters.pFeedId",
															"type": "Expression"
														},
														"pFeedTaskJSON": {
															"value": "@activity('GetFeedTasks').output.value",
															"type": "Expression"
														},
														"pParentRunLogID": {
															"value": "@pipeline().parameters.pParentRunLogID",
															"type": "Expression"
														}
													}
												}
											}
										]
									}
								],
								"defaultActivities": [
									{
										"name": "WaitNoActivity",
										"type": "Wait",
										"dependsOn": [],
										"userProperties": [],
										"typeProperties": {
											"waitTimeInSeconds": 1
										}
									}
								]
							}
						}
					]
				}
			},
			{
				"name": "GetFeedTasks",
				"type": "Lookup",
				"dependsOn": [],
				"policy": {
					"timeout": "7.00:00:00",
					"retry": 0,
					"retryIntervalInSeconds": 30,
					"secureOutput": false,
					"secureInput": false
				},
				"userProperties": [],
				"typeProperties": {
					"source": {
						"type": "AzureSqlSource",
						"sqlReaderStoredProcedureName": "[idfwba].[FeedTaskGet]",
						"storedProcedureParameters": {
							"pFeedId": {
								"type": "String",
								"value": {
									"value": "@pipeline().parameters.pFeedId",
									"type": "Expression"
								}
							}
						},
						"queryTimeout": "02:00:00",
						"partitionOption": "None"
					},
					"dataset": {
						"referenceName": "azsadna_datasource_generic_mssql",
						"type": "DatasetReference",
						"parameters": {
							"schema": "idfwba",
							"table": "FEEDTASK"
						}
					},
					"firstRowOnly": false
				}
			}
		],
		"parameters": {
			"pFeedId": {
				"type": "string"
			},
			"pAssetName": {
				"type": "string"
			},
			"pAssetPath": {
				"type": "string"
			},
			"primalPipelineRunId": {
				"type": "string"
			},
			"parentPipelineRunId": {
				"type": "string"
			},
			"pAssetId": {
				"type": "string"
			},
			"pParentAssetId": {
				"type": "string"
			},
			"pMD5": {
				"type": "string"
			},
			"pNrRecords": {
				"type": "string"
			},
			"pSize": {
				"type": "string"
			},
			"pParentRunLogID": {
				"type": "string"
			}
		},
		"variables": {
			"vProcessStart": {
				"type": "String"
			},
			"vExtension": {
				"type": "String"
			}
		},
		"folder": {
			"name": "Process/Ingestion"
		},
		"annotations": [],
		"lastPublishTime": "2021-03-11T17:44:29Z"
	},
	"type": "Microsoft.DataFactory/factories/pipelines"
}