{
	"name": "ValidAssetProcessLanding",
	"properties": {
		"activities": [
			{
				"name": "ForEachTask",
				"description": "",
				"type": "ForEach",
				"dependsOn": [
					{
						"activity": "GetFeedTasks",
						"dependencyConditions": [
							"Succeeded"
						]
					}
				],
				"userProperties": [],
				"typeProperties": {
					"items": {
						"value": "@activity('GetFeedTasks').output.value",
						"type": "Expression"
					},
					"isSequential": true,
					"activities": [
						{
							"name": "If_FileInQuarantine",
							"description": "If the file has been moved to quarantine in a previous iteration, don't run this one.\nWe use Indexof in the expression to simulate a LIKE '%quarantine%'",
							"type": "IfCondition",
							"dependsOn": [
								{
									"activity": "AssetFetchProperties",
									"dependencyConditions": [
										"Succeeded"
									]
								}
							],
							"userProperties": [],
							"typeProperties": {
								"expression": {
									"value": "@equals(activity('AssetFetchProperties').output.firstRow.AssetStatusID,'24015')",
									"type": "Expression"
								},
								"ifFalseActivities": [
									{
										"name": "Select Task to Execute",
										"description": "We only allow here the tasks applying to LANDING. \nOther tasks applying to RAW are skipped",
										"type": "Switch",
										"dependsOn": [],
										"userProperties": [],
										"typeProperties": {
											"on": {
												"value": "@item().FeedTaskDescription",
												"type": "Expression"
											},
											"cases": [
												{
													"value": "Move from Landing to Raw",
													"activities": [
														{
															"name": "FileMoveFromLandingToRaw",
															"type": "ExecutePipeline",
															"dependsOn": [],
															"userProperties": [],
															"typeProperties": {
																"pipeline": {
																	"referenceName": "FileMoveFromLandingToRaw_allformat",
																	"type": "PipelineReference"
																},
																"waitOnCompletion": true,
																"parameters": {
																	"pAssetName": {
																		"value": "@pipeline().parameters.pAssetName",
																		"type": "Expression"
																	},
																	"pAssetPath": {
																		"value": "@pipeline().parameters.pAssetPath",
																		"type": "Expression"
																	},
																	"primalPipelineRunId": {
																		"value": "@pipeline().parameters.primalPipelineRunId",
																		"type": "Expression"
																	},
																	"parentPipelineRunId": {
																		"value": "@pipeline().RunId",
																		"type": "Expression"
																	},
																	"currentFeedJobTask": {
																		"value": "@item()",
																		"type": "Expression"
																	},
																	"pAssetID": {
																		"value": "@pipeline().parameters.pAssetID",
																		"type": "Expression"
																	},
																	"pParentRunLogID": {
																		"value": "@pipeline().parameters.pParentRunLogID",
																		"type": "Expression"
																	}
																}
															}
														}
													]
												},
												{
													"value": "Unpack File",
													"activities": [
														{
															"name": "FileUnpackToRaw",
															"type": "ExecutePipeline",
															"dependsOn": [],
															"userProperties": [],
															"typeProperties": {
																"pipeline": {
																	"referenceName": "FileUnpackToRaw",
																	"type": "PipelineReference"
																},
																"waitOnCompletion": true,
																"parameters": {
																	"pAssetName": {
																		"value": "@pipeline().parameters.pAssetName",
																		"type": "Expression"
																	},
																	"pAssetPath": {
																		"value": "@pipeline().parameters.pAssetPath",
																		"type": "Expression"
																	},
																	"pCurrentFeedJobTask": {
																		"value": "@item() ",
																		"type": "Expression"
																	},
																	"primalPipelineRunId": {
																		"value": "@pipeline().parameters.primalPipelineRunId",
																		"type": "Expression"
																	},
																	"parentPipelineRunId": {
																		"value": "@pipeline().RunId",
																		"type": "Expression"
																	},
																	"pAssetId": {
																		"value": "@pipeline().parameters.pAssetId",
																		"type": "Expression"
																	},
																	"pParentRunLogID": {
																		"value": "@pipeline().parameters.pParentRunLogID",
																		"type": "Expression"
																	}
																}
															}
														}
													]
												},
												{
													"value": "Move from Raw to Cleansed",
													"activities": [
														{
															"name": "Skip-does not apply to Landing",
															"type": "Wait",
															"dependsOn": [],
															"userProperties": [],
															"typeProperties": {
																"waitTimeInSeconds": 1
															}
														}
													]
												},
												{
													"value": "Export Azure SQL Data",
													"activities": [
														{
															"name": "DataExportFromAzureSQLToRaw",
															"type": "ExecutePipeline",
															"dependsOn": [],
															"userProperties": [],
															"typeProperties": {
																"pipeline": {
																	"referenceName": "DataExportFromAzureSQLToRaw",
																	"type": "PipelineReference"
																},
																"waitOnCompletion": true,
																"parameters": {
																	"currentFeedJobTask": {
																		"value": "@item()",
																		"type": "Expression"
																	},
																	"pAssetName": {
																		"value": "@pipeline().parameters.pAssetName",
																		"type": "Expression"
																	},
																	"pAssetID": {
																		"value": "@pipeline().parameters.pAssetId",
																		"type": "Expression"
																	},
																	"pAssetPath": {
																		"value": "@pipeline().parameters.pAssetName",
																		"type": "Expression"
																	},
																	"primalPipelineRunId": {
																		"value": "@pipeline().parameters.primalPipelineRunId",
																		"type": "Expression"
																	},
																	"parentPipelineRunId": {
																		"value": "@pipeline().RunId",
																		"type": "Expression"
																	}
																}
															}
														}
													]
												}
											],
											"defaultActivities": [
												{
													"name": "WaitNoActivity",
													"type": "Wait",
													"dependsOn": [],
													"userProperties": [],
													"typeProperties": {
														"waitTimeInSeconds": 1
													}
												}
											]
										}
									}
								],
								"ifTrueActivities": [
									{
										"name": "PLACEHOLDER_FileInQuarantine",
										"description": "The file has been previously moved to quarantine, do not run the task.",
										"type": "Wait",
										"dependsOn": [],
										"userProperties": [],
										"typeProperties": {
											"waitTimeInSeconds": 1
										}
									}
								]
							}
						},
						{
							"name": "AssetFetchProperties",
							"type": "Lookup",
							"dependsOn": [],
							"policy": {
								"timeout": "7.00:00:00",
								"retry": 0,
								"retryIntervalInSeconds": 30,
								"secureOutput": false,
								"secureInput": false
							},
							"userProperties": [],
							"typeProperties": {
								"source": {
									"type": "AzureSqlSource",
									"sqlReaderStoredProcedureName": "[idfwba].[AssetFetchProperties]",
									"storedProcedureParameters": {
										"pAssetID": {
											"type": "String",
											"value": {
												"value": "@pipeline().parameters.pAssetId",
												"type": "Expression"
											}
										},
										"pAssetName": {
											"type": "String",
											"value": {
												"value": "@pipeline().parameters.pAssetName",
												"type": "Expression"
											}
										},
										"pAssetPath": {
											"type": "String",
											"value": {
												"value": "@pipeline().parameters.pAssetPath",
												"type": "Expression"
											}
										},
										"pOnlyActiveFeedsFlag": {
											"type": "String",
											"value": "1"
										}
									},
									"queryTimeout": "02:00:00",
									"partitionOption": "None"
								},
								"dataset": {
									"referenceName": "azsadna_datasource_generic_mssql",
									"type": "DatasetReference",
									"parameters": {
										"schema": "idfwba",
										"table": "FEED"
									}
								}
							}
						}
					]
				}
			},
			{
				"name": "GetFeedTasks",
				"type": "Lookup",
				"dependsOn": [],
				"policy": {
					"timeout": "7.00:00:00",
					"retry": 0,
					"retryIntervalInSeconds": 30,
					"secureOutput": false,
					"secureInput": false
				},
				"userProperties": [],
				"typeProperties": {
					"source": {
						"type": "AzureSqlSource",
						"sqlReaderStoredProcedureName": "[idfwba].[FeedTaskGet]",
						"storedProcedureParameters": {
							"pFeedId": {
								"type": "String",
								"value": {
									"value": "@pipeline().parameters.pFeedId",
									"type": "Expression"
								}
							}
						},
						"queryTimeout": "02:00:00",
						"partitionOption": "None"
					},
					"dataset": {
						"referenceName": "azsadna_datasource_generic_mssql",
						"type": "DatasetReference",
						"parameters": {
							"schema": "idfwba",
							"table": "FEEDTASK"
						}
					},
					"firstRowOnly": false
				}
			}
		],
		"parameters": {
			"pFeedId": {
				"type": "string"
			},
			"pAssetName": {
				"type": "string"
			},
			"pAssetPath": {
				"type": "string"
			},
			"primalPipelineRunId": {
				"type": "string"
			},
			"parentPipelineRunId": {
				"type": "string"
			},
			"pAssetId": {
				"type": "string"
			},
			"pParentRunLogID": {
				"type": "string"
			}
		},
		"variables": {
			"vProcessStart": {
				"type": "String"
			}
		},
		"folder": {
			"name": "Process/Ingestion"
		},
		"annotations": [],
		"lastPublishTime": "2021-03-11T17:44:29Z"
	},
	"type": "Microsoft.DataFactory/factories/pipelines"
}