{
	"name": "ADLS_Binary",
	"properties": {
		"linkedServiceName": {
			"referenceName": "Adls_wrangled",
			"type": "LinkedServiceReference"
		},
		"parameters": {
			"ADLS_PATH": {
				"type": "string"
			}
		},
		"folder": {
			"name": "Platform_Data_migration"
		},
		"annotations": [],
		"type": "Binary",
		"typeProperties": {
			"location": {
				"type": "AzureBlobFSLocation",
				"folderPath": {
					"value": "@dataset().ADLS_PATH",
					"type": "Expression"
				},
				"fileSystem": "wrangled"
			}
		}
	},
	"type": "Microsoft.DataFactory/factories/datasets"
}