{
	"name": "ADLS_cold_storage_binary",
	"properties": {
		"linkedServiceName": {
			"referenceName": "ADLS_Cold_Storage",
			"type": "LinkedServiceReference"
		},
		"parameters": {
			"ADLS_PATH": {
				"type": "string"
			},
			"ADLS_CONTAINER": {
				"type": "string"
			}
		},
		"annotations": [],
		"type": "Binary",
		"typeProperties": {
			"location": {
				"type": "AzureBlobFSLocation",
				"folderPath": "@dataset().ADLS_PATH",
				"fileSystem": {
					"value": "@dataset().ADLS_CONTAINER",
					"type": "Expression"
				}
			}
		}
	}
}