{
	"name": "ADLS_Input_SnowFlakeDDL",
	"properties": {
		"linkedServiceName": {
			"referenceName": "Adls_wrangled",
			"type": "LinkedServiceReference"
		},
		"parameters": {
			"Migration_Folder": {
				"type": "string"
			}
		},
		"annotations": [],
		"type": "Binary",
		"typeProperties": {
			"location": {
				"type": "AzureBlobFSLocation",
				"fileName": {
					"value": "@dataset().Migration_Folder",
					"type": "Expression"
				},
				"folderPath": "migration_dml",
				"fileSystem": "wrangled/common/historical_data_migration"
			}
		}
	}
}