{
	"name": "ds_adlslocationformappingfile",
	"properties": {
		"linkedServiceName": {
			"referenceName": "Adls_wrangled",
			"type": "LinkedServiceReference"
		},
		"parameters": {
			"adlsfoldermapping": {
				"type": "string"
			}
		},
		"annotations": [],
		"type": "DelimitedText",
		"typeProperties": {
			"location": {
				"type": "AzureBlobFSLocation",
				"folderPath": {
					"value": "@dataset().adlsfoldermapping",
					"type": "Expression"
				},
				"fileSystem": "wrangled"
			},
			"columnDelimiter": ",",
			"escapeChar": "",
			"quoteChar": ""
		},
		"schema": [
			{
				"type": "String"
			},
			{
				"type": "String"
			},
			{
				"type": "String"
			},
			{
				"type": "String"
			}
		]
	}
}