{
	"name": "ds_im_idh_hdfs_adls_mapping",
	"properties": {
		"linkedServiceName": {
			"referenceName": "Adls_wrangled",
			"type": "LinkedServiceReference"
		},
		"parameters": {
			"filename": {
				"type": "string"
			}
		},
		"annotations": [],
		"type": "DelimitedText",
		"typeProperties": {
			"location": {
				"type": "AzureBlobFSLocation",
				"fileName": "@dataset().filename",
				"folderPath": "common/im_idh_incremental_migration/hdfs_adls_mapping",
				"fileSystem": "wrangled"
			},
			"columnDelimiter": ",",
			"escapeChar": "\\",
			"quoteChar": "\""
		},
		"schema": []
	}
}