{
	"name": "idh_hdfs_adls_csv",
	"properties": {
		"linkedServiceName": {
			"referenceName": "Adls_wrangled",
			"type": "LinkedServiceReference"
		},
		"parameters": {
			"createtablefilename": {
				"type": "string"
			}
		},
		"annotations": [],
		"type": "DelimitedText",
		"typeProperties": {
			"location": {
				"type": "AzureBlobFSLocation",
				"fileName": {
					"value": "@dataset().createtablefilename",
					"type": "Expression"
				},
				"folderPath": "idh_tframework/tf_mapping",
				"fileSystem": "wrangled"
			},
			"columnDelimiter": ",",
			"escapeChar": "\\",
			"quoteChar": "\""
		},
		"schema": []
	}
}