{
	"name": "incremental_batch_orch_param",
	"properties": {
		"linkedServiceName": {
			"referenceName": "Sftp_batch",
			"type": "LinkedServiceReference",
			"parameters": {
				"host_name": {
					"value": "@dataset().host",
					"type": "Expression"
				},
				"user_name": {
					"value": "@dataset().user",
					"type": "Expression"
				},
				"secret_name": {
					"value": "@dataset().secret",
					"type": "Expression"
				},
				"passphrase_name": {
					"value": "@dataset().pass",
					"type": "Expression"
				}
			}
		},
		"parameters": {
			"file_name": {
				"type": "string"
			},
			"host": {
				"type": "string"
			},
			"secret": {
				"type": "string"
			},
			"pass": {
				"type": "string"
			},
			"user": {
				"type": "string"
			}
		},
		"annotations": [],
		"type": "Binary",
		"typeProperties": {
			"location": {
				"type": "SftpLocation",
				"fileName": {
					"value": "@dataset().file_name",
					"type": "Expression"
				},
				"folderPath": {
					"value": "@if(\n  equals(\n    pipeline().DataFactory,'dapdevutladf01'\n  ),'/grid/0/incremental_batch/dev/lockfile/orchestration',if(\n    equals(\n     pipeline().DataFactory,'daptestutladf01'\n    ),'/grid/0/incremental_batch/test/lockfile/orchestration',if(\n\t  equals(\n\t    pipeline().DataFactory,'dapuatutladf01'\n      ),'/grid/1/incremental_batch/uat/lockfile/orchestration',if(\n\t    equals(\n\t\t pipeline().DataFactory,'dapprodutladf01'\n\t\t),'/grid/1/incremental_batch/prod/lockfile/orchestration','error: environment not found'\n      )\n\t)\n  )\n)",
					"type": "Expression"
				}
			}
		}
	}
}