{
	"name": "incremental_batch_1_source_copy_212_15_copy3",
	"properties": {
		"linkedServiceName": {
			"referenceName": "Sftp1_pla_w02dna03_212_15",
			"type": "LinkedServiceReference"
		},
		"annotations": [],
		"type": "Binary",
		"typeProperties": {
			"location": {
				"type": "SftpLocation",
				"folderPath": {
					"value": "@if(\n  equals(\n    pipeline().DataFactory,'dapdevutladf01'\n  ),'/grid/0/incremental_batch/dev/data/transfer_ready',if(\n    equals(\n     pipeline().DataFactory,'daptestutladf01'\n    ),'/grid/0/incremental_batch/test/data/transfer_ready',if(\n\t  equals(\n\t    pipeline().DataFactory,'dapuatutladf01'\n      ),'/grid/1/incremental_batch/uat/data/transfer_ready',if(\n\t    equals(\n\t\t pipeline().DataFactory,'dapprodutladf01'\n\t\t),'/grid/1/incremental_batch/prod/data/transfer_ready','error: environment not found'\n      )\n\t)\n  )\n)",
					"type": "Expression"
				}
			}
		}
	}
}