{
	"name": "onprem_adls_datacopy_mapping",
	"properties": {
		"linkedServiceName": {
			"referenceName": "Adls_wrangled",
			"type": "LinkedServiceReference"
		},
		"annotations": [],
		"type": "DelimitedText",
		"typeProperties": {
			"location": {
				"type": "AzureBlobFSLocation",
				"fileName": "sftdatacopylocationmapping.csv",
				"folderPath": "common/sftdatacopylocationmapping",
				"fileSystem": "wrangled"
			},
			"columnDelimiter": ",",
			"escapeChar": "\\",
			"quoteChar": "\""
		},
		"schema": []
	}
}