{
	"name": "onprem_stageadls_datacopy_mappingfiles",
	"properties": {
		"linkedServiceName": {
			"referenceName": "Adls_DapDevAdlsStage",
			"type": "LinkedServiceReference"
		},
		"annotations": [],
		"type": "DelimitedText",
		"typeProperties": {
			"location": {
				"type": "AzureBlobFSLocation",
				"fileName": "sftdatacopylocationmapping.csv",
				"folderPath": "Common/sftdatacopylocationmapping",
				"fileSystem": "staging"
			},
			"columnDelimiter": ",",
			"escapeChar": "\\",
			"quoteChar": "\""
		},
		"schema": [
			{
				"type": "String"
			},
			{
				"type": "String"
			}
		]
	}
}