{
    "name": "sftp_onprem_adls_mappingfile",
    "properties": {
        "linkedServiceName": {
            "referenceName": "onprem_adls_Sftp",
            "type": "LinkedServiceReference"
        },
        "parameters": {
            "folderpath": {
                "type": "string"
            }
        },
        "annotations": [],
        "type": "DelimitedText",
        "typeProperties": {
            "location": {
                "type": "SftpLocation",
                "folderPath": {
                    "value": "@dataset().folderpath",
                    "type": "Expression"
                }
            },
            "columnDelimiter": "|",
            "escapeChar": "\\",
            "quoteChar": ""
        },
        "schema": []
    }
}