{
    "name": "sftp_onprem_Archive_Location",
    "properties": {
        "linkedServiceName": {
            "referenceName": "onprem_adls_Sftp",
            "type": "LinkedServiceReference"
        },
        "annotations": [],
        "type": "DelimitedText",
        "typeProperties": {
            "location": {
                "type": "SftpLocation",
                "folderPath": "/tmp/copytoadls/archive"
            },
            "columnDelimiter": ",",
            "escapeChar": "",
            "quoteChar": ""
        },
        "schema": [
            {
                "type": "String"
            }
        ]
    }
}