{
	"name": "StageADLS",
	"properties": {
		"linkedServiceName": {
			"referenceName": "Adls_DapDevAdlsStage",
			"type": "LinkedServiceReference"
		},
		"parameters": {
			"mig_folder": {
				"type": "string"
			}
		},
		"annotations": [],
		"type": "Binary",
		"typeProperties": {
			"location": {
				"type": "AzureBlobFSLocation",
				"folderPath": {
					"value": "@dataset().mig_folder",
					"type": "Expression"
				},
				"fileSystem": "staging/Common/historical_data_migration"
			}
		}
	}
}