{
    "name": "azbatch_unencryptutil",
    "properties": {
        "description": "Batch linked service for the unencryption project.",
        "annotations": [],
        "type": "AzureBatch",
        "typeProperties": {
            "batchUri": "https://nprodataneppbatsvc01.northeurope.batch.azure.com",
            "poolName": "nprodataneppdecbpool01",
            "accountName": "nprodataneppbatsvc01",
            "linkedServiceName": {
                "referenceName": "azbatch_blob",
                "type": "LinkedServiceReference"
            },
            "accessKey": {
                "type": "AzureKeyVaultSecret",
                "store": {
                    "referenceName": "azkvdna_mvp_secretstore",
                    "type": "LinkedServiceReference"
                },
                "secretName": "nprodataneppbatsvc01-key"
            }
        },
        "connectVia": {
            "referenceName": "dna-ir01",
            "type": "IntegrationRuntimeReference"
        }
    }
}