{
	"name": "azbatch_blob",
	"type": "Microsoft.DataFactory/factories/linkedservices",
	"properties": {
		"annotations": [],
		"type": "AzureBlobStorage",
		"typeProperties": {
			"connectionString": "DefaultEndpointsProtocol=https;AccountName=nprodataneppsa01;",
			"accountKey": {
				"type": "AzureKeyVaultSecret",
				"store": {
					"referenceName": "azkvdna_mvp_secretstore",
					"type": "LinkedServiceReference"
				},
				"secretName": "nprodataneppsa01-key"
			}
		},
		"connectVia": {
			"referenceName": "dna-ir01",
			"type": "IntegrationRuntimeReference"
		}
	}
}