{
	"name": "azbatch_fxlen",
	"properties": {
		"annotations": [],
		"type": "AzureBatch",
		"typeProperties": {
			"accountName": "nprodataneppbatsvc01",
			"accessKey": {
				"type": "AzureKeyVaultSecret",
				"store": {
					"referenceName": "azkvdna_mvp_secretstore_app",
					"type": "LinkedServiceReference"
				},
				"secretName": "nprodataneppbatsvc01-key"
			},
			"batchUri": "https://nprodataneppbatsvc01.northeurope.batch.azure.com",
			"poolName": "nprodataneppbatpool04",
			"linkedServiceName": {
				"referenceName": "azbatch_blob",
				"type": "LinkedServiceReference"
			}
		},
		"connectVia": {
			"referenceName": "dna-ir01",
			"type": "IntegrationRuntimeReference"
		}
	},
	"type": "Microsoft.DataFactory/factories/linkedservices"
}