{
	"name": "azbatch_egressutil",
	"properties": {
		"description": "Azure batch linked service to connect to the new configured batch pool made for MarTech Egress.",
		"annotations": [],
		"type": "AzureBatch",
		"typeProperties": {
			"batchUri": "https://nprodataneppbatsvc01.northeurope.batch.azure.com",
			"poolName": "nprodataneppbpool2021100739",
			"accountName": "nprodataneppbatsvc01",
			"linkedServiceName": {
				"referenceName": "azbatch_blob",
				"type": "LinkedServiceReference"
			},
			"accessKey": {
				"type": "AzureKeyVaultSecret",
				"store": {
					"referenceName": "azkvdna_mvp_secretstore",
					"type": "LinkedServiceReference"
				},
				"secretName": "nprodataneppbatsvc01-key"
			}
		},
		"connectVia": {
			"referenceName": "dna-ir01",
			"type": "IntegrationRuntimeReference"
		}
	}
}