{
	"name": "azfnapp_curated_datamapping",
	"properties": {
		"annotations": [],
		"type": "AzureFunction",
		"typeProperties": {
			"functionAppUrl": "https://nprodataneppfnapp02.azurewebsites.net",
			"functionKey": {
				"type": "AzureKeyVaultSecret",
				"store": {
					"referenceName": "azkvdna_mvp_secretstore_app",
					"type": "LinkedServiceReference"
				},
				"secretName": "nprodataneppfnapp02-key"
			},
			"authentication": "Anonymous"
		},
		"connectVia": {
			"referenceName": "dna-ir01",
			"type": "IntegrationRuntimeReference"
		}
	}
}