{
	"name": "azls_rprs_delta_databriks",
	"properties": {
		"annotations": [],
		"type": "AzureDatabricks",
		"typeProperties": {
			"domain": "https://adb-7474142764047398.18.azuredatabricks.net/",
			"authentication": "MSI",
			"workspaceResourceId": "/subscriptions/ef96be94-eb8b-4cb0-950d-151cda7e92ed/resourceGroups/npro-dna-pre-northeurope-main01/providers/Microsoft.Databricks/workspaces/npro-dna-gdh-pre-ps-ne-adb01",
			"existingClusterId": "0719-095821-evmio6oj"
		},
		"connectVia": {
			"referenceName": "dna-ir01",
			"type": "IntegrationRuntimeReference"
		}
	}
}