{
	"name": "azsanegdh_generic_blob",
	"type": "Microsoft.DataFactory/factories/linkedservices",
	"properties": {
		"type": "AzureBlobStorage",
		"description": "Generic Blob Storage Account connection",
		"annotations": [],
		"typeProperties": {
			"serviceEndpoint": "@{linkedService().StorageAccountServiceEndPoint}"
		},
		"parameters": {
			"StorageAccountServiceEndPoint": {
				"type": "String"
			}
		},
		"connectVia": {
			"referenceName": "dna-ir01",
			"type": "IntegrationRuntimeReference"
		}
	}
}