{
	"name": "azsqldbdna_rprs_ods",
	"properties": {
		"description": "SQL database to work on housekeeping rules for RPRS projects",
		"annotations": [],
		"type": "AzureSqlDatabase",
		"typeProperties": {
			"connectionString": "Integrated Security=False;Encrypt=True;Connection Timeout=30;Data Source=npro-dna-northeurope-pre-ssrv01.database.windows.net;Initial Catalog=DNARPRSODSSDB01;User ID=gssadmin",
			"password": {
				"type": "AzureKeyVaultSecret",
				"store": {
					"referenceName": "azkvdna_mvp_secretstore_dbs",
					"type": "LinkedServiceReference"
				},
				"secretName": "SQL-Admin-Password"
			}
		},
		"connectVia": {
			"referenceName": "dna-ir01",
			"type": "IntegrationRuntimeReference"
		}
	}
}