{
	"name": "azsqldna_generic_database",
	"properties": {
		"parameters": {
			"serverEndPoint": {
				"type": "string"
			},
			"database": {
				"type": "string"
			}
		},
		"annotations": [],
		"type": "AzureSqlDatabase",
		"typeProperties": {
			"connectionString": "Integrated Security=False;Encrypt=True;Connection Timeout=30;Data Source=@{linkedService().serverEndPoint};Initial Catalog=@{linkedService().database};User ID=gssadmin",
			"password": {
				"type": "AzureKeyVaultSecret",
				"store": {
					"referenceName": "azkvdna_mvp_secretstore_dbs",
					"type": "LinkedServiceReference"
				},
				"secretName": "SQL-Admin-Password"
			}
		}
	}
}