{
	"name": "azsyndna_curated_dw",
	"properties": {
		"annotations": [],
		"type": "AzureSqlDW",
		"typeProperties": {
			"connectionString": "Integrated Security=False;Encrypt=True;Connection Timeout=30;Data Source=npro-dna-northeurope-pre-ssrv01.database.windows.net;Initial Catalog=npro-data-northeurope-pre-dwh-01;User ID=gssadmin",
			"password": {
				"type": "AzureKeyVaultSecret",
				"store": {
					"referenceName": "azkvdna_mvp_secretstore_dbs",
					"type": "LinkedServiceReference"
				},
				"secretName": "SQL-Admin-Password"
			}
		},
		"connectVia": {
			"referenceName": "dna-ir01",
			"type": "IntegrationRuntimeReference"
		}
	},
	"type": "Microsoft.DataFactory/factories/linkedservices"
}