{
	"name": "GB_SAP_TABLE_CONNECTOR",
	"properties": {
		"annotations": [],
		"type": "SapTable",
		"typeProperties": {
			"clientId": "500",
			"language": "",
			"sncMode": false,
			"userName": "TEST_ADF",
			"password": {
				"type": "AzureKeyVaultSecret",
				"store": {
					"referenceName": "azkvdna_mvp_secretstore_dbs",
					"type": "LinkedServiceReference"
				},
				"secretName": "sm-gbsap-password"
			},
			"server": "10.224.12.150",
			"systemNumber": "00"
		},
		"connectVia": {
			"referenceName": "dna-ir01",
			"type": "IntegrationRuntimeReference"
		}
	}
}