{
	"name": "GDH_EDI",
	"type": "Microsoft.DataFactory/factories/linkedservices",
	"properties": {
		"description": "EDI Data Connection for GBA Ulta",
		"annotations": [],
		"type": "Oracle",
		"typeProperties": {
			"connectionString": "host=gb1brudbsp01.corp.internal;port=1624;serviceName=BRUSAP01;user id=BRUSA_QV",
			"password": {
				"type": "AzureKeyVaultSecret",
				"store": {
					"referenceName": "azkvdna_mvp_secretstore_dbs",
					"type": "LinkedServiceReference"
				},
				"secretName": "Oracle-BRUSA-Ulta-EDI-BRUSAP01-user-BRUSA-QV-Password"
			}
		},
		"connectVia": {
			"referenceName": "dna-ir01",
			"type": "IntegrationRuntimeReference"
		}
	}
}