{
	"name": "onprem_voltage_sftp",
	"properties": {
		"parameters": {
			"pSecretName": {
				"type": "string"
			}
		},
		"annotations": [],
		"type": "Sftp",
		"typeProperties": {
			"host": "10.142.145.34",
			"port": 22,
			"skipHostKeyValidation": true,
			"authenticationType": "SshPublicKey",
			"userName": "S-CEPPrePVoltagedna",
			"privateKeyContent": {
				"type": "AzureKeyVaultSecret",
				"store": {
					"referenceName": "azkvdna_mvp_secretstore",
					"type": "LinkedServiceReference"
				},
				"secretName": {
					"value": "@linkedService().pSecretName",
					"type": "Expression"
				}
			}
		},
		"connectVia": {
			"referenceName": "dna-ir01",
			"type": "IntegrationRuntimeReference"
		}
	}
}