{
	"project_name": "BUKOPMS",
	"config_type": "etl",
	"description": "",
	"data_source": [],
	"report_path": "/mnt/idf-reports/BTUKOPTIT/BUKOPMS/BTCOPT_PATIENT_CONTACT_LENS_SPECIFICATION_BUKOPMS_Incr/Incremental/CurateADLS/",
	"cards": [
		{
			"card_id": "card_0",
			"card_dependencies": [],
			"label": "Read_Delta 0",
			"card_type": "read_delta",
			"description": "reading standard location",
			"data_path": "/mnt/idf-curatestandard/BTUKOPTIT/BUKOPMS/BTCOPT_PATIENT_CONTACT_LENS_SPECIFICATION_BUKOPMS_Incr/Incremental",
			"output_table": "order1"
		},
		{
			"card_id": "card_1",
			"card_dependencies": [
				"card_0"
			],
			"label": "Apply_Filter 1",
			"card_type": "apply_filter",
			"description": "filtering records with RunDateTime",
			"input_table": "order1",
			"output_table": "order2",
			"filter": [],
			"unmatch_data": false
		},
		{
			"card_id": "card_16",
			"card_dependencies": [],
			"label": "Read_Delta 15",
			"card_type": "read_delta",
			"description": "reading standard backup location",
			"data_path": "/mnt/idf-curatestandard/BTUKOPTIT/BUKOPMS/BTCOPT_PATIENT_CONTACT_LENS_SPECIFICATION_BUKOPMS_Incr/BackUp",
			"output_table": "order14"
		},
		{
			"card_id": "card_2",
			"card_dependencies": [],
			"label": "Read_Table 2",
			"card_type": "read_table",
			"description": "Read Synapse table",
			"query": "select * from curate_enterprise.reflovsetinfo",
			"temp_table_name": "reflovsetinfo",
			"partition_column_list": ""
		},
		{
			"card_id": "card_100",
			"card_dependencies": [
				"card_16",
				"card_1"
			],
			"label": "Read_Table 100",
			"card_type": "read_table",
			"description": "Union with backup table",
			"query": "select * from order2 union select * from order14",
			"temp_table_name": "order100",
			"partition_column_list": ""
		},
		{
			"card_id": "card_9999",
			"card_dependencies": [
				"card_100"
			],
			"label": "Read_Table 9999",
			"card_type": "read_table",
			"description": "null logic",
			"query": "select nullif(CurateStandardRowKey,'null') as CurateStandardRowKey ,nullif( id ,'null') as id ,nullif( code ,'null') as code ,nullif( creation_date ,'null') as creation_date ,nullif( entity_code ,'null') as entity_code ,nullif( due_date ,'null') as due_date ,nullif( entity_type ,'null') as entity_type ,nullif( created_by ,'null') as created_by ,nullif( expiry_date ,'null') as expiry_date ,nullif( last_update ,'null') as last_update ,nullif( only_left_lens_detail ,'null') as only_left_lens_detail ,nullif( only_right_lens_detail ,'null') as only_right_lens_detail ,nullif( source ,'null') as source ,nullif( status ,'null') as status ,nullif( customer_code ,'null') as customer_code ,nullif( source_other ,'null') as source_other ,nullif( prev_lens_check_date ,'null') as prev_lens_check_date ,nullif( recall_period ,'null') as recall_period ,nullif( reason_original_amend_specific ,'null') as reason_original_amend_specific ,nullif( parent_code ,'null') as parent_code ,nullif( deleted ,'null') as deleted ,nullif( last_cash_purchase_date ,'null') as last_cash_purchase_date ,nullif( operation ,'null') as operation ,nullif( timestamp ,'null') as timestamp ,nullif( transactionid ,'null') as transactionid ,nullif( RunDateTime ,'null') as RunDateTime ,nullif( Year ,'null') as Year ,nullif( Month ,'null') as Month ,nullif( Day ,'null') as Day from order100",
			"temp_table_name": "nulllogic9999",
			"partition_column_list": ""
		},
		{
			"card_id": "card_101",
			"card_dependencies": [
				"card_9999"
			],
			"label": "Read_Table 101",
			"card_type": "read_table",
			"description": "fetching latest records",
			"query": "select * from (select row_number() OVER(PARTITION BY code order BY timestamp desc,case when operation='DELETE' then 1 when operation='UPDATE' then 2 when operation='INSERT' then 3 when operation='REFRESH' then 4 end asc) as rn,row_number() OVER(PARTITION BY code,timestamp,operation order BY timestamp desc,operation desc) as rnk,* FROM nulllogic9999)t where t.rnk = 1",
			"temp_table_name": "order101",
			"partition_column_list": ""
		},
		{
			"card_id": "card_17",
			"card_dependencies": [
				"card_101"
			],
			"label": "Read_Table 17",
			"card_type": "read_table",
			"description": "Populating etlrunlogid",
			"query": "select s.*,r.ETLRunId as ETLRunLogIdNew from order101 s left join (select max(cast(ETLRunId as int)) as ETLRunId from rpi_logging.rpi_common_logging  where processstage='CurateStandard' and feedname = 'BTCOPT_PATIENT_CONTACT_LENS_SPECIFICATION_BUKOPMS_Incr') r on (1=1)",
			"temp_table_name": "order17",
			"partition_column_list": ""
		},
		{
			"card_id": "card_2000",
			"card_dependencies": [
				"card_2",
				"card_17"
			],
			"label": "Read_Table 20",
			"card_type": "read_table",
			"description": "Applying Transformations",
			"query": "select distinct md5(concat_ws('^|~',s.code,r.LOVId)) as PatientCLSpecificationId , s.CODE as SRCCLSpecificationId ,s.LAST_UPDATE as LastUpdate ,a.personid as PersonId ,s.ENTITY_CODE as EntityCode ,s.CREATION_DATE as CreationDate ,s.DUE_DATE as DueDate ,s.ENTITY_TYPE as EntityType ,s.CREATED_BY as CreatedBy ,s.EXPIRY_DATE as ExpiryDate ,s.ONLY_LEFT_LENS_DETAIL as OnlyLeftLensDetails ,s.ONLY_RIGHT_LENS_DETAIL as OnlyRightLensDetail ,s.SOURCE as Source ,s.STATUS as Status ,s.SOURCE_OTHER as SourceOther ,s.PREV_LENS_CHECK_DATE as PrevLensCheckDate ,s.RECALL_PERIOD as RecallPeriod ,substring(s.REASON_ORIGINAL_AMEND_SPECIFIC,0,1000) as ReasonOriginalAmendSpecific ,ifnull(b.ParentCLSpecificationId,c.ParentCLSpecificationId) as ParentCLSpecificationId ,s.DELETED as Deleted ,s.LAST_CASH_PURCHASE_DATE as LastCashPurchaseDate ,'BUKOPMS' as RecordSourceCode,r.LOVId as LOVRecordSourceId,s.CurateStandardRowKey as DLCurateStandardRowKey,s.ETLRunLogIdNew as DLETLRunLogID,current_timestamp as RunDateTime,case when s.rn=1 and ifnull(s.operation,'null')<>'DELETE' then 'Y' when s.rn=1 and ifnull(s.operation,'null')='DELETE' then 'D' else 'N' end as DLSCDActiveFlag  from order17 s left join (select PersonId,CustomerNumber from curate_enterprise.person where CustomerTypeName = 'ODH Patient' AND RecordSourceCode='BUKOPMS' and DLSCDActiveFlag = 'Y') a on a.CustomerNumber= s.CUSTOMER_CODE left join (select SRCCLSpecificationId, ParentCLSpecificationId from curate_enterprise.ODHPatientcontactlensspecification where RecordSourceCode='BUKOPMS' and DLSCDActiveflag = 'Y') b on b.SRCCLSpecificationId=s.PARENT_CODE left join (select s.code as SRCCLSpecificationId, md5(concat_ws('^|~',s.code,r.lovid)) as ParentCLSpecificationId from order17 s join (select LOVId from reflovsetinfo where lovkey='BUKOPMS' and lovsetname='System of Record' and LOVRecordsourceid='12012') r on(1=1)) c on c.SRCCLSpecificationId=s.PARENT_CODE join (select LOVId from reflovsetinfo where lovkey='BUKOPMS' and lovsetname='System of Record' and LOVRecordsourceid='12012') r on(1=1) where a.personid is not null ",
			"temp_table_name": "ODHCLSPECIFICATION",
			"partition_column_list": ""
		},
		{
			"card_id": "card_2001",
			"card_dependencies": [
				"card_2000"
			],
			"label": "Read_Table 20",
			"card_type": "read_table",
			"description": "Applying Transformations",
			"query": "select distinct cast(PatientCLSpecificationId as string), cast(SRCCLSpecificationId as string), cast(LastUpdate as timestamp), cast(PersonID as string), cast(EntityCode as string), cast(CreationDate as timestamp), cast(DueDate as timestamp), cast(EntityType as string), cast(CreatedBy as string), cast(ExpiryDate as timestamp), cast(OnlyLeftlensDetails as smallint), cast(OnlyRightLensDetail as smallint), cast(Source as string), cast(Status as string), cast(SourceOther as string), cast(PrevLensCheckDate as timestamp), cast(RecallPeriod as string), cast(ReasonOriginalAmendSpecific as string), cast(ParentCLSpecificationId as bigint), cast(Deleted as string), cast(LastCashPurchaseDate as timestamp) ,cast(RecordSourceCode as string),cast(LOVRecordSourceId as int) ,RunDateTime,cast(DLETLRunLogID as int),cast(DLCurateStandardRowKey as bigint),DLSCDActiveFlag from ODHCLSPECIFICATION where SRCCLSpecificationId is not null",
			"temp_table_name": "ODHCLSPECIFICATION1",
			"partition_column_list": ""
		},
        {
            "card_id": "card_23",
            "card_dependencies": [
                "card_2001"
            ],
            "label": "Read_Table 23",
            "card_type": "read_table",
            "description": "Insert in ADLS",
            "query": "MERGE INTO curate_enterprise.ODHPatientContactlensspecification T USING (SELECT case when s.dlscdactiveflag='Y' then s.PatientCLSpecificationId else 'DEACTIVATE' end as mergeKey, s.* FROM ODHCLSPECIFICATION1 s where s.dlscdactiveflag<>'D' UNION ALL SELECT 'UPDATE' as mergeKey, source.* FROM ODHCLSPECIFICATION1 source JOIN curate_enterprise.ODHPatientContactlensspecification Target ON source.PatientCLSpecificationId = Target.PatientCLSpecificationId WHERE Target.DLSCDActiveFlag = 'Y' and source.DLSCDActiveFlag = 'Y') src ON T.PatientCLSpecificationId = src.mergeKey AND T.DLSCDActiveFlag = 'Y' when matched THEN UPDATE SET DLSCDActiveFlag = 'N', DLSCDEndDateTime = src.RunDateTime ,DLUpdateDateTime = src.RunDateTime WHEN not MATCHED AND src.mergeKey <> 'UPDATE' and src.mergekey <> 'DEACTIVATE' THEN INSERT(PatientCLSpecificationId,SRCCLSpecificationId,LastUpdate,PersonID,EntityCode,CreationDate,DueDate,EntityType,CreatedBy,ExpiryDate,OnlyLeftlensDetails,OnlyRightLensDetail,Source,Status,SourceOther,PrevLensCheckDate,RecallPeriod,ReasonOriginalAmendSpecific,ParentCLSpecificationId,Deleted,LastCashPurchaseDate,RecordSourceCode,LovRecordSourceId ,RunDateTime,DLCreateDateTime,DLUpdateDateTime,DLSCDStartDateTime,DLSCDEndDateTime,DLSCDActiveFlag,DLETLRunLogID,DLCurateStandardRowKey)  VALUES(src.PatientCLSpecificationId,src.SRCCLSpecificationId,src.LastUpdate,src.PersonID,src.EntityCode,src.CreationDate,src.DueDate,src.EntityType,src.CreatedBy,src.ExpiryDate,src.OnlyLeftlensDetails,src.OnlyRightLensDetail,src.Source,src.Status,src.SourceOther,src.PrevLensCheckDate,src.RecallPeriod,src.ReasonOriginalAmendSpecific,src.ParentCLSpecificationId,src.Deleted,src.LastCashPurchaseDate,src.RecordSourceCode,src.LOVRecordSourceId,src.RunDateTime,src.RunDateTime,src.RunDateTime,'1900-01-01 00:00:00.000','9999-12-31 00:00:00.000',src.DLSCDActiveFlag,src.DLETLRunLogID,src.DLCurateStandardRowKey) WHEN not MATCHED AND src.mergeKey = 'UPDATE' THEN INSERT(PatientCLSpecificationId,SRCCLSpecificationId,LastUpdate,PersonID,EntityCode,CreationDate,DueDate,EntityType,CreatedBy,ExpiryDate,OnlyLeftlensDetails,OnlyRightLensDetail,Source,Status,SourceOther,PrevLensCheckDate,RecallPeriod,ReasonOriginalAmendSpecific,ParentCLSpecificationId,Deleted,LastCashPurchaseDate,RecordSourceCode,LovRecordSourceId ,RunDateTime,DLCreateDateTime,DLUpdateDateTime,DLSCDStartDateTime,DLSCDEndDateTime,DLSCDActiveFlag,DLETLRunLogID,DLCurateStandardRowKey)  VALUES(src.PatientCLSpecificationId,src.SRCCLSpecificationId,src.LastUpdate,src.PersonID,src.EntityCode,src.CreationDate,src.DueDate,src.EntityType,src.CreatedBy,src.ExpiryDate,src.OnlyLeftlensDetails,src.OnlyRightLensDetail,src.Source,src.Status,src.SourceOther,src.PrevLensCheckDate,src.RecallPeriod,src.ReasonOriginalAmendSpecific,src.ParentCLSpecificationId,src.Deleted,src.LastCashPurchaseDate,src.RecordSourceCode,src.LOVRecordSourceId,src.RunDateTime,src.RunDateTime,src.RunDateTime,src.RunDateTime,'9999-12-31 00:00:00.000',src.DLSCDActiveFlag,src.DLETLRunLogID,src.DLCurateStandardRowKey) WHEN not MATCHED AND src.mergeKey = 'DEACTIVATE' THEN INSERT(PatientCLSpecificationId,SRCCLSpecificationId,LastUpdate,PersonID,EntityCode,CreationDate,DueDate,EntityType,CreatedBy,ExpiryDate,OnlyLeftlensDetails,OnlyRightLensDetail,Source,Status,SourceOther,PrevLensCheckDate,RecallPeriod,ReasonOriginalAmendSpecific,ParentCLSpecificationId,Deleted,LastCashPurchaseDate,RecordSourceCode,LovRecordSourceId ,RunDateTime,DLCreateDateTime,DLUpdateDateTime,DLSCDStartDateTime,DLSCDEndDateTime,DLSCDActiveFlag,DLETLRunLogID,DLCurateStandardRowKey)  VALUES(src.PatientCLSpecificationId,src.SRCCLSpecificationId,src.LastUpdate,src.PersonID,src.EntityCode,src.CreationDate,src.DueDate,src.EntityType,src.CreatedBy,src.ExpiryDate,src.OnlyLeftlensDetails,src.OnlyRightLensDetail,src.Source,src.Status,src.SourceOther,src.PrevLensCheckDate,src.RecallPeriod,src.ReasonOriginalAmendSpecific,src.ParentCLSpecificationId,src.Deleted,src.LastCashPurchaseDate,src.RecordSourceCode,src.LOVRecordSourceId,src.RunDateTime,src.RunDateTime,src.RunDateTime,src.RunDateTime,src.RunDateTime,src.DLSCDActiveFlag,src.DLETLRunLogID,src.DLCurateStandardRowKey)",
            "temp_table_name": "CLSpecification1",
            "partition_column_list": ""
        },
        {
            "card_id": "card_23033",
            "card_dependencies": [
                "card_23",
				"card_2001"
				],
            "label": "Read_Table 23033",
            "card_type": "read_table",
            "description": "Insert in ADLS",
            "query": "MERGE INTO curate_enterprise.ODHPatientContactlensspecification T USING (SELECT s.PatientCLSpecificationId as MergeKey,s.* FROM ODHCLSPECIFICATION1 s where s.dlscdactiveflag='D' UNION ALL SELECT 'UPDATE' as mergeKey, source.* FROM ODHCLSPECIFICATION1 source JOIN curate_enterprise.ODHPatientContactlensspecification Target ON source.PatientCLSpecificationId = Target.PatientCLSpecificationId WHERE Target.DLSCDActiveFlag = 'Y' and source.dlscdactiveflag='D') src ON T.PatientCLSpecificationId = src.mergeKey AND T.DLSCDActiveFlag = 'Y' when matched THEN UPDATE SET DLSCDActiveFlag = 'N', DLSCDEndDateTime = src.RunDateTime ,DLUpdateDateTime = src.RunDateTime WHEN not MATCHED AND src.mergeKey = 'UPDATE' THEN INSERT(PatientCLSpecificationId,SRCCLSpecificationId,LastUpdate,PersonID,EntityCode,CreationDate,DueDate,EntityType,CreatedBy,ExpiryDate,OnlyLeftlensDetails,OnlyRightLensDetail,Source,Status,SourceOther,PrevLensCheckDate,RecallPeriod,ReasonOriginalAmendSpecific,ParentCLSpecificationId,Deleted,LastCashPurchaseDate,RecordSourceCode,LovRecordSourceId ,RunDateTime,DLCreateDateTime,DLUpdateDateTime,DLSCDStartDateTime,DLSCDEndDateTime,DLSCDActiveFlag,DLETLRunLogID,DLCurateStandardRowKey)  VALUES(src.PatientCLSpecificationId,src.SRCCLSpecificationId,src.LastUpdate,src.PersonID,src.EntityCode,src.CreationDate,src.DueDate,src.EntityType,src.CreatedBy,src.ExpiryDate,src.OnlyLeftlensDetails,src.OnlyRightLensDetail,src.Source,src.Status,src.SourceOther,src.PrevLensCheckDate,src.RecallPeriod,src.ReasonOriginalAmendSpecific,src.ParentCLSpecificationId,src.Deleted,src.LastCashPurchaseDate,src.RecordSourceCode,src.LOVRecordSourceId,src.RunDateTime,src.RunDateTime,src.RunDateTime,src.RunDateTime,src.RunDateTime,'N',src.DLETLRunLogID,src.DLCurateStandardRowKey) WHEN not MATCHED AND src.mergeKey <> 'UPDATE' THEN INSERT(PatientCLSpecificationId,SRCCLSpecificationId,LastUpdate,PersonID,EntityCode,CreationDate,DueDate,EntityType,CreatedBy,ExpiryDate,OnlyLeftlensDetails,OnlyRightLensDetail,Source,Status,SourceOther,PrevLensCheckDate,RecallPeriod,ReasonOriginalAmendSpecific,ParentCLSpecificationId,Deleted,LastCashPurchaseDate,RecordSourceCode,LovRecordSourceId ,RunDateTime,DLCreateDateTime,DLUpdateDateTime,DLSCDStartDateTime,DLSCDEndDateTime,DLSCDActiveFlag,DLETLRunLogID,DLCurateStandardRowKey)  VALUES(src.PatientCLSpecificationId,src.SRCCLSpecificationId,src.LastUpdate,src.PersonID,src.EntityCode,src.CreationDate,src.DueDate,src.EntityType,src.CreatedBy,src.ExpiryDate,src.OnlyLeftlensDetails,src.OnlyRightLensDetail,src.Source,src.Status,src.SourceOther,src.PrevLensCheckDate,src.RecallPeriod,src.ReasonOriginalAmendSpecific,src.ParentCLSpecificationId,src.Deleted,src.LastCashPurchaseDate,src.RecordSourceCode,src.LOVRecordSourceId,src.RunDateTime,src.RunDateTime,src.RunDateTime,src.RunDateTime,src.RunDateTime,'N',src.DLETLRunLogID,src.DLCurateStandardRowKey)",
            "temp_table_name": "CLSpecification12",
            "partition_column_list": ""
        },
		{
			"card_id": "card_14",
			"card_dependencies": [
				"card_100",
				"card_2000"
			],
			"label": "Write_Delta 13",
			"card_type": "write_delta",
			"description": "Write backup Standard",
			"query": "select * from order100 where code not in (select SRCCLSpecificationId from ODHCLSPECIFICATION)",
			"data_path": "/mnt/idf-curatestandard/BTUKOPTIT/BUKOPMS/BTCOPT_PATIENT_CONTACT_LENS_SPECIFICATION_BUKOPMS_Incr/BackUp",
			"partition_key_columns": "",
			"mode": "OVERWRITE",
			"type": "GENERAL"
		}
	]
}
