<?xml version="1.0" encoding="utf-8"?>
<Project ToolsVersion="Current" xmlns="http://schemas.microsoft.com/developer/msbuild/2003">
  <PropertyGroup>
    <IncludeCompositeObjects>True</IncludeCompositeObjects>
    <ProfileVersionNumber>1</ProfileVersionNumber>
    <BlockOnPossibleDataLoss>True</BlockOnPossibleDataLoss>
    <IgnoreUserSettingsObjects>True</IgnoreUserSettingsObjects>
    <ExcludeDatabaseRoles>True</ExcludeDatabaseRoles>
    <ExcludeCredentials>True</ExcludeCredentials>
    <ExcludeDatabaseScopedCredentials>True</ExcludeDatabaseScopedCredentials>
    <ExcludeFilegroups>True</ExcludeFilegroups>
    <ExcludeLogins>True</ExcludeLogins>
    <IgnorePermissions>True</IgnorePermissions>
    <IgnoreRoleMembership>True</IgnoreRoleMembership>
    <ExcludeServerRoleMembership>True</ExcludeServerRoleMembership>
    <ExcludeServerRoles>True</ExcludeServerRoles>
    <ExcludeServices>True</ExcludeServices>
    <ExcludeUsers>True</ExcludeUsers>
    <DatabaseEdition>Basic</DatabaseEdition>
    <DatabaseServiceObjective>Basic</DatabaseServiceObjective>
    <DatabaseMaximumSize>2</DatabaseMaximumSize>
    <IgnoreColumnCollation>True</IgnoreColumnCollation>
    <ScriptDatabaseOptions>False</ScriptDatabaseOptions>
    <IgnoreIndexPadding>True</IgnoreIndexPadding>
    <GenerateSmartDefaults>True</GenerateSmartDefaults>
  </PropertyGroup>
</Project>