{
	"project_name": "BUKOPMS",
	"config_type": "etl",
	"description": "",
	"data_source": [],
	"report_path": "/mnt/idf-reports/BTUKOPTIT/BUKOPMS/BTCOPT_ORDER_BASKET_ORDERLINE_OFFER_BUKOPMS_Incr/Incremental/CurateADLS/",
	"cards": [
		{
			"card_id": "card_0",
			"card_dependencies": [],
			"label": "Read_Delta 0",
			"card_type": "read_delta",
			"description": "reading standard location",
			"data_path": "/mnt/idf-curatestandard/BTUKOPTIT/BUKOPMS/BTCOPT_ORDER_BASKET_ORDERLINE_OFFER_BUKOPMS_Incr/Incremental",
			"output_table": "horoloff1"
		},
		{
			"card_id": "card_1",
			"card_dependencies": [
				"card_0"
			],
			"label": "Apply_Filter 1",
			"card_type": "apply_filter",
			"description": "filtering records with RunDateTime",
			"input_table": "horoloff1",
			"output_table": "horoloff2",
			"filter": [],
			"unmatch_data": false
		},
		{
			"card_id": "card_2",
			"card_dependencies": [],
			"label": "Read_Table 2",
			"card_type": "read_table",
			"description": "Read ADLS table",
			"query": "Select * from curate_enterprise.reflovsetinfo",
			"temp_table_name": "reflovsetinfo",
			"partition_column_list": ""
		},
		{
			"card_id": "card_13",
			"card_dependencies": [],
			"label": "Read_Delta 13",
			"card_type": "read_delta",
			"description": "reading standard backup location",
			"data_path": "/mnt/idf-curatestandard/BTUKOPTIT/BUKOPMS/BTCOPT_ORDER_BASKET_ORDERLINE_OFFER_BUKOPMS_Incr/BackUp",
			"output_table": "horoloff12"
		},
		{
			"card_id": "card_12",
			"card_dependencies": [
				"card_13",
				"card_1"
			],
			"label": "Read_Table 12",
			"card_type": "read_table",
			"description": "Union with backup table",
			"query": "select * from horoloff2 union select * from horoloff12",
			"temp_table_name": "horoloff11",
			"partition_column_list": ""
		},
		{
			"card_id": "card_28",
			"card_dependencies": [
				"card_12"
			],
			"label": "Read_Table 28",
			"card_type": "read_table",
			"description": "Making null void null",
			"query": "select nullif(CurateStandardRowKey,'null') as CurateStandardRowKey,nullif(horcus_orderline_offer_id,'null') as HORCUS_ORDERLINE_OFFER_ID,nullif(AD_CLIENT_ID,'null') as AD_CLIENT_ID,nullif(AD_ORG_ID,'null') as AD_ORG_ID,nullif(HORCUS_ORDERLINE_ID,'null') as HORCUS_ORDERLINE_ID,nullif(M_OFFER_ID,'null') as M_OFFER_ID,nullif(ISACTIVE,'null') as ISACTIVE,nullif(CREATED,'null') as CREATED,nullif(CREATEDBY,'null') as CREATEDBY,nullif(UPDATED,'null') as UPDATED,nullif(UPDATEDBY,'null') as UPDATEDBY,nullif(LINE,'null') as LINE,nullif(obdiscp_coupon_id,'null') as obdiscp_coupon_id,nullif(PRICEOFFER,'null') as PRICEOFFER,nullif(AMTOFFER,'null') as AMTOFFER,nullif(PRICEOFFERGROSS,'null') as PRICEOFFERGROSS,nullif(TOTALAMT,'null') as TOTALAMT,nullif(DISPLAYEDTOTALAMT,'null') as DISPLAYEDTOTALAMT,nullif(HORCUS_PROMOTIONALPOINT,'null') as HORCUS_PROMOTIONALPOINT,nullif(OBDISC_QTYOFFER,'null') as OBDISC_QTYOFFER,nullif(OBDISC_IDENTIFIER,'null') as OBDISC_IDENTIFIER,nullif(OPERATION,'null') as OPERATION,nullif(TIMESTAMP,'null') as TIMESTAMP,nullif(TRANSACTIONID,'null') as TRANSACTIONID from horoloff11",
			"temp_table_name": "horoloff28",
			"partition_column_list": ""
		},
		{
			"card_id": "card_4",
			"card_dependencies": [
				"card_28"
			],
			"label": "Read_Table 4",
			"card_type": "read_table",
			"description": "fetching latest records",
			"query": "select * from (select row_number() OVER(PARTITION BY HORCUS_ORDERLINE_OFFER_ID order BY timestamp desc,case when operation='DELETE' then 1 when operation='UPDATE' then 2 when operation='INSERT' then 3 when operation='REFRESH' then 4 end asc) as rn,row_number() OVER(PARTITION BY HORCUS_ORDERLINE_OFFER_ID,timestamp,operation order BY timestamp desc,operation desc) as rnk ,* FROM horoloff28 )t where t.rnk = 1",
			"temp_table_name": "horoloff5",
			"partition_column_list": ""
		},
		{
			"card_id": "card_18",
			"card_dependencies": [
				"card_4"
			],
			"label": "Read_Table 18",
			"card_type": "read_table",
			"description": "Populating etlrunlogid",
			"query": "select s.*,r.ETLRunId as ETLRunLogIdNew from horoloff5 s join (select max(cast (ETLRunId as int)) as ETLRunId from RPI_LOGGING.RPI_COMMON_LOGGING where processstage='CurateStandard' and feedname = 'BTCOPT_ORDER_BASKET_ORDERLINE_OFFER_BUKOPMS_Incr') r on (1=1)",
			"temp_table_name": "horolofflog",
			"partition_column_list": ""
		},
		{
			"card_id": "card_3",
			"card_dependencies": [
				"card_18",
				"card_2"
			],
			"label": "Read_Table 3",
			"card_type": "read_table",
			"description": "Applying Transformations",
			"query": "select distinct md5(concat_ws('^|~',s.HORCUS_ORDERLINE_OFFER_ID,r.LOVId)) as HorcusOrderLineOfferId,s.HORCUS_ORDERLINE_OFFER_ID as SRCHorcusOrderLineOfferId,a.OrganisationId,b.ODHCustomOrderLineId as ODHCustomOrderLineId,c.OfferId as OfferId,d.ClientId as ClientId,s.ISACTIVE as IsActive,s.CREATED as SourceCreated,s.CREATEDBY as SourceCreatedBy,s.UPDATED as SourceUpdated,s.UPDATEDBY as SourceUpdatedBy,s.LINE as Line,s.OBDISCP_COUPON_ID as OBDISCPCouponId,s.PRICEOFFER as PriceOffer,s.AMTOFFER as AmtOffer,s.PRICEOFFERGROSS as PriceOfferGross,s.TOTALAMT as TotalAmt,s.DISPLAYEDTOTALAMT as DisplayedTotalAmt,s.HORCUS_PROMOTIONALPOINT as HorcusPromotionalPoint,s.OBDISC_QTYOFFER as OBDISCQTYOffer,s.OBDISC_IDENTIFIER as OBDISCIdentifier,'BUKOPMS' as RecordSourceCode,cast(r.LOVId as int) as LOVRecordSourceId,cast(s.CurateStandardRowKey as bigint) as DLCurateStandardRowKey,cast(s.ETLRunLogIdNew as int) as DLETLRunLogID,current_timestamp as RunDateTime ,case when s.rn=1 and ifnull(s.operation,'null')<>'DELETE' then 'Y' when s.rn=1 and ifnull(s.operation,'null')='DELETE' then 'D' else 'N' end as DLSCDActiveFlag from horolofflog s left join (select OrganisationId,SRCADOrgId from curate_enterprise.ODHAdOrg where RecordSourceCode='BUKOPMS' and DLSCDActiveFlag='Y') a on a.SRCADOrgId=s.AD_ORG_ID left join (select ODHCustomOrderLineId,SRCHorcusOrderLineId from curate_enterprise.ODHCustomOrderLine where RecordSourceCode='BUKOPMS' and DLSCDActiveFlag='Y') b on b.SRCHorcusOrderLineId=s.HORCUS_ORDERLINE_ID left join (select OfferId,SRCOfferId from curate_enterprise.ODHOffer where RecordSourceCode='BUKOPMS' and DLSCDActiveFlag='Y') c on c.SRCOfferId=s.M_OFFER_ID  left join (select ClientId,SRCClientId from curate_enterprise.ODHClient where RecordSourceCode='BUKOPMS' and DLSCDActiveFlag='Y') d on d.SRCClientId=s.AD_CLIENT_ID  join (select LOVId from reflovsetinfo where lovkey='BUKOPMS' and lovsetname='System of Record' and LOVRecordsourceid='12012') r on(1=1) where d.ClientId is not null and a.OrganisationID is not null and  b.ODHCustomOrderLineId is not null and c.OfferId is not null ",
			"temp_table_name": "ODHCustomOrderLineOffer",
			"partition_column_list": ""
		},
		{
			"card_id": "card_25",
			"card_dependencies": [
				"card_3"
			],
			"label": "Read_Table 25",
			"card_type": "read_table",
			"description": "Filtering Records ",
			"query": "select cast(s.HorcusOrderLineOfferId as string ),cast(s.SRCHorcusOrderLineOfferId as string),cast(s.ClientId as string),cast(s.OrganisationID as string),cast(s.ODHCustomOrderLineId as string),cast(s.OfferId as string ),cast(s.IsActive as string),cast(s.SourceCreated as timestamp),cast(s.SourceCreatedBy as string),cast(s.SourceUpdated as timestamp),cast(s.SourceUpdatedBy as string),cast(s.Line as smallint),cast(s.OBDISCPCouponId as bigint),cast(s.PriceOffer as int),cast(s.AmtOffer as int),cast(s.PriceOfferGross as int),cast(s.TotalAmt as int),cast(s.DisplayedTotalAmt as int),cast(s.HorcusPromotionalPoint as int),cast(s.OBDISCQTYOffer as int),cast(s.OBDISCIdentifier as string),cast(s.RecordSourceCode  as string),cast(s.LOVRecordSourceId as int),cast(s.RunDateTime as timestamp),cast(s.DLCurateStandardRowKey as bigint),cast(s.DLETLRunLogID as int) , DLSCDActiveFlag from ODHCustomOrderLineOffer s   where  s.SRCHorcusOrderLineOfferId is not null and s.Line is not null  ",
			"temp_table_name": "ODHCustomOrderLineOffer1",
			"partition_column_list": ""
		},
		{
			"card_id": "card_23",
			"card_dependencies": [
				"card_25"
			],
			"label": "Read_Table 23",
			"card_type": "read_table",
			"description": "Insert in ADLS",
			"query": "MERGE INTO curate_enterprise.ODHCustomOrderLineOffer T USING (SELECT case when s.dlscdactiveflag='Y' then s.HorcusOrderLineOfferId else 'DEACTIVATE' end as mergeKey, s.* FROM ODHCustomOrderLineOffer1 s where s.dlscdactiveflag<>'D' UNION ALL SELECT 'UPDATE' as mergeKey, source.* FROM ODHCustomOrderLineOffer1 source JOIN curate_enterprise.ODHCustomOrderLineOffer Target ON source.HorcusOrderLineOfferId = Target.HorcusOrderLineOfferId WHERE Target.DLSCDActiveFlag = 'Y' and source.DLSCDActiveFlag = 'Y') src ON T.HorcusOrderLineOfferId = src.mergeKey AND T.DLSCDActiveFlag = 'Y' when matched THEN UPDATE SET DLSCDActiveFlag = 'N', DLSCDEndDateTime = src.RunDateTime ,DLUpdateDateTime = src.RunDateTime WHEN not MATCHED AND src.mergeKey <> 'UPDATE' and src.mergekey <> 'DEACTIVATE' THEN INSERT(HorcusOrderLineOfferId,SRCHorcusOrderLineOfferId,ClientId,OrganisationID,ODHCustomOrderLineId,OfferId,IsActive,SourceCreated,SourceCreatedBy,SourceUpdated,SourceUpdatedBy,Line,OBDISCPCouponId,PriceOffer,AmtOffer,PriceOfferGross,TotalAmt,DisplayedTotalAmt,HorcusPromotionalPoint,OBDISCQTYOffer,OBDISCIdentifier,RecordSourceCode,LOVRecordSourceId ,RunDateTime,DLCreateDateTime,DLUpdateDateTime,DLSCDStartDateTime,DLSCDEndDateTime,DLSCDActiveFlag,DLETLRunLogID,DLCurateStandardRowKey)  VALUES(src.HorcusOrderLineOfferId,src.SRCHorcusOrderLineOfferId,src.ClientId,src.OrganisationID,src.ODHCustomOrderLineId,src.OfferId,src.IsActive,src.SourceCreated,src.SourceCreatedBy,src.SourceUpdated,src.SourceUpdatedBy,src.Line,src.OBDISCPCouponId,src.PriceOffer,src.AmtOffer,src.PriceOfferGross,src.TotalAmt,src.DisplayedTotalAmt,src.HorcusPromotionalPoint,src.OBDISCQTYOffer,src.OBDISCIdentifier,src.RecordSourceCode,src.LOVRecordSourceId,src.RunDateTime,src.RunDateTime,src.RunDateTime,'1900-01-01 00:00:00.000','9999-12-31 00:00:00.000',src.DLSCDActiveFlag,src.DLETLRunLogID,src.DLCurateStandardRowKey) WHEN not MATCHED AND src.mergeKey = 'UPDATE' THEN INSERT(HorcusOrderLineOfferId,SRCHorcusOrderLineOfferId,ClientId,OrganisationID,ODHCustomOrderLineId,OfferId,IsActive,SourceCreated,SourceCreatedBy,SourceUpdated,SourceUpdatedBy,Line,OBDISCPCouponId,PriceOffer,AmtOffer,PriceOfferGross,TotalAmt,DisplayedTotalAmt,HorcusPromotionalPoint,OBDISCQTYOffer,OBDISCIdentifier,RecordSourceCode,LOVRecordSourceId ,RunDateTime,DLCreateDateTime,DLUpdateDateTime,DLSCDStartDateTime,DLSCDEndDateTime,DLSCDActiveFlag,DLETLRunLogID,DLCurateStandardRowKey)  VALUES(src.HorcusOrderLineOfferId,src.SRCHorcusOrderLineOfferId,src.ClientId,src.OrganisationID,src.ODHCustomOrderLineId,src.OfferId,src.IsActive,src.SourceCreated,src.SourceCreatedBy,src.SourceUpdated,src.SourceUpdatedBy,src.Line,src.OBDISCPCouponId,src.PriceOffer,src.AmtOffer,src.PriceOfferGross,src.TotalAmt,src.DisplayedTotalAmt,src.HorcusPromotionalPoint,src.OBDISCQTYOffer,src.OBDISCIdentifier,src.RecordSourceCode,src.LOVRecordSourceId,src.RunDateTime,src.RunDateTime,src.RunDateTime,src.RunDateTime,'9999-12-31 00:00:00.000',src.DLSCDActiveFlag,src.DLETLRunLogID,src.DLCurateStandardRowKey) WHEN not MATCHED AND src.mergeKey = 'DEACTIVATE' THEN INSERT(HorcusOrderLineOfferId,SRCHorcusOrderLineOfferId,ClientId,OrganisationID,ODHCustomOrderLineId,OfferId,IsActive,SourceCreated,SourceCreatedBy,SourceUpdated,SourceUpdatedBy,Line,OBDISCPCouponId,PriceOffer,AmtOffer,PriceOfferGross,TotalAmt,DisplayedTotalAmt,HorcusPromotionalPoint,OBDISCQTYOffer,OBDISCIdentifier,RecordSourceCode,LOVRecordSourceId ,RunDateTime,DLCreateDateTime,DLUpdateDateTime,DLSCDStartDateTime,DLSCDEndDateTime,DLSCDActiveFlag,DLETLRunLogID,DLCurateStandardRowKey)  VALUES(src.HorcusOrderLineOfferId,src.SRCHorcusOrderLineOfferId,src.ClientId,src.OrganisationID,src.ODHCustomOrderLineId,src.OfferId,src.IsActive,src.SourceCreated,src.SourceCreatedBy,src.SourceUpdated,src.SourceUpdatedBy,src.Line,src.OBDISCPCouponId,src.PriceOffer,src.AmtOffer,src.PriceOfferGross,src.TotalAmt,src.DisplayedTotalAmt,src.HorcusPromotionalPoint,src.OBDISCQTYOffer,src.OBDISCIdentifier,src.RecordSourceCode,src.LOVRecordSourceId,src.RunDateTime,src.RunDateTime,src.RunDateTime,src.RunDateTime,src.RunDateTime,src.DLSCDActiveFlag,src.DLETLRunLogID,src.DLCurateStandardRowKey) ",
			"temp_table_name": "ODHCustomOrderLineOffer2",
			"partition_column_list": ""
		},
		{
			"card_id": "card_23033",
			"card_dependencies": [
				"card_23"
			],
			"label": "Read_Table 23033",
			"card_type": "read_table",
			"description": "Insert in ADLS",
			"query": "MERGE INTO curate_enterprise.ODHCustomOrderLineOffer T USING (SELECT s.HorcusOrderLineOfferId as MergeKey,s.* FROM ODHCustomOrderLineOffer1 s where s.dlscdactiveflag='D' UNION ALL SELECT 'UPDATE' as mergeKey, source.* FROM ODHCustomOrderLineOffer1 source JOIN curate_enterprise.ODHCustomOrderLineOffer Target ON source.HorcusOrderLineOfferId = Target.HorcusOrderLineOfferId WHERE Target.DLSCDActiveFlag = 'Y' and source.dlscdactiveflag='D') src ON T.HorcusOrderLineOfferId = src.mergeKey AND T.DLSCDActiveFlag = 'Y' when matched THEN UPDATE SET DLSCDActiveFlag = 'N', DLSCDEndDateTime = src.RunDateTime ,DLUpdateDateTime = src.RunDateTime WHEN not MATCHED AND src.mergeKey = 'UPDATE' THEN INSERT(HorcusOrderLineOfferId,SRCHorcusOrderLineOfferId,ClientId,OrganisationID,ODHCustomOrderLineId,OfferId,IsActive,SourceCreated,SourceCreatedBy,SourceUpdated,SourceUpdatedBy,Line,OBDISCPCouponId,PriceOffer,AmtOffer,PriceOfferGross,TotalAmt,DisplayedTotalAmt,HorcusPromotionalPoint,OBDISCQTYOffer,OBDISCIdentifier,RecordSourceCode,LOVRecordSourceId ,RunDateTime,DLCreateDateTime,DLUpdateDateTime,DLSCDStartDateTime,DLSCDEndDateTime,DLSCDActiveFlag,DLETLRunLogID,DLCurateStandardRowKey)  VALUES(src.HorcusOrderLineOfferId,src.SRCHorcusOrderLineOfferId,src.ClientId,src.OrganisationID,src.ODHCustomOrderLineId,src.OfferId,src.IsActive,src.SourceCreated,src.SourceCreatedBy,src.SourceUpdated,src.SourceUpdatedBy,src.Line,src.OBDISCPCouponId,src.PriceOffer,src.AmtOffer,src.PriceOfferGross,src.TotalAmt,src.DisplayedTotalAmt,src.HorcusPromotionalPoint,src.OBDISCQTYOffer,src.OBDISCIdentifier,src.RecordSourceCode,src.LOVRecordSourceId,src.RunDateTime,src.RunDateTime,src.RunDateTime,src.RunDateTime,src.RunDateTime,'N',src.DLETLRunLogID,src.DLCurateStandardRowKey) WHEN not MATCHED AND src.mergeKey <> 'UPDATE' THEN INSERT(HorcusOrderLineOfferId,SRCHorcusOrderLineOfferId,ClientId,OrganisationID,ODHCustomOrderLineId,OfferId,IsActive,SourceCreated,SourceCreatedBy,SourceUpdated,SourceUpdatedBy,Line,OBDISCPCouponId,PriceOffer,AmtOffer,PriceOfferGross,TotalAmt,DisplayedTotalAmt,HorcusPromotionalPoint,OBDISCQTYOffer,OBDISCIdentifier,RecordSourceCode,LOVRecordSourceId ,RunDateTime,DLCreateDateTime,DLUpdateDateTime,DLSCDStartDateTime,DLSCDEndDateTime,DLSCDActiveFlag,DLETLRunLogID,DLCurateStandardRowKey)  VALUES(src.HorcusOrderLineOfferId,src.SRCHorcusOrderLineOfferId,src.ClientId,src.OrganisationID,src.ODHCustomOrderLineId,src.OfferId,src.IsActive,src.SourceCreated,src.SourceCreatedBy,src.SourceUpdated,src.SourceUpdatedBy,src.Line,src.OBDISCPCouponId,src.PriceOffer,src.AmtOffer,src.PriceOfferGross,src.TotalAmt,src.DisplayedTotalAmt,src.HorcusPromotionalPoint,src.OBDISCQTYOffer,src.OBDISCIdentifier,src.RecordSourceCode,src.LOVRecordSourceId,src.RunDateTime,src.RunDateTime,src.RunDateTime,src.RunDateTime,src.RunDateTime,'N',src.DLETLRunLogID,src.DLCurateStandardRowKey)",
			"temp_table_name": "ODHCustomOrderLineOffer23033",
			"partition_column_list": ""
		},
		{
			"card_id": "card_11",
			"card_dependencies": [
				"card_23033",
				"card_25",
				"card_12",
				"card_3"
			],
			"label": "Write_Delta 11",
			"card_type": "write_delta",
			"description": "Write backup Standard",
			"query": "select * from horoloff11 a where  not exists (select 1  from ODHCustomOrderLineOffer b where a.HORCUS_ORDERLINE_OFFER_ID = b.SRCHorcusOrderLineOfferId) ",
			"data_path": "/mnt/idf-curatestandard/BTUKOPTIT/BUKOPMS/BTCOPT_ORDER_BASKET_ORDERLINE_OFFER_BUKOPMS_Incr/BackUp",
			"partition_key_columns": "",
			"mode": "OVERWRITE",
			"type": "GENERAL"
		}
	]
}
