{
	"name": "AzureDatabricks_SS_LS",
	"properties": {
		"description": "Azure databricks linked service to connect to self serve databricks",
		"parameters": {
			"init_path": {
				"type": "string",
				"defaultValue": "dbfs:/FileStore/apps/init/self_serve_etl.sh"
			}
		},
		"annotations": [],
		"type": "AzureDatabricks",
		"typeProperties": {
			"domain": "https://adb-5346339970823458.18.azuredatabricks.net",
			"authentication": "MSI",
			"workspaceResourceId": "/subscriptions/e2c5939d-dfc5-4a4a-91fe-39cef55aa720/resourceGroups/rpu-nprod-dna-data-analytics-eastus2-paas-02-rg/providers/Microsoft.Databricks/workspaces/dapdevdata-engg01",
			"newClusterNodeType": "Standard_D16ds_v5",
			"newClusterNumOfWorker": "1",
			"newClusterSparkConf": {
				"fs.azure.account.oauth2.client.id": "{{secrets/selfservedma/clientid}}",
				"fs.azure.account.oauth.provider.type": "org.apache.hadoop.fs.azurebfs.oauth2.ClientCredsTokenProvider",
				"fs.azure.account.oauth2.client.endpoint": "https://login.microsoftonline.com/92cb778e-8ba7-4f34-a011-4ba6e7366996/oauth2/token",
				"spark.databricks.delta.preview.enabled": "true",
				"fs.azure.account.auth.type": "OAuth",
				"fs.azure.account.oauth2.client.secret": "{{secrets/selfservedma/clientsecret}}",
				"spark.databricks.cluster.profile": "serverless"
			},
			"newClusterSparkEnvVars": {
				"PYSPARK_PYTHON": "/databricks/python3/bin/python3"
			},
			"newClusterVersion": "9.1.x-scala2.12",
			"newClusterLogDestination": "dbfs:/log/",
			"newClusterInitScripts": [
				{
					"value": "@linkedService().init_path",
					"type": "Expression"
				}
			],
			"clusterOption": "Fixed"
		}
	},
	"type": "Microsoft.DataFactory/factories/linkedservices"
}