{
    "project_name": "BUKOPMS",
    "config_type": "etl",
    "description": "",
    "data_source": [],
    "report_path": "/mnt/idf-reports/BTUKOPTIT/BUKOPMS/BTCOPT_PATIENT_ORGANIZATION_APPOINTMENT_DETAILS_BUKOPMS_Incr/Incremental/CurateADLS/",
    "cards": [
        {
            "card_id": "card_0",
            "card_dependencies": [],
            "label": "Read_Delta 0",
            "card_type": "read_delta",
            "description": "reading standard location",
            "data_path": "/mnt/idf-curatestandard/BTUKOPTIT/BUKOPMS/BTCOPT_PATIENT_ORGANIZATION_APPOINTMENT_DETAILS_BUKOPMS_Incr/Incremental",
            "output_table": "patientservicesgroup1"
        },
        {
            "card_id": "card_1",
            "card_dependencies": [
                "card_0"
            ],
            "label": "Apply_Filter 1",
            "card_type": "apply_filter",
            "description": "filtering records with RunDateTime",
            "input_table": "patientservicesgroup1",
            "output_table": "patientservicesgroup2",
            "filter": [],
            "unmatch_data": false
        },
        {
            "card_id": "card_2",
            "card_dependencies": [],
            "label": "Read_Table 2",
            "card_type": "read_table",
            "description": "Read ADLS table",
            "query": "Select * from curate_enterprise.reflovsetinfo",
            "temp_table_name": "reflovsetinfo",
            "partition_column_list": ""
        },
        {
            "card_id": "card_13",
            "card_dependencies": [],
            "label": "Read_Delta 13",
            "card_type": "read_delta",
            "description": "reading standard backup location",
            "data_path": "/mnt/idf-curatestandard/BTUKOPTIT/BUKOPMS/BTCOPT_PATIENT_ORGANIZATION_APPOINTMENT_DETAILS_BUKOPMS_Incr/BackUp",
            "output_table": "patientservicesgroup12"
        },
        {
            "card_id": "card_12",
            "card_dependencies": [
                "card_13",
                "card_1"
            ],
            "label": "Read_Table 12",
            "card_type": "read_table",
            "description": "Union with backup table",
            "query": "select * from patientservicesgroup2 union select * from patientservicesgroup12",
            "temp_table_name": "patientservicesgroup11",
            "partition_column_list": ""
        },
        {
            "card_id": "card_12121212",
            "card_dependencies": [
                "card_12"
            ],
            "label": "Read_Table 12",
            "card_type": "read_table",
            "description": "patientservicesgroupnullif table",
            "query": "select nullif(CurateStandardRowKey ,'null') as CurateStandardRowKey,nullif(id ,'null') as id,nullif(code ,'null') as code,nullif(entity_type ,'null') as entity_type,nullif(entity_code ,'null') as entity_code,nullif(date_time ,'null') as date_time,nullif(destination ,'null') as destination,nullif(status ,'null') as status,nullif(path_status ,'null') as path_status,nullif(journey_status ,'null') as journey_status,nullif(service_group_type ,'null') as service_group_type,nullif(deleted ,'null') as deleted,nullif(last_update ,'null') as last_update,nullif(start_time ,'null') as start_time,nullif(end_time ,'null') as end_time,nullif(ext_appointment_id ,'null') as ext_appointment_id,nullif(operation ,'null') as operation,nullif(timestamp ,'null') as timestamp,nullif(transactionid ,'null') as transactionid,nullif(RunDateTime ,'null') as RunDateTime,nullif(Year ,'null') as Year,nullif(Month ,'null') as Month,nullif(Day ,'null') as Day from patientservicesgroup11",
            "temp_table_name": "patientservicesgroupnullif",
            "partition_column_list": ""
        },
        {
            "card_id": "card_4",
            "card_dependencies": [
                "card_2",
                "card_12121212"
            ],
            "label": "Read_Table 4",
            "card_type": "read_table",
            "description": "fetching latest records",
            "query": "select * from (select row_number() OVER(PARTITION BY code order BY timestamp desc,case when operation='DELETE' then 1 when operation='UPDATE' then 2 when operation='INSERT' then 3 when operation='REFRESH' then 4 end asc) as rn,row_number() OVER(PARTITION BY code,timestamp,operation order BY timestamp desc,operation desc) as rnk,* FROM patientservicesgroupnullif)t where t.rnk = 1",
            "temp_table_name": "patientservicesgroup5",
            "partition_column_list": ""
        },
		{
			"card_id": "card_181818",
			"card_dependencies": [
				"card_4"
			],
			"label": "Read_Table 18",
			"card_type": "read_table",
			"description": "Populating etlrunlogid",
			"query": "select s.*,r.ETLRunId as ETLRunLogIdNew from patientservicesgroup5 s join (select max(cast(ETLRunId as int)) as ETLRunId from RPI_LOGGING.RPI_COMMON_LOGGING where processstage='CurateStandard' and feedname = 'BTCOPT_PATIENT_ORGANIZATION_APPOINTMENT_DETAILS_BUKOPMS_Incr') r on (1=1)",
			"temp_table_name": "OrderlineEtl",
			"partition_column_list": ""
		},
        {
            "card_id": "card_3",
            "card_dependencies": [
                "card_181818",
                "card_2"
            ],
            "label": "Read_Table 3",
            "card_type": "read_table",
            "description": "Applying Transformations",
            "query": "select md5(concat_ws('^|~',s.code,r.LOVId)) as PatientServiceGroupId,ifnull(ss.personid,b.personid) as personid,s.entity_code as SRCEntityCode,cast(s.code as string ) as  SRCServiceGroupId ,cast(s.Service_Group_Type as string) as ServiceGroupType,cast(s.Last_update as timestamp) as LastUpdate,cast(s.entity_type as string) as EntityType,cast(s.Date_Time as timestamp) as ServiceDateTime,cast(s.Destination as string) as Destination,cast(s.status as string) as Status,cast(s.path_status as string) as PathStatus,cast(s.JOURNEY_STATUS as string) as JourneyStatus,cast(s.Deleted as string) as Deleted,cast(s.Start_Time as timestamp) as StartTime,cast(s.End_Time as timestamp) as EndTime,'BUKOPMS' as RecordSourceCode,cast(r.LOVId as int) as LOVRecordSourceId,cast(s.ETLRunLogIdNew as int) as DLETLRunLogID , cast(s.CurateStandardRowKey as bigint) as DLCurateStandardRowKey,case when s.rn=1 and ifnull(s.operation,'null')<>'DELETE' then 'Y' when s.rn=1 and ifnull(s.operation,'null')='DELETE' then 'D' else 'N' end as DLSCDActiveFlag from OrderlineEtl s join ( select LOVId from reflovsetinfo where lovkey='BUKOPMS' and lovsetname='System of Record' and LOVRecordsourceid='12012') r on(1=1) left join (select personid,customernumber from curate_enterprise.person where CustomerTypeName='ODH Patient' and RecordSourceCode='BUKOPMS' and DLSCDActiveFlag = 'Y') ss on ss.customernumber=s.entity_code left join (select personid,identifiercode from curate_enterprise.ODHPatientIdentifier where  RecordSourceCode='BUKOPMS' and DLSCDActiveFlag = 'Y') b on b.identifiercode=s.entity_code",
            "temp_table_name": "ODHPatientServiceGroup1",
            "partition_column_list": ""
        },
        {
            "card_id": "card_9",
            "card_dependencies": [
                "card_3"
            ],
            "label": "Read_Table 9",
            "card_type": "read_table",
            "description": "Casting",
            "query": "select cast(PatientServiceGroupId as string),cast(SRCServiceGroupId as string),cast( PersonId as string),cast( SRCEntityCode as string),cast(ServiceGroupType as string),cast(LastUpdate as timestamp),cast(EntityType as string),cast(ServiceDateTime as timestamp),cast(Destination as string),cast(Status as string),cast(PathStatus as string),cast(JourneyStatus as string),cast(Deleted as string),cast(StartTime as timestamp),cast(EndTime as timestamp),cast(RecordSourceCode as string),cast(LOVRecordSourceId as int),cast(DLETLRunLogID as int) as DLETLRunLogID,cast(DLCurateStandardRowKey as bigint),current_timestamp as Rundatetime,DLSCDActiveFlag from ODHPatientServiceGroup1 where SRCServiceGroupId is not null and ServiceGroupType is not null and LastUpdate is not null and personid is not null",
            "temp_table_name": "ODHPatientServiceGroup",
            "partition_column_list": ""
        },
        {
            "card_id": "card_15",
            "card_dependencies": [
                "card_9"
            ],
            "label": "Read_Table 15",
            "card_type": "read_table",
            "description": "Inserts",
            "query": "MERGE INTO curate_enterprise.ODHPatientServiceGroup T USING (SELECT case when s.dlscdactiveflag='Y' then s.PatientServiceGroupId else 'DEACTIVATE' end as mergeKey, s.* FROM ODHPatientServiceGroup s where s.dlscdactiveflag<>'D' UNION ALL SELECT 'UPDATE' as mergeKey, source.* FROM ODHPatientServiceGroup source JOIN curate_enterprise.ODHPatientServiceGroup Target ON source.PatientServiceGroupId = Target.PatientServiceGroupId WHERE Target.DLSCDActiveFlag = 'Y' and source.DLSCDActiveFlag = 'Y') src ON T.PatientServiceGroupId = src.mergeKey AND T.DLSCDActiveFlag = 'Y' when matched THEN UPDATE SET DLSCDActiveFlag = 'N', DLSCDEndDateTime = src.RunDateTime ,DLUpdateDateTime = src.RunDateTime WHEN not MATCHED AND src.mergeKey <> 'UPDATE' and src.mergekey <> 'DEACTIVATE'  THEN INSERT(PatientServiceGroupId,SRCServiceGroupId, PersonId, SRCEntityCode,ServiceGroupType,LastUpdate,EntityType,ServiceDateTime,Destination,Status,PathStatus,JourneyStatus,Deleted,StartTime,EndTime,RecordSourceCode,LOVRecordSourceId ,RunDateTime,DLCreateDateTime,DLUpdateDateTime,DLSCDStartDateTime,DLSCDEndDateTime,DLSCDActiveFlag,DLETLRunLogID,DLCurateStandardRowKey)  VALUES(src.PatientServiceGroupId,src.SRCServiceGroupId,src.PersonId,src.SRCEntityCode,src.ServiceGroupType,src.LastUpdate,src.EntityType,src.ServiceDateTime,src.Destination,src.Status,src.PathStatus,src.JourneyStatus,src.Deleted,src.StartTime,src.EndTime,src.RecordSourceCode,src.LOVRecordSourceId,src.RunDateTime,src.RunDateTime,src.RunDateTime,'1900-01-01 00:00:00.000','9999-12-31 00:00:00.000',src.DLSCDActiveFlag,src.DLETLRunLogID,src.DLCurateStandardRowKey) WHEN not MATCHED AND src.mergeKey = 'UPDATE' THEN INSERT(PatientServiceGroupId,SRCServiceGroupId, PersonId, SRCEntityCode,ServiceGroupType,LastUpdate,EntityType,ServiceDateTime,Destination,Status,PathStatus,JourneyStatus,Deleted,StartTime,EndTime,RecordSourceCode,LOVRecordSourceId ,RunDateTime,DLCreateDateTime,DLUpdateDateTime,DLSCDStartDateTime,DLSCDEndDateTime,DLSCDActiveFlag,DLETLRunLogID,DLCurateStandardRowKey)  VALUES(src.PatientServiceGroupId,src.SRCServiceGroupId,src.PersonId,src.SRCEntityCode,src.ServiceGroupType,src.LastUpdate,src.EntityType,src.ServiceDateTime,src.Destination,src.Status,src.PathStatus,src.JourneyStatus,src.Deleted,src.StartTime,src.EndTime,src.RecordSourceCode,src.LOVRecordSourceId,src.RunDateTime,src.RunDateTime,src.RunDateTime,src.RunDateTime,'9999-12-31 00:00:00.000',src.DLSCDActiveFlag,src.DLETLRunLogID,src.DLCurateStandardRowKey) WHEN not MATCHED AND src.mergeKey = 'DEACTIVATE' THEN INSERT(PatientServiceGroupId,SRCServiceGroupId, PersonId, SRCEntityCode,ServiceGroupType,LastUpdate,EntityType,ServiceDateTime,Destination,Status,PathStatus,JourneyStatus,Deleted,StartTime,EndTime,RecordSourceCode,LOVRecordSourceId ,RunDateTime,DLCreateDateTime,DLUpdateDateTime,DLSCDStartDateTime,DLSCDEndDateTime,DLSCDActiveFlag,DLETLRunLogID,DLCurateStandardRowKey)  VALUES(src.PatientServiceGroupId,src.SRCServiceGroupId,src.PersonId,src.SRCEntityCode,src.ServiceGroupType,src.LastUpdate,src.EntityType,src.ServiceDateTime,src.Destination,src.Status,src.PathStatus,src.JourneyStatus,src.Deleted,src.StartTime,src.EndTime,src.RecordSourceCode,src.LOVRecordSourceId,src.RunDateTime,src.RunDateTime,src.RunDateTime,src.RunDateTime,src.RunDateTime,src.DLSCDActiveFlag,src.DLETLRunLogID,src.DLCurateStandardRowKey)",
            "temp_table_name": "patientservicesgroup15",
            "partition_column_list": ""
        },
        {
            "card_id": "card_151515",
            "card_dependencies": [
                "card_9",
				"card_15"
            ],
            "label": "Read_Table 15",
            "card_type": "read_table",
            "description": "Inserts",
            "query": "MERGE INTO curate_enterprise.ODHPatientServiceGroup T USING (SELECT s.PatientServiceGroupId as mergeKey, s.* FROM ODHPatientServiceGroup s where s.dlscdactiveflag = 'D' UNION ALL SELECT 'UPDATE' as mergeKey, source.* FROM ODHPatientServiceGroup source JOIN curate_enterprise.ODHPatientServiceGroup Target ON source.PatientServiceGroupId = Target.PatientServiceGroupId WHERE Target.DLSCDActiveFlag = 'Y' and source.DLSCDActiveFlag = 'D') src ON T.PatientServiceGroupId = src.mergeKey AND T.DLSCDActiveFlag = 'Y' when matched THEN UPDATE SET DLSCDActiveFlag = 'N', DLSCDEndDateTime = src.RunDateTime ,DLUpdateDateTime = src.RunDateTime WHEN not MATCHED AND src.mergeKey <> 'UPDATE' THEN INSERT(PatientServiceGroupId,SRCServiceGroupId, PersonId, SRCEntityCode,ServiceGroupType,LastUpdate,EntityType,ServiceDateTime,Destination,Status,PathStatus,JourneyStatus,Deleted,StartTime,EndTime,RecordSourceCode,LOVRecordSourceId ,RunDateTime,DLCreateDateTime,DLUpdateDateTime,DLSCDStartDateTime,DLSCDEndDateTime,DLSCDActiveFlag,DLETLRunLogID,DLCurateStandardRowKey)  VALUES(src.PatientServiceGroupId,src.SRCServiceGroupId,src.PersonId,src.SRCEntityCode,src.ServiceGroupType,src.LastUpdate,src.EntityType,src.ServiceDateTime,src.Destination,src.Status,src.PathStatus,src.JourneyStatus,src.Deleted,src.StartTime,src.EndTime,src.RecordSourceCode,src.LOVRecordSourceId,src.RunDateTime,src.RunDateTime,src.RunDateTime,src.RunDateTime,src.RunDateTime,'N',src.DLETLRunLogID,src.DLCurateStandardRowKey) WHEN not MATCHED AND src.mergeKey = 'UPDATE' THEN INSERT(PatientServiceGroupId,SRCServiceGroupId, PersonId, SRCEntityCode,ServiceGroupType,LastUpdate,EntityType,ServiceDateTime,Destination,Status,PathStatus,JourneyStatus,Deleted,StartTime,EndTime,RecordSourceCode,LOVRecordSourceId ,RunDateTime,DLCreateDateTime,DLUpdateDateTime,DLSCDStartDateTime,DLSCDEndDateTime,DLSCDActiveFlag,DLETLRunLogID,DLCurateStandardRowKey)  VALUES(src.PatientServiceGroupId,src.SRCServiceGroupId,src.PersonId,src.SRCEntityCode,src.ServiceGroupType,src.LastUpdate,src.EntityType,src.ServiceDateTime,src.Destination,src.Status,src.PathStatus,src.JourneyStatus,src.Deleted,src.StartTime,src.EndTime,src.RecordSourceCode,src.LOVRecordSourceId,src.RunDateTime,src.RunDateTime,src.RunDateTime,src.RunDateTime,src.RunDateTime,'N',src.DLETLRunLogID,src.DLCurateStandardRowKey)",
            "temp_table_name": "patientservicesgroup151515",
            "partition_column_list": ""
        },
        {
            "card_id": "card_11",
            "card_dependencies": [
                "card_15"
            ],
            "label": "Write_Delta 11",
            "card_type": "write_delta",
            "description": "Write backup Standard",
            "query": "select * from patientservicesgroup11 where code not in (select SRCServiceGroupId from ODHPatientServiceGroup1 where personid is not null)",
            "data_path": "/mnt/idf-curatestandard/BTUKOPTIT/BUKOPMS/BTCOPT_PATIENT_ORGANIZATION_APPOINTMENT_DETAILS_BUKOPMS_Incr/BackUp",
            "partition_key_columns": "",
            "mode": "OVERWRITE",
            "type": "GENERAL"
        }
	]	
}
