[
  {
    "ColumnName": "src_name",
    "Type": "",
    "Nullable": "",
    "FieldLength": "",
    "SpecialChar": "",
    "DateFormat": ""
  },
  {
    "ColumnName": "src_type",
    "Type": "",
    "Nullable": "",
    "FieldLength": "",
    "SpecialChar": "",
    "DateFormat": ""
  },
  {
    "ColumnName": "src_key",
    "Type": "",
    "Nullable": "",
    "FieldLength": "",
    "SpecialChar": "",
    "DateFormat": ""
  },
  {
    "ColumnName": "err_desc",
    "Type": "",
    "Nullable": "",
    "FieldLength": "",
    "SpecialChar": "",
    "DateFormat": ""
  },
  {
    "ColumnName": "prty_cd",
    "Type": "",
    "Nullable": "",
    "FieldLength": "",
    "SpecialChar": "",
    "DateFormat": ""
  },
	 {
    "ColumnName": "edw_gen_mi_last_update_dttm",
    "Type": "",
    "Nullable": "",
    "FieldLength": "",
    "SpecialChar": "",
    "DateFormat": ""
  },
  {
    "ColumnName": "area_code",
    "Type": "",
    "Nullable": "True",
    "FieldLength": "3",
    "SpecialChar": "",
    "DateFormat": ""
  },
  {
    "ColumnName": "phone_nbr",
    "Type": "StringType",
    "Nullable": "True",
    "FieldLength": "7",
    "SpecialChar": "False",
    "DateFormat": ""
  },
  {
    "ColumnName": "optin_status",
    "Type": "StringType",
    "Nullable": "True",
    "FieldLength": "20",
    "SpecialChar": "False",
    "DateFormat": ""
  },
  {
    "ColumnName": "quality_code",
    "Type": "StringType",
    "Nullable": "False",
    "FieldLength": "20",
    "SpecialChar": "False",
    "DateFormat": ""
  },
  {
    "ColumnName": "sms_quality_code",
    "Type": "StringType",
    "Nullable": "False",
    "FieldLength": "20",
    "SpecialChar": "False",
    "DateFormat": ""
  },
  {
    "ColumnName": "phone_type_code",
    "Type": "StringType",
    "Nullable": "False",
    "FieldLength": "20",
    "SpecialChar": "False",
    "DateFormat": ""
  },
  {
    "ColumnName": "optin_status_ts",
    "Type": "DateType",
    "Nullable": "True",
    "FieldLength": "",
    "SpecialChar": "False",
    "DateFormat": "%Y-%m-%d  %H:%M:%S"
  },
  {
    "ColumnName": "create_ts",
    "Type": "DateType",
    "Nullable": "True",
    "FieldLength": "",
    "SpecialChar": "False",
    "DateFormat": "%Y-%m-%d  %H:%M:%S"
  },
  {
    "ColumnName": "create_user_id",
    "Type": "StringType",
    "Nullable": "False",
    "FieldLength": "",
    "SpecialChar": "False",
    "DateFormat": ""
  },
  {
    "ColumnName": "update_ts",
    "Type": "DateType",
    "Nullable": "True",
    "FieldLength": "",
    "SpecialChar": "False",
    "DateFormat": "%Y-%m-%d  %H:%M:%S"
  },
  {
    "ColumnName": "update_user_id",
    "Type": "StringType",
    "Nullable": "False",
    "FieldLength": "",
    "SpecialChar": "False",
    "DateFormat": ""
  },
  {
    "ColumnName": "opv_create_user_id",
    "Type": "StringType",
    "Nullable": "False",
    "FieldLength": "",
    "SpecialChar": "False",
    "DateFormat": ""
  },
  {
    "ColumnName": "create_system_code",
    "Type": "StringType",
    "Nullable": "False",
    "FieldLength": "20",
    "SpecialChar": "False",
    "DateFormat": ""
  },
  {
    "ColumnName": "opv_create_ts",
    "Type": "DateType",
    "Nullable": "True",
    "FieldLength": "",
    "SpecialChar": "False",
    "DateFormat": "%Y-%m-%d  %H:%M:%S"
  },
  {
    "ColumnName": "opv_update_user_id",
    "Type": "StringType",
    "Nullable": "False",
    "FieldLength": "",
    "SpecialChar": "False",
    "DateFormat": ""
  },
  {
    "ColumnName": "update_system_code",
    "Type": "StringType",
    "Nullable": "False",
    "FieldLength": "20",
    "SpecialChar": "False",
    "DateFormat": ""
  },
  {
    "ColumnName": "opv_update_ts",
    "Type": "DateType",
    "Nullable": "True",
    "FieldLength": "",
    "SpecialChar": "False",
    "DateFormat": "%Y-%m-%d  %H:%M:%S"
  }
]