{"type":"struct","fields":[{"name":"src_name","type":"string","nullable":true,"metadata":{}},{"name":"src_type","type":"string","nullable":true,"metadata":{}},{"name":"src_key","type":"string","nullable":true,"metadata":{}},{"name":"err_desc","type":"string","nullable":true,"metadata":{}},{"name":"prty_cd","type":"string","nullable":true,"metadata":{}},{"name":"edw_gen_mi_last_update_dttm","type":"string","nullable":true,"metadata":{}},{"name":"cust_src_id","type":"string","nullable":true,"metadata":{}},{"name":"cust_src_cd","type":"string","nullable":true,"metadata":{}},{"name":"composite_type_cd","type":"string","nullable":true,"metadata":{}},{"name":"msg_type_cd","type":"string","nullable":true,"metadata":{}},{"name":"cdi_cust_src_id","type":"string","nullable":true,"metadata":{}},{"name":"cdi_composite_type_cd","type":"string","nullable":true,"metadata":{}},{"name":"cdi_msg_type_cd","type":"string","nullable":true,"metadata":{}},{"name":"mbr_stat_cd","type":"string","nullable":true,"metadata":{}}]}