{"type":"struct","fields":[{"name":"src_name","type":"string","nullable":true,"metadata":{}},{"name":"src_type","type":"string","nullable":true,"metadata":{}},{"name":"src_key","type":"string","nullable":true,"metadata":{}},{"name":"err_desc","type":"string","nullable":true,"metadata":{}},{"name":"prty_cd","type":"string","nullable":true,"metadata":{}},{"name":"edw_gen_mi_last_update_dttm","type":"string","nullable":true,"metadata":{}},{"name":"source_system_id","type":"string","nullable":true,"metadata":{}},{"name":"source_system_name","type":"string","nullable":true,"metadata":{}},{"name":"consent_type_code","type":"string","nullable":true,"metadata":{}},{"name":"consent_ind","type":"string","nullable":true,"metadata":{}},{"name":"consent_verbiage_version_code","type":"string","nullable":true,"metadata":{}},{"name":"consent_exp_dt","type":"string","nullable":true,"metadata":{}},{"name":"status_code","type":"string","nullable":true,"metadata":{}},{"name":"channel_code","type":"string","nullable":true,"metadata":{}},{"name":"source_rx_nbr","type":"string","nullable":true,"metadata":{}},{"name":"source_txn_nbr","type":"string","nullable":true,"metadata":{}},{"name":"source_store_nbr","type":"string","nullable":true,"metadata":{}},{"name":"consent_reference_type_code","type":"string","nullable":true,"metadata":{}},{"name":"consent_reference_value","type":"string","nullable":true,"metadata":{}},{"name":"opv_create_user_id","type":"string","nullable":true,"metadata":{}},{"name":"opv_create_ts","type":"string","nullable":true,"metadata":{}},{"name":"opv_update_user_id","type":"string","nullable":true,"metadata":{}},{"name":"opv_update_ts","type":"string","nullable":true,"metadata":{}},{"name":"consent_verbiage_language","type":"string","nullable":true,"metadata":{}},{"name":"create_ts","type":"string","nullable":true,"metadata":{}},{"name":"create_user_id","type":"string","nullable":true,"metadata":{}},{"name":"update_ts","type":"string","nullable":true,"metadata":{}},{"name":"update_user_id","type":"string","nullable":true,"metadata":{}},{"name":"create_system_code","type":"string","nullable":true,"metadata":{}},{"name":"update_system_code","type":"string","nullable":true,"metadata":{}},{"name":"consent_capture_dttm","type":"string","nullable":true,"metadata":{}},{"name":"action_code","type":"string","nullable":true,"metadata":{}},{"name":"entity_type_code","type":"string","nullable":true,"metadata":{}},{"name":"entity_type_value","type":"string","nullable":true,"metadata":{}}]}