{   "type" : "struct",   "fields" : [ {     "name" : "src_name",     "type" : "string",     "nullable" : true,    "metadata" : { }   },  {     "name" : "src_type",     "type" : "string",     "nullable" : true,     "metadata" : { }   },  {     "name" : "src_key",     "type" : "string",     "nullable" : true,     "metadata" : { }   },   {     "name" : "err_desc",     "type" : "string",     "nullable" : true,     "metadata" : { }   },  {     "name" : "prty_cd",     "type" : "string",     "nullable" : true,     "metadata" : { }   },   {     "name" : "eid",     "type" : "string",     "nullable" : true,     "metadata" : { }   },   {   "name" : "consumer_src_cd",     "type" : "string",     "nullable" : true,     "metadata" : { }   },   {   "name" : "consumer_src_id",     "type" : "string",     "nullable" : true,     "metadata" : { }   },   {     "name" : "prison_ind",     "type" : "string", "nullable" : true,     "metadata" : { }   } ] }
