{"type":"struct","fields":[{"name":"src_name","type":"string","nullable":true,"metadata":{}},{"name":"src_type","type":"string","nullable":true,"metadata":{}},{"name":"src_key","type":"string","nullable":true,"metadata":{}},{"name":"err_desc","type":"string","nullable":true,"metadata":{}},{"name":"prty_cd","type":"string","nullable":true,"metadata":{}},{"name":"edw_gen_mi_last_update_dttm","type":"string","nullable":true,"metadata":{}},{"name":"pf_customer_id","type":"string","nullable":true,"metadata":{}},{"name":"pf_prefix","type":"string","nullable":true,"metadata":{}},{"name":"pf_first_name","type":"string","nullable":true,"metadata":{}},{"name":"pf_last_name","type":"string","nullable":true,"metadata":{}},{"name":"pf_suffix","type":"string","nullable":true,"metadata":{}},{"name":"pf_phone_area_code","type":"string","nullable":true,"metadata":{}},{"name":"pf_phone_number","type":"string","nullable":true,"metadata":{}},{"name":"pf_second_phone_area_code","type":"string","nullable":true,"metadata":{}},{"name":"pf_second_phone_number","type":"string","nullable":true,"metadata":{}},{"name":"pf_email","type":"string","nullable":true,"metadata":{}},{"name":"pf_street_address","type":"string","nullable":true,"metadata":{}},{"name":"pf_city","type":"string","nullable":true,"metadata":{}},{"name":"pf_state","type":"string","nullable":true,"metadata":{}},{"name":"pf_country","type":"string","nullable":true,"metadata":{}},{"name":"pf_declined_zip_ind","type":"string","nullable":true,"metadata":{}},{"name":"pf_declined_phone_ind","type":"string","nullable":true,"metadata":{}},{"name":"pf_declined_email_ind","type":"string","nullable":true,"metadata":{}},{"name":"pf_active_ind","type":"string","nullable":true,"metadata":{}},{"name":"pf_merge_to_customer_id","type":"string","nullable":true,"metadata":{}},{"name":"pf_to_be_contacted","type":"string","nullable":true,"metadata":{}},{"name":"pf_language_id","type":"string","nullable":true,"metadata":{}},{"name":"pf_commercial_account_id","type":"string","nullable":true,"metadata":{}},{"name":"pf_commercial_contact_ind","type":"string","nullable":true,"metadata":{}},{"name":"pf_customer_origin","type":"string","nullable":true,"metadata":{}},{"name":"pf_customer_store_ind","type":"string","nullable":true,"metadata":{}},{"name":"pf_created_loc_type","type":"string","nullable":true,"metadata":{}},{"name":"pf_created_loc_number","type":"string","nullable":true,"metadata":{}},{"name":"pf_central_valued_ind","type":"string","nullable":true,"metadata":{}},{"name":"create_id","type":"string","nullable":true,"metadata":{}},{"name":"create_dttm","type":"string","nullable":true,"metadata":{}},{"name":"update_id","type":"string","nullable":true,"metadata":{}},{"name":"update_dttm","type":"string","nullable":true,"metadata":{}},{"name":"pf_zip_code","type":"string","nullable":true,"metadata":{}},{"name":"pf_zip_code_ext","type":"string","nullable":true,"metadata":{}},{"name":"last_updated_loc_number","type":"string","nullable":true,"metadata":{}},{"name":"pf_wag_customer_id","type":"string","nullable":true,"metadata":{}},{"name":"date_time_modified_central","type":"string","nullable":true,"metadata":{}}]}