{"type":"struct","fields":[{"name":"src_name","type":"string","nullable":true,"metadata":{}},{"name":"src_type","type":"string","nullable":true,"metadata":{}},{"name":"src_key","type":"string","nullable":true,"metadata":{}},{"name":"err_desc","type":"string","nullable":true,"metadata":{}},{"name":"prty_cd","type":"string","nullable":true,"metadata":{}},{"name":"edw_gen_mi_last_update_dttm","type":"string","nullable":true,"metadata":{}},{"name":"consent_audit_tracking_id_seq","type":"string","nullable":true,"metadata":{}},{"name":"consent_type_code","type":"string","nullable":true,"metadata":{}},{"name":"source_system_id","type":"string","nullable":true,"metadata":{}},{"name":"source_system_name","type":"string","nullable":true,"metadata":{}},{"name":"source_system_id_triggering","type":"string","nullable":true,"metadata":{}},{"name":"source_system_name_triggering","type":"string","nullable":true,"metadata":{}},{"name":"channel_code","type":"string","nullable":true,"metadata":{}},{"name":"consent_value","type":"string","nullable":true,"metadata":{}},{"name":"action_code","type":"string","nullable":true,"metadata":{}},{"name":"audit_event_code","type":"string","nullable":true,"metadata":{}},{"name":"cust_hist_seq_nbr","type":"string","nullable":true,"metadata":{}},{"name":"consent_capture_dttm","type":"string","nullable":true,"metadata":{}},{"name":"opv_create_user_id","type":"string","nullable":true,"metadata":{}},{"name":"opv_create_ts","type":"string","nullable":true,"metadata":{}},{"name":"opv_update_user_id","type":"string","nullable":true,"metadata":{}},{"name":"opv_update_ts","type":"string","nullable":true,"metadata":{}}]}