{"type":"struct","fields":[{"name":"src_name","type":"string","nullable":true,"metadata":{}},{"name":"src_type","type":"string","nullable":true,"metadata":{}},{"name":"src_key","type":"string","nullable":true,"metadata":{}},{"name":"err_desc","type":"string","nullable":true,"metadata":{}},{"name":"prty_cd","type":"string","nullable":true,"metadata":{}},{"name":"pat_id","type":"string","nullable":true,"metadata":{}},{"name":"refill_reminder_cd","type":"string","nullable":true,"metadata":{}},{"name":"refill_reminder_dttm","type":"string","nullable":true,"metadata":{}}]}