{"type":"struct","fields":[{"name":"src_name","type":"string","nullable":true,"metadata":{}},{"name":"src_type","type":"string","nullable":true,"metadata":{}},{"name":"src_key","type":"string","nullable":true,"metadata":{}},{"name":"err_desc","type":"string","nullable":true,"metadata":{}},{"name":"prty_cd","type":"string","nullable":true,"metadata":{}},{"name":"pat_id","type":"string","nullable":true,"metadata":{}},{"name":"mbr_id","type":"string","nullable":true,"metadata":{}},{"name":"apns_opt_ind","type":"string","nullable":true,"metadata":{}},{"name":"app_name","type":"string","nullable":true,"metadata":{}},{"name":"device_info","type":"string","nullable":true,"metadata":{}},{"name":"device_token","type":"string","nullable":true,"metadata":{}},{"name":"apns_pref_update_dttm","type":"string","nullable":true,"metadata":{}}]}