{"type":"struct","fields":[{"name":"src_name","type":"string","nullable":true,"metadata":{}},{"name":"src_type","type":"string","nullable":true,"metadata":{}},{"name":"src_key","type":"string","nullable":true,"metadata":{}},{"name":"err_desc","type":"string","nullable":true,"metadata":{}},{"name":"prty_cd","type":"string","nullable":true,"metadata":{}},{"name":"source_system_id","type":"string","nullable":true,"metadata":{}},{"name":"source_system_name","type":"string","nullable":true,"metadata":{}},{"name":"preference_type","type":"string","nullable":true,"metadata":{}},{"name":"preference_value","type":"string","nullable":true,"metadata":{}},{"name":"create_ts","type":"string","nullable":true,"metadata":{}},{"name":"create_user_id","type":"string","nullable":true,"metadata":{}},{"name":"create_system_cd","type":"string","nullable":true,"metadata":{}},{"name":"update_ts","type":"string","nullable":true,"metadata":{}},{"name":"update_user_id","type":"string","nullable":true,"metadata":{}},{"name":"update_system_cd","type":"string","nullable":true,"metadata":{}},{"name":"action_code","type":"string","nullable":true,"metadata":{}}]}