{"type":"struct","fields":[{"name":"src_name","type":"string","nullable":true,"metadata":{}},{"name":"src_type","type":"string","nullable":true,"metadata":{}},{"name":"src_key","type":"string","nullable":true,"metadata":{}},{"name":"err_desc","type":"string","nullable":true,"metadata":{}},{"name":"prty_cd","type":"string","nullable":true,"metadata":{}},{"name":"edw_gen_mi_last_update_dttm","type":"string","nullable":true,"metadata":{}},{"name":"mo_me_id","type":"string","nullable":true,"metadata":{}},{"name":"mo_store_special_dttm","type":"string","nullable":true,"metadata":{}},{"name":"mo_shopping_dttm","type":"string","nullable":true,"metadata":{}},{"name":"mo_news_letter_ind","type":"string","nullable":true,"metadata":{}},{"name":"mo_news_letter_dttm","type":"string","nullable":true,"metadata":{}},{"name":"mo_store_special_ind","type":"string","nullable":true,"metadata":{}},{"name":"mo_shopping_weekly_ind","type":"string","nullable":true,"metadata":{}},{"name":"mo_shopping_onsale_ind","type":"string","nullable":true,"metadata":{}},{"name":"mo_email_format_ind","type":"string","nullable":true,"metadata":{}},{"name":"mo_photo_ind","type":"string","nullable":true,"metadata":{}},{"name":"mo_photo_dttm","type":"string","nullable":true,"metadata":{}},{"name":"mo_diabetes_ind","type":"string","nullable":true,"metadata":{}},{"name":"mo_choles_ind","type":"string","nullable":true,"metadata":{}},{"name":"mo_hbp_ind","type":"string","nullable":true,"metadata":{}},{"name":"mo_pharmacy_ind","type":"string","nullable":true,"metadata":{}},{"name":"mo_whs_mailrx_ind","type":"string","nullable":true,"metadata":{}},{"name":"mo_whs_combo_ind","type":"string","nullable":true,"metadata":{}},{"name":"mo_whs_pbm_ind","type":"string","nullable":true,"metadata":{}},{"name":"mo_update_dttm","type":"string","nullable":true,"metadata":{}},{"name":"mo_walk_social_ind","type":"string","nullable":true,"metadata":{}},{"name":"mo_eml_src","type":"string","nullable":true,"metadata":{}},{"name":"mo_take_care_clinic_subscribe_ind","type":"string","nullable":true,"metadata":{}},{"name":"cystic_fibrosis_ind","type":"string","nullable":true,"metadata":{}}]}


