{"type":"struct","fields":[{"name":"src_name","type":"string","nullable":true,"metadata":{}},{"name":"src_type","type":"string","nullable":true,"metadata":{}},{"name":"src_key","type":"string","nullable":true,"metadata":{}},{"name":"err_desc","type":"string","nullable":true,"metadata":{}},{"name":"prty_cd","type":"string","nullable":true,"metadata":{}},{"name":"edw_gen_mi_last_update_dttm","type":"string","nullable":true,"metadata":{}},{"name":"enterprise_id","type":"string","nullable":true,"metadata":{}},{"name":"transaction_type","type":"string","nullable":true,"metadata":{}},{"name":"transaction_dttm","type":"string","nullable":true,"metadata":{}},{"name":"source_code","type":"string","nullable":true,"metadata":{}},{"name":"source_id","type":"string","nullable":true,"metadata":{}},{"name":"member_status","type":"string","nullable":true,"metadata":{}},{"name":"surviving_source_code","type":"string","nullable":true,"metadata":{}},{"name":"surviving_source_id","type":"string","nullable":true,"metadata":{}},{"name":"surviving_member_status","type":"string","nullable":true,"metadata":{}},{"name":"non_surviving_source_code","type":"string","nullable":true,"metadata":{}},{"name":"non_surviving_source_id","type":"string","nullable":true,"metadata":{}},{"name":"non_surviving_member_status","type":"string","nullable":true,"metadata":{}}]}