{"type":"struct","fields":[{"name":"src_name","type":"string","nullable":true,"metadata":{}},{"name":"src_type","type":"string","nullable":true,"metadata":{}},{"name":"src_key","type":"string","nullable":true,"metadata":{}},{"name":"err_desc","type":"string","nullable":true,"metadata":{}},{"name":"prty_cd","type":"string","nullable":true,"metadata":{}},{"name":"edw_gen_mi_last_update_dttm","type":"string","nullable":true,"metadata":{}},{"name":"SourceSystemName","type":"string","nullable":true,"metadata":{}},{"name":"PatientId","type":"string","nullable":true,"metadata":{}},{"name":"CallId","type":"string","nullable":true,"metadata":{}},{"name":"ConsentTypeCode","type":"string","nullable":true,"metadata":{}},{"name":"ConsentTypeChannelCode","type":"string","nullable":true,"metadata":{}},{"name":"ConsentChannelValue","type":"string","nullable":true,"metadata":{}},{"name":"ConsentIVR","type":"string","nullable":true,"metadata":{}},{"name":"ConsentValueCode","type":"string","nullable":true,"metadata":{}},{"name":"ConsentDateTime","type":"string","nullable":true,"metadata":{}},{"name":"AgeIndicator","type":"string","nullable":true,"metadata":{}},{"name":"TnCReadIndicator","type":"string","nullable":true,"metadata":{}},{"name":"DenialFlowIndicator","type":"string","nullable":true,"metadata":{}},{"name":"DialedStorePhoneNumber","type":"string","nullable":true,"metadata":{}},{"name":"CallResultinIVR","type":"string","nullable":true,"metadata":{}},{"name":"DNIS","type":"string","nullable":true,"metadata":{}},{"name":"IVRInterceptCallBack","type":"string","nullable":true,"metadata":{}},{"name":"LanguagePreference","type":"string","nullable":true,"metadata":{}},{"name":"ConsentAskReason","type":"string","nullable":true,"metadata":{}},{"name":"RxNbr","type":"string","nullable":true,"metadata":{}},{"name":"ConsentStatementVersion","type":"string","nullable":true,"metadata":{}},{"name":"DispositionCode","type":"string","nullable":true,"metadata":{}},{"name":"SourceSystemCode","type":"string","nullable":true,"metadata":{}},{"name":"StoreNumber","type":"string","nullable":true,"metadata":{}},{"name":"FillNumberDispensed","type":"string","nullable":true,"metadata":{}},{"name":"RxCreateDate","type":"string","nullable":true,"metadata":{}}]}