{
	"project_name": "BUKOPMS",
	"config_type": "etl",
	"description": "",
	"data_source": [],
	"report_path": "/mnt/idf-reports/BTUKOPTIT/BUKOPMS/BTCOPT_ORDER_OFFER_TYPE_BUKOPMS_Incr/Incremental/CurateADLS/",
	"cards": [
		{
			"card_id": "card_0",
			"card_dependencies": [],
			"label": "Read_Delta 0",
			"card_type": "read_delta",
			"description": "reading standard location",
			"data_path": "/mnt/idf-curatestandard/BTUKOPTIT/BUKOPMS/BTCOPT_ORDER_OFFER_TYPE_BUKOPMS_Incr/Incremental",
			"output_table": "ODHOfferType1"
		},
		{
			"card_id": "card_1",
			"card_dependencies": [
				"card_0"
			],
			"label": "Apply_Filter 1",
			"card_type": "apply_filter",
			"description": "filtering records with RunDateTime",
			"input_table": "ODHOfferType1",
			"output_table": "ODHOfferType2",
			"filter": [],
			"unmatch_data": false
		},
		{
			"card_id": "card_2",
			"card_dependencies": [],
			"label": "Read_Table 2",
			"card_type": "read_table",
			"description": "Read ADLS table",
			"query": "Select * from curate_enterprise.reflovsetinfo",
			"temp_table_name": "reflovsetinfo",
			"partition_column_list": ""
		},
		{
			"card_id": "card_13",
			"card_dependencies": [],
			"label": "Read_Delta 13",
			"card_type": "read_delta",
			"description": "reading standard backup location",
			"data_path": "/mnt/idf-curatestandard/BTUKOPTIT/BUKOPMS/BTCOPT_ORDER_OFFER_TYPE_BUKOPMS_Incr/BackUp",
			"output_table": "ODHOfferType12"
		},
		{
			"card_id": "card_100",
			"card_dependencies": [
				"card_13",
				"card_1"
			],
			"label": "Read_Table 100",
			"card_type": "read_table",
			"description": "Union with backup table",
			"query": "select * from ODHOfferType2 union select * from ODHOfferType12",
			"temp_table_name": "ODHOfferType101",
			"partition_column_list": ""
		},
		{
			"card_id": "card_12",
			"card_dependencies": [
				"card_100"
			],
			"label": "Read_Table 12",
			"card_type": "read_table",
			"description": "Making null void null",
			"query": "select nullif(CurateStandardRowKey,'null') as CurateStandardRowKey,nullif(M_OFFER_TYPE_ID,'null') as  M_OFFER_TYPE_ID,nullif(AD_ORG_ID,'null') as AD_ORG_ID,nullif(AD_CLIENT_ID,'null') as AD_CLIENT_ID,nullif(ISACTIVE,'null') as ISACTIVE,nullif(CREATED,'null') as CREATED,nullif(CREATEDBY,'null') as CREATEDBY,nullif(UPDATED,'null') as UPDATED,nullif(UPDATEDBY,'null') as UPDATEDBY,nullif(AD_MODULE_ID,'null') as AD_MODULE_ID,nullif(NAME,'null') as NAME,nullif(DESCRIPTION,'null') as DESCRIPTION,nullif(PL_ORDER_IMPLEMENTOR,'null') as PL_ORDER_IMPLEMENTOR,nullif(EM_OBPOS_ISCATEGORY,'null') as EM_OBPOS_ISCATEGORY,nullif(EM_OBPOS_IMAGE,'null') as EM_OBPOS_IMAGE,nullif(EM_HORCUS_PRMTN_TP,'null') as EM_HORCUS_PRMTN_TP,nullif(OPERATION,'null') as OPERATION,nullif(TIMESTAMP,'null') as TIMESTAMP,nullif(TRANSACTIONID,'null') as TRANSACTIONID,nullif(RunDateTime,'null') as RunDateTime,nullif(Year,'null') as Year,nullif(Month,'null') as Month,nullif(Day,'null') as Day from ODHOfferType101",
			"temp_table_name": "ODHOfferType11",
			"partition_column_list": ""
		},	
		{
			"card_id": "card_4",
			"card_dependencies": [
				"card_12"
			],
			"label": "Read_Table 4",
			"card_type": "read_table",
			"description": "fetching latest records",
			"query": "select * from (select row_number() OVER(PARTITION BY NAME order BY timestamp desc,case when operation='DELETE' then 1 when operation='UPDATE' then 2 when operation='INSERT' then 3 when operation='REFRESH' then 4 end asc) as rn,row_number() OVER(PARTITION BY NAME,timestamp,operation order BY timestamp desc,operation desc) as rnk,* FROM ODHOfferType11)t where t.rnk = 1",
			"temp_table_name": "ODHOfferType5",
			"partition_column_list": ""
		},
		{
			"card_id": "card_18",
			"card_dependencies": [
				"card_4"
			],
			"label": "Read_Table 18",
			"card_type": "read_table",
			"description": "Populating etlrunlogid",
			"query": "select s.*,r.ETLRunId as ETLRunLogIdNew from ODHOfferType5 s join (select max(cast(ETLRunId as int)) as ETLRunId from RPI_LOGGING.RPI_COMMON_LOGGING where processstage='CurateStandard' and feedname = 'BTCOPT_ORDER_OFFER_TYPE_BUKOPMS_Incr') r on (1=1)",
			"temp_table_name": "ODHOfferTypelog",
			"partition_column_list": ""
		},
		{
			"card_id": "card_3",
			"card_dependencies": [
				"card_2",
				"card_18"
			],
			"label": "Read_Table 3",
			"card_type": "read_table",
			"description": "Applying Transformations",
			"query": "select md5(concat_ws('^|~',s.NAME,r.LOVId)) as OfferTypeId,a.ClientId, b.OrganisationId  ,s.NAME as OfferTypeName,s.M_OFFER_TYPE_ID  as SRCOfferTypeId ,nullif(s.ISACTIVE,'null') as ISACTIVE,s.CREATED as SourceCreated,s.CREATEDBY as SourceCreatedBy,s.UPDATED as SourceUpdated,s.UPDATEDBY as SourceUpdatedBy,s.DESCRIPTION  as Description,s.PL_ORDER_IMPLEMENTOR  as PlOrderImplementor ,nullif(s.EM_OBPOS_ISCATEGORY,'null')  as EmObposIsCategory ,s.EM_OBPOS_IMAGE  as EmObposImage ,s.EM_HORCUS_PRMTN_TP  as EmHorcusPrmtnTp,'BUKOPMS' as RecordSourceCode,cast(r.LOVId as int) as LOVRecordSourceId,cast(s.CurateStandardRowKey as bigint) as DLCurateStandardRowKey,cast(s.ETLRunLogIdNew as int) as DLETLRunLogID,current_timestamp as RunDateTime , case when s.rn=1 then 'Y' else 'N' end as DLSCDActiveFlag  from ODHOfferTypelog s left join (select ClientId,SRCClientId from curate_enterprise.ODHClient where RecordSourceCode='BUKOPMS' and DLSCDActiveFlag='Y') a on a.SRCClientId=s.AD_CLIENT_ID left join (select OrganisationId,SRCAdOrgId from curate_enterprise.ODHAdOrg where RecordSourceCode='BUKOPMS' and DLSCDActiveFlag='Y') b on b.SRCAdOrgId=s.AD_ORG_ID join (select LOVId from reflovsetinfo where lovkey='BUKOPMS' and lovsetname='System of Record' and LOVRecordsourceid='12012') r on(1=1) where s.Name is not null",
			"temp_table_name": "ODHOfferType9",
			"partition_column_list": ""
		},
		{
			"card_id": "card_25",
			"card_dependencies": [
				"card_3"
			],
			"label": "Read_Table 25",
			"card_type": "read_table",
			"description": "Filtering Records and Casting to correct DataType",
			"query": "select cast (OfferTypeId as string),cast (SRCOfferTypeId as string),cast (OrganisationID as string),cast (ClientId as string),cast (IsActive as string),cast (SourceCreated as date  ),cast (SourceCreatedBy as string),cast (SourceUpdated as date  ),cast (SourceUpdatedBy as string),cast (OfferTypeName as string),cast (Description as string),cast (PLOrderImplementor as string),cast (EMOBPOSIsCategory as string),cast (EMOBPOSImage as string),cast (EMHorcusPRMTNTP as string),cast(RecordSourceCode  as string),cast(LOVRecordSourceId as int),cast(RunDateTime as timestamp),cast(DLCurateStandardRowKey as bigint),cast(DLETLRunLogID as int) , DLSCDActiveFlag from ODHOfferType9 where OrganisationID is not null and ClientId is not null and SRCOfferTypeId is not null and OfferTypeName is not null",
			"temp_table_name": "ODHOfferType1",
			"partition_column_list": ""
		},
		{
			"card_id": "card_27",
			"card_dependencies": [
				"card_25"
			],
			"label": "Read_Table 27",
			"card_type": "read_table",
			"description": "Insert in ADLS",
			"query": "MERGE INTO curate_enterprise.ODHOfferType T USING (SELECT case when s.dlscdactiveflag='Y' then s.OfferTypeId else 'DEACTIVATE' end as mergeKey, s.* FROM ODHOfferType1 s where s.dlscdactiveflag<>'D' UNION ALL SELECT 'UPDATE' as mergeKey, source.* FROM ODHOfferType1 source JOIN curate_enterprise.ODHOfferType Target ON source.OfferTypeId = Target.OfferTypeId WHERE Target.DLSCDActiveFlag = 'Y' and source.DLSCDActiveFlag = 'Y') src ON T.OfferTypeId = src.mergeKey AND T.DLSCDActiveFlag = 'Y' when matched THEN UPDATE SET DLSCDActiveFlag = 'N', DLSCDEndDateTime = src.RunDateTime ,DLUpdateDateTime = src.RunDateTime WHEN not MATCHED AND src.mergeKey <> 'UPDATE' and src.mergekey <> 'DEACTIVATE' THEN INSERT(OfferTypeId ,SRCOfferTypeId ,OrganisationID ,ClientId ,IsActive ,SourceCreated ,SourceCreatedBy ,SourceUpdated ,SourceUpdatedBy ,OfferTypeName ,Description ,PLOrderImplementor ,EMOBPOSIsCategory ,EMOBPOSImage ,EMHorcusPRMTNTP,RecordSourceCode,LOVRecordSourceId ,RunDateTime,DLCreateDateTime,DLUpdateDateTime,DLSCDStartDateTime,DLSCDEndDateTime,DLSCDActiveFlag,DLETLRunLogID,DLCurateStandardRowKey)  VALUES(src.OfferTypeId ,src.SRCOfferTypeId, src.OrganisationID ,src.ClientId ,src.IsActive ,src.SourceCreated, src.SourceCreatedBy ,src.SourceUpdated ,src.SourceUpdatedBy ,src.OfferTypeName ,src.Description, src.PLOrderImplementor ,src.EMOBPOSIsCategory ,src.EMOBPOSImage ,src.EMHorcusPRMTNTP,src.RecordSourceCode,src.LOVRecordSourceId,src.RunDateTime,src.RunDateTime,src.RunDateTime,'1900-01-01 00:00:00.000','9999-12-31 00:00:00.000',src.DLSCDActiveFlag,src.DLETLRunLogID,src.DLCurateStandardRowKey) WHEN not MATCHED AND src.mergeKey = 'UPDATE' THEN INSERT(OfferTypeId ,SRCOfferTypeId ,OrganisationID ,ClientId ,IsActive ,SourceCreated ,SourceCreatedBy ,SourceUpdated ,SourceUpdatedBy ,OfferTypeName ,Description ,PLOrderImplementor ,EMOBPOSIsCategory ,EMOBPOSImage ,EMHorcusPRMTNTP,RecordSourceCode,LOVRecordSourceId ,RunDateTime,DLCreateDateTime,DLUpdateDateTime,DLSCDStartDateTime,DLSCDEndDateTime,DLSCDActiveFlag,DLETLRunLogID,DLCurateStandardRowKey)  VALUES(src.OfferTypeId ,src.SRCOfferTypeId, src.OrganisationID ,src.ClientId ,src.IsActive ,src.SourceCreated, src.SourceCreatedBy ,src.SourceUpdated ,src.SourceUpdatedBy ,src.OfferTypeName ,src.Description, src.PLOrderImplementor ,src.EMOBPOSIsCategory ,src.EMOBPOSImage ,src.EMHorcusPRMTNTP,src.RecordSourceCode,src.LOVRecordSourceId,src.RunDateTime,src.RunDateTime,src.RunDateTime,src.RunDateTime,'9999-12-31 00:00:00.000',src.DLSCDActiveFlag,src.DLETLRunLogID,src.DLCurateStandardRowKey) WHEN not MATCHED AND src.mergeKey = 'DEACTIVATE' THEN INSERT(OfferTypeId ,SRCOfferTypeId ,OrganisationID ,ClientId ,IsActive ,SourceCreated ,SourceCreatedBy ,SourceUpdated ,SourceUpdatedBy ,OfferTypeName ,Description ,PLOrderImplementor ,EMOBPOSIsCategory ,EMOBPOSImage ,EMHorcusPRMTNTP ,RecordSourceCode,LOVRecordSourceId ,RunDateTime,DLCreateDateTime,DLUpdateDateTime,DLSCDStartDateTime,DLSCDEndDateTime,DLSCDActiveFlag,DLETLRunLogID,DLCurateStandardRowKey)  VALUES(src.OfferTypeId ,src.SRCOfferTypeId, src.OrganisationID ,src.ClientId ,src.IsActive ,src.SourceCreated, src.SourceCreatedBy ,src.SourceUpdated ,src.SourceUpdatedBy ,src.OfferTypeName ,src.Description, src.PLOrderImplementor ,src.EMOBPOSIsCategory ,src.EMOBPOSImage ,src.EMHorcusPRMTNTP  ,src.RecordSourceCode,src.LOVRecordSourceId,src.RunDateTime,src.RunDateTime,src.RunDateTime,src.RunDateTime,src.RunDateTime,src.DLSCDActiveFlag,src.DLETLRunLogID,src.DLCurateStandardRowKey)",
			"temp_table_name": "ODHOfferType3",
			"partition_column_list": ""
		},
		{
			"card_id": "card_27033",
			"card_dependencies": [
				"card_27"
			],
			"label": "Read_Table 27033",
			"card_type": "read_table",
			"description": "Insert in ADLS",
			"query": "MERGE INTO curate_enterprise.ODHOfferType T USING (SELECT s.OfferTypeId as MergeKey,s.* FROM ODHOfferType1 s where s.dlscdactiveflag='D' UNION ALL SELECT 'UPDATE' as mergeKey, source.* FROM ODHOfferType1 source JOIN curate_enterprise.ODHOfferType Target ON source.OfferTypeId = Target.OfferTypeId WHERE Target.DLSCDActiveFlag = 'Y' and source.dlscdactiveflag='D') src ON T.OfferTypeId = src.mergeKey AND T.DLSCDActiveFlag = 'Y' when matched THEN UPDATE SET DLSCDActiveFlag = 'N', DLSCDEndDateTime = src.RunDateTime ,DLUpdateDateTime = src.RunDateTime WHEN not MATCHED AND src.mergeKey = 'UPDATE' THEN INSERT(OfferTypeId ,SRCOfferTypeId ,OrganisationID ,ClientId ,IsActive ,SourceCreated ,SourceCreatedBy ,SourceUpdated ,SourceUpdatedBy ,OfferTypeName ,Description ,PLOrderImplementor ,EMOBPOSIsCategory ,EMOBPOSImage ,EMHorcusPRMTNTP ,RecordSourceCode,LOVRecordSourceId ,RunDateTime,DLCreateDateTime,DLUpdateDateTime,DLSCDStartDateTime,DLSCDEndDateTime,DLSCDActiveFlag,DLETLRunLogID,DLCurateStandardRowKey)  VALUES(src.OfferTypeId ,src.SRCOfferTypeId, src.OrganisationID ,src.ClientId ,src.IsActive ,src.SourceCreated, src.SourceCreatedBy ,src.SourceUpdated ,src.SourceUpdatedBy ,src.OfferTypeName ,src.Description, src.PLOrderImplementor ,src.EMOBPOSIsCategory ,src.EMOBPOSImage ,src.EMHorcusPRMTNTP  ,src.RecordSourceCode,src.LOVRecordSourceId,src.RunDateTime,src.RunDateTime,src.RunDateTime,src.RunDateTime,src.RunDateTime,'N',src.DLETLRunLogID,src.DLCurateStandardRowKey) WHEN not MATCHED AND src.mergeKey <> 'UPDATE' THEN INSERT(OfferTypeId ,SRCOfferTypeId ,OrganisationID ,ClientId ,IsActive ,SourceCreated ,SourceCreatedBy ,SourceUpdated ,SourceUpdatedBy ,OfferTypeName ,Description ,PLOrderImplementor ,EMOBPOSIsCategory ,EMOBPOSImage ,EMHorcusPRMTNTP ,RecordSourceCode,LOVRecordSourceId ,RunDateTime,DLCreateDateTime,DLUpdateDateTime,DLSCDStartDateTime,DLSCDEndDateTime,DLSCDActiveFlag,DLETLRunLogID,DLCurateStandardRowKey)  VALUES(src.OfferTypeId ,src.SRCOfferTypeId, src.OrganisationID ,src.ClientId ,src.IsActive ,src.SourceCreated, src.SourceCreatedBy ,src.SourceUpdated ,src.SourceUpdatedBy ,src.OfferTypeName ,src.Description, src.PLOrderImplementor ,src.EMOBPOSIsCategory ,src.EMOBPOSImage ,src.EMHorcusPRMTNTP  ,src.RecordSourceCode,src.LOVRecordSourceId,src.RunDateTime,src.RunDateTime,src.RunDateTime,src.RunDateTime,src.RunDateTime,'N',src.DLETLRunLogID,src.DLCurateStandardRowKey)",
			"temp_table_name": "ODHOfferType27033",
			"partition_column_list": ""
		},
		{
			"card_id": "card_11",
			"card_dependencies": [
				"card_25",
				"card_12",
				"card_3"
			],
			"label": "Write_Delta 11",
			"card_type": "write_delta",
			"description": "Write backup Standard",
			"query": "select * from ODHOfferType11 where name not in (select OfferTypeName from ODHOfferType9)",
			"data_path": "/mnt/idf-curatestandard/BTUKOPTIT/BUKOPMS/BTCOPT_ORDER_OFFER_TYPE_BUKOPMS_Incr/BackUp",
			"partition_key_columns": "",
			"mode": "OVERWRITE",
			"type": "GENERAL"
		}
	]
}
