{
    "name": "IDFSqlRepoSHIR",
    "type": "Microsoft.DataFactory/factories/linkedservices",
    "properties": {
        "description": "IDF repository database using the SHIR",
        "annotations": [],
        "type": "AzureSqlDatabase",
        "typeProperties": {
            "connectionString": "Integrated Security=False;Encrypt=True;Connection Timeout=30;Data Source=dapdevsqlsrv01.database.windows.net;Initial Catalog=dapdevsqldb01"
        },
        "connectVia": {
            "referenceName": "GS-DNA-SHIR-01",
            "type": "IntegrationRuntimeReference"
        }
    }
}