{
    "project_name": "BUKOPMS",
    "config_type": "etl",
    "description": "",
    "data_source": [],
    "report_path": "/mnt/idf-reports/BTUKOPTIT/BUKOPMS/BTCOPT_PATIENT_EYE_CHECKUP_DETAILS_BUKOPMS_Incr/Incremental/CurateADLS/",
    "cards": [
        {
            "card_id": "card_0",
            "card_dependencies": [],
            "label": "Read_Delta 0",
            "card_type": "read_delta",
            "description": "reading standard location",
            "data_path": "/mnt/idf-curatestandard/BTUKOPTIT/BUKOPMS/BTCOPT_PATIENT_EYE_CHECKUP_DETAILS_BUKOPMS_Incr/Incremental",
            "output_table": "ODHServiceGroupEyeCheckup1"
        },
        {
            "card_id": "card_1",
            "card_dependencies": [
                "card_0"
            ],
            "label": "Apply_Filter 1",
            "card_type": "apply_filter",
            "description": "filtering records with RunDateTime",
            "input_table": "ODHServiceGroupEyeCheckup1",
            "output_table": "ODHServiceGroupEyeCheckup2",
            "filter": [],
            "unmatch_data": false
        },
        {
            "card_id": "card_2",
            "card_dependencies": [],
            "label": "Read_Table 2",
            "card_type": "read_table",
            "description": "Read ADLS table",
            "query": "Select * from curate_enterprise.reflovsetinfo",
            "temp_table_name": "reflovsetinfo",
            "partition_column_list": ""
        },
        {
            "card_id": "card_4",
            "card_dependencies": [
                "card_1"
            ],
            "label": "Read_Table 4",
            "card_type": "read_table",
            "description": "fetching latest records",
            "query": "select * from (select row_number() OVER(PARTITION BY CODE order BY timestamp desc,case when operation='DELETE' then 1 when operation='UPDATE' then 2 when operation='INSERT' then 3 when operation='REFRESH' then 4 end asc) as rn,row_number() OVER(PARTITION BY CODE,timestamp,operation order BY timestamp desc,operation desc) as rnk,* FROM ODHServiceGroupEyeCheckup2)t where t.rnk = 1",
            "temp_table_name": "ODHServiceGroupEyeCheckup5",
            "partition_column_list": ""
        },
		{
            "card_id": "card_17",
            "card_dependencies": [],
            "label": "Read_Delta 17",
            "card_type": "read_delta",
            "description": "reading Logging Table",
            "data_path": "/mnt/idf-reports/RPI_Logging/RPI_Common_Logging/",
            "output_table": "log"
        },
		{
            "card_id": "card_18",
            "card_dependencies": [
                "card_17",
				"card_4"
            ],
            "label": "Read_Table 18",
            "card_type": "read_table",
            "description": "Populating etlrunlogid",
            "query": "select s.*,r.ETLRunId as ETLRunLogIdNew from ODHServiceGroupEyeCheckup5 s join (select max(ETLRunId) as ETLRunId from log where processstage='CurateStandard' and feedname = 'BTCOPT_PATIENT_EYE_CHECKUP_DETAILS_BUKOPMS_Incr') r on (1=1)",
            "temp_table_name": "ODHServiceGroupEyeCheckuplog",
            "partition_column_list": ""
        },
        {
            "card_id": "card_3",
            "card_dependencies": [
				"card_2",
				"card_18"
            ],
            "label": "Read_Table 3",
            "card_type": "read_table",
            "description": "Applying Transformations",
            "query": "select  distinct cast(md5(concat_ws('^|~',s.CODE,r.LOVId)) as string) as ServiceGroupEyeCheckupId,s.CODE as SRCEyeCheckupId,a.PatientServiceGroupId,s.DATE_TIME as EyeCheckupDateTime,s.LasT_UPDATE as LastUpdate,s.DURATION as Duration,s.STATUS as Status ,s.PATH_STATUS as PathStatus ,s.SERVICE_TYPE as ServiceType,s.START_TIME as StartTime,s.END_TIME as EndTime,nullif(s.Deleted,'null') as Deleted,s.CREATED_BY as CreatedBy,s.UPDATED_BY as UpdatedBy,'BUKOPMS' as RecordSourceCode,cast(r.LOVId as int) as LOVRecordSourceId,cast(s.CurateStandardRowKey as bigint) as DLCurateStandardRowKey,cast(s.ETLRunLogIdNew as int) as DLETLRunLogID,current_timestamp as RunDateTime,case when s.rn=1 and ifnull(s.operation,'null')<>'DELETE' then 'Y' when s.rn=1 and ifnull(s.operation,'null')='DELETE' then 'D' else 'N' end as DLSCDActiveFlag from ODHServiceGroupEyeCheckuplog s join (select LOVId from reflovsetinfo where lovkey='BUKOPMS' and lovsetname='System of Record' and LOVRecordsourceid='12012') r on(1=1) left join (select PatientServiceGroupId,SRCServiceGroupId from curate_enterprise.ODHPatientServiceGroup where RecordSourceCode='BUKOPMS' and DLSCDActiveFlag='Y')a on a.SRCServiceGroupId =s.SERVICE_GROUP_CODE where PatientServiceGroupId is not null",
            "temp_table_name": "ODHServiceGroupEyeCheckup33033",
            "partition_column_list": ""
        },
        {
            "card_id": "card_33033",
            "card_dependencies": [
				"card_3"
            ],
            "label": "Read_Table 3",
            "card_type": "read_table",
            "description": "Applying Transformations",
            "query": "select  distinct cast(ServiceGroupEyeCheckupId as string) ,cast(SRCEyeCheckupId as string) ,cast(PatientServiceGroupId as string) ,cast(EyeCheckupDateTime as timestamp) ,cast(LastUpdate as timestamp) ,cast(Duration as smallint) ,cast(Status as string) ,cast(PathStatus as string) ,cast(ServiceType as string) ,cast(StartTime as timestamp) ,cast(EndTime as timestamp) ,cast(Deleted as string),cast(CreatedBy as string) ,cast(UpdatedBy as string) ,cast(RecordSourceCode as string) ,cast(LOVRecordSourceId as int) ,cast(RunDateTime as timestamp) ,cast(DLSCDActiveFlag as string) ,cast(DLETLRunLogId as int) as DLETLRunLogID ,cast(DLCurateStandardRowKey as bigint) from ODHServiceGroupEyeCheckup33033",
            "temp_table_name": "ODHServiceGroupEyeCheckup4",
            "partition_column_list": ""
        },
        {
            "card_id": "card_9",
            "card_dependencies": [
                "card_33033"
            ],
            "label": "Read_Table 9",
            "card_type": "read_table",
            "description": "Updates EyeCheckupDateTime",
            "query": "MERGE INTO curate_enterprise.ODHServiceGroupEyeCheckup T USING (SELECT case when s.dlscdactiveflag='Y' then s.SRCEyeCheckupId else 'DEACTIVATE' end as mergeKey, s.* FROM ODHServiceGroupEyeCheckup4 s where s.dlscdactiveflag<>'D' UNION ALL SELECT 'UPDATE' as mergeKey, source.* FROM ODHServiceGroupEyeCheckup4 source JOIN curate_enterprise.ODHServiceGroupEyeCheckup Target ON source.SRCEyeCheckupId = Target.SRCEyeCheckupId WHERE Target.DLSCDActiveFlag = 'Y' and source.DLSCDActiveFlag = 'Y') src ON T.SRCEyeCheckupId = src.mergeKey AND T.DLSCDActiveFlag = 'Y' when matched THEN UPDATE SET DLSCDActiveFlag = 'N', DLSCDEndDateTime = src.RunDateTime ,DLUpdateDateTime = src.RunDateTime WHEN not MATCHED AND src.mergeKey <> 'UPDATE' and src.mergekey <> 'DEACTIVATE' THEN INSERT(ServiceGroupEyeCheckupId,SRCEyeCheckupId,PatientServiceGroupId,EyeCheckupDateTime,LastUpdate,Duration,Status,PathStatus,ServiceType,StartTime,EndTime,Deleted,CreatedBy,UpdatedBy,RecordSourceCode,LOVRecordSourceId,RunDateTime,DLCreateDateTime,DLUpdateDateTime,DLSCDStartDateTime,DLSCDEndDateTime,DLSCDActiveFlag,DLETLRunLogID,DLCurateStandardRowKey)  VALUES(src.ServiceGroupEyeCheckupId,src.SRCEyeCheckupId,src.PatientServiceGroupId,src.EyeCheckupDateTime,src.LastUpdate,src.Duration,src.Status,src.PathStatus,src.ServiceType,src.StartTime,src.EndTime,src.Deleted,src.CreatedBy,src.UpdatedBy,src.RecordSourceCode,src.LOVRecordSourceId,src.RunDateTime,src.RunDateTime,src.RunDateTime,'1900-01-01 00:00:00.000','9999-12-31 00:00:00.000',src.DLSCDActiveFlag,src.DLETLRunLogID,src.DLCurateStandardRowKey)WHEN not MATCHED AND src.mergeKey = 'UPDATE' THEN INSERT(ServiceGroupEyeCheckupId,SRCEyeCheckupId,PatientServiceGroupId,EyeCheckupDateTime,LastUpdate,Duration,Status,PathStatus,ServiceType,StartTime,EndTime,Deleted,CreatedBy,UpdatedBy,RecordSourceCode,LOVRecordSourceId ,RunDateTime,DLCreateDateTime,DLUpdateDateTime,DLSCDStartDateTime,DLSCDEndDateTime,DLSCDActiveFlag,DLETLRunLogID,DLCurateStandardRowKey)  VALUES(src.ServiceGroupEyeCheckupId,src.SRCEyeCheckupId,src.PatientServiceGroupId,src.EyeCheckupDateTime,src.LastUpdate,src.Duration,src.Status,src.PathStatus,src.ServiceType,src.StartTime,src.EndTime,src.Deleted,src.CreatedBy,src.UpdatedBy,src.RecordSourceCode,src.LOVRecordSourceId,src.RunDateTime,src.RunDateTime,src.RunDateTime,src.RunDateTime,'9999-12-31 00:00:00.000',src.DLSCDActiveFlag,src.DLETLRunLogID,src.DLCurateStandardRowKey) WHEN not MATCHED AND src.mergeKey = 'DEACTIVATE' THEN INSERT(ServiceGroupEyeCheckupId,SRCEyeCheckupId,PatientServiceGroupId,EyeCheckupDateTime,LastUpdate,Duration,Status,PathStatus,ServiceType,StartTime,EndTime,Deleted,CreatedBy,UpdatedBy,RecordSourceCode,LOVRecordSourceId ,RunDateTime,DLCreateDateTime,DLUpdateDateTime,DLSCDStartDateTime,DLSCDEndDateTime,DLSCDActiveFlag,DLETLRunLogID,DLCurateStandardRowKey)  VALUES(src.ServiceGroupEyeCheckupId,src.SRCEyeCheckupId,src.PatientServiceGroupId,src.EyeCheckupDateTime,src.LastUpdate,src.Duration,src.Status,src.PathStatus,src.ServiceType,src.StartTime,src.EndTime,src.Deleted,src.CreatedBy,src.UpdatedBy,src.RecordSourceCode,src.LOVRecordSourceId,src.RunDateTime,src.RunDateTime,src.RunDateTime,src.RunDateTime,src.RunDateTime,src.DLSCDActiveFlag,src.DLETLRunLogID,src.DLCurateStandardRowKey)",
            "temp_table_name": "ODHServiceGroupEyeCheckup10",
            "partition_column_list": ""
        },
        {
            "card_id": "card_9033",
            "card_dependencies": [
                "card_9"
            ],
            "label": "Read_Table 9033",
            "card_type": "read_table",
            "description": "Updates EyeCheckupDateTime",
            "query": "MERGE INTO curate_enterprise.ODHServiceGroupEyeCheckup T USING (SELECT s.SRCEyeCheckupId as MergeKey,s.* FROM ODHServiceGroupEyeCheckup4 s where s.dlscdactiveflag='D' UNION ALL SELECT 'UPDATE' as mergeKey, source.* FROM ODHServiceGroupEyeCheckup4 source JOIN curate_enterprise.ODHServiceGroupEyeCheckup Target ON source.SRCEyeCheckupId = Target.SRCEyeCheckupId WHERE Target.DLSCDActiveFlag = 'Y' and source.dlscdactiveflag='D') src ON T.SRCEyeCheckupId = src.mergeKey AND T.DLSCDActiveFlag = 'Y' when matched THEN UPDATE SET DLSCDActiveFlag = 'N', DLSCDEndDateTime = src.RunDateTime ,DLUpdateDateTime = src.RunDateTime WHEN not MATCHED AND src.mergeKey = 'UPDATE' THEN INSERT(ServiceGroupEyeCheckupId,SRCEyeCheckupId,PatientServiceGroupId,EyeCheckupDateTime,LastUpdate,Duration,Status,PathStatus,ServiceType,StartTime,EndTime,Deleted,CreatedBy,UpdatedBy,RecordSourceCode,LOVRecordSourceId ,RunDateTime,DLCreateDateTime,DLUpdateDateTime,DLSCDStartDateTime,DLSCDEndDateTime,DLSCDActiveFlag,DLETLRunLogID,DLCurateStandardRowKey)  VALUES(src.ServiceGroupEyeCheckupId,src.SRCEyeCheckupId,src.PatientServiceGroupId,src.EyeCheckupDateTime,src.LastUpdate,src.Duration,src.Status,src.PathStatus,src.ServiceType,src.StartTime,src.EndTime,src.Deleted,src.CreatedBy,src.UpdatedBy,src.RecordSourceCode,src.LOVRecordSourceId,src.RunDateTime,src.RunDateTime,src.RunDateTime,src.RunDateTime,src.RunDateTime,'N',src.DLETLRunLogID,src.DLCurateStandardRowKey) WHEN not MATCHED AND src.mergeKey <> 'UPDATE' THEN INSERT(ServiceGroupEyeCheckupId,SRCEyeCheckupId,PatientServiceGroupId,EyeCheckupDateTime,LastUpdate,Duration,Status,PathStatus,ServiceType,StartTime,EndTime,Deleted,CreatedBy,UpdatedBy,RecordSourceCode,LOVRecordSourceId ,RunDateTime,DLCreateDateTime,DLUpdateDateTime,DLSCDStartDateTime,DLSCDEndDateTime,DLSCDActiveFlag,DLETLRunLogID,DLCurateStandardRowKey)  VALUES(src.ServiceGroupEyeCheckupId,src.SRCEyeCheckupId,src.PatientServiceGroupId,src.EyeCheckupDateTime,src.LastUpdate,src.Duration,src.Status,src.PathStatus,src.ServiceType,src.StartTime,src.EndTime,src.Deleted,src.CreatedBy,src.UpdatedBy,src.RecordSourceCode,src.LOVRecordSourceId,src.RunDateTime,src.RunDateTime,src.RunDateTime,src.RunDateTime,src.RunDateTime,'N',src.DLETLRunLogID,src.DLCurateStandardRowKey)",
            "temp_table_name": "ODHServiceGroupEyeCheckup9033",
            "partition_column_list": ""
        }
    ]
}
