{
    "project_name": "BUKOPMS",
    "config_type": "etl",
    "description": "",
    "data_source": [],
    "report_path": "/mnt/idf-reports/BTUKOPTIT/BUKOPMS/BTCOPT_ORDER_ORDER_CLINICAL_INFO_BUKOPMS_Incr/Incremental/CurateADLS/",
    "cards": [
        {
            "card_id": "card_0",
            "card_dependencies": [],
            "label": "Read_Delta 0",
            "card_type": "read_delta",
            "description": "reading standard location",
            "data_path": "/mnt/idf-curatestandard/BTUKOPTIT/BUKOPMS/BTCOPT_ORDER_ORDER_CLINICAL_INFO_BUKOPMS_Incr/Incremental",
            "output_table": "Order_Header1"
        },
        {
            "card_id": "card_1",
            "card_dependencies": [
                "card_0"
            ],
            "label": "Apply_Filter 1",
            "card_type": "apply_filter",
            "description": "filtering records with RunDateTime",
            "input_table": "Order_Header1",
            "output_table": "Order_Header2",
            "filter": [],
            "unmatch_data": false
        },
        {
            "card_id": "card_2",
            "card_dependencies": [],
            "label": "Read_Table 2",
            "card_type": "read_table",
            "description": "Read ADLS table",
			"query": "select * from curate_enterprise.reflovsetinfo",
            "temp_table_name": "reflovsetinfo",
            "partition_column_list": ""
        },
        {
            "card_id": "card_13",
            "card_dependencies": [],
            "label": "Read_Delta 13",
            "card_type": "read_delta",
            "description": "reading standard backup location",
            "data_path": "/mnt/idf-curatestandard/BTUKOPTIT/BUKOPMS/BTCOPT_ORDER_ORDER_CLINICAL_INFO_BUKOPMS_Incr/BackUp",
            "output_table": "Order_Header13"
        },
        {
            "card_id": "card_12",
            "card_dependencies": [
                "card_13",
                "card_1"
            ],
            "label": "Read_Table 12",
            "card_type": "read_table",
            "description": "Union with backup table",
            "query": "select * from Order_Header2 union select * from Order_Header13",
            "temp_table_name": "Order_Header12",
            "partition_column_list": ""
        },
        {
            "card_id": "card_28",
            "card_dependencies": [
                "card_12"
            ],
            "label": "Read_Table 28",
            "card_type": "read_table",
            "description": "Making null void null",
            "query": "select nullif(CurateStandardRowKey,'null') as CurateStandardRowKey,nullif(CUSTOMER_CODE,'null') as CUSTOMER_CODE, nullif(BASKET_CODE,'null') as BASKET_CODE, nullif(PRACTICE_CODE,'null') as PRACTICE_CODE, nullif(CODE,'null') as CODE, nullif(ID,'null') as ID, nullif(TYPE,'null') as TYPE, nullif(STATUS,'null') as STATUS, nullif(PRESCRIPTION_REFERENCE,'null') as PRESCRIPTION_REFERENCE, nullif(ADDITIONAL_INFORMATION,'null') as ADDITIONAL_INFORMATION, nullif(PRACTICE_TO_SUPPLY_LENSES,'null') as PRACTICE_TO_SUPPLY_LENSES, nullif(PRACTICE_TO_SUPPLY_FRAME,'null') as PRACTICE_TO_SUPPLY_FRAME, nullif(REMOTE_EDGING,'null') as REMOTE_EDGING, nullif(ORDER_UNCUT_LENSES,'null') as ORDER_UNCUT_LENSES, nullif(CREATION_TIMESTAMP,'null') as CREATION_TIMESTAMP, nullif(LASTUPDATE_TIMESTAMP,'null') as LASTUPDATE_TIMESTAMP, nullif(DUE_DATE,'null') as DUE_DATE, nullif(DELETE_TYPE,'null') as DELETE_TYPE, nullif(DELETED,'null') as DELETED, nullif(SAFETY_RANGE,'null') as SAFETY_RANGE, nullif(VALIDATED_BY,'null') as VALIDATED_BY, nullif(CREATED_BY,'null') as CREATED_BY, nullif(VALIDATION_DATE,'null') as VALIDATION_DATE, nullif(COLLEAGUE_NAME,'null') as COLLEAGUE_NAME, nullif(GOC_NUMBER,'null') as GOC_NUMBER, nullif(CL_SPEC_REF,'null') as CL_SPEC_REF, nullif(ORDER_HEADER_CODE_PARENT,'null') as ORDER_HEADER_CODE_PARENT, nullif(COLLECTION_DATE,'null') as COLLECTION_DATE, nullif(ORDER_DATE,'null') as ORDER_DATE, nullif(DATE_PLACED,'null') as DATE_PLACED, nullif(SHIPPING_TYPE,'null') as SHIPPING_TYPE, nullif(LASTUPDATE_USERNAME,'null') as LASTUPDATE_USERNAME, nullif(INITIAL_SUPPLY,'null') as INITIAL_SUPPLY, nullif(PREV_LENS_CHECK_DATE,'null') as PREV_LENS_CHECK_DATE, nullif(EXPORT_TIMESTAMP,'null') as EXPORT_TIMESTAMP, nullif(CREATION_DATE,'null') as CREATION_DATE, nullif(LAST_UPDATE,'null') as LAST_UPDATE, nullif(GLAZING_FEE,'null') as GLAZING_FEE, nullif(REMADE_BY,'null') as REMADE_BY, nullif(FRAME_REUSED,'null') as FRAME_REUSED, nullif(ORIGINAL_CREATED_BY,'null') as ORIGINAL_CREATED_BY, nullif(OPERATION,'null') as OPERATION,nullif(TIMESTAMP,'null') as TIMESTAMP,nullif(TRANSACTIONID,'null') as TRANSACTIONID from Order_Header12",
            "temp_table_name": "Order_Header28",
            "partition_column_list": ""
        },
        {
            "card_id": "card_4",
            "card_dependencies": [
                "card_28"
            ],
            "label": "Read_Table 4",
            "card_type": "read_table",
            "description": "fetching latest records",
            "query": "select * from (select row_number() OVER(PARTITION BY PRACTICE_CODE order BY timestamp desc,case when operation='DELETE' then 1 when operation='UPDATE' then 2 when operation='INSERT' then 3 when operation='REFRESH' then 4 end asc) as rn,row_number() OVER(PARTITION BY PRACTICE_CODE,timestamp,operation order BY timestamp desc,operation desc) as rnk,* FROM Order_Header28)t where t.rnk = 1",
            "temp_table_name": "Order_Header5",
            "partition_column_list": ""
        },
		{
            "card_id": "card_18",
            "card_dependencies": [
                "card_4"
            ],
            "label": "Read_Table 18",
            "card_type": "read_table",
            "description": "Populating etlrunlogid",
            "query": "select s.*,r.ETLRunId as ETLRunLogIdNew from Order_Header5 s join (select max(cast(ETLRunId as int)) as ETLRunId from RPI_LOGGING.RPI_COMMON_LOGGING where processstage='CurateStandard' and feedname = 'BTCOPT_ORDER_ORDER_CLINICAL_INFO_BUKOPMS_Incr') r on (1=1)",
            "temp_table_name": "Order_Headerlog",
            "partition_column_list": ""
        },
        {
            "card_id": "card_44",
            "card_dependencies": [
                "card_28"
            ],
            "label": "Read_Table 4",
            "card_type": "read_table",
            "description": "fetching latest records",
            "query": "select * from (select row_number() OVER(PARTITION BY CODE order BY timestamp desc,case when operation='DELETE' then 1 when operation='UPDATE' then 2 when operation='INSERT' then 3 when operation='REFRESH' then 4 end asc) as rn,row_number() OVER(PARTITION BY CODE,timestamp,operation order BY timestamp desc,operation desc) as rnk,* FROM Order_Header28)t where t.rnk = 1",
            "temp_table_name": "Order_Header44",
            "partition_column_list": ""
        },
		{
            "card_id": "card_188",
            "card_dependencies": [
                "card_44"
            ],
            "label": "Read_Table 18",
            "card_type": "read_table",
            "description": "Populating etlrunlogid",
            "query": "select s.*,r.ETLRunId as ETLRunLogIdNew from Order_Header44 s join (select max(cast(ETLRunId as int)) as ETLRunId from RPI_LOGGING.RPI_COMMON_LOGGING where processstage='CurateStandard' and feedname = 'BTCOPT_ORDER_ORDER_CLINICAL_INFO_BUKOPMS_Incr') r on (1=1)",
            "temp_table_name": "Order_Header44log",
            "partition_column_list": ""
        },
        {
            "card_id": "card_1357",
            "card_dependencies": [
                "card_18"
            ],
            "label": "Read_Table 3",
            "card_type": "read_table",
            "description": "sk",
            "query": "insert INTO curate_enterprise.Site select '-1' as siteId , a.sitetypeid , 'Practice' as RefSiteTypeName ,'DNARDM' as RecordSourceCode,12012 as LOVRecordSourceId,current_timestamp as Rundatetime ,current_timestamp as DLCreateDateTime,current_timestamp as DLUpdateDateTime,cast('1900-01-01 00:00:00.000' as timestamp) as DLSCDStartDateTime,cast('9999-12-31 00:00:00.000' as timestamp) as DLSCDEndDateTime, cast('Y' as string ) as DLSCDActiveFlag,s.ETLRunLogIdNew as DLETLRunLogID,null as DLCurateStandardRowKey from ( select distinct ETLRunLogIdNew from Order_Headerlog) s join (select SitetypeId from curate_enterprise.RefSiteType where SiteTypeName= 'Practice' and RecordSourceCode='DNARDM' and DLSCDActiveFlag = 'Y' ) a on (1=1) where ('-1' not in (select siteid from curate_enterprise.Site) or 12012 not in (select LOVRecordSourceId from curate_enterprise.Site)) ",
            "temp_table_name": "SiteRole1",
            "partition_column_list": ""
        },
        {
            "card_id": "card_3",
            "card_dependencies": [
                "card_18",
				"card_2",
				"card_1357"
            ],
            "label": "Read_Table 3",
            "card_type": "read_table",
            "description": "Applying Transformations",
            "query": "select distinct cast(md5(concat_ws('^|~',s.Practice_code,r.lovid)) as string) as SiteRoleId, x.siteid as siteid, y.roleid as roleid , s.Practice_code as SourceSiteRoleCode,  'ODH Practice Code' as SourceKeyTypeCode , 'null' as siterolename, 'BUKOPMS' as RecordSourceCode,r.LOVId as LOVRecordSourceId,s.CurateStandardRowKey as DLCurateStandardRowKey,s.ETLRunLogIdNew as DLETLRunLogID,current_timestamp as RunDateTime from Order_Headerlog s join (select LOVId from reflovsetinfo where lovkey='BUKOPMS' and lovsetname='System of Record' and LOVRecordsourceid='12012') r on(1=1) join (select SiteId from curate_enterprise.Site  where SiteID = -1 and  RefSiteTypeName = 'Practice' and  RecordSourceCode = 'DNARDM'and DLSCDActiveFlag='Y')x on (1=1) join (select  Roleid from curate_enterprise.RefRole where RoleName='Practice' and RecordSourceCode='DNARDM' and DLSCDActiveFlag='Y') y on (1=1)",
            "temp_table_name": "SiteRole",
            "partition_column_list": ""
        },
        {
            "card_id": "card_90",
            "card_dependencies": [
                "card_3"
            ],
            "label": "Read_Table 90",
            "card_type": "read_table",
            "description": "Filtering Records ",
            "query": "select cast(s.SiteRoleId as string),cast(s.SiteId as string),cast(s.RoleId as string),cast(s.SourceSiteRoleCode as string),cast(s.SourceKeyTypeCode as string),cast(s.SiteRoleName as string),cast(s.RecordSourceCode  as string),cast(s.LOVRecordSourceId as int),cast(s.RunDateTime as timestamp),cast(s.DLCurateStandardRowKey as bigint),cast(s.DLETLRunLogID as int) from SiteRole s  where s.SiteId is not null and s.RoleId is not null  ",
            "temp_table_name": "SiteRole2",
            "partition_column_list": ""
        },
        {
            "card_id": "card_17",
            "card_dependencies": [
                "card_90"
            ],
            "label": "Read_Table 3",
            "card_type": "read_table",
            "description": "sk",
            "query": "insert INTO curate_enterprise.SiteRole select a.SiteRoleId,a.SiteId,a.RoleId,a.SourceSiteRoleCode,a.SourceKeyTypeCode,a.SiteRoleName,a.RecordSourceCode,a.LOVRecordSourceId,a.RunDateTime as Rundatetime ,a.RunDateTime as DLCreateDateTime,a.RunDateTime as DLUpdateDateTime,cast('1900-01-01 00:00:00.000' as timestamp) as DLSCDStartDateTime,cast('9999-12-31 00:00:00.000' as timestamp) as DLSCDEndDateTime, cast('Y' as string ) as DLSCDActiveFlag,a.DLETLRunLogID,a.DLCurateStandardRowKey from ( select s.* from SiteRole2 s LEFT JOIN curate_enterprise.SiteRole t ON s.SourceSiteRoleCode=t.SourceSiteRoleCode AND t.lovrecordsourceid=s.lovrecordsourceid AND t.DLSCDActiveFlag='Y' WHERE t.SourceSiteRoleCode IS NULL ) a ",
            "temp_table_name": "SiteRole1",
            "partition_column_list": ""
        },
        {
            "card_id": "card_20",
            "card_dependencies": [
                "card_18",
                "card_2",
				"card_17"
            ],
            "label": "Read_Table 20",
            "card_type": "read_table",
            "description": "Applying Transformations",
            "query": "select distinct cast(md5(concat_ws('^|~',s.CODE,r.LOVId)) as string) as OrderHeaderId,s.CUSTOMER_CODE, b.PersonId as PersonId,s.BASKET_CODE, a.ODHOrderId as ODHOrderId,s.PRACTICE_CODE , p.SiteRoleid as PracticeSiteRoleId,s.CODE as OrderHeaderCode,s.ID as SRCOrderHeaderId,s.TYPE as OrderHeaderType,s.STATUS as Status,s.PRESCRIPTION_REFERENCE as PrescriptionPreference,s.ADDITIONAL_INFORMATION as AdditionalInformation,s.PRACTICE_TO_SUPPLY_LENSES as PracticeToSupplyLenses,s.PRACTICE_TO_SUPPLY_FRAME as PracticeToSupplyFrame,s.REMOTE_EDGING as RemoteEdging,s.ORDER_UNCUT_LENSES as OrderUncutLenses,s.CREATION_TIMESTAMP as CreationTimestamp,s.LASTUPDATE_TIMESTAMP as LastUpdateTimestamp,s.DUE_DATE as DueDate,s.DELETE_TYPE as DeleteType,s.DELETED as Deleted,s.SAFETY_RANGE as SafetyRange,s.VALIDATED_BY as ValidatedBy,s.CREATED_BY as CreatedBy,s.VALIDATION_DATE as ValidationDate,s.COLLEAGUE_NAME as ColleagueName,s.GOC_NUMBER as GOCNumber,s.CL_SPEC_REF as ClSpecRef,s.ORDER_HEADER_CODE_PARENT as OrderHeaderCodeParent,s.COLLECTION_DATE as CollectionDate,s.ORDER_DATE as OrderDate,s.DATE_PLACED as DatePlaced,s.SHIPPING_TYPE as ShippingType,s.LASTUPDATE_USERNAME as LastUpdateUsername,s.INITIAL_SUPPLY as InitialSupply,s.PREV_LENS_CHECK_DATE as PrevLensCheckDate,s.EXPORT_TIMESTAMP as ExportTimestamp,s.CREATION_DATE as CreationDate,s.LAST_UPDATE as LastUpdate,s.GLAZING_FEE as GlazingFee,s.REMADE_BY as RemadeBy,s.FRAME_REUSED as FrameReused,s.ORIGINAL_CREATED_BY as OriginalCreatedBy,'BUKOPMS' as RecordSourceCode,r.LOVId as LOVRecordSourceId,s.CurateStandardRowKey as DLCurateStandardRowKey,s.ETLRunLogIdNew as DLETLRunLogID,current_timestamp as RunDateTime,case when s.rn=1 and ifnull(s.operation,'null')<>'DELETE' then 'Y' when s.rn=1 and ifnull(s.operation,'null')='DELETE' then 'D' else 'N' end as DLSCDActiveFlag from Order_Header44log s join (select LOVId from reflovsetinfo where lovkey='BUKOPMS' and lovsetname='System of Record' and LOVRecordsourceid='12012') r on(1=1) left join (select PersonId,CustomerNumber from curate_enterprise.Person where RecordSourceCode='BUKOPMS' and DLSCDActiveFlag='Y' and customertypename='ODH Patient')b on b.CustomerNumber=s.CUSTOMER_CODE left join (select ODHOrderId,SRCOrderId from curate_enterprise.ODHOrder where RecordSourceCode='BUKOPMS' )  a on a.SRCOrderId=s.BASKET_CODE left join (select SiteRoleid ,SourceSiteRoleCode from curate_enterprise.SiteRole where RecordSourceCode='BUKOPMS' ) p on p.SourceSiteRoleCode=s.PRACTICE_CODE where b.personid is not null ",
            "temp_table_name": "ODHOrderHeader",
            "partition_column_list": ""
        },
        {
            "card_id": "card_25",
            "card_dependencies": [
                "card_20"
            ],
            "label": "Read_Table 25",
            "card_type": "read_table",
            "description": "Filtering Records ",
            "query": "select cast(s.OrderHeaderId as string ),cast(s.ODHOrderId as string ),cast(s.SRCOrderHeaderId as string ),cast(s.OrderHeaderCode as string ),cast(s.PersonId as string ),cast(s.OrderHeaderType as string ),cast(s.Status as string ),cast(s.PrescriptionPreference as string ),cast(s.AdditionalInformation as string ),cast(s.PracticeToSupplyLenses as smallint ),cast(s.PracticeToSupplyFrame as smallint ),cast(s.RemoteEdging as smallint ),cast(s.OrderUncutLenses as smallint ),cast(s.CreationTimestamp as timestamp ),cast(s.LastUpdateTimestamp as timestamp ),cast(s.DueDate as date ),cast(s.DeleteType as string ),cast(s.Deleted as string ),cast(s.SafetyRange as string ),cast(s.ValidatedBy as string ),cast(s.CreatedBy as string ),cast(s.ValidationDate as date ),cast(s.ColleagueName as string ),cast(s.GOCNumber as string ),cast(s.ClSpecRef as string ),cast(s.OrderHeaderCodeParent as string ),cast(s.CollectionDate as date ),cast(s.OrderDate as date ),cast(s.DatePlaced as date ),cast(s.ShippingType as string ),cast(s.LastUpdateUsername as string ),cast(s.InitialSupply as smallint ),cast(s.PrevLensCheckDate as date ),cast(s.ExportTimestamp as timestamp ),cast(s.CreationDate as timestamp ),cast(s.LastUpdate as timestamp ),cast(s.GlazingFee as string ),cast(s.RemadeBy as string ),cast(s.FrameReused as smallint ),cast(s.OriginalCreatedBy as string ),cast(s.PracticeSiteRoleId as string ),cast(s.RecordSourceCode  as string),cast(s.LOVRecordSourceId as int),cast(s.RunDateTime as timestamp),cast(s.DLCurateStandardRowKey as bigint),cast(s.DLETLRunLogID as int),DLSCDActiveFlag from ODHOrderHeader s   where s.OrderHeaderCode is not null and s.SRCOrderHeaderId is not null and  s.PracticeSiteRoleId is not null",
            "temp_table_name": "ODHOrderHeader2",
            "partition_column_list": ""
        },
        {
            "card_id": "card_23",
            "card_dependencies": [
                "card_25"
            ],
            "label": "Read_Table 23",
            "card_type": "read_table",
            "description": "Insert in ADLS",
            "query": "MERGE INTO curate_enterprise.ODHOrderHeader T USING (SELECT case when s.dlscdactiveflag='Y' then s.OrderHeaderId else 'DEACTIVATE' end as mergeKey, s.* FROM ODHOrderHeader2 s where s.dlscdactiveflag<>'D' UNION ALL SELECT 'UPDATE' as mergeKey, source.* FROM ODHOrderHeader2 source JOIN curate_enterprise.ODHOrderHeader Target ON source.OrderHeaderId = Target.OrderHeaderId WHERE Target.DLSCDActiveFlag = 'Y' and source.DLSCDActiveFlag = 'Y') src ON T.OrderHeaderId = src.mergeKey AND T.DLSCDActiveFlag = 'Y' when matched THEN UPDATE SET DLSCDActiveFlag = 'N', DLSCDEndDateTime = src.RunDateTime ,DLUpdateDateTime = src.RunDateTime WHEN not MATCHED AND src.mergeKey <> 'UPDATE' and src.mergekey <> 'DEACTIVATE' THEN INSERT(OrderHeaderId,ODHOrderId,SRCOrderHeaderId,OrderHeaderCode,PersonID,OrderHeaderType,Status,PrescriptionPreference,AdditionalInformation,PracticeToSupplyLenses,PracticeToSupplyFrame,RemoteEdging,OrderUncutLenses,CreationTimeStamp,LastUpdateTimestamp,DueDate,DeleteType,Deleted,SafetyRange,ValidatedBy,CreatedBy,ValidationDate,ColleagueName,GOCNumber,CLSpecRef,OrderHeaderCodeParent,CollectionDate,OrderDate,DatePlaced,ShippingType,LastUpdateUsername,InitialSupply,PrevLensCheckDate,ExportTimeStamp,CreationDate,LastUpdate,GlazingFee,RemadeBy,FrameReused,OriginalCreatedBy,PracticeSiteRoleId,RecordSourceCode,LOVRecordSourceId ,RunDateTime,DLCreateDateTime,DLUpdateDateTime,DLSCDStartDateTime,DLSCDEndDateTime,DLSCDActiveFlag,DLETLRunLogID,DLCurateStandardRowKey)  VALUES(src.OrderHeaderId,src.ODHOrderId,src.SRCOrderHeaderId,src.OrderHeaderCode,src.PersonID,src.OrderHeaderType,src.Status,src.PrescriptionPreference,src.AdditionalInformation,src.PracticeToSupplyLenses,src.PracticeToSupplyFrame,src.RemoteEdging,src.OrderUncutLenses,src.CreationTimeStamp,src.LastUpdateTimestamp,src.DueDate,src.DeleteType,src.Deleted,src.SafetyRange,src.ValidatedBy,src.CreatedBy,src.ValidationDate,src.ColleagueName,src.GOCNumber,src.CLSpecRef,src.OrderHeaderCodeParent,src.CollectionDate,src.OrderDate,src.DatePlaced,src.ShippingType,src.LastUpdateUsername,src.InitialSupply,src.PrevLensCheckDate,src.ExportTimeStamp,src.CreationDate,src.LastUpdate,src.GlazingFee,src.RemadeBy,src.FrameReused,src.OriginalCreatedBy,src.PracticeSiteRoleId,src.RecordSourceCode,src.LOVRecordSourceId,src.RunDateTime,src.RunDateTime,src.RunDateTime,'1900-01-01 00:00:00.000','9999-12-31 00:00:00.000',src.DLSCDActiveFlag,src.DLETLRunLogID,src.DLCurateStandardRowKey) WHEN not MATCHED AND src.mergeKey = 'UPDATE' THEN INSERT(OrderHeaderId,ODHOrderId,SRCOrderHeaderId,OrderHeaderCode,PersonID,OrderHeaderType,Status,PrescriptionPreference,AdditionalInformation,PracticeToSupplyLenses,PracticeToSupplyFrame,RemoteEdging,OrderUncutLenses,CreationTimeStamp,LastUpdateTimestamp,DueDate,DeleteType,Deleted,SafetyRange,ValidatedBy,CreatedBy,ValidationDate,ColleagueName,GOCNumber,CLSpecRef,OrderHeaderCodeParent,CollectionDate,OrderDate,DatePlaced,ShippingType,LastUpdateUsername,InitialSupply,PrevLensCheckDate,ExportTimeStamp,CreationDate,LastUpdate,GlazingFee,RemadeBy,FrameReused,OriginalCreatedBy,PracticeSiteRoleId,RecordSourceCode,LOVRecordSourceId ,RunDateTime,DLCreateDateTime,DLUpdateDateTime,DLSCDStartDateTime,DLSCDEndDateTime,DLSCDActiveFlag,DLETLRunLogID,DLCurateStandardRowKey)  VALUES(src.OrderHeaderId,src.ODHOrderId,src.SRCOrderHeaderId,src.OrderHeaderCode,src.PersonID,src.OrderHeaderType,src.Status,src.PrescriptionPreference,src.AdditionalInformation,src.PracticeToSupplyLenses,src.PracticeToSupplyFrame,src.RemoteEdging,src.OrderUncutLenses,src.CreationTimeStamp,src.LastUpdateTimestamp,src.DueDate,src.DeleteType,src.Deleted,src.SafetyRange,src.ValidatedBy,src.CreatedBy,src.ValidationDate,src.ColleagueName,src.GOCNumber,src.CLSpecRef,src.OrderHeaderCodeParent,src.CollectionDate,src.OrderDate,src.DatePlaced,src.ShippingType,src.LastUpdateUsername,src.InitialSupply,src.PrevLensCheckDate,src.ExportTimeStamp,src.CreationDate,src.LastUpdate,src.GlazingFee,src.RemadeBy,src.FrameReused,src.OriginalCreatedBy,src.PracticeSiteRoleId,src.RecordSourceCode,src.LOVRecordSourceId,src.RunDateTime,src.RunDateTime,src.RunDateTime,src.RunDateTime,'9999-12-31 00:00:00.000',src.DLSCDActiveFlag,src.DLETLRunLogID,src.DLCurateStandardRowKey) WHEN not MATCHED AND src.mergeKey = 'DEACTIVATE' THEN INSERT(OrderHeaderId,ODHOrderId,SRCOrderHeaderId,OrderHeaderCode,PersonID,OrderHeaderType,Status,PrescriptionPreference,AdditionalInformation,PracticeToSupplyLenses,PracticeToSupplyFrame,RemoteEdging,OrderUncutLenses,CreationTimeStamp,LastUpdateTimestamp,DueDate,DeleteType,Deleted,SafetyRange,ValidatedBy,CreatedBy,ValidationDate,ColleagueName,GOCNumber,CLSpecRef,OrderHeaderCodeParent,CollectionDate,OrderDate,DatePlaced,ShippingType,LastUpdateUsername,InitialSupply,PrevLensCheckDate,ExportTimeStamp,CreationDate,LastUpdate,GlazingFee,RemadeBy,FrameReused,OriginalCreatedBy,PracticeSiteRoleId,RecordSourceCode,LOVRecordSourceId ,RunDateTime,DLCreateDateTime,DLUpdateDateTime,DLSCDStartDateTime,DLSCDEndDateTime,DLSCDActiveFlag,DLETLRunLogID,DLCurateStandardRowKey)  VALUES(src.OrderHeaderId,src.ODHOrderId,src.SRCOrderHeaderId,src.OrderHeaderCode,src.PersonID,src.OrderHeaderType,src.Status,src.PrescriptionPreference,src.AdditionalInformation,src.PracticeToSupplyLenses,src.PracticeToSupplyFrame,src.RemoteEdging,src.OrderUncutLenses,src.CreationTimeStamp,src.LastUpdateTimestamp,src.DueDate,src.DeleteType,src.Deleted,src.SafetyRange,src.ValidatedBy,src.CreatedBy,src.ValidationDate,src.ColleagueName,src.GOCNumber,src.CLSpecRef,src.OrderHeaderCodeParent,src.CollectionDate,src.OrderDate,src.DatePlaced,src.ShippingType,src.LastUpdateUsername,src.InitialSupply,src.PrevLensCheckDate,src.ExportTimeStamp,src.CreationDate,src.LastUpdate,src.GlazingFee,src.RemadeBy,src.FrameReused,src.OriginalCreatedBy,src.PracticeSiteRoleId,src.RecordSourceCode,src.LOVRecordSourceId,src.RunDateTime,src.RunDateTime,src.RunDateTime,src.RunDateTime,src.RunDateTime,src.DLSCDActiveFlag,src.DLETLRunLogID,src.DLCurateStandardRowKey) ",
            "temp_table_name": "ODHOrderHeader1",
            "partition_column_list": ""
        },
        {
            "card_id": "card_23033",
            "card_dependencies": [
                "card_23"
            ],
            "label": "Read_Table 23033",
            "card_type": "read_table",
            "description": "Insert in ADLS",
            "query": "MERGE INTO curate_enterprise.ODHOrderHeader T USING (SELECT s.OrderHeaderId as MergeKey,s.* FROM ODHOrderHeader2 s where s.dlscdactiveflag='D' UNION ALL SELECT 'UPDATE' as mergeKey, source.* FROM ODHOrderHeader2 source JOIN curate_enterprise.ODHOrderHeader Target ON source.OrderHeaderId = Target.OrderHeaderId WHERE Target.DLSCDActiveFlag = 'Y' and source.dlscdactiveflag='D') src ON T.OrderHeaderId = src.mergeKey AND T.DLSCDActiveFlag = 'Y' when matched THEN UPDATE SET DLSCDActiveFlag = 'N', DLSCDEndDateTime = src.RunDateTime ,DLUpdateDateTime = src.RunDateTime WHEN not MATCHED AND src.mergeKey = 'UPDATE' THEN INSERT(OrderHeaderId,ODHOrderId,SRCOrderHeaderId,OrderHeaderCode,PersonID,OrderHeaderType,Status,PrescriptionPreference,AdditionalInformation,PracticeToSupplyLenses,PracticeToSupplyFrame,RemoteEdging,OrderUncutLenses,CreationTimeStamp,LastUpdateTimestamp,DueDate,DeleteType,Deleted,SafetyRange,ValidatedBy,CreatedBy,ValidationDate,ColleagueName,GOCNumber,CLSpecRef,OrderHeaderCodeParent,CollectionDate,OrderDate,DatePlaced,ShippingType,LastUpdateUsername,InitialSupply,PrevLensCheckDate,ExportTimeStamp,CreationDate,LastUpdate,GlazingFee,RemadeBy,FrameReused,OriginalCreatedBy,PracticeSiteRoleId,RecordSourceCode,LOVRecordSourceId ,RunDateTime,DLCreateDateTime,DLUpdateDateTime,DLSCDStartDateTime,DLSCDEndDateTime,DLSCDActiveFlag,DLETLRunLogID,DLCurateStandardRowKey)  VALUES(src.OrderHeaderId,src.ODHOrderId,src.SRCOrderHeaderId,src.OrderHeaderCode,src.PersonID,src.OrderHeaderType,src.Status,src.PrescriptionPreference,src.AdditionalInformation,src.PracticeToSupplyLenses,src.PracticeToSupplyFrame,src.RemoteEdging,src.OrderUncutLenses,src.CreationTimeStamp,src.LastUpdateTimestamp,src.DueDate,src.DeleteType,src.Deleted,src.SafetyRange,src.ValidatedBy,src.CreatedBy,src.ValidationDate,src.ColleagueName,src.GOCNumber,src.CLSpecRef,src.OrderHeaderCodeParent,src.CollectionDate,src.OrderDate,src.DatePlaced,src.ShippingType,src.LastUpdateUsername,src.InitialSupply,src.PrevLensCheckDate,src.ExportTimeStamp,src.CreationDate,src.LastUpdate,src.GlazingFee,src.RemadeBy,src.FrameReused,src.OriginalCreatedBy,src.PracticeSiteRoleId,src.RecordSourceCode,src.LOVRecordSourceId,src.RunDateTime,src.RunDateTime,src.RunDateTime,src.RunDateTime,src.RunDateTime,'N',src.DLETLRunLogID,src.DLCurateStandardRowKey) WHEN not MATCHED AND src.mergeKey <> 'UPDATE' THEN INSERT(OrderHeaderId,ODHOrderId,SRCOrderHeaderId,OrderHeaderCode,PersonID,OrderHeaderType,Status,PrescriptionPreference,AdditionalInformation,PracticeToSupplyLenses,PracticeToSupplyFrame,RemoteEdging,OrderUncutLenses,CreationTimeStamp,LastUpdateTimestamp,DueDate,DeleteType,Deleted,SafetyRange,ValidatedBy,CreatedBy,ValidationDate,ColleagueName,GOCNumber,CLSpecRef,OrderHeaderCodeParent,CollectionDate,OrderDate,DatePlaced,ShippingType,LastUpdateUsername,InitialSupply,PrevLensCheckDate,ExportTimeStamp,CreationDate,LastUpdate,GlazingFee,RemadeBy,FrameReused,OriginalCreatedBy,PracticeSiteRoleId,RecordSourceCode,LOVRecordSourceId ,RunDateTime,DLCreateDateTime,DLUpdateDateTime,DLSCDStartDateTime,DLSCDEndDateTime,DLSCDActiveFlag,DLETLRunLogID,DLCurateStandardRowKey)  VALUES(src.OrderHeaderId,src.ODHOrderId,src.SRCOrderHeaderId,src.OrderHeaderCode,src.PersonID,src.OrderHeaderType,src.Status,src.PrescriptionPreference,src.AdditionalInformation,src.PracticeToSupplyLenses,src.PracticeToSupplyFrame,src.RemoteEdging,src.OrderUncutLenses,src.CreationTimeStamp,src.LastUpdateTimestamp,src.DueDate,src.DeleteType,src.Deleted,src.SafetyRange,src.ValidatedBy,src.CreatedBy,src.ValidationDate,src.ColleagueName,src.GOCNumber,src.CLSpecRef,src.OrderHeaderCodeParent,src.CollectionDate,src.OrderDate,src.DatePlaced,src.ShippingType,src.LastUpdateUsername,src.InitialSupply,src.PrevLensCheckDate,src.ExportTimeStamp,src.CreationDate,src.LastUpdate,src.GlazingFee,src.RemadeBy,src.FrameReused,src.OriginalCreatedBy,src.PracticeSiteRoleId,src.RecordSourceCode,src.LOVRecordSourceId,src.RunDateTime,src.RunDateTime,src.RunDateTime,src.RunDateTime,src.RunDateTime,'N',src.DLETLRunLogID,src.DLCurateStandardRowKey)",
            "temp_table_name": "ODHOrderHeader23033",
            "partition_column_list": ""
        },
        {
            "card_id": "card_11",
            "card_dependencies": [
                "card_20",
                "card_25",
				"card_12"
            ],
            "label": "Write_Delta 11",
            "card_type": "write_delta",
            "description": "Write backup Standard",
            "query": "select * from Order_Header12 where CODE not in (select OrderHeaderCode from ODHOrderHeader) ",
            "data_path": "/mnt/idf-curatestandard/BTUKOPTIT/BUKOPMS/BTCOPT_ORDER_ORDER_CLINICAL_INFO_BUKOPMS_Incr/BackUp",
            "partition_key_columns": "",
            "mode": "OVERWRITE",
            "type": "GENERAL"
        }
    ]
}
