{
	"project_name": "BUKOPMS",
	"config_type": "etl",
	"description": "",
	"data_source": [],
	"report_path": "/mnt/idf-reports/BTUKOPTIT/BUKOPMS/BTCOPT_ORDER_ORDERLINE_CLINICAL_INFO_BUKOPMS_Incr/Incremental/CurateADLS/",
	"cards": [
		{
			"card_id": "card_0",
			"card_dependencies": [],
			"label": "Read_Delta 0",
			"card_type": "read_delta",
			"description": "reading standard location",
			"data_path": "/mnt/idf-curatestandard/BTUKOPTIT/BUKOPMS/BTCOPT_ORDER_ORDERLINE_CLINICAL_INFO_BUKOPMS_Incr/Incremental",
			"output_table": "Orderline"
		},
		{
			"card_id": "card_1",
			"card_dependencies": [
				"card_0"
			],
			"label": "Apply_Filter 1",
			"card_type": "apply_filter",
			"description": "filtering records with RunDateTime",
			"input_table": "Orderline",
			"output_table": "Orderline1",
			"filter": [],
			"unmatch_data": false
		},
		{
			"card_id": "card_2",
			"card_dependencies": [],
			"label": "Read_Table 2",
			"card_type": "read_table",
			"description": "Read ADLS table",
			"query": "select * from curate_enterprise.reflovsetinfo",
			"temp_table_name": "reflovsetinfo",
			"partition_column_list": ""
		},
		{
			"card_id": "card_13",
			"card_dependencies": [],
			"label": "Read_Delta 13",
			"card_type": "read_delta",
			"description": "reading standard backup location",
			"data_path": "/mnt/idf-curatestandard/BTUKOPTIT/BUKOPMS/BTCOPT_ORDER_ORDERLINE_CLINICAL_INFO_BUKOPMS_Incr/BackUp",
			"output_table": "Orderlinebackup"
		},
		{
			"card_id": "card_12",
			"card_dependencies": [
				"card_13",
				"card_1"
			],
			"label": "Read_Table 12",
			"card_type": "read_table",
			"description": "Union with backup table",
			"query": "select * from Orderline1 union select * from Orderlinebackup",
			"temp_table_name": "Orderlinebackupunion",
			"partition_column_list": ""
		},
		{
			"card_id": "card_9999",
			"card_dependencies": [
				"card_12"
			],
			"label": "Read_Table 9999",
			"card_type": "read_table",
			"description": "null logic",
			"query": "select nullif( CurateStandardRowKey ,'null') as CurateStandardRowKey ,nullif( id ,'null') as id,nullif( quantity ,'null') as quantity,nullif( catalog_type ,'null') as catalog_type,nullif( product_code ,'null') as product_code,nullif( product_type ,'null') as product_type,nullif( deleted ,'null') as deleted,nullif( id_order_header ,'null') as id_order_header,nullif( retail_price_amount ,'null') as retail_price_amount,nullif( retail_price_iso_code ,'null') as retail_price_iso_code,nullif( retail_price_excrate_id ,'null') as retail_price_excrate_id,nullif( description ,'null') as description,nullif( side ,'null') as side,nullif( available ,'null') as available,nullif( brand ,'null') as brand,nullif( material ,'null') as material,nullif( pack_size ,'null') as pack_size,nullif( brand_external ,'null') as brand_external,nullif( manufacturer ,'null') as manufacturer,nullif( supplier_code ,'null') as supplier_code,nullif( third_party_lens_supplement ,'null') as third_party_lens_supplement,nullif( operation ,'null') as operation,nullif( timestamp ,'null') as timestamp,nullif( transactionid ,'null') as transactionid,nullif( RunDateTime ,'null') as RunDateTime,nullif( Year ,'null') as Year,nullif( Month ,'null') as Month,nullif( Day ,'null') as Day from Orderlinebackupunion ",
			"temp_table_name": "nulllogic9999",
			"partition_column_list": ""
		},
		{
			"card_id": "card_4",
			"card_dependencies": [
				"card_9999"
			],
			"label": "Read_Table 4",
			"card_type": "read_table",
			"description": "fetching latest records",
			"query": "select * from (select row_number() OVER(PARTITION BY ID ORDER BY timestamp desc,case when operation='DELETE' then 1 when operation='UPDATE' then 2 when operation='INSERT' then 3 when operation='REFRESH' then 4 end asc) as rn,row_number() OVER(PARTITION BY ID,timestamp,operation order BY timestamp desc,operation desc) as rnk,* FROM nulllogic9999)t where t.rnk = 1",
			"temp_table_name": "Orderlinelatest",
			"partition_column_list": ""
		},
		{
			"card_id": "card_18",
			"card_dependencies": [
				"card_4"
			],
			"label": "Read_Table 18",
			"card_type": "read_table",
			"description": "Populating etlrunlogid",
			"query": "select s.*,r.ETLRunId as ETLRunLogIdNew from Orderlinelatest s join (select max(cast(ETLRunId as int)) as ETLRunId from RPI_LOGGING.RPI_COMMON_LOGGING where processstage='CurateStandard' and feedname = 'BTCOPT_ORDER_ORDERLINE_CLINICAL_INFO_BUKOPMS_Incr') r on (1=1)",
			"temp_table_name": "OrderlineEtl",
			"partition_column_list": ""
		},
		{
			"card_id": "card_20",
			"card_dependencies": [
				"card_18",
				"card_2"
			],
			"label": "Read_Table 20",
			"card_type": "read_table",
			"description": "Applying Transformations",
			"query": "select distinct md5(concat_ws('^|~',s.Id ,r.LOVId))  as ClinicalOrderLineId ,s.ID as SRCClinicalOrderLineId ,b.OrderHeaderId as OrderHeaderId , s.QUANTITY as Quantity,s.CATALOG_TYPE as CatalogType,a.ProductId as ProductId , s.PRODUCT_CODE as SRCProductCode ,s.PRODUCT_TYPE as ProductType, nullif(s.DELETED , 'null' ) as Deleted,s.RETAIL_PRICE_AMOUNT as RetailPriceAmount,s.RETAIL_PRICE_ISO_CODE as RetailPriceISoCode,s.RETAIL_PRICE_EXCRATE_ID as RetailPriceExcrateId,s.DESCRIPTION as Description,s.SIDE as Side,s.AVAILABLE as Available ,s.BRAND as Brand,s.MATERIAL as Material,s.PACK_SIZE as PackSize,s.BRAND_EXTERNAL as BrandExternal,s.MANUFACTURER as Manufacturer ,s.SUPPLIER_CODE as SupplierCode, s.THIRD_PARTY_LENS_SUPPLEMENT as ThirdPartyLensSupplement,'BUKOPMS' as RecordSourceCode,r.LOVId as LOVRecordSourceId, s.CurateStandardRowKey as DLCurateStandardRowKey,s.ETLRunLogIdNew as DLETLRunLogID,current_timestamp as RunDateTime, case when s.rn=1 and ifnull(s.operation,'null')<>'DELETE' then 'Y' when s.rn=1 and ifnull(s.operation,'null')='DELETE' then 'D' else 'N' end as DLSCDActiveFlag from OrderlineEtl s left join (select LOVId from reflovsetinfo where lovkey='BUKOPMS' and lovsetname='System of Record' and LOVRecordsourceid='12012') r on(1=1) left join (select ProductId , ProductValue from curate_enterprise.ODHProduct where Recordsourcecode = 'BUKOPMS' and DLSCDActiveFlag='Y' ) a on a.ProductValue=s.PRODUCT_CODE left join (select OrderHeaderId , SRCOrderHeaderId from curate_enterprise.ODHOrderHeader where Recordsourcecode = 'BUKOPMS' and DLSCDActiveFlag='Y' ) b on b.SRCOrderHeaderId=  s.ID_ORDER_HEADER where b.OrderHeaderId is not null ",
			"temp_table_name": "ODHClinicalOrderLine",
			"partition_column_list": ""
		},
		{
			"card_id": "card_25",
			"card_dependencies": [
				"card_20"
			],
			"label": "Read_Table 25",
			"card_type": "read_table",
			"description": "Filtering Records",
			"query": "select cast (ClinicalOrderLineId as string) , cast (SRCClinicalOrderLineId as string) , cast (OrderHeaderId as string) , cast (Quantity as smallint) , cast (CatalogType as string) , cast (ProductId as string) , cast (SRCProductCode as string) , cast (ProductType as string) , cast (Deleted as string ) , cast (RetailPriceAmount as numeric (24, 4)) , cast (RetailPriceISoCode as string) , cast (RetailPriceExcrateId as bigint  ) , cast (Description as string) , cast (Side as string) , cast (Available as string ) , cast (Brand as string) , cast (Material as string) , cast (PackSize as smallint) , cast (BrandExternal as smallint) , cast (Manufacturer as string) , cast (SupplierCode as string) , cast (ThirdPartyLensSupplement as smallint) ,cast (RecordSourceCode as string),cast (LOVRecordSourceId as int) , RunDateTime,cast (DLETLRunLogID as int),cast (DLCurateStandardRowKey as bigint),DLSCDActiveFlag from ODHClinicalOrderLine where SRCClinicalOrderLineId is not null",
			"temp_table_name": "ODHClinicalOrderLine2",
			"partition_column_list": ""
		},
		{
			"card_id": "card_23",
			"card_dependencies": [
				"card_25"
			],
			"label": "Read_Table 23",
			"card_type": "read_table",
			"description": "Insert in ADLS",
			"query": "MERGE INTO curate_enterprise.ODHClinicalOrderLine T USING (SELECT case when s.dlscdactiveflag='Y' then s.SRCClinicalOrderLineId else 'DEACTIVATE' end as mergeKey, s.* FROM ODHClinicalOrderLine2 s where s.dlscdactiveflag<>'D' UNION ALL SELECT 'UPDATE' as mergeKey, source.* FROM ODHClinicalOrderLine2 source JOIN curate_enterprise.ODHClinicalOrderLine Target ON source.SRCClinicalOrderLineId = Target.SRCClinicalOrderLineId WHERE Target.DLSCDActiveFlag = 'Y' and source.DLSCDActiveFlag = 'Y') src ON T.SRCClinicalOrderLineId = src.mergeKey AND T.DLSCDActiveFlag = 'Y' when matched THEN UPDATE SET DLSCDActiveFlag = 'N', DLSCDEndDateTime = src.RunDateTime ,DLUpdateDateTime = src.RunDateTime WHEN not MATCHED AND src.mergeKey <> 'UPDATE' and src.mergekey <> 'DEACTIVATE' THEN INSERT(ClinicalOrderLineId ,  SRCClinicalOrderLineId ,  OrderHeaderId ,  Quantity ,  CatalogType ,  ProductId ,  SRCProductCode ,  ProductType ,  Deleted ,  RetailPriceAmount ,  RetailPriceISoCode ,  RetailPriceExcrateId ,  Description ,  Side ,  Available ,  Brand ,  Material ,  PackSize ,  BrandExternal ,  Manufacturer ,  SupplierCode ,  ThirdPartyLensSupplement,RecordSourceCode,LOVRecordSourceId ,RunDateTime,DLCreateDateTime,DLUpdateDateTime,DLSCDStartDateTime,DLSCDEndDateTime,DLSCDActiveFlag,DLETLRunLogID,DLCurateStandardRowKey)  VALUES(src.ClinicalOrderLineId , src.SRCClinicalOrderLineId , src.OrderHeaderId , src.Quantity , src.CatalogType , src.ProductId , src.SRCProductCode , src.ProductType , src.Deleted , src.RetailPriceAmount , src.RetailPriceISoCode , src.RetailPriceExcrateId , src.Description , src.Side , src.Available , src.Brand , src.Material , src.PackSize , src.BrandExternal , src.Manufacturer , src.SupplierCode , src.ThirdPartyLensSupplement ,src.RecordSourceCode,src.LOVRecordSourceId,src.RunDateTime,src.RunDateTime,src.RunDateTime,'1900-01-01 00:00:00.000','9999-12-31 00:00:00.000',src.DLSCDActiveFlag,src.DLETLRunLogID,src.DLCurateStandardRowKey) WHEN not MATCHED AND src.mergeKey = 'UPDATE' THEN INSERT(ClinicalOrderLineId ,  SRCClinicalOrderLineId ,  OrderHeaderId ,  Quantity ,  CatalogType ,  ProductId ,  SRCProductCode ,  ProductType ,  Deleted ,  RetailPriceAmount ,  RetailPriceISoCode ,  RetailPriceExcrateId ,  Description ,  Side ,  Available ,  Brand ,  Material ,  PackSize ,  BrandExternal ,  Manufacturer ,  SupplierCode ,  ThirdPartyLensSupplement,RecordSourceCode,LOVRecordSourceId ,RunDateTime,DLCreateDateTime,DLUpdateDateTime,DLSCDStartDateTime,DLSCDEndDateTime,DLSCDActiveFlag,DLETLRunLogID,DLCurateStandardRowKey)  VALUES(src.ClinicalOrderLineId , src.SRCClinicalOrderLineId , src.OrderHeaderId , src.Quantity , src.CatalogType , src.ProductId , src.SRCProductCode , src.ProductType , src.Deleted , src.RetailPriceAmount , src.RetailPriceISoCode , src.RetailPriceExcrateId , src.Description , src.Side , src.Available , src.Brand , src.Material , src.PackSize , src.BrandExternal , src.Manufacturer , src.SupplierCode , src.ThirdPartyLensSupplement ,src.RecordSourceCode,src.LOVRecordSourceId,src.RunDateTime,src.RunDateTime,src.RunDateTime,src.RunDateTime,'9999-12-31 00:00:00.000',src.DLSCDActiveFlag,src.DLETLRunLogID,src.DLCurateStandardRowKey) WHEN not MATCHED AND src.mergeKey = 'DEACTIVATE' THEN INSERT(ClinicalOrderLineId ,  SRCClinicalOrderLineId ,  OrderHeaderId ,  Quantity ,  CatalogType ,  ProductId ,  SRCProductCode ,  ProductType ,  Deleted ,  RetailPriceAmount ,  RetailPriceISoCode ,  RetailPriceExcrateId ,  Description ,  Side ,  Available ,  Brand ,  Material ,  PackSize ,  BrandExternal ,  Manufacturer ,  SupplierCode ,  ThirdPartyLensSupplement,RecordSourceCode,LOVRecordSourceId ,RunDateTime,DLCreateDateTime,DLUpdateDateTime,DLSCDStartDateTime,DLSCDEndDateTime,DLSCDActiveFlag,DLETLRunLogID,DLCurateStandardRowKey)  VALUES(src.ClinicalOrderLineId , src.SRCClinicalOrderLineId , src.OrderHeaderId , src.Quantity , src.CatalogType , src.ProductId , src.SRCProductCode , src.ProductType , src.Deleted , src.RetailPriceAmount , src.RetailPriceISoCode , src.RetailPriceExcrateId , src.Description , src.Side , src.Available , src.Brand , src.Material , src.PackSize , src.BrandExternal , src.Manufacturer , src.SupplierCode , src.ThirdPartyLensSupplement ,src.RecordSourceCode,src.LOVRecordSourceId,src.RunDateTime,src.RunDateTime,src.RunDateTime,src.RunDateTime,src.RunDateTime,src.DLSCDActiveFlag,src.DLETLRunLogID,src.DLCurateStandardRowKey)",
			"temp_table_name": "ODHClinicalOrderLine1",
			"partition_column_list": ""
		},
		{
			"card_id": "card_23232323",
			"card_dependencies": [
				"card_25",
				"card_23"
			],
			"label": "Read_Table 23",
			"card_type": "read_table",
			"description": "Insert in ADLS",
			"query": "MERGE INTO curate_enterprise.ODHClinicalOrderLine T USING (SELECT s.SRCClinicalOrderLineId as mergeKey, s.* FROM ODHClinicalOrderLine2 s where s.dlscdactiveflag = 'D' UNION ALL SELECT 'UPDATE' as mergeKey, source.* FROM ODHClinicalOrderLine2 source JOIN curate_enterprise.ODHClinicalOrderLine Target ON source.SRCClinicalOrderLineId = Target.SRCClinicalOrderLineId WHERE Target.DLSCDActiveFlag = 'Y' and source.DLSCDActiveFlag = 'D') src ON T.SRCClinicalOrderLineId = src.mergeKey AND T.DLSCDActiveFlag = 'Y' when matched THEN UPDATE SET DLSCDActiveFlag = 'N', DLSCDEndDateTime = src.RunDateTime ,DLUpdateDateTime = src.RunDateTime WHEN not MATCHED AND src.mergeKey <> 'UPDATE' THEN INSERT(ClinicalOrderLineId ,  SRCClinicalOrderLineId ,  OrderHeaderId ,  Quantity ,  CatalogType ,  ProductId ,  SRCProductCode ,  ProductType ,  Deleted ,  RetailPriceAmount ,  RetailPriceISoCode ,  RetailPriceExcrateId ,  Description ,  Side ,  Available ,  Brand ,  Material ,  PackSize ,  BrandExternal ,  Manufacturer ,  SupplierCode ,  ThirdPartyLensSupplement,RecordSourceCode,LOVRecordSourceId ,RunDateTime,DLCreateDateTime,DLUpdateDateTime,DLSCDStartDateTime,DLSCDEndDateTime,DLSCDActiveFlag,DLETLRunLogID,DLCurateStandardRowKey)  VALUES(src.ClinicalOrderLineId , src.SRCClinicalOrderLineId , src.OrderHeaderId , src.Quantity , src.CatalogType , src.ProductId , src.SRCProductCode , src.ProductType , src.Deleted , src.RetailPriceAmount , src.RetailPriceISoCode , src.RetailPriceExcrateId , src.Description , src.Side , src.Available , src.Brand , src.Material , src.PackSize , src.BrandExternal , src.Manufacturer , src.SupplierCode , src.ThirdPartyLensSupplement ,src.RecordSourceCode,src.LOVRecordSourceId,src.RunDateTime,src.RunDateTime,src.RunDateTime,src.RunDateTime,src.RunDateTime,'N',src.DLETLRunLogID,src.DLCurateStandardRowKey) WHEN not MATCHED AND src.mergeKey = 'UPDATE' THEN INSERT(ClinicalOrderLineId ,  SRCClinicalOrderLineId ,  OrderHeaderId ,  Quantity ,  CatalogType ,  ProductId ,  SRCProductCode ,  ProductType ,  Deleted ,  RetailPriceAmount ,  RetailPriceISoCode ,  RetailPriceExcrateId ,  Description ,  Side ,  Available ,  Brand ,  Material ,  PackSize ,  BrandExternal ,  Manufacturer ,  SupplierCode ,  ThirdPartyLensSupplement,RecordSourceCode,LOVRecordSourceId ,RunDateTime,DLCreateDateTime,DLUpdateDateTime,DLSCDStartDateTime,DLSCDEndDateTime,DLSCDActiveFlag,DLETLRunLogID,DLCurateStandardRowKey)  VALUES(src.ClinicalOrderLineId , src.SRCClinicalOrderLineId , src.OrderHeaderId , src.Quantity , src.CatalogType , src.ProductId , src.SRCProductCode , src.ProductType , src.Deleted , src.RetailPriceAmount , src.RetailPriceISoCode , src.RetailPriceExcrateId , src.Description , src.Side , src.Available , src.Brand , src.Material , src.PackSize , src.BrandExternal , src.Manufacturer , src.SupplierCode , src.ThirdPartyLensSupplement ,src.RecordSourceCode,src.LOVRecordSourceId,src.RunDateTime,src.RunDateTime,src.RunDateTime,src.RunDateTime,src.RunDateTime,'N',src.DLETLRunLogID,src.DLCurateStandardRowKey)",
			"temp_table_name": "ODHClinicalOrderLine11111",
			"partition_column_list": ""
		},
		{
			"card_id": "card_11",
			"card_dependencies": [
				"card_20",
				"card_12"
			],
			"label": "Write_Delta 11",
			"card_type": "write_delta",
			"description": "Write backup Standard",
			"query": "select * from Orderlinebackupunion where Id not in (select SRCClinicalOrderLineId from ODHClinicalOrderLine)",
			"data_path": "/mnt/idf-curatestandard/BTUKOPTIT/BUKOPMS/BTCOPT_ORDER_ORDERLINE_CLINICAL_INFO_BUKOPMS_Incr/BackUp",
			"partition_key_columns": "",
			"mode": "OVERWRITE",
			"type": "GENERAL"
		}
	]
}