{
    "project_name": "SAPBW",
    "config_type": "etl",
    "description": "",
    "data_source": [],
    "report_path": "/mnt/idf-reports/BUKIT/PEOPLEHUB/WeeklyLabourCostReportingActual_CurateADLS",
    "cards": [
        {
            "card_id": "card_0",
            "card_dependencies": [],
            "label": "Read_Delta 0",
            "card_type": "read_delta",
            "description": "read data from ADLS",
            "data_path": "/mnt/idf-curatestandard/BUKIT/peoplehub/BootsUK_IF_00502_Weekly_Labour_payroll_actual_PeopleHub_Incr",
            "output_table": "WeeklyLabourCostReportingActual"
        },
        {
            "card_id": "card_1",
            "card_dependencies": [
                "card_0"
            ],
            "label": "Apply_Filter 1",
            "card_type": "apply_filter",
            "description": "applyfilter",
            "input_table": "WeeklyLabourCostReportingActual",
            "output_table": "WeeklyLabourCostReportingActual",
            "filter": [],
            "unmatch_data": false
        },
        {
            "card_id": "card_2",
            "card_dependencies": [
                "card_1"
            ],
            "label": "Write_Delta 2",
            "card_type": "write_delta",
            "description": "write to delta",
			"query": "select PayGroup,EmployeeId,EmployeeTitle,EmployeeFirstName,EmployeeLastName,JobTitle,GeneralLedgerAccount,WLCRDataCode,Amount,Currency,CompanyCode,WeekendDate,PayElementId,WLCRTransferType,WLCRTransferDetail,RoleFlag,ReportingLevel,CostCenter,RunDateTime,Year,Month,Day,SourceSystemID,LOVRecordSourceID,SCDStartDate,SCDEndDate,SCDActiveFlag,SCDVersion,SCDLOVRecordSourceID,ETLRunLogID from WeeklyLabourCostReportingActual",
            "data_path": "/mnt/idf-curate/Retail/WeeklyLabourCostReportingActual",
            "partition_key_columns": "SourceSystemID,Year,Month,Day",
            "mode": "APPEND",
            "type": "GENERAL"
        }
    ]
}