{
	"project_name": "BUKOPMS",
	"config_type": "etl",
	"description": "",
	"data_source": [],
	"report_path": "/mnt/idf-reports/BTUKOPTIT/BUKOPMS/BTCOPT_ORDER_RECEIPT_TRACKING_DETAILS_BUKOPMS_Incr/Incremental/CurateADLS/",
	"cards": [
		{
			"card_id": "card_0",
			"card_dependencies": [],
			"label": "Read_Delta 0",
			"card_type": "read_delta",
			"description": "reading standard location",
			"data_path": "/mnt/idf-curatestandard/BTUKOPTIT/BUKOPMS/BTCOPT_ORDER_RECEIPT_TRACKING_DETAILS_BUKOPMS_Incr/Incremental",
			"output_table": "ReceiptHistory"
		},
		{
			"card_id": "card_1",
			"card_dependencies": [
				"card_0"
			],
			"label": "Apply_Filter 1",
			"card_type": "apply_filter",
			"description": "filtering records with RunDateTime",
			"input_table": "ReceiptHistory",
			"output_table": "ReceiptHistory1",
			"filter": [],
			"unmatch_data": false
		},
		{
            "card_id": "card_2",
            "card_dependencies": [],
            "label": "Read_Table 2",
            "card_type": "read_table",
            "description": "Read ADLS table",
            "query": "Select * from curate_enterprise.reflovsetinfo",
            "temp_table_name": "reflovsetinfo",
            "partition_column_list": ""
        },
		{
			"card_id": "card_13",
			"card_dependencies": [],
			"label": "Read_Delta 13",
			"card_type": "read_delta",
			"description": "reading standard backup location",
			"data_path": "/mnt/idf-curatestandard/BTUKOPTIT/BUKOPMS/BTCOPT_ORDER_RECEIPT_TRACKING_DETAILS_BUKOPMS_Incr/BackUp",
			"output_table": "ReceiptHistorybackup"
		},
		{
			"card_id": "card_12",
			"card_dependencies": [
				"card_13",
				"card_1"
			],
			"label": "Read_Table 12",
			"card_type": "read_table",
			"description": "Union with backup table",
			"query": "select * from ReceiptHistory1 union select * from ReceiptHistorybackup",
			"temp_table_name": "ReceiptHistorybackupunion",
			"partition_column_list": ""
		},
		{
			"card_id": "card_9999",
			"card_dependencies": [
				"card_12"
			],
			"label": "Read_Table 9999",
			"card_type": "read_table",
			"description": "null logic",
			"query": "select nullif( CurateStandardRowKey ,'null') as CurateStandardRowKey ,nullif( horcus_receipt_history_id ,'null') as horcus_receipt_history_id ,nullif( ad_client_id ,'null') as ad_client_id ,nullif( ad_org_id ,'null') as ad_org_id ,nullif( isactive ,'null') as isactive ,nullif( created ,'null') as created ,nullif( createdby ,'null') as createdby ,nullif( updated ,'null') as updated ,nullif( updatedby ,'null') as updatedby ,nullif( basket_status ,'null') as basket_status ,nullif( transaction_type ,'null') as transaction_type ,nullif( receipt_date ,'null') as receipt_date ,nullif( receipt_number ,'null') as receipt_number ,nullif( c_order_id ,'null') as c_order_id ,nullif( operation ,'null') as operation ,nullif( timestamp ,'null') as timestamp ,nullif( transactionid ,'null') as transactionid ,nullif( RunDateTime ,'null') as RunDateTime ,nullif( Year ,'null') as Year ,nullif( Month ,'null') as Month ,nullif( Day ,'null') as Day from ReceiptHistorybackupunion ",
			"temp_table_name": "abc",
			"partition_column_list": ""
		},
		{
			"card_id": "card_4",
			"card_dependencies": [
				"card_9999"
			],
			"label": "Read_Table 4",
			"card_type": "read_table",
			"description": "fetching latest records",
			"query": "select * from (select row_number() OVER(PARTITION BY RECEIPT_NUMBER order BY timestamp desc,case when operation='DELETE' then 1 when operation='UPDATE' then 2 when operation='INSERT' then 3 when operation='REFRESH' then 4 end asc) as rn,row_number() OVER(PARTITION BY RECEIPT_NUMBER,timestamp,operation order BY timestamp desc,operation desc) as rnk,* FROM abc)t where t.rnk = 1",
			"temp_table_name": "nulllogic9999",
			"partition_column_list": ""
		},
		{
			"card_id": "card_18",
			"card_dependencies": [
				"card_4"
			],
			"label": "Read_Table 18",
			"card_type": "read_table",
			"description": "Populating etlrunlogid",
			"query": "select s.*,r.ETLRunId as ETLRunLogIdNew from nulllogic9999 s join (select max(cast(ETLRunId as int)) as ETLRunId from RPI_LOGGING.RPI_COMMON_LOGGING where processstage='CurateStandard' and feedname = 'BTCOPT_ORDER_RECEIPT_TRACKING_DETAILS_BUKOPMS_Incr') r on (1=1)",
			"temp_table_name": "ReceiptHistoryEtl",
			"partition_column_list": ""
		},
		{
			"card_id": "card_20",
			"card_dependencies": [
				"card_18",
				"card_2"
			],
			"label": "Read_Table 20",
			"card_type": "read_table",
			"description": "Applying Transformations",
			"query": "select distinct md5(concat_ws('^|~',s.RECEIPT_NUMBER,r.LOVId))  as ODHCustomReceiptHistoryId , a.ClientId as ClientId, b.OrganisationId as OrganisationId, c.ODHOrderId as ODHOrderId,s.RECEIPT_NUMBER as ReceiptNumber,s.HORCUS_RECEIPT_HISTORY_ID as SRCHorcusReceiptHistoryId, s.ISACTIVE as IsActive, s.CREATED as SourceCreated, s.CREATEDBY as SourceCreatedBy, s.UPDATED as SourceUpdated, s.UPDATEDBY as SourceUpdatedBy, s.BASKET_STATUS as BasketStatus, s.TRANSACTION_TYPE as TransactionType, s.RECEIPT_DATE as ReceiptDate,'BUKOPMS' as RecordSourceCode,r.LOVId as LOVRecordSourceId,s.CurateStandardRowKey as DLCurateStandardRowKey,s.ETLRunLogIdNew as DLETLRunLogID,current_timestamp as RunDateTime, case when s.rn=1 and ifnull(s.operation,'null')<>'DELETE' then 'Y' when s.rn=1 and ifnull(s.operation,'null')='DELETE' then 'D' else 'N' end as DLSCDActiveFlag from ReceiptHistoryEtl s join (select LOVId from reflovsetinfo where lovkey='BUKOPMS' and lovsetname='System of Record' and LOVRecordsourceid='12012') r on(1=1) left join (select OrganisationId,SRCAdOrgId from curate_enterprise.ODHAdOrg where RecordSourceCode='BUKOPMS' and DLSCDActiveFlag='Y')b on b.SRCAdOrgId=s.AD_ORG_ID left join (select ClientId , SRCClientId from curate_enterprise.ODHClient where RecordSourceCode='BUKOPMS' and DLSCDActiveFlag='Y') a on a.SRCClientId=s.AD_CLIENT_ID left join (select ODHOrderId , SRCOrderId from curate_enterprise.ODHOrder where RecordSourceCode='BUKOPMS' and DLSCDActiveFlag='Y') c on c.SRCOrderId=s.C_ORDER_ID where a.ClientId is not null and b.OrganisationID is not null and c.ODHOrderId is not Null",
			"temp_table_name": "ODHCustomReceiptHistory",
			"partition_column_list": ""
		},
		{
			"card_id": "card_25",
			"card_dependencies": [
				"card_20"
			],
			"label": "Read_Table 25",
			"card_type": "read_table",
			"description": "Filtering Records",
			"query": "select cast(ODHCustomReceiptHistoryId as string) ,cast (OrganisationID as string),cast (ODHOrderId as string),cast (SRCHorcusReceiptHistoryId as string),cast (IsActive as string),cast (SourceCreated as date) ,cast (SourceCreatedBy as string),cast (SourceUpdated as date) ,cast (SourceUpdatedBy as string),cast (BasketStatus as string),cast (TransactionType as string),cast (ReceiptNumber as string),cast (ReceiptDate as date) ,cast (RecordSourceCode as string),cast (LOVRecordSourceId as int) ,cast (ClientId as string) , RunDateTime,cast (DLETLRunLogID as int),cast (DLCurateStandardRowKey as bigint),DLSCDActiveFlag from ODHCustomReceiptHistory where SRCHorcusReceiptHistoryId is not null and ReceiptNumber is not null",
			"temp_table_name": "ODHCustomReceiptHistory2",
			"partition_column_list": ""
		},
		{
			"card_id": "card_23",
			"card_dependencies": [
				"card_25"
			],
			"label": "Read_Table 23",
			"card_type": "read_table",
			"description": "Insert in ADLS",
			"query": "MERGE INTO curate_enterprise.ODHCustomReceiptHistory T USING (SELECT case when s.dlscdactiveflag='Y' then s.ReceiptNumber else 'DEACTIVATE' end as mergeKey, s.* FROM ODHCustomReceiptHistory2 s where s.dlscdactiveflag<>'D' UNION ALL SELECT 'UPDATE' as mergeKey, source.* FROM ODHCustomReceiptHistory2 source JOIN curate_enterprise.ODHCustomReceiptHistory Target ON source.ReceiptNumber = Target.ReceiptNumber WHERE Target.DLSCDActiveFlag = 'Y' and source.DLSCDActiveFlag = 'Y') src ON T.ReceiptNumber = src.mergeKey AND T.DLSCDActiveFlag = 'Y' when matched THEN UPDATE SET DLSCDActiveFlag = 'N', DLSCDEndDateTime = src.RunDateTime ,DLUpdateDateTime = src.RunDateTime WHEN not MATCHED AND src.mergeKey <> 'UPDATE' and src.mergekey <> 'DEACTIVATE' THEN INSERT(ODHCustomReceiptHistoryId,SRCHorcusReceiptHistoryId,OrganisationID ,ODHOrderId ,ClientId ,IsActive ,SourceCreated ,SourceCreatedBy ,SourceUpdated ,SourceUpdatedBy ,BasketStatus ,TransactionType ,ReceiptNumber ,ReceiptDate,RecordSourceCode,LOVRecordSourceId ,RunDateTime,DLCreateDateTime,DLUpdateDateTime,DLSCDStartDateTime,DLSCDEndDateTime,DLSCDActiveFlag,DLETLRunLogID,DLCurateStandardRowKey)  VALUES(src.ODHCustomReceiptHistoryId,src.SRCHorcusReceiptHistoryId,src.OrganisationID ,src.ODHOrderId ,src.ClientId ,src.IsActive ,src.SourceCreated ,src.SourceCreatedBy ,src.SourceUpdated ,src.SourceUpdatedBy ,src.BasketStatus ,src.TransactionType ,src.ReceiptNumber ,src.ReceiptDate,src.RecordSourceCode,src.LOVRecordSourceId,src.RunDateTime,src.RunDateTime,src.RunDateTime,'1900-01-01 00:00:00.000','9999-12-31 00:00:00.000',src.DLSCDActiveFlag,src.DLETLRunLogID,src.DLCurateStandardRowKey) WHEN not MATCHED AND src.mergeKey = 'UPDATE' THEN INSERT(ODHCustomReceiptHistoryId,SRCHorcusReceiptHistoryId,OrganisationID ,ODHOrderId ,ClientId ,IsActive ,SourceCreated ,SourceCreatedBy ,SourceUpdated ,SourceUpdatedBy ,BasketStatus ,TransactionType ,ReceiptNumber ,ReceiptDate,RecordSourceCode,LOVRecordSourceId ,RunDateTime,DLCreateDateTime,DLUpdateDateTime,DLSCDStartDateTime,DLSCDEndDateTime,DLSCDActiveFlag,DLETLRunLogID,DLCurateStandardRowKey)  VALUES(src.ODHCustomReceiptHistoryId,src.SRCHorcusReceiptHistoryId,src.OrganisationID ,src.ODHOrderId ,src.ClientId ,src.IsActive ,src.SourceCreated ,src.SourceCreatedBy ,src.SourceUpdated ,src.SourceUpdatedBy ,src.BasketStatus ,src.TransactionType ,src.ReceiptNumber ,src.ReceiptDate,src.RecordSourceCode,src.LOVRecordSourceId,src.RunDateTime,src.RunDateTime,src.RunDateTime,src.RunDateTime,'9999-12-31 00:00:00.000',src.DLSCDActiveFlag,src.DLETLRunLogID,src.DLCurateStandardRowKey) WHEN not MATCHED AND src.mergeKey = 'DEACTIVATE' THEN INSERT(ODHCustomReceiptHistoryId,SRCHorcusReceiptHistoryId,OrganisationID ,ODHOrderId ,ClientId ,IsActive ,SourceCreated ,SourceCreatedBy ,SourceUpdated ,SourceUpdatedBy ,BasketStatus ,TransactionType ,ReceiptNumber ,ReceiptDate,RecordSourceCode,LOVRecordSourceId ,RunDateTime,DLCreateDateTime,DLUpdateDateTime,DLSCDStartDateTime,DLSCDEndDateTime,DLSCDActiveFlag,DLETLRunLogID,DLCurateStandardRowKey)  VALUES(src.ODHCustomReceiptHistoryId,src.SRCHorcusReceiptHistoryId,src.OrganisationID ,src.ODHOrderId ,src.ClientId ,src.IsActive ,src.SourceCreated ,src.SourceCreatedBy ,src.SourceUpdated ,src.SourceUpdatedBy ,src.BasketStatus ,src.TransactionType ,src.ReceiptNumber ,src.ReceiptDate,src.RecordSourceCode,src.LOVRecordSourceId,src.RunDateTime,src.RunDateTime,src.RunDateTime,src.RunDateTime,src.RunDateTime,src.DLSCDActiveFlag,src.DLETLRunLogID,src.DLCurateStandardRowKey)",
			"temp_table_name": "ODHCustomReceiptHistory1",
			"partition_column_list": ""
		},
		{
			"card_id": "card_232323",
			"card_dependencies": [
				"card_25",
				"card_23"
			],
			"label": "Read_Table 23",
			"card_type": "read_table",
			"description": "Insert in ADLS",
			"query": "MERGE INTO curate_enterprise.ODHCustomReceiptHistory T USING (SELECT s.ReceiptNumber as mergeKey, s.* FROM ODHCustomReceiptHistory2 s where s.dlscdactiveflag = 'D' UNION ALL SELECT 'UPDATE' as mergeKey, source.* FROM ODHCustomReceiptHistory2 source JOIN curate_enterprise.ODHCustomReceiptHistory Target ON source.ReceiptNumber = Target.ReceiptNumber WHERE Target.DLSCDActiveFlag = 'Y' and source.DLSCDActiveFlag = 'D') src ON T.ReceiptNumber = src.mergeKey AND T.DLSCDActiveFlag = 'Y' when matched THEN UPDATE SET DLSCDActiveFlag = 'N', DLSCDEndDateTime = src.RunDateTime ,DLUpdateDateTime = src.RunDateTime WHEN not MATCHED AND src.mergeKey <> 'UPDATE' THEN INSERT(ODHCustomReceiptHistoryId,SRCHorcusReceiptHistoryId,OrganisationID ,ODHOrderId ,ClientId ,IsActive ,SourceCreated ,SourceCreatedBy ,SourceUpdated ,SourceUpdatedBy ,BasketStatus ,TransactionType ,ReceiptNumber ,ReceiptDate,RecordSourceCode,LOVRecordSourceId ,RunDateTime,DLCreateDateTime,DLUpdateDateTime,DLSCDStartDateTime,DLSCDEndDateTime,DLSCDActiveFlag,DLETLRunLogID,DLCurateStandardRowKey)  VALUES(src.ODHCustomReceiptHistoryId,src.SRCHorcusReceiptHistoryId,src.OrganisationID ,src.ODHOrderId ,src.ClientId ,src.IsActive ,src.SourceCreated ,src.SourceCreatedBy ,src.SourceUpdated ,src.SourceUpdatedBy ,src.BasketStatus ,src.TransactionType ,src.ReceiptNumber ,src.ReceiptDate,src.RecordSourceCode,src.LOVRecordSourceId,src.RunDateTime,src.RunDateTime,src.RunDateTime,src.RunDateTime,src.RunDateTime,'N',src.DLETLRunLogID,src.DLCurateStandardRowKey) WHEN not MATCHED AND src.mergeKey = 'UPDATE' THEN INSERT(ODHCustomReceiptHistoryId,SRCHorcusReceiptHistoryId,OrganisationID ,ODHOrderId ,ClientId ,IsActive ,SourceCreated ,SourceCreatedBy ,SourceUpdated ,SourceUpdatedBy ,BasketStatus ,TransactionType ,ReceiptNumber ,ReceiptDate,RecordSourceCode,LOVRecordSourceId ,RunDateTime,DLCreateDateTime,DLUpdateDateTime,DLSCDStartDateTime,DLSCDEndDateTime,DLSCDActiveFlag,DLETLRunLogID,DLCurateStandardRowKey)  VALUES(src.ODHCustomReceiptHistoryId,src.SRCHorcusReceiptHistoryId,src.OrganisationID ,src.ODHOrderId ,src.ClientId ,src.IsActive ,src.SourceCreated ,src.SourceCreatedBy ,src.SourceUpdated ,src.SourceUpdatedBy ,src.BasketStatus ,src.TransactionType ,src.ReceiptNumber ,src.ReceiptDate,src.RecordSourceCode,src.LOVRecordSourceId,src.RunDateTime,src.RunDateTime,src.RunDateTime,src.RunDateTime,src.RunDateTime,'N',src.DLETLRunLogID,src.DLCurateStandardRowKey)",
			"temp_table_name": "ODHCustomReceiptHistory11111",
			"partition_column_list": ""
		},
		{
			"card_id": "card_11",
			"card_dependencies": [
				"card_20",
				"card_12"
			],
			"label": "Write_Delta 11",
			"card_type": "write_delta",
			"description": "Write backup Standard",
			"query": "select * from ReceiptHistorybackupunion where RECEIPT_NUMBER not in (select ReceiptNumber from ODHCustomReceiptHistory)",
			"data_path": "/mnt/idf-curatestandard/BTUKOPTIT/BUKOPMS/BTCOPT_ORDER_RECEIPT_TRACKING_DETAILS_BUKOPMS_Incr/BackUp",
			"partition_key_columns": "",
			"mode": "OVERWRITE",
			"type": "GENERAL"
		}
	]
}
