{
	"$schema": "http://schema.management.azure.com/schemas/2015-01-01/deploymentTemplate.json#",
	"contentVersion": "1.0.0.0",
	"parameters": {
		"factoryName": {
			"type": "string",
			"metadata": "Data Factory name"
		},
		"AzureDatabricks_dev1": {
			"type": "string"
		},
		"AzureSynapseAnalytics": {
			"type": "string"
		}
	},
	"variables": {
		"factoryId": "[concat('Microsoft.DataFactory/factories/', parameters('factoryName'))]"
	},
	"resources": [
		{
			"name": "[concat(parameters('factoryName'), '/pl_gen_curated_to_enrich_demo')]",
			"type": "Microsoft.DataFactory/factories/pipelines",
			"apiVersion": "2018-06-01",
			"properties": {
				"activities": [
					{
						"name": "curated_to_enrich",
						"type": "DatabricksNotebook",
						"dependsOn": [
							{
								"activity": "set_var_batchdate",
								"dependencyConditions": [
									"Succeeded"
								]
							}
						],
						"policy": {
							"timeout": "7.00:00:00",
							"retry": 0,
							"retryIntervalInSeconds": 30,
							"secureOutput": false,
							"secureInput": false
						},
						"userProperties": [],
						"typeProperties": {
							"notebookPath": "/AZ_walmcodebase/AZ_idf_drivers/db_data_vault_driver",
							"baseParameters": {
								"prm_act_src_name": {
									"value": "@pipeline().parameters.prm_p_src_name",
									"type": "Expression"
								},
								"prm_act_schema_name": {
									"value": "@pipeline().parameters.prm_p_schema_name",
									"type": "Expression"
								},
								"prm_act_file_prefix_cur": {
									"value": "@pipeline().parameters.prm_p_file_prefix",
									"type": "Expression"
								},
								"prm_act_src_id": {
									"value": "@pipeline().parameters.prm_p_src_id",
									"type": "Expression"
								},
								"prm_act_batchdate": {
									"value": "@variables('var_batch_date')",
									"type": "Expression"
								},
								"prm_act_filename": {
									"value": "@pipeline().parameters.prm_p_src_file_name",
									"type": "Expression"
								},
								"prm_act_pipeline_name": {
									"value": "@pipeline().Pipeline",
									"type": "Expression"
								},
								"prm_act_trigger_name": {
									"value": "@pipeline().TriggerName",
									"type": "Expression"
								},
								"prm_act_opt_path": {
									"value": "@pipeline().parameters.prm_p_opt_path",
									"type": "Expression"
								},
								"prm_act_src_path_if_any": {
									"value": "@String('NA')",
									"type": "Expression"
								},
								"prm_act_file_prefix": {
									"value": "@pipeline().parameters.prm_p_file_prefix",
									"type": "Expression"
								},
								"prm_act_scd_type": {
									"value": "@pipeline().parameters.prm_p_scd_type",
									"type": "Expression"
								},
								"prm_act_pipeline_id": {
									"value": "@pipeline().RunId",
									"type": "Expression"
								}
							}
						},
						"linkedServiceName": {
							"referenceName": "[parameters('AzureDatabricks_dev1')]",
							"type": "LinkedServiceReference"
						}
					},
					{
						"name": "set_var_batchdate",
						"type": "SetVariable",
						"dependsOn": [],
						"userProperties": [],
						"typeProperties": {
							"variableName": "var_batch_date",
							"value": {
								"value": "@concat(formatDateTime(subtractFromTime(subtractFromTime(utcnow(),pipeline().parameters.prm_p_sub_day,'Day'),pipeline().parameters.prm_p_sub_month,'Month'),pipeline().parameters.prm_p_date_format))",
								"type": "Expression"
							}
						}
					},
					{
						"name": "check_status",
						"type": "DatabricksNotebook",
						"dependsOn": [
							{
								"activity": "curated_to_enrich",
								"dependencyConditions": [
									"Succeeded"
								]
							}
						],
						"policy": {
							"timeout": "7.00:00:00",
							"retry": 0,
							"retryIntervalInSeconds": 30,
							"secureOutput": false,
							"secureInput": false
						},
						"userProperties": [],
						"typeProperties": {
							"notebookPath": "/AZ_walmcodebase/AZ_idf_drivers/db_check_failure_status",
							"baseParameters": {
								"prm_act_error_code": {
									"value": "@string(activity('curated_to_enrich').output.runOutput.ERROR_CODE)",
									"type": "Expression"
								},
								"prm_act_status_desc": {
									"value": "@activity('curated_to_enrich').output.runOutput.AUDIT_RECORDS.STATUS_DESC",
									"type": "Expression"
								}
							}
						},
						"linkedServiceName": {
							"referenceName": "[parameters('AzureDatabricks_dev1')]",
							"type": "LinkedServiceReference"
						}
					},
					{
						"name": "Stored procedure1",
						"type": "SqlServerStoredProcedure",
						"dependsOn": [
							{
								"activity": "check_status",
								"dependencyConditions": [
									"Succeeded"
								]
							}
						],
						"policy": {
							"timeout": "7.00:00:00",
							"retry": 0,
							"retryIntervalInSeconds": 30,
							"secureOutput": false,
							"secureInput": false
						},
						"userProperties": [],
						"typeProperties": {
							"storedProcedureName": "[[dbo].[upd_rec_mult_key]",
							"storedProcedureParameters": {
								"prm_sp_batch_date": {
									"value": {
										"value": "@variables('var_batch_date')",
										"type": "Expression"
									},
									"type": "String"
								},
								"prm_sp_col_cnt": {
									"value": {
										"value": "@pipeline().parameters.prm_p_natural_key_count",
										"type": "Expression"
									},
									"type": "String"
								},
								"prm_sp_expected_period_key": {
									"value": {
										"value": "@string('NA')",
										"type": "Expression"
									},
									"type": "String"
								},
								"prm_sp_file_prefix": {
									"value": {
										"value": "@pipeline().parameters.prm_p_file_prefix",
										"type": "Expression"
									},
									"type": "String"
								},
								"prm_sp_file_prefix_curr": {
									"value": {
										"value": "@pipeline().parameters.prm_p_natural_key",
										"type": "Expression"
									},
									"type": "String"
								},
								"prm_sp_nat_col": {
									"value": {
										"value": "@pipeline().parameters.prm_p_natural_key",
										"type": "Expression"
									},
									"type": "String"
								},
								"prm_sp_pipeline_name": {
									"value": {
										"value": "@pipeline().Pipeline",
										"type": "Expression"
									},
									"type": "String"
								},
								"prm_sp_scd_type": {
									"value": {
										"value": "@pipeline().parameters.prm_p_scd_type",
										"type": "Expression"
									},
									"type": "String"
								},
								"prm_sp_scenario": {
									"value": {
										"value": "@string('NA')",
										"type": "Expression"
									},
									"type": "String"
								},
								"prm_sp_src_id": {
									"value": {
										"value": "@pipeline().parameters.prm_p_src_id",
										"type": "Expression"
									},
									"type": "String"
								},
								"prm_sp_tab_name": {
									"value": {
										"value": "@pipeline().parameters.prm_p_table_name",
										"type": "Expression"
									},
									"type": "String"
								},
								"prm_sp_total_rec_cnt": {
									"value": {
										"value": "@activity('curated_to_enrich').output.runOutput.DEST_ROW_COUNT",
										"type": "Expression"
									},
									"type": "Int64"
								},
								"prm_sp_trigger_name": {
									"value": {
										"value": "@pipeline().TriggerName",
										"type": "Expression"
									},
									"type": "String"
								}
							}
						},
						"linkedServiceName": {
							"referenceName": "[parameters('AzureSynapseAnalytics')]",
							"type": "LinkedServiceReference"
						}
					}
				],
				"concurrency": 2,
				"parameters": {
					"prm_p_sub_day": {
						"type": "int",
						"defaultValue": 0
					},
					"prm_p_sub_month": {
						"type": "int",
						"defaultValue": 0
					},
					"prm_p_date_format": {
						"type": "string",
						"defaultValue": "yyyyMMdd"
					},
					"prm_p_src_name": {
						"type": "string",
						"defaultValue": "abinitio"
					},
					"prm_p_schema_name": {
						"type": "string",
						"defaultValue": "NA"
					},
					"prm_p_src_id": {
						"type": "string",
						"defaultValue": "1"
					},
					"prm_p_file_prefix": {
						"type": "string",
						"defaultValue": "idfwbarg_abinitio_employee_mst"
					},
					"prm_p_src_file_name": {
						"type": "string",
						"defaultValue": "employeename"
					},
					"prm_p_opt_path": {
						"type": "string",
						"defaultValue": "NA"
					},
					"prm_p_natural_key": {
						"type": "string",
						"defaultValue": "EmpID"
					},
					"prm_p_scd_type": {
						"type": "string",
						"defaultValue": "Type-2"
					},
					"prm_p_table_name": {
						"type": "string",
						"defaultValue": "idfwbarg.abinitio_employee_mst"
					},
					"prm_p_natural_key_count": {
						"type": "string",
						"defaultValue": "1"
					},
					"prm_p_timezone": {
						"type": "string",
						"defaultValue": "NA"
					}
				},
				"variables": {
					"var_batch_date": {
						"type": "String"
					}
				},
				"annotations": [],
				"lastPublishTime": "2020-12-01T09:12:23Z"
			},
			"dependsOn": []
		}
	]
}