{
	"project_name": "BUKOPMS",
	"config_type": "etl",
	"description": "",
	"data_source": [],
	"report_path": "/mnt/idf-reports/BUKIT/APPMNT/BootsUK_EAB_FUTURE_APPOINTMENTS_APPMNT_Incr/Incremental/CurateADLS/",
	"cards": [
		{
			"card_id": "card_0",
			"card_dependencies": [],
			"label": "Read_Delta 0",
			"card_type": "read_delta",
			"description": "reading standard location",
			"data_path": "/mnt/idf-curatestandard/BUKIT/APPMNT/BootsUK_EAB_FUTURE_APPOINTMENTS_APPMNT_Incr/Incremental",
			"output_table": "EAB_FUTURE_APPOINTMENTS1"
		},
		{
			"card_id": "card_1",
			"card_dependencies": [
				"card_0"
			],
			"label": "Apply_Filter 1",
			"card_type": "apply_filter",
			"description": "filtering records with RunDateTime",
			"input_table": "EAB_FUTURE_APPOINTMENTS1",
			"output_table": "EAB_FUTURE_APPOINTMENTS2",
			"filter": [],
			"unmatch_data": false
		},
		{
			"card_id": "card_2",
			"card_dependencies": [],
			"label": "Read_Table 2",
			"card_type": "read_table",
			"description": "Read adls table",
			"query": "select * from curate_enterprise.reflovsetinfo",
			"temp_table_name": "reflovsetinfo",
			"partition_column_list": ""
		},
		{
			"card_id": "card_13",
			"card_dependencies": [],
			"label": "Read_Delta 13",
			"card_type": "read_delta",
			"description": "reading standard backup location",
			"data_path": "/mnt/idf-curatestandard/BUKIT/APPMNT/BootsUK_EAB_FUTURE_APPOINTMENTS_APPMNT_Incr/BackUp",
			"output_table": "EAB_FUTURE_APPOINTMENTS12"
		},
		{
			"card_id": "card_12",
			"card_dependencies": [
				"card_13",
				"card_1"
			],
			"label": "Read_Table 12",
			"card_type": "read_table",
			"description": "Union with backup table",
			"query": "select * from EAB_FUTURE_APPOINTMENTS2 union select * from EAB_FUTURE_APPOINTMENTS12",
			"temp_table_name": "EAB_FUTURE_APPOINTMENTS11",
			"partition_column_list": ""
		},
		{
			"card_id": "card_28",
			"card_dependencies": [
				"card_12"
			],
			"label": "Read_Table 28",
			"card_type": "read_table",
			"description": "Making null void null",
			"query": "select nullif(CurateStandardRowKey,'null') as  CurateStandardRowKey,nullif(OPS_ID,'null') as  OPS_ID,nullif(matching_status,'null') as matching_status , nullif(APPOINTMENT_DATE,'null') as APPOINTMENT_DATE,nullif(APPOINTMENT_FROM_TIME,'null') as APPOINTMENT_FROM_TIME,nullif(APPOINTMENT_TO_TIME,'null') as APPOINTMENT_TO_TIME,nullif(APPOINTMENT_TYPE,'null') as APPOINTMENT_TYPE,nullif(SERVICE_TYPE,'null') as SERVICE_TYPE,nullif(DATECREATED,'null') as DATECREATED from EAB_FUTURE_APPOINTMENTS11",
			"temp_table_name": "EAB_FUTURE_APPOINTMENTS28",
			"partition_column_list": ""
		},
		{
			"card_id": "card_4",
			"card_dependencies": [
				"card_28"
			],
			"label": "Read_Table 4",
			"card_type": "read_table",
			"description": "fetching latest records",
			"query": "select * from (select row_number() OVER(PARTITION BY OPS_ID,APPOINTMENT_DATE,APPOINTMENT_TYPE order BY DateCreated desc) as rn,row_number() OVER(PARTITION BY OPS_ID,APPOINTMENT_DATE,APPOINTMENT_TYPE,DateCreated order BY DateCreated desc) as rnk,* FROM EAB_FUTURE_APPOINTMENTS28)t where t.rnk = 1",
			"temp_table_name": "EAB_FUTURE_APPOINTMENTS5",
			"partition_column_list": ""
		},
		{
			"card_id": "card_18",
			"card_dependencies": [
				"card_4"
			],
			"label": "Read_Table 18",
			"card_type": "read_table",
			"description": "Populating etlrunlogid",
			"query": "select s.*,r.ETLRunId as ETLRunLogIdNew from EAB_FUTURE_APPOINTMENTS5 s join (select max(cast(ETLRunId as int)) as ETLRunId from RPI_LOGGING.RPI_COMMON_LOGGING where processstage='CurateStandard' and feedname = 'BootsUK_EAB_FUTURE_APPOINTMENTS_APPMNT_Incr') r on (1=1)",
			"temp_table_name": "EAB_FUTURE_APPOINTMENTSlog",
			"partition_column_list": ""
		},
		{
			"card_id": "card_3",
			"card_dependencies": [
				"card_2",
				"card_18"
			],
			"label": "Read_Table 3",
			"card_type": "read_table",
			"description": "Applying Transformations",
			"query": "select distinct md5(concat_ws('^|~',s.OPS_ID,s.APPOINTMENT_DATE,s.APPOINTMENT_TYPE,r.LOVId)) as AppointmentId,a.PersonId as PersonId,s.OPS_ID as SRCPersonId, s.APPOINTMENT_DATE as AppointmentDate, concat(s.APPOINTMENT_DATE,' ',s.APPOINTMENT_FROM_TIME)as AppointmentFromTime, concat(s.APPOINTMENT_DATE,' ',s.APPOINTMENT_TO_TIME) as AppointmentToTime, s.APPOINTMENT_TYPE as AppointmentType, s.SERVICE_TYPE as ServiceType, s.DATECREATED as SRCDateCreated,s.matching_status as matchingstatus , 'BUKOPMS' as RecordSourceCode,cast(r.LOVId as int) as LOVRecordSourceId,cast(s.CurateStandardRowKey as bigint) as DLCurateStandardRowKey,cast(s.ETLRunLogIdNew as int) as DLETLRunLogID,current_timestamp as RunDateTime,case when s.rn=1 then 'Y' else 'N' end as DLSCDActiveFlag from EAB_FUTURE_APPOINTMENTSlog s join ( select LOVId from reflovsetinfo where lovkey='BUKOPMS' and lovsetname='System of Record' and LOVRecordsourceid='12012') r on(1=1)  join (select PersonId,CustomerNumber from curate_enterprise.Person where RecordSourceCode='BUKOPMS' and DLSCDActiveFlag='Y' and customertypename = 'ODH Patient') a on a.CustomerNumber=s.OPS_ID",
			"temp_table_name": "Appointment",
			"partition_column_list": ""
		},
		{
			"card_id": "card_25",
			"card_dependencies": [
				"card_3"
			],
			"label": "Read_Table 25",
			"card_type": "read_table",
			"description": "Filtering Records and Casting to correct DataType",
			"query": "select cast (AppointmentId as string), cast (PersonId as string), cast (SRCPersonId as string), cast (AppointmentDate as date), cast (AppointmentFromTime as timestamp), cast (AppointmentToTime as timestamp), cast (AppointmentType as string), cast (ServiceType as string), cast (SRCDateCreated  as timestamp), cast(matchingstatus as string) ,cast(RecordSourceCode  as string),cast(LOVRecordSourceId as int),cast(RunDateTime as timestamp),cast(DLCurateStandardRowKey as bigint),DLETLRunLogID,DLSCDActiveFlag from Appointment where AppointmentId is not null and PersonId is not null",
			"temp_table_name": "Appointment1",
			"partition_column_list": ""
		},
		{
			"card_id": "card_27",
			"card_dependencies": [
				"card_25"
			],
			"label": "Read_Table 27",
			"card_type": "read_table",
			"description": "Insert in ADLS",
			"query": "MERGE INTO curate_enterprise.Appointment T USING (SELECT case when s.dlscdactiveflag='Y' then s.AppointmentId else 'DEACTIVATE' end as mergeKey, s.* FROM Appointment1 s UNION ALL SELECT 'UPDATE' as mergeKey, source.* FROM Appointment1 source JOIN curate_enterprise.Appointment Target ON source.AppointmentId = Target.AppointmentId WHERE Target.DLSCDActiveFlag = 'Y' and source.DLSCDActiveFlag = 'Y') src ON T.AppointmentId = src.mergeKey AND T.DLSCDActiveFlag = 'Y' when matched THEN UPDATE SET DLSCDActiveFlag = 'N', DLSCDEndDateTime = src.RunDateTime ,DLUpdateDateTime = src.RunDateTime WHEN not MATCHED AND src.mergeKey <> 'UPDATE' and src.mergekey <> 'DEACTIVATE' THEN INSERT(AppointmentId,PersonId,SRCPersonId,AppointmentDate,AppointmentFromTime,AppointmentToTime,AppointmentType,ServiceType,SRCDateCreated,matchingstatus,RecordSourceCode,LOVRecordSourceId ,RunDateTime,DLCreateDateTime,DLUpdateDateTime,DLSCDStartDateTime,DLSCDEndDateTime,DLSCDActiveFlag,DLETLRunLogID,DLCurateStandardRowKey)  VALUES(src.AppointmentId,src.PersonId,src.SRCPersonId,src.AppointmentDate,src.AppointmentFromTime,src.AppointmentToTime,src.AppointmentType,src.ServiceType,src.SRCDateCreated,src.matchingstatus,src.RecordSourceCode,src.LOVRecordSourceId,src.RunDateTime,src.RunDateTime,src.RunDateTime,'1900-01-01 00:00:00.000','9999-12-31 00:00:00.000',src.DLSCDActiveFlag,src.DLETLRunLogID,src.DLCurateStandardRowKey) WHEN not MATCHED AND src.mergeKey = 'UPDATE' THEN INSERT(AppointmentId,PersonId,SRCPersonId,AppointmentDate,AppointmentFromTime,AppointmentToTime,AppointmentType,ServiceType,SRCDateCreated,matchingstatus,RecordSourceCode,LOVRecordSourceId ,RunDateTime,DLCreateDateTime,DLUpdateDateTime,DLSCDStartDateTime,DLSCDEndDateTime,DLSCDActiveFlag,DLETLRunLogID,DLCurateStandardRowKey)  VALUES(src.AppointmentId,src.PersonId,src.SRCPersonId,src.AppointmentDate,src.AppointmentFromTime,src.AppointmentToTime,src.AppointmentType,src.ServiceType,src.SRCDateCreated,src.matchingstatus,src.RecordSourceCode,src.LOVRecordSourceId,src.RunDateTime,src.RunDateTime,src.RunDateTime,src.RunDateTime,'9999-12-31 00:00:00.000',src.DLSCDActiveFlag,src.DLETLRunLogID,src.DLCurateStandardRowKey) WHEN not MATCHED AND src.mergeKey = 'DEACTIVATE' THEN INSERT(AppointmentId,PersonId,SRCPersonId,AppointmentDate,AppointmentFromTime,AppointmentToTime,AppointmentType,ServiceType,SRCDateCreated,matchingstatus,RecordSourceCode,LOVRecordSourceId ,RunDateTime,DLCreateDateTime,DLUpdateDateTime,DLSCDStartDateTime,DLSCDEndDateTime,DLSCDActiveFlag,DLETLRunLogID,DLCurateStandardRowKey)  VALUES(src.AppointmentId,src.PersonId,src.SRCPersonId,src.AppointmentDate,src.AppointmentFromTime,src.AppointmentToTime,src.AppointmentType,src.ServiceType,src.SRCDateCreated,src.matchingstatus,src.RecordSourceCode,src.LOVRecordSourceId,src.RunDateTime,src.RunDateTime,src.RunDateTime,src.RunDateTime,src.RunDateTime,src.DLSCDActiveFlag,src.DLETLRunLogID,src.DLCurateStandardRowKey)",
			"temp_table_name": "Appointment3",
			"partition_column_list": ""
		},
		{
			"card_id": "card_11",
			"card_dependencies": [
				"card_3",
				"card_27",
				"card_12"
			],
			"label": "Write_Delta 11",
			"card_type": "write_delta",
			"description": "Write backup Standard",
			"query": "select * from EAB_FUTURE_APPOINTMENTS11 where OPS_ID not in (select SRCPersonId from Appointment)",
			"data_path": "/mnt/idf-curatestandard/BUKIT/APPMNT/BootsUK_EAB_FUTURE_APPOINTMENTS_APPMNT_Incr/BackUp",
			"partition_key_columns": "",
			"mode": "OVERWRITE",
			"type": "GENERAL"
		}
	]
}