{
    "project_name": "BUKOPMS",
    "config_type": "etl",
    "description": "",
    "data_source":[],
    "report_path": "/mnt/idf-reports/BTUKOPTIT/BUKOPMS/BTCOPT_PATIENT_CUSTOMER_REWARD_DETAILS_BUKOPMS_Incr/Incremental/CurateADLS/",
    "cards": [
        {
            "card_id": "card_0",
            "card_dependencies": [],
            "label": "Read_Delta 0",
            "card_type": "read_delta",
            "description": "reading standard location",
            "data_path": "/mnt/idf-curatestandard/BTUKOPTIT/BUKOPMS/BTCOPT_PATIENT_CUSTOMER_REWARD_DETAILS_BUKOPMS_Incr/Incremental",
            "output_table": "reward1"
        },
        {
            "card_id": "card_1",
            "card_dependencies": [
                "card_0"
            ],
            "label": "Apply_Filter 1",
            "card_type": "apply_filter",
            "description": "filtering records with RunDateTime",
            "input_table": "reward1",
            "output_table": "reward2",
            "filter": [],
            "unmatch_data": false
        },
        {
            "card_id": "card_2",
            "card_dependencies": [],
            "label": "Read_Table 2",
            "card_type": "read_table",
            "description": "Read Synapse table",
			"query": "select * from curate_enterprise.reflovsetinfo",
			"temp_table_name": "reflovsetinfo",
            "partition_column_list": ""
        },
        {
            "card_id": "card_13",
            "card_dependencies": [],
            "label": "Read_Delta 13",
            "card_type": "read_delta",
            "description": "reading standard backup location",
            "data_path": "/mnt/idf-curatestandard/BTUKOPTIT/BUKOPMS/BTCOPT_PATIENT_CUSTOMER_REWARD_DETAILS_BUKOPMS_Incr/BackUp",
            "output_table": "reward12"
        },
        {
            "card_id": "card_12",
            "card_dependencies": [
                "card_13",
                "card_1"
            ],
            "label": "Read_Table 12",
            "card_type": "read_table",
            "description": "Union with backup table",
            "query": "select * from reward2 union select * from reward12",
            "temp_table_name": "reward11",
            "partition_column_list": ""
        },
        {
            "card_id": "card_28",
            "card_dependencies": [
                "card_12"
            ],
            "label": "Read_Table 28",
            "card_type": "read_table",
            "description": "Making null void null",
            "query": "select nullif(CurateStandardRowKey,'null') as CurateStandardRowKey,nullif(ID,'null') as ID,nullif(CODE,'null') as CODE,nullif(CREATION_DATE,'null') as CREATION_DATE,nullif(ENTITY_CODE,'null') as ENTITY_CODE,nullif(CUSTOMER_CODE,'null') as CUSTOMER_CODE,nullif(LAST_UPDATE,'null') as LAST_UPDATE,nullif(ENTITY_TYPE,'null') as ENTITY_TYPE,nullif(EXPIRY_DATE,'null') as EXPIRY_DATE,nullif(PLAN_STATUS,'null') as PLAN_STATUS,nullif(SCHEME_NUMBER,'null') as SCHEME_NUMBER,nullif(CL_RECALL_DATE,'null') as CL_RECALL_DATE,nullif(APPROVED_BY,'null') as APPROVED_BY,nullif(DELETED,'null') as DELETED,nullif(DRAFT,'null') as DRAFT,nullif(DISCONTINUED,'null') as DISCONTINUED,nullif(CANCELLATION_REASON,'null') as CANCELLATION_REASON,nullif(AD_CARD_NUMBER,'null') as AD_CARD_NUMBER,nullif(AD_CARD_NUMBER_DISPLAY,'null') as AD_CARD_NUMBER_DISPLAY,nullif(DELIVERY_ADDRESS_TYPE,'null') as DELIVERY_ADDRESS_TYPE,nullif(TAC_REPORT_DATE,'null') as TAC_REPORT_DATE,nullif(DDI_REPORT_DATE,'null') as DDI_REPORT_DATE,nullif(PRACTICE_CODE,'null') as PRACTICE_CODE,nullif(CANCELLATION_DATE,'null') as CANCELLATION_DATE,nullif(SUSPENSION_DATE,'null') as SUSPENSION_DATE,nullif(REINSTATEMENT_DATE,'null') as REINSTATEMENT_DATE,nullif(TILL_ID,'null') as TILL_ID,nullif(OPERATION,'null') as OPERATION,nullif(TIMESTAMP,'null') as TIMESTAMP,nullif(TRANSACTIONID,'null') as TRANSACTIONID from reward11",
            "temp_table_name": "reward28",
            "partition_column_list": ""
        },
        {
            "card_id": "card_4",
            "card_dependencies": [
                "card_28"
            ],
            "label": "Read_Table 4",
            "card_type": "read_table",
            "description": "fetching latest records",
            "query": "select * from (select row_number() OVER(PARTITION BY customer_code,creation_date order BY timestamp desc,case when operation='DELETE' then 1 when operation='UPDATE' then 2 when operation='INSERT' then 3 when operation='REFRESH' then 4 end asc) as rn,row_number() OVER(PARTITION BY customer_code,creation_date,timestamp,operation order BY timestamp desc,operation desc) as rnk,* FROM reward28)t where t.rnk = 1",
            "temp_table_name": "reward5",
            "partition_column_list": ""
        },
		{
            "card_id": "card_18",
            "card_dependencies": [
                "card_4"
            ],
            "label": "Read_Table 18",
            "card_type": "read_table",
            "description": "Populating etlrunlogid",
            "query": "select s.*,r.ETLRunId as ETLRunLogIdNew from reward5 s join (select max(cast(ETLRunId as int)) as ETLRunId from RPI_LOGGING.RPI_COMMON_LOGGING where processstage='CurateStandard' and feedname = 'BTCOPT_PATIENT_CUSTOMER_REWARD_DETAILS_BUKOPMS_Incr') r on (1=1)",
            "temp_table_name": "rewardlog",
            "partition_column_list": ""
        },
        {
            "card_id": "card_3",
            "card_dependencies": [
                "card_2",
				"card_18"
            ],
            "label": "Read_Table 3",
            "card_type": "read_table",
            "description": "Applying Transformations",
            "query": "select md5(concat_ws('^|~',a.PersonId,s.Creation_date,r.LOVId)) as PatientRewardId,s.code as SRCRewardSchemeId,a.PersonId as PersonID,date_format(s.CREATION_DATE,'yyyy-MM-dd HH:mm:ss') as CreationDate,s.ENTITY_CODE as EntityCode,date_format(s.LAST_UPDATE,'yyyy-MM-dd HH:mm:ss') as LastUpdate,s.ENTITY_TYPE as EntityType,b.SiteRoleId as PracticeSiteRoleId,s.EXPIRY_DATE as ExpiryDate,s.PLAN_STATUS as PlanStatus,s.SCHEME_NUMBER as SchemeNumber,date_format(s.CL_RECALL_DATE,'yyyy-MM-dd HH:mm:ss') as CLRecallDate,s.APPROVED_BY as ApprovedBy,nullif(s.DELETED,'null') as Deleted,nullif(s.DRAFT,'null') as Draft,nullif(s.Discontinued,'null') as Discontinued,s.CANCELLATION_REASON as CancellationReason,s.AD_CARD_NUMBER as ADCardNumber,nullif(s.AD_CARD_NUMBER_DISPLAY,'null') as ADCardNumberDisplay,s.DELIVERY_ADDRESS_TYPE as DeliveryAddressType,date_format(s.TAC_REPORT_DATE,'yyyy-MM-dd HH:mm:ss') as TACReportDate,date_format(s.DDI_REPORT_DATE,'yyyy-MM-dd HH:mm:ss') as DDlReportDate,s.CANCELLATION_DATE as CancellationDate,s.SUSPENSION_DATE as SuspensionDate,s.REINSTATEMENT_DATE as ReinstatementDate,s.TILL_ID as TillId,'BUKOPMS' as RecordSourceCode,cast(r.LOVId as int) as LOVRecordSourceId,cast(s.CurateStandardRowKey as bigint) as DLCurateStandardRowKey,cast(s.ETLRunLogIdNew as int) as DLETLRunLogID,current_timestamp as RunDateTime,case when s.rn=1 and ifnull(s.operation,'null')<>'DELETE' then 'Y' when s.rn=1 and ifnull(s.operation,'null')='DELETE' then 'D' else 'N' end as DLSCDActiveFlag from rewardlog s left join (select distinct PersonId,CustomerNumber from curate_enterprise.Person where RecordSourceCode='BUKOPMS' and DLSCDActiveFlag='Y' and customertypename = 'ODH Patient') a on a.CustomerNumber=s.Customer_code left join (select distinct SiteRoleId,SourceSiteRoleCode from curate_enterprise.SiteRole where RecordSourceCode='BUKOPMS' and DLSCDActiveFlag='Y') b on b.SourceSiteRoleCode=s.PRACTICE_CODE join (select LOVId from reflovsetinfo where lovkey='BUKOPMS' and lovsetname='System of Record' and LOVRecordsourceid='12012') r on(1=1) where a.personid is NOT NULL and s.Creation_Date is NOT NULL",
            "temp_table_name": "ODHPatientReward",
            "partition_column_list": ""
        },
        {
            "card_id": "card_25",
            "card_dependencies": [
                "card_3"
            ],
            "label": "Read_Table 25",
            "card_type": "read_table",
            "description": "Filtering Records and Casting to correct DataType",
            "query": "select cast(PatientRewardId as string),cast(SRCRewardSchemeId as string),cast(PersonID as string),CreationDate,cast(EntityCode as string),LastUpdate,cast(EntityType as string),cast(PracticeSiteRoleId as string),cast(ExpiryDate as date),cast(PlanStatus as string),cast(SchemeNumber as string),CLRecallDate,cast(ApprovedBy as string),cast(Deleted as string),cast(Draft as string),cast(Discontinued as string),cast(CancellationReason as string),cast(ADCardNumber as string),cast(ADCardNumberDisplay as string),cast(DeliveryAddressType as string),TACReportDate,DDlReportDate,cast(CancellationDate as date),cast(SuspensionDate as date),cast(ReinstatementDate as date),cast(TillId as string),cast(RecordSourceCode  as string),cast(LOVRecordSourceId as int),cast(RunDateTime as timestamp),cast(DLCurateStandardRowKey as bigint),DLETLRunLogID,DLSCDActiveFlag from ODHPatientReward where PersonId is not null and CreationDate is not null and SRCRewardSchemeId is not null",
            "temp_table_name": "ODHPatientReward1",
            "partition_column_list": ""
        },
        {
            "card_id": "card_27",
            "card_dependencies": [
                "card_25"
            ],
            "label": "Read_Table 27",
            "card_type": "read_table",
            "description": "Insert in ADLS",
            "query": "MERGE INTO curate_enterprise.ODHPatientReward T USING (SELECT case when s.dlscdactiveflag='Y' then s.PatientRewardId else 'DEACTIVATE' end as mergeKey, s.* FROM ODHPatientReward1 s where s.dlscdactiveflag<>'D' UNION ALL SELECT 'UPDATE' as mergeKey, source.* FROM ODHPatientReward1 source JOIN curate_enterprise.ODHPatientReward Target ON source.PatientRewardId = Target.PatientRewardId WHERE Target.DLSCDActiveFlag = 'Y' and source.DLSCDActiveFlag = 'Y') src ON T.PatientRewardId = src.mergeKey AND T.DLSCDActiveFlag = 'Y' when matched THEN UPDATE SET DLSCDActiveFlag = 'N', DLSCDEndDateTime = src.RunDateTime ,DLUpdateDateTime = src.RunDateTime WHEN not MATCHED AND src.mergeKey <> 'UPDATE' and src.mergekey <> 'DEACTIVATE' THEN INSERT(PatientRewardId,SRCRewardSchemeId,PersonID,CreationDate,EntityCode,LastUpdate,EntityType,PracticeSiteRoleId,ExpiryDate,PlanStatus,SchemeNumber,CLRecallDate,ApprovedBy,Deleted,Draft,Discontinued,CancellationReason,ADCardNumber,ADCardNumberDisplay,DeliveryAddressType,TACReportDate,DDlReportDate,CancellationDate,SuspensionDate,ReinstatementDate,TillId,RecordSourceCode,LOVRecordSourceId ,RunDateTime,DLCreateDateTime,DLUpdateDateTime,DLSCDStartDateTime,DLSCDEndDateTime,DLSCDActiveFlag,DLETLRunLogID,DLCurateStandardRowKey)  VALUES(src.PatientRewardId,src.SRCRewardSchemeId,src.PersonID,src.CreationDate,src.EntityCode,src.LastUpdate,src.EntityType,src.PracticeSiteRoleId,src.ExpiryDate,src.PlanStatus,src.SchemeNumber,src.CLRecallDate,src.ApprovedBy,src.Deleted,src.Draft,src.Discontinued,src.CancellationReason,src.ADCardNumber,src.ADCardNumberDisplay,src.DeliveryAddressType,src.TACReportDate,src.DDlReportDate,src.CancellationDate,src.SuspensionDate,src.ReinstatementDate,src.TillId,src.RecordSourceCode,src.LOVRecordSourceId,src.RunDateTime,src.RunDateTime,src.RunDateTime,'1900-01-01 00:00:00.000','9999-12-31 00:00:00.000',src.DLSCDActiveFlag,src.DLETLRunLogID,src.DLCurateStandardRowKey) WHEN not MATCHED AND src.mergeKey = 'UPDATE' THEN INSERT(PatientRewardId,SRCRewardSchemeId,PersonID,CreationDate,EntityCode,LastUpdate,EntityType,PracticeSiteRoleId,ExpiryDate,PlanStatus,SchemeNumber,CLRecallDate,ApprovedBy,Deleted,Draft,Discontinued,CancellationReason,ADCardNumber,ADCardNumberDisplay,DeliveryAddressType,TACReportDate,DDlReportDate,CancellationDate,SuspensionDate,ReinstatementDate,TillId,RecordSourceCode,LOVRecordSourceId ,RunDateTime,DLCreateDateTime,DLUpdateDateTime,DLSCDStartDateTime,DLSCDEndDateTime,DLSCDActiveFlag,DLETLRunLogID,DLCurateStandardRowKey)  VALUES(src.PatientRewardId,src.SRCRewardSchemeId,src.PersonID,src.CreationDate,src.EntityCode,src.LastUpdate,src.EntityType,src.PracticeSiteRoleId,src.ExpiryDate,src.PlanStatus,src.SchemeNumber,src.CLRecallDate,src.ApprovedBy,src.Deleted,src.Draft,src.Discontinued,src.CancellationReason,src.ADCardNumber,src.ADCardNumberDisplay,src.DeliveryAddressType,src.TACReportDate,src.DDlReportDate,src.CancellationDate,src.SuspensionDate,src.ReinstatementDate,src.TillId,src.RecordSourceCode,src.LOVRecordSourceId,src.RunDateTime,src.RunDateTime,src.RunDateTime,src.RunDateTime,'9999-12-31 00:00:00.000',src.DLSCDActiveFlag,src.DLETLRunLogID,src.DLCurateStandardRowKey) WHEN not MATCHED AND src.mergeKey = 'DEACTIVATE' THEN INSERT(PatientRewardId,SRCRewardSchemeId,PersonID,CreationDate,EntityCode,LastUpdate,EntityType,PracticeSiteRoleId,ExpiryDate,PlanStatus,SchemeNumber,CLRecallDate,ApprovedBy,Deleted,Draft,Discontinued,CancellationReason,ADCardNumber,ADCardNumberDisplay,DeliveryAddressType,TACReportDate,DDlReportDate,CancellationDate,SuspensionDate,ReinstatementDate,TillId,RecordSourceCode,LOVRecordSourceId ,RunDateTime,DLCreateDateTime,DLUpdateDateTime,DLSCDStartDateTime,DLSCDEndDateTime,DLSCDActiveFlag,DLETLRunLogID,DLCurateStandardRowKey) VALUES(src.PatientRewardId,src.SRCRewardSchemeId,src.PersonID,src.CreationDate,src.EntityCode,src.LastUpdate,src.EntityType,src.PracticeSiteRoleId,src.ExpiryDate,src.PlanStatus,src.SchemeNumber,src.CLRecallDate,src.ApprovedBy,src.Deleted,src.Draft,src.Discontinued,src.CancellationReason,src.ADCardNumber,src.ADCardNumberDisplay,src.DeliveryAddressType,src.TACReportDate,src.DDlReportDate,src.CancellationDate,src.SuspensionDate,src.ReinstatementDate,src.TillId,src.RecordSourceCode,src.LOVRecordSourceId,src.RunDateTime,src.RunDateTime,src.RunDateTime,src.RunDateTime,src.RunDateTime,src.DLSCDActiveFlag,src.DLETLRunLogID,src.DLCurateStandardRowKey)",
            "temp_table_name": "ODHPatientReward3",
            "partition_column_list": ""
        },
        {
            "card_id": "card_27272727",
            "card_dependencies": [
                "card_25",
				"card_27"
            ],
            "label": "Read_Table 27",
            "card_type": "read_table",
            "description": "Insert in ADLS",
            "query": "MERGE INTO curate_enterprise.ODHPatientReward T USING (SELECT s.PatientRewardId as mergeKey, s.* FROM ODHPatientReward1 s where s.dlscdactiveflag = 'D' UNION ALL SELECT 'UPDATE' as mergeKey, source.* FROM ODHPatientReward1 source JOIN curate_enterprise.ODHPatientReward Target ON source.PatientRewardId = Target.PatientRewardId WHERE Target.DLSCDActiveFlag = 'Y' and source.DLSCDActiveFlag = 'D') src ON T.PatientRewardId = src.mergeKey AND T.DLSCDActiveFlag = 'Y' when matched THEN UPDATE SET DLSCDActiveFlag = 'N', DLSCDEndDateTime = src.RunDateTime ,DLUpdateDateTime = src.RunDateTime WHEN not MATCHED AND src.mergeKey <> 'UPDATE' THEN INSERT(PatientRewardId,SRCRewardSchemeId,PersonID,CreationDate,EntityCode,LastUpdate,EntityType,PracticeSiteRoleId,ExpiryDate,PlanStatus,SchemeNumber,CLRecallDate,ApprovedBy,Deleted,Draft,Discontinued,CancellationReason,ADCardNumber,ADCardNumberDisplay,DeliveryAddressType,TACReportDate,DDlReportDate,CancellationDate,SuspensionDate,ReinstatementDate,TillId,RecordSourceCode,LOVRecordSourceId ,RunDateTime,DLCreateDateTime,DLUpdateDateTime,DLSCDStartDateTime,DLSCDEndDateTime,DLSCDActiveFlag,DLETLRunLogID,DLCurateStandardRowKey)  VALUES(src.PatientRewardId,src.SRCRewardSchemeId,src.PersonID,src.CreationDate,src.EntityCode,src.LastUpdate,src.EntityType,src.PracticeSiteRoleId,src.ExpiryDate,src.PlanStatus,src.SchemeNumber,src.CLRecallDate,src.ApprovedBy,src.Deleted,src.Draft,src.Discontinued,src.CancellationReason,src.ADCardNumber,src.ADCardNumberDisplay,src.DeliveryAddressType,src.TACReportDate,src.DDlReportDate,src.CancellationDate,src.SuspensionDate,src.ReinstatementDate,src.TillId,src.RecordSourceCode,src.LOVRecordSourceId,src.RunDateTime,src.RunDateTime,src.RunDateTime,src.RunDateTime,src.RunDateTime,'N',src.DLETLRunLogID,src.DLCurateStandardRowKey) WHEN not MATCHED AND src.mergeKey = 'UPDATE' THEN INSERT(PatientRewardId,SRCRewardSchemeId,PersonID,CreationDate,EntityCode,LastUpdate,EntityType,PracticeSiteRoleId,ExpiryDate,PlanStatus,SchemeNumber,CLRecallDate,ApprovedBy,Deleted,Draft,Discontinued,CancellationReason,ADCardNumber,ADCardNumberDisplay,DeliveryAddressType,TACReportDate,DDlReportDate,CancellationDate,SuspensionDate,ReinstatementDate,TillId,RecordSourceCode,LOVRecordSourceId ,RunDateTime,DLCreateDateTime,DLUpdateDateTime,DLSCDStartDateTime,DLSCDEndDateTime,DLSCDActiveFlag,DLETLRunLogID,DLCurateStandardRowKey)  VALUES(src.PatientRewardId,src.SRCRewardSchemeId,src.PersonID,src.CreationDate,src.EntityCode,src.LastUpdate,src.EntityType,src.PracticeSiteRoleId,src.ExpiryDate,src.PlanStatus,src.SchemeNumber,src.CLRecallDate,src.ApprovedBy,src.Deleted,src.Draft,src.Discontinued,src.CancellationReason,src.ADCardNumber,src.ADCardNumberDisplay,src.DeliveryAddressType,src.TACReportDate,src.DDlReportDate,src.CancellationDate,src.SuspensionDate,src.ReinstatementDate,src.TillId,src.RecordSourceCode,src.LOVRecordSourceId,src.RunDateTime,src.RunDateTime,src.RunDateTime,src.RunDateTime,src.RunDateTime,'N',src.DLETLRunLogID,src.DLCurateStandardRowKey)",
            "temp_table_name": "ODHPatientReward3333",
            "partition_column_list": ""
        },
        {
            "card_id": "card_11",
            "card_dependencies": [
                "card_3",
                "card_27",
				"card_12"
            ],
            "label": "Write_Delta 11",
            "card_type": "write_delta",
            "description": "Write backup Standard",
            "query": "select * from reward11 where CODE not in (select SRCRewardSchemeId from ODHPatientReward where PersonId is not null)",
            "data_path": "/mnt/idf-curatestandard/BTUKOPTIT/BUKOPMS/BTCOPT_PATIENT_CUSTOMER_REWARD_DETAILS_BUKOPMS_Incr/BackUp",
            "partition_key_columns": "",
            "mode": "OVERWRITE",
            "type": "GENERAL"
        }
    ]
}
