{
	"project_name": "BUKOPMS",
	"config_type": "etl",
	"description": "",
	"data_source": [],
	"report_path": "/mnt/idf-reports/BTUKOPTIT/BUKOPMS/BTCOPT_MASTER_SOLD_PRODUCT_DETAILS_BUKOPMS_Incr/Incremental/CurateADLS/",
	"cards": [
		{
			"card_id": "card_1",
			"card_dependencies": [],
			"label": "Read_Delta 1",
			"card_type": "read_delta",
			"description": "reading standard location",
			"data_path": "/mnt/idf-curatestandard/BTUKOPTIT/BUKOPMS/BTCOPT_MASTER_SOLD_PRODUCT_DETAILS_BUKOPMS_Incr/Incremental",
			"output_table": "mproduct1"
		},
		{
			"card_id": "card_2",
			"card_dependencies": [
				"card_1"
			],
			"label": "Apply_Filter 2",
			"card_type": "apply_filter",
			"description": "filtering records with RunDateTime",
			"input_table": "mproduct1",
			"output_table": "mproduct2",
			"filter": [],
			"unmatch_data": false
		},
		{
			"card_id": "card_3",
			"card_dependencies": [],
			"label": "Read_Delta 3",
			"card_type": "read_delta",
			"description": "reading standard backup location",
			"data_path": "/mnt/idf-curatestandard/BTUKOPTIT/BUKOPMS/BTCOPT_MASTER_SOLD_PRODUCT_DETAILS_BUKOPMS_Incr/BackUp",
			"output_table": "mproductbackup"
		},
		{
			"card_id": "card_4",
			"card_dependencies": [
				"card_3",
				"card_2"
			],
			"label": "Read_Table 2",
			"card_type": "read_table",
			"description": "Union with backup table",
			"query": "select * from mproduct2 union select * from mproductbackup",
			"temp_table_name": "mproductbackupunion",
			"partition_column_list": ""
		},
		{
			"card_id": "card_9999",
			"card_dependencies": [
				"card_4"
			],
			"label": "Read_Table 9999",
			"card_type": "read_table",
			"description": "null logic",
			"query": "select nullif( CurateStandardRowKey ,'null') as CurateStandardRowKey ,nullif( m_product_id ,'null') as m_product_id,nullif( ad_client_id ,'null') as ad_client_id,nullif( ad_org_id ,'null') as ad_org_id,nullif( isactive ,'null') as isactive,nullif( created ,'null') as created,nullif( createdby ,'null') as createdby,nullif( updated ,'null') as updated,nullif( updatedby ,'null') as updatedby,nullif( value ,'null') as value,nullif( name ,'null') as name,nullif( description ,'null') as description,nullif( documentnote ,'null') as documentnote,nullif( help ,'null') as help,nullif( upc ,'null') as upc,nullif( sku ,'null') as sku,nullif( c_uom_id ,'null') as c_uom_id,nullif( salesrep_id ,'null') as salesrep_id,nullif( issummary ,'null') as issummary,nullif( isstocked ,'null') as isstocked,nullif( ispurchased ,'null') as ispurchased,nullif( issold ,'null') as issold,nullif( isbom ,'null') as isbom,nullif( isinvoiceprintdetails ,'null') as isinvoiceprintdetails,nullif( ispicklistprintdetails ,'null') as ispicklistprintdetails,nullif( isverified ,'null') as isverified,nullif( m_product_category_id ,'null') as m_product_category_id,nullif( classification ,'null') as classification,nullif( volume ,'null') as volume,nullif( weight ,'null') as weight,nullif( shelfwidth ,'null') as shelfwidth,nullif( shelfheight ,'null') as shelfheight,nullif( shelfdepth ,'null') as shelfdepth,nullif( unitsperpallet ,'null') as unitsperpallet,nullif( c_taxcategory_id ,'null') as c_taxcategory_id,nullif( s_resource_id ,'null') as s_resource_id,nullif( discontinued ,'null') as discontinued,nullif( discontinuedby ,'null') as discontinuedby,nullif( processing ,'null') as processing,nullif( s_expensetype_id ,'null') as s_expensetype_id,nullif( producttype ,'null') as producttype,nullif( imageurl ,'null') as imageurl,nullif( descriptionurl ,'null') as descriptionurl,nullif( guaranteedays ,'null') as guaranteedays,nullif( versionno ,'null') as versionno,nullif( m_attributeset_id ,'null') as m_attributeset_id,nullif( m_attributesetinstance_id ,'null') as m_attributesetinstance_id,nullif( downloadurl ,'null') as downloadurl,nullif( m_freightcategory_id ,'null') as m_freightcategory_id,nullif( m_locator_id ,'null') as m_locator_id ,nullif( ad_image_id ,'null') as ad_image_id,nullif( c_bpartner_id ,'null') as c_bpartner_id,nullif( ispriceprinted ,'null') as ispriceprinted,nullif( name2 ,'null') as name2,nullif( costtype ,'null') as costtype,nullif( coststd ,'null') as coststd,nullif( stock_min ,'null') as stock_min,nullif( enforce_attribute ,'null') as enforce_attribute,nullif( calculated ,'null') as calculated,nullif( ma_processplan_id ,'null') as ma_processplan_id,nullif( production ,'null') as production,nullif( capacity ,'null') as capacity,nullif( delaymin ,'null') as delaymin,nullif( mrp_planner_id ,'null') as mrp_planner_id,nullif( mrp_planningmethod_id ,'null') as mrp_planningmethod_id,nullif( qtymax ,'null') as qtymax,nullif( qtymin ,'null') as qtymin,nullif( qtystd ,'null') as qtystd,nullif( qtytype ,'null') as qtytype,nullif( stockmin ,'null') as stockmin,nullif( attrsetvaluetype ,'null') as attrsetvaluetype,nullif( isquantityvariable ,'null') as isquantityvariable,nullif( isdeferredrevenue ,'null') as isdeferredrevenue,nullif( revplantype ,'null') as revplantype,nullif( periodnumber ,'null') as periodnumber,nullif( isdeferredexpense ,'null') as isdeferredexpense,nullif( expplantype ,'null') as expplantype,nullif( periodnumber_exp ,'null') as periodnumber_exp,nullif( defaultperiod ,'null') as defaultperiod,nullif( defaultperiod_exp ,'null') as defaultperiod_exp,nullif( bookusingpoprice ,'null') as bookusingpoprice,nullif( c_uom_weight_id ,'null') as c_uom_weight_id,nullif( m_brand_id ,'null') as m_brand_id,nullif( isgeneric ,'null') as isgeneric,nullif( generic_product_id ,'null') as generic_product_id,nullif( createvariants ,'null') as createvariants,nullif( characteristic_desc ,'null') as characteristic_desc,nullif( updateinvariants ,'null') as updateinvariants,nullif( managevariants ,'null') as managevariants,nullif( em_horcus_availability ,'null') as em_horcus_availability,nullif( em_horcus_case_id ,'null') as em_horcus_case_id,nullif( em_horcus_display_sequence ,'null') as em_horcus_display_sequence,nullif( em_horcus_percentage ,'null') as em_horcus_percentage,nullif( em_horcus_eye_size ,'null') as em_horcus_eye_size,nullif( em_horcus_bridge_size ,'null') as em_horcus_bridge_size,nullif( em_horcus_side_length ,'null') as em_horcus_side_length,nullif( em_horcus_availabilityfromdate ,'null') as em_horcus_availabilityfromdate,nullif( em_horcus_art_sub_grp_id ,'null') as em_horcus_art_sub_grp_id,nullif( em_horcus_ischarity ,'null') as em_horcus_ischarity,nullif( em_horcus_deliverytm_promised ,'null') as em_horcus_deliverytm_promised,nullif( em_horcus_advg_crd_pnts ,'null') as em_horcus_advg_crd_pnts,nullif( em_horcus_allw_prc_ovrrd ,'null') as em_horcus_allw_prc_ovrrd,nullif( em_horcus_allw_tll_dscnt ,'null') as em_horcus_allw_tll_dscnt,nullif( em_horcus_hm_dlvr ,'null') as em_horcus_hm_dlvr,nullif( em_horcus_elgbl_glss_cvr ,'null') as em_horcus_elgbl_glss_cvr,nullif( em_horcus_water_content ,'null') as em_horcus_water_content,nullif( em_horcus_box_bdl ,'null') as em_horcus_box_bdl,nullif( em_horcus_box_dcd ,'null') as em_horcus_box_dcd,nullif( em_horcus_edge_thickness ,'null') as em_horcus_edge_thickness,nullif( em_horcus_mrcndsng_ctgr ,'null') as em_horcus_mrcndsng_ctgr,nullif( em_horcus_fshn_ctgr ,'null') as em_horcus_fshn_ctgr,nullif( em_horcus_cntct_lns_mtrl ,'null') as em_horcus_cntct_lns_mtrl,nullif( em_horcus_cntct_lns_fml ,'null') as em_horcus_cntct_lns_fml,nullif( em_horcus_exma_ctgr ,'null') as em_horcus_exma_ctgr,nullif( em_horcus_exma_tp ,'null') as em_horcus_exma_tp,nullif( em_horcus_manufacturer ,'null') as em_horcus_manufacturer,nullif( em_horcus_manufacturer_colour ,'null') as em_horcus_manufacturer_colour,nullif( em_horcus_receipt_descriptions ,'null') as em_horcus_receipt_descriptions,nullif( em_horcus_isbalanced ,'null') as em_horcus_isbalanced,nullif( em_horcus_isfrosted ,'null') as em_horcus_isfrosted,nullif( em_horcus_wrkng_dstnc ,'null') as em_horcus_wrkng_dstnc,nullif( em_horcus_bw_ngl ,'null') as em_horcus_bw_ngl,nullif( em_horcus_yf_it_vl ,'null') as em_horcus_yf_it_vl,nullif( em_horcus_lfstyl_bs ,'null') as em_horcus_lfstyl_bs,nullif( em_horcus_zss_ngrvng ,'null') as em_horcus_zss_ngrvng,nullif( em_horcus_lgbl_rfnd ,'null') as em_horcus_lgbl_rfnd,nullif( em_horcus_rqrsstck ,'null') as em_horcus_rqrsstck,nullif( em_horcus_prsm_tnnng ,'null') as em_horcus_prsm_tnnng,nullif( em_horcus_cntr ,'null') as em_horcus_cntr,nullif( em_horcus_dk ,'null') as em_horcus_dk ,nullif( em_horcus_sltn_grp ,'null') as em_horcus_sltn_grp,nullif( em_horcus_bvd_frm ,'null') as em_horcus_bvd_frm,nullif( em_horcus_btch_lt ,'null') as em_horcus_btch_lt,nullif( em_horcus_rm_tp ,'null') as em_horcus_rm_tp,nullif( em_horcus_blnk_sz_clc_crdnts ,'null') as em_horcus_blnk_sz_clc_crdnts,nullif( em_horcus_plshng ,'null') as em_horcus_plshng,nullif( em_horcus_clr_grp ,'null') as em_horcus_clr_grp,nullif( em_horcus_dd_grp ,'null') as em_horcus_dd_grp,nullif( em_horcus_contact_lens_group ,'null') as em_horcus_contact_lens_group,nullif( em_horcus_glzng_clssfctn_id ,'null') as em_horcus_glzng_clssfctn_id,nullif( em_horcus_offset_v ,'null') as em_horcus_offset_v,nullif( em_horcus_offset_h ,'null') as em_horcus_offset_h,nullif( em_horcus_article_type_id ,'null') as em_horcus_article_type_id,nullif( em_horcus_ct_ls_clsstctn_mdlt ,'null') as em_horcus_ct_ls_clsstctn_mdlt,nullif( em_horcus_dsptch_frqunc ,'null') as em_horcus_dsptch_frqunc,nullif( em_horcus_supplier ,'null') as em_horcus_supplier,nullif( em_horcus_pck_quntt ,'null') as em_horcus_pck_quntt,nullif( em_obpos_scale ,'null') as em_obpos_scale,nullif( em_obpos_groupedproduct ,'null') as em_obpos_groupedproduct,nullif( em_obpos_showstock ,'null') as em_obpos_showstock,nullif( em_obpos_show_ch_desc ,'null') as em_obpos_show_ch_desc,nullif( em_horcus_pantascopic_tilt ,'null') as em_horcus_pantascopic_tilt,nullif( em_horcus_issafety ,'null') as em_horcus_issafety,nullif( em_horcus_sun_frame ,'null') as em_horcus_sun_frame,nullif( em_horcus_rqrs_goc_pprvl ,'null') as em_horcus_rqrs_goc_pprvl,nullif( em_horcus_prdct_lst_mmbrsp ,'null') as em_horcus_prdct_lst_mmbrsp,nullif( em_horcus_prscrptn_cptr_ptnl ,'null') as em_horcus_prscrptn_cptr_ptnl,nullif( em_horcus_stock_lens ,'null') as em_horcus_stock_lens,nullif( operation ,'null') as operation,nullif( timestamp ,'null') as timestamp,nullif( transactionid ,'null') as transactionid,nullif( RunDateTime ,'null') as RunDateTime,nullif( Year ,'null') as Year,nullif( Month ,'null') as Month,nullif( Day ,'null') as Day from mproductbackupunion ",
			"temp_table_name": "nulllogic9999",
			"partition_column_list": ""
		},
		{
			"card_id": "card_5",
			"card_dependencies": [
				"card_9999"
			],
			"label": "Read_Table 5",
			"card_type": "read_table",
			"description": "fetching latest records",
			"query": "select * from (select row_number() OVER(PARTITION BY VALUE order BY timestamp desc,case when operation='DELETE' then 1 when operation='UPDATE' then 2 when operation='INSERT' then 3 when operation='REFRESH' then 4 end asc) as rn,row_number() OVER(PARTITION BY value,timestamp,operation order BY timestamp desc,operation desc) as rnk,* FROM nulllogic9999)t where t.rnk = 1",
			"temp_table_name": "mproduct5",
			"partition_column_list": ""
		},
		{
			"card_id": "card_6",
			"card_dependencies": [
				"card_5"
			],
			"label": "Read_Table 6",
			"card_type": "read_table",
			"description": "Populating etlrunlogid",
			"query": "select s.*,r.ETLRunId as DLETLRunLogID from mproduct5 s join (select max(cast(ETLRunId as int)) as ETLRunId from RPI_LOGGING.RPI_COMMON_LOGGING where processstage='CurateStandard' and feedname = 'BTCOPT_MASTER_SOLD_PRODUCT_DETAILS_BUKOPMS_Incr') r on (1=1)",
			"temp_table_name": "mproduct6",
			"partition_column_list": ""
		},
		{
			"card_id": "card_7",
			"card_dependencies": [
				"card_9999"
			],
			"label": "Read_Table 7",
			"card_type": "read_table",
			"description": "fetching latest records",
			"query": "select * from (select row_number() OVER(PARTITION BY M_PRODUCT_ID order BY timestamp desc,case when operation='DELETE' then 1 when operation='UPDATE' then 2 when operation='INSERT' then 3 when operation='REFRESH' then 4 end asc) as rn,row_number() OVER(PARTITION BY M_PRODUCT_ID,timestamp,operation order BY timestamp desc,operation desc) as rnk,* FROM nulllogic9999)t where t.rnk = 1",
			"temp_table_name": "mproduct7",
			"partition_column_list": ""
		},
		{
			"card_id": "card_66",
			"card_dependencies": [
				"card_7"
			],
			"label": "Read_Table 6",
			"card_type": "read_table",
			"description": "Populating etlrunlogid",
			"query": "select s.*,r.ETLRunId as DLETLRunLogID from mproduct7 s join (select max(cast(ETLRunId as int)) as ETLRunId from RPI_LOGGING.RPI_COMMON_LOGGING where processstage='CurateStandard' and feedname = 'BTCOPT_MASTER_SOLD_PRODUCT_DETAILS_BUKOPMS_Incr') r on (1=1)",
			"temp_table_name": "mproduct66",
			"partition_column_list": ""
		},
		{
			"card_id": "card_8",
			"card_dependencies": [],
			"label": "Read_Table 8",
			"card_type": "read_table",
			"description": "Read ADLS table",
			"query": "Select * from curate_enterprise.reflovsetinfo",
			"temp_table_name": "reflovsetinfo",
			"partition_column_list": ""
		},
		{
			"card_id": "card_101",
			"card_dependencies": [
				"card_6",
				"card_8"
			],
			"label": "Read_Table 101",
			"card_type": "read_table",
			"description": "PRODUCT",
			"query": "select distinct cast(md5(concat_ws('^|~',a.Value,r.LOVId)) as string) as ProductID , cast (a.Value as string ) as  ProductCode,cast (a.Name as string) as ProductName,cast (a.Description as string) as Description, null as ParentProductId,'BUKOPMS' as RecordSourceCode,cast (r.LovId as int ) as LOVRecordSourceId, cast (a.CurateStandardRowKey as bigint)  as DLCurateStandardRowKey,cast(a.DLETLRunLogID as int ) ,current_timestamp as RunDateTime,case when a.rn=1 and ifnull(a.operation,'null')<>'DELETE' then 'Y' when a.rn=1 and ifnull(a.operation,'null')='DELETE' then 'D' else 'N' end as DLSCDActiveFlag from mproduct6 a join (select lovid from reflovsetinfo where lovkey='BUKOPMS' and lovsetname='System of Record' and lovrecordsourceid=12012) r on (1=1)",
			"temp_table_name": "PRODUCT",
			"partition_column_list": ""
		},
		{
			"card_id": "card_102",
			"card_dependencies": [
				"card_101"
			],
			"label": "Read_Table 27",
			"card_type": "read_table",
			"description": "Insert in ADLS",
			"query": "MERGE INTO curate_enterprise.Product T USING (SELECT case when s.dlscdactiveflag='Y' then s.ProductCode else 'DEACTIVATE' end as mergeKey, s.* FROM Product s where s.dlscdactiveflag<>'D' UNION ALL SELECT 'UPDATE' as mergeKey, source.* FROM Product source JOIN curate_enterprise.Product Target ON source.ProductCode = Target.ProductCode WHERE Target.DLSCDActiveFlag = 'Y' and source.DLSCDActiveFlag = 'Y') src ON T.ProductCode = src.mergeKey AND T.DLSCDActiveFlag = 'Y' when matched THEN UPDATE SET DLSCDActiveFlag = 'N', DLSCDEndDateTime = src.RunDateTime ,DLUpdateDateTime = src.RunDateTime WHEN not MATCHED AND src.mergeKey <> 'UPDATE' and src.mergekey <> 'DEACTIVATE' THEN INSERT(ProductId,ProductName, ProductCode,Description,ParentProductId,RecordSourceCode,LOVRecordSourceId ,RunDateTime,DLCreateDateTime,DLUpdateDateTime,DLSCDStartDateTime,DLSCDEndDateTime,DLSCDActiveFlag,DLETLRunLogID,DLCurateStandardRowKey)  VALUES(src.ProductId,src.ProductName,src.ProductCode,src.Description,src.ParentProductId,src.RecordSourceCode,src.LOVRecordSourceId,src.RunDateTime,src.RunDateTime,src.RunDateTime,'1900-01-01 00:00:00.000','9999-12-31 00:00:00.000',src.DLSCDActiveFlag,src.DLETLRunLogID,src.DLCurateStandardRowKey) WHEN not MATCHED AND src.mergeKey = 'UPDATE' THEN INSERT(ProductId,ProductName, ProductCode,Description,ParentProductId,RecordSourceCode,LOVRecordSourceId ,RunDateTime,DLCreateDateTime,DLUpdateDateTime,DLSCDStartDateTime,DLSCDEndDateTime,DLSCDActiveFlag,DLETLRunLogID,DLCurateStandardRowKey)  VALUES(src.ProductId,src.ProductName,src.ProductCode,src.Description,src.ParentProductId,src.RecordSourceCode,src.LOVRecordSourceId,src.RunDateTime,src.RunDateTime,src.RunDateTime,src.RunDateTime,'9999-12-31 00:00:00.000',src.DLSCDActiveFlag,src.DLETLRunLogID,src.DLCurateStandardRowKey) WHEN not MATCHED AND src.mergeKey = 'DEACTIVATE' THEN INSERT(ProductId,ProductName, ProductCode,Description,ParentProductId,RecordSourceCode,LOVRecordSourceId ,RunDateTime,DLCreateDateTime,DLUpdateDateTime,DLSCDStartDateTime,DLSCDEndDateTime,DLSCDActiveFlag,DLETLRunLogID,DLCurateStandardRowKey)  VALUES(src.ProductId,src.ProductName,src.ProductCode,src.Description,src.ParentProductId,src.RecordSourceCode,src.LOVRecordSourceId,src.RunDateTime,src.RunDateTime,src.RunDateTime,src.RunDateTime,src.RunDateTime,src.DLSCDActiveFlag,src.DLETLRunLogID,src.DLCurateStandardRowKey)",
			"temp_table_name": "Product1",
			"partition_column_list": ""
		},
		{
			"card_id": "card_102033",
			"card_dependencies": [
				"card_102"
			],
			"label": "Read_Table 102033",
			"card_type": "read_table",
			"description": "Insert in ADLS",
			"query": "MERGE INTO curate_enterprise.Product T USING (SELECT s.ProductCode as MergeKey,s.* FROM Product s where s.dlscdactiveflag='D' UNION ALL SELECT 'UPDATE' as mergeKey, source.* FROM Product source JOIN curate_enterprise.Product Target ON source.ProductCode = Target.ProductCode WHERE Target.DLSCDActiveFlag = 'Y' and source.dlscdactiveflag='D') src ON T.ProductCode = src.mergeKey AND T.DLSCDActiveFlag = 'Y' when matched THEN UPDATE SET DLSCDActiveFlag = 'N', DLSCDEndDateTime = src.RunDateTime ,DLUpdateDateTime = src.RunDateTime WHEN not MATCHED AND src.mergeKey = 'UPDATE' THEN INSERT(ProductId,ProductName, ProductCode,Description,ParentProductId,RecordSourceCode,LOVRecordSourceId ,RunDateTime,DLCreateDateTime,DLUpdateDateTime,DLSCDStartDateTime,DLSCDEndDateTime,DLSCDActiveFlag,DLETLRunLogID,DLCurateStandardRowKey)  VALUES(src.ProductId,src.ProductName,src.ProductCode,src.Description,src.ParentProductId,src.RecordSourceCode,src.LOVRecordSourceId,src.RunDateTime,src.RunDateTime,src.RunDateTime,src.RunDateTime,src.RunDateTime,'N',src.DLETLRunLogID,src.DLCurateStandardRowKey) WHEN not MATCHED AND src.mergeKey <> 'UPDATE' THEN INSERT(ProductId,ProductName, ProductCode,Description,ParentProductId,RecordSourceCode,LOVRecordSourceId ,RunDateTime,DLCreateDateTime,DLUpdateDateTime,DLSCDStartDateTime,DLSCDEndDateTime,DLSCDActiveFlag,DLETLRunLogID,DLCurateStandardRowKey)  VALUES(src.ProductId,src.ProductName,src.ProductCode,src.Description,src.ParentProductId,src.RecordSourceCode,src.LOVRecordSourceId,src.RunDateTime,src.RunDateTime,src.RunDateTime,src.RunDateTime,src.RunDateTime,'N',src.DLETLRunLogID,src.DLCurateStandardRowKey)",
			"temp_table_name": "Product102033",
			"partition_column_list": ""
		},
		{
			"card_id": "card_201",
			"card_dependencies": [
				"card_401",
				"card_6",
				"card_8"
			],
			"label": "Read_Table 201",
			"card_type": "read_table",
			"description": "ODHProductProperty",
			"query": "select distinct md5(concat_ws('^|~',a.ProductId,r.LOVId))  as ProductPropertyId ,a.ProductId  as ProductId ,s.VOLUME as Volume ,s.WEIGHT as Weight ,s.SHELFWIDTH as ShelfWidth ,s.SHELFHEIGHT as ShelfHeight ,s.SHELFDEPTH as ShelfDepth ,s.UNITSPERPALLET as UnitsPerPallet ,s.GUARANTEEDAYS as GuaranteeDays ,s.COSTSTD as CostSTD ,s.STOCK_MIN as StockMin ,s.CAPACITY as Capacity ,s.DELAYMIN as DelayMin ,s.QTYMIN as QtyMin ,s.QTYMAX as QtyMax ,s.QTYSTD as QtySTD ,s.STOCKMIN as StockMinRequired ,s.PERIODNUMBER as PeriodNumber ,s.PERIODNUMBER_EXP as PeriodNumberExp ,s.DEFAULTPERIOD as DefaultPeriod ,s.DEFAULTPERIOD_EXP as DefaultPeriodExp ,s.EM_HORCUS_DISPLAY_SEQUENCE as EmHorcusDisplaySequence ,s.EM_HORCUS_PERCENTAGE as EmHorcusPercentage ,s.EM_HORCUS_EYE_SIZE as EmHorcusEyeSize ,s.EM_HORCUS_BRIDGE_SIZE as EmHorcusBridgeSize ,s.EM_HORCUS_SIDE_LENGTH as EmHorcusSideLength ,s.EM_HORCUS_DELIVERYTM_PROMISED as EmHorcusDeliveryTmPromised ,s.EM_HORCUS_ADVG_CRD_PNTS as EmHorcusAdvgCrdPnts ,s.EM_HORCUS_WATER_CONTENT as EmHorcusWaterContent ,s.EM_HORCUS_BOX_DCD as EmHorcusBoxDcd ,s.EM_HORCUS_EDGE_THICKNESS as EmHorcusEdgeThickness ,s.EM_HORCUS_CNTR as EmHorcusCntr ,s.EM_HORCUS_DK as EmHorcusDk ,s.EM_HORCUS_OFFSET_V as EmHorcusOffsetV ,s.EM_HORCUS_OFFSET_H as EmHorcusOffsetH ,s.EM_HORCUS_MANUFACTURER_COLOUR as EmHorcusManufacturerColour ,s.EM_HORCUS_DSPTCH_FRQUNC as EmHorcusDsptchFrqunc ,s.EM_HORCUS_PCK_QUNTT as EmHorcusPckQuntt,'BUKOPMS' as RecordSourceCode,r.lovid as LovRecordsourceId , s.CurateStandardRowKey as DLCurateStandardRowKey ,s.DLETLRunLogID , current_timestamp as RunDateTime,case when s.rn=1 and ifnull(s.operation,'null')<>'DELETE' then 'Y' when s.rn=1 and ifnull(s.operation,'null')='DELETE' then 'D' else 'N' end as DLSCDActiveFlag from mproduct6 s left join (select ProductId,SRCProductId from Curate_Enterprise.ODHProduct where RecordSourceCode='BUKOPMS' and DLSCDActiveFlag='Y') a on  a.SRCProductId= s.M_PRODUCT_ID join (select lovid from reflovsetinfo where lovkey='BUKOPMS' and  lovsetname='System of Record' and lovrecordsourceid=12012 ) r on (1=1)",
			"temp_table_name": "ODHProductProperty",
			"partition_column_list": ""
		},
		{
			"card_id": "card_202",
			"card_dependencies": [
				"card_201"
			],
			"label": "Read_Table 202",
			"card_type": "read_table",
			"description": "Filtering Records",
			"query": "select cast(ProductPropertyId as string),cast(Volume as int ),cast(Weight as int ),cast(ShelfWidth as smallint),cast(ShelfHeight as smallint),cast(ShelfDepth as smallint),cast(UnitsPerPallet as smallint),cast(GuaranteeDays as smallint),cast(CostSTD as int ),cast(StockMin as smallint),cast(Capacity as int ),cast(DelayMin as int ),cast(QtyMax as int ),cast(QtyMin as int ),cast(QtySTD as int ),cast(StockMinRequired as int ),cast(PeriodNumber as int ),cast(PeriodNumberExp as int ),cast(DefaultPeriod as string),cast(DefaultPeriodExp as string),cast(EMHorcusDisplaySequence as smallint),cast(EMHorcusPercentage as smallint),cast(EMHorcusEyeSize as smallint),cast(EMHorcusBridgeSize as smallint),cast(EMHorcusSideLength as smallint),cast(EMHorcusDeliveryTmPromised as smallint),cast(EMHorcusAdvgCrdPnts as smallint),cast(EMHorcusWaterContent as string),cast(EMHorcusBoxDcd as numeric (6, 3)),cast(EMHorcusEdgeThickness as string),cast(EMHorcusCntr as string),cast(EMHorcusDK as string),cast(EMHorcusOffsetV as numeric (5, 2)),cast(EMHorcusOffsetH as numeric (5, 2)),cast(EMHorcusManufacturerColour as string),cast(EMHorcusDsptchFrqunc as string),cast(EMHorcusPckQuntt as int),cast(ProductId as string),cast(RecordSourceCode as string), cast(LOVRecordSourceId as int) ,RunDateTime,cast(DLETLRunLogID as int),cast(DLCurateStandardRowKey as bigint),DLSCDActiveFlag from ODHProductProperty where ProductId is not null ",
			"temp_table_name": "ODHProductProperty2",
			"partition_column_list": ""
		},
		{
			"card_id": "card_203",
			"card_dependencies": [
				"card_202"
			],
			"label": "Read_Table 203",
			"card_type": "read_table",
			"description": "Insert in ADLS",
			"query": "MERGE INTO curate_enterprise.ODHProductProperty T USING (SELECT case when s.dlscdactiveflag='Y' then s.ProductId else 'DEACTIVATE' end as mergeKey, s.* FROM ODHProductProperty2 s  where s.dlscdactiveflag<>'D' UNION ALL SELECT 'UPDATE' as mergeKey, source.* FROM ODHProductProperty2 source JOIN curate_enterprise.ODHProductProperty Target ON source.ProductId = Target.ProductId WHERE Target.DLSCDActiveFlag = 'Y' and source.DLSCDActiveFlag = 'Y') src ON T.ProductId = src.mergeKey AND T.DLSCDActiveFlag = 'Y' when matched THEN UPDATE SET DLSCDActiveFlag = 'N', DLSCDEndDateTime = src.RunDateTime ,DLUpdateDateTime = src.RunDateTime WHEN not MATCHED AND src.mergeKey <> 'UPDATE' and src.mergekey <> 'DEACTIVATE' THEN INSERT(ProductPropertyId, ProductId, Volume, Weight, ShelfWidth, ShelfHeight, ShelfDepth, UnitsPerPallet, GuaranteeDays, CostSTD, StockMin, Capacity, DelayMin, QtyMax, QtyMin, QtySTD, StockMinRequired, PeriodNumber, PeriodNumberExp, DefaultPeriod, DefaultPeriodExp, EMHorcusDisplaySequence, EMHorcusPercentage, EMHorcusEyeSize, EMHorcusBridgeSize, EMHorcusSideLength, EMHorcusDeliveryTmPromised, EMHorcusAdvgCrdPnts, EMHorcusWaterContent, EMHorcusBoxDcd,  EMHorcusEdgeThickness,  EMHorcusCntr, EMHorcusDK,  EMHorcusOffsetV,  EMHorcusOffsetH,  EMHorcusManufacturerColour,  EMHorcusDsptchFrqunc,  EMHorcusPckQuntt,RecordSourceCode,LOVRecordSourceId ,RunDateTime,DLCreateDateTime,DLUpdateDateTime,DLSCDStartDateTime,DLSCDEndDateTime,DLSCDActiveFlag,DLETLRunLogID,DLCurateStandardRowKey)  VALUES(src.ProductPropertyId,src.ProductId,src.Volume,src.Weight,src.ShelfWidth,src.ShelfHeight,src.ShelfDepth,src.UnitsPerPallet,src.GuaranteeDays,src.CostSTD,src.StockMin,src.Capacity,src.DelayMin,src.QtyMax,src.QtyMin,src.QtySTD,src.StockMinRequired,src.PeriodNumber,src.PeriodNumberExp     ,src.DefaultPeriod,src.DefaultPeriodExp,src.EMHorcusDisplaySequence,src.EMHorcusPercentage,src.EMHorcusEyeSize,src.EMHorcusBridgeSize          ,src.EMHorcusSideLength,src.EMHorcusDeliveryTmPromised,src.EMHorcusAdvgCrdPnts,src.EMHorcusWaterContent,src.EMHorcusBoxDcd, src.EMHorcusEdgeThickness, src.EMHorcusCntr,src.EMHorcusDK, src.EMHorcusOffsetV, src.EMHorcusOffsetH, src.EMHorcusManufacturerColour, src.EMHorcusDsptchFrqunc, src.EMHorcusPckQuntt,src.RecordSourceCode,src.LOVRecordSourceId,src.RunDateTime,src.RunDateTime,src.RunDateTime,'1900-01-01 00:00:00.000','9999-12-31 00:00:00.000',src.DLSCDActiveFlag,src.DLETLRunLogID,src.DLCurateStandardRowKey) WHEN not MATCHED AND src.mergeKey = 'UPDATE' THEN INSERT(ProductPropertyId, ProductId, Volume, Weight, ShelfWidth, ShelfHeight, ShelfDepth, UnitsPerPallet, GuaranteeDays, CostSTD, StockMin, Capacity, DelayMin, QtyMax, QtyMin, QtySTD, StockMinRequired, PeriodNumber, PeriodNumberExp, DefaultPeriod, DefaultPeriodExp, EMHorcusDisplaySequence, EMHorcusPercentage, EMHorcusEyeSize, EMHorcusBridgeSize, EMHorcusSideLength, EMHorcusDeliveryTmPromised, EMHorcusAdvgCrdPnts, EMHorcusWaterContent, EMHorcusBoxDcd,  EMHorcusEdgeThickness,  EMHorcusCntr, EMHorcusDK,  EMHorcusOffsetV,  EMHorcusOffsetH,  EMHorcusManufacturerColour,  EMHorcusDsptchFrqunc,  EMHorcusPckQuntt,RecordSourceCode,LOVRecordSourceId ,RunDateTime,DLCreateDateTime,DLUpdateDateTime,DLSCDStartDateTime,DLSCDEndDateTime,DLSCDActiveFlag,DLETLRunLogID,DLCurateStandardRowKey)  VALUES(src.ProductPropertyId,src.ProductId,src.Volume,src.Weight,src.ShelfWidth,src.ShelfHeight,src.ShelfDepth,src.UnitsPerPallet,src.GuaranteeDays,src.CostSTD,src.StockMin,src.Capacity,src.DelayMin,src.QtyMax,src.QtyMin,src.QtySTD,src.StockMinRequired,src.PeriodNumber,src.PeriodNumberExp     ,src.DefaultPeriod,src.DefaultPeriodExp,src.EMHorcusDisplaySequence,src.EMHorcusPercentage,src.EMHorcusEyeSize,src.EMHorcusBridgeSize          ,src.EMHorcusSideLength,src.EMHorcusDeliveryTmPromised,src.EMHorcusAdvgCrdPnts,src.EMHorcusWaterContent,src.EMHorcusBoxDcd, src.EMHorcusEdgeThickness, src.EMHorcusCntr,src.EMHorcusDK, src.EMHorcusOffsetV, src.EMHorcusOffsetH, src.EMHorcusManufacturerColour, src.EMHorcusDsptchFrqunc, src.EMHorcusPckQuntt,src.RecordSourceCode,src.LOVRecordSourceId,src.RunDateTime,src.RunDateTime,src.RunDateTime,src.RunDateTime,'9999-12-31 00:00:00.000',src.DLSCDActiveFlag,src.DLETLRunLogID,src.DLCurateStandardRowKey) WHEN not MATCHED AND src.mergeKey = 'DEACTIVATE' THEN INSERT(ProductPropertyId, ProductId, Volume, Weight, ShelfWidth, ShelfHeight, ShelfDepth, UnitsPerPallet, GuaranteeDays, CostSTD, StockMin, Capacity, DelayMin, QtyMax, QtyMin, QtySTD, StockMinRequired, PeriodNumber, PeriodNumberExp, DefaultPeriod, DefaultPeriodExp, EMHorcusDisplaySequence, EMHorcusPercentage, EMHorcusEyeSize, EMHorcusBridgeSize, EMHorcusSideLength, EMHorcusDeliveryTmPromised, EMHorcusAdvgCrdPnts, EMHorcusWaterContent, EMHorcusBoxDcd,  EMHorcusEdgeThickness,  EMHorcusCntr, EMHorcusDK,  EMHorcusOffsetV,  EMHorcusOffsetH,  EMHorcusManufacturerColour,  EMHorcusDsptchFrqunc,  EMHorcusPckQuntt,RecordSourceCode,LOVRecordSourceId ,RunDateTime,DLCreateDateTime,DLUpdateDateTime,DLSCDStartDateTime,DLSCDEndDateTime,DLSCDActiveFlag,DLETLRunLogID,DLCurateStandardRowKey)  VALUES(src.ProductPropertyId,src.ProductId,src.Volume,src.Weight,src.ShelfWidth,src.ShelfHeight,src.ShelfDepth,src.UnitsPerPallet,src.GuaranteeDays,src.CostSTD,src.StockMin,src.Capacity,src.DelayMin,src.QtyMax,src.QtyMin,src.QtySTD,src.StockMinRequired,src.PeriodNumber,src.PeriodNumberExp     ,src.DefaultPeriod,src.DefaultPeriodExp,src.EMHorcusDisplaySequence,src.EMHorcusPercentage,src.EMHorcusEyeSize,src.EMHorcusBridgeSize          ,src.EMHorcusSideLength,src.EMHorcusDeliveryTmPromised,src.EMHorcusAdvgCrdPnts,src.EMHorcusWaterContent,src.EMHorcusBoxDcd, src.EMHorcusEdgeThickness, src.EMHorcusCntr,src.EMHorcusDK, src.EMHorcusOffsetV, src.EMHorcusOffsetH, src.EMHorcusManufacturerColour, src.EMHorcusDsptchFrqunc, src.EMHorcusPckQuntt,src.RecordSourceCode,src.LOVRecordSourceId,src.RunDateTime,src.RunDateTime,src.RunDateTime,src.RunDateTime,src.RunDateTime,src.DLSCDActiveFlag,src.DLETLRunLogID,src.DLCurateStandardRowKey)",
			"temp_table_name": "ODHProductProperty1",
			"partition_column_list": ""
		},
		{
			"card_id": "card_203033",
			"card_dependencies": [
				"card_203"
			],
			"label": "Read_Table 203033",
			"card_type": "read_table",
			"description": "Insert in ADLS",
			"query": "MERGE INTO curate_enterprise.ODHProductProperty T USING (SELECT s.ProductId as MergeKey,s.* FROM ODHProductProperty2 s where s.dlscdactiveflag='D' UNION ALL SELECT 'UPDATE' as mergeKey, source.* FROM ODHProductProperty2 source JOIN curate_enterprise.ODHProductProperty Target ON source.ProductId = Target.ProductId WHERE Target.DLSCDActiveFlag = 'Y' and source.dlscdactiveflag='D') src ON T.ProductId = src.mergeKey AND T.DLSCDActiveFlag = 'Y' when matched THEN UPDATE SET DLSCDActiveFlag = 'N', DLSCDEndDateTime = src.RunDateTime ,DLUpdateDateTime = src.RunDateTime WHEN not MATCHED AND src.mergeKey = 'UPDATE' THEN INSERT(ProductPropertyId, ProductId, Volume, Weight, ShelfWidth, ShelfHeight, ShelfDepth, UnitsPerPallet, GuaranteeDays, CostSTD, StockMin, Capacity, DelayMin, QtyMax, QtyMin, QtySTD, StockMinRequired, PeriodNumber, PeriodNumberExp, DefaultPeriod, DefaultPeriodExp, EMHorcusDisplaySequence, EMHorcusPercentage, EMHorcusEyeSize, EMHorcusBridgeSize, EMHorcusSideLength, EMHorcusDeliveryTmPromised, EMHorcusAdvgCrdPnts, EMHorcusWaterContent, EMHorcusBoxDcd,  EMHorcusEdgeThickness,  EMHorcusCntr, EMHorcusDK,  EMHorcusOffsetV,  EMHorcusOffsetH,  EMHorcusManufacturerColour,  EMHorcusDsptchFrqunc,  EMHorcusPckQuntt,RecordSourceCode,LOVRecordSourceId ,RunDateTime,DLCreateDateTime,DLUpdateDateTime,DLSCDStartDateTime,DLSCDEndDateTime,DLSCDActiveFlag,DLETLRunLogID,DLCurateStandardRowKey)  VALUES(src.ProductPropertyId,src.ProductId,src.Volume,src.Weight,src.ShelfWidth,src.ShelfHeight,src.ShelfDepth,src.UnitsPerPallet,src.GuaranteeDays,src.CostSTD,src.StockMin,src.Capacity,src.DelayMin,src.QtyMax,src.QtyMin,src.QtySTD,src.StockMinRequired,src.PeriodNumber,src.PeriodNumberExp     ,src.DefaultPeriod,src.DefaultPeriodExp,src.EMHorcusDisplaySequence,src.EMHorcusPercentage,src.EMHorcusEyeSize,src.EMHorcusBridgeSize          ,src.EMHorcusSideLength,src.EMHorcusDeliveryTmPromised,src.EMHorcusAdvgCrdPnts,src.EMHorcusWaterContent,src.EMHorcusBoxDcd, src.EMHorcusEdgeThickness, src.EMHorcusCntr,src.EMHorcusDK, src.EMHorcusOffsetV, src.EMHorcusOffsetH, src.EMHorcusManufacturerColour, src.EMHorcusDsptchFrqunc, src.EMHorcusPckQuntt,src.RecordSourceCode,src.LOVRecordSourceId,src.RunDateTime,src.RunDateTime,src.RunDateTime,src.RunDateTime,src.RunDateTime,'N',src.DLETLRunLogID,src.DLCurateStandardRowKey) WHEN not MATCHED AND src.mergeKey <> 'UPDATE' THEN INSERT(ProductPropertyId, ProductId, Volume, Weight, ShelfWidth, ShelfHeight, ShelfDepth, UnitsPerPallet, GuaranteeDays, CostSTD, StockMin, Capacity, DelayMin, QtyMax, QtyMin, QtySTD, StockMinRequired, PeriodNumber, PeriodNumberExp, DefaultPeriod, DefaultPeriodExp, EMHorcusDisplaySequence, EMHorcusPercentage, EMHorcusEyeSize, EMHorcusBridgeSize, EMHorcusSideLength, EMHorcusDeliveryTmPromised, EMHorcusAdvgCrdPnts, EMHorcusWaterContent, EMHorcusBoxDcd,  EMHorcusEdgeThickness,  EMHorcusCntr, EMHorcusDK,  EMHorcusOffsetV,  EMHorcusOffsetH,  EMHorcusManufacturerColour,  EMHorcusDsptchFrqunc,  EMHorcusPckQuntt,RecordSourceCode,LOVRecordSourceId ,RunDateTime,DLCreateDateTime,DLUpdateDateTime,DLSCDStartDateTime,DLSCDEndDateTime,DLSCDActiveFlag,DLETLRunLogID,DLCurateStandardRowKey)  VALUES(src.ProductPropertyId,src.ProductId,src.Volume,src.Weight,src.ShelfWidth,src.ShelfHeight,src.ShelfDepth,src.UnitsPerPallet,src.GuaranteeDays,src.CostSTD,src.StockMin,src.Capacity,src.DelayMin,src.QtyMax,src.QtyMin,src.QtySTD,src.StockMinRequired,src.PeriodNumber,src.PeriodNumberExp     ,src.DefaultPeriod,src.DefaultPeriodExp,src.EMHorcusDisplaySequence,src.EMHorcusPercentage,src.EMHorcusEyeSize,src.EMHorcusBridgeSize          ,src.EMHorcusSideLength,src.EMHorcusDeliveryTmPromised,src.EMHorcusAdvgCrdPnts,src.EMHorcusWaterContent,src.EMHorcusBoxDcd, src.EMHorcusEdgeThickness, src.EMHorcusCntr,src.EMHorcusDK, src.EMHorcusOffsetV, src.EMHorcusOffsetH, src.EMHorcusManufacturerColour, src.EMHorcusDsptchFrqunc, src.EMHorcusPckQuntt,src.RecordSourceCode,src.LOVRecordSourceId,src.RunDateTime,src.RunDateTime,src.RunDateTime,src.RunDateTime,src.RunDateTime,'N',src.DLETLRunLogID,src.DLCurateStandardRowKey)",
			"temp_table_name": "ODHProductProperty203033",
			"partition_column_list": ""
		},
		{
			"card_id": "card_301",
			"card_dependencies": [
				"card_401",
				"card_8",
				"card_6"
			],
			"label": "Read_Table 301",
			"card_type": "read_table",
			"description": "ODHProductIndicator",
			"query": "select  distinct md5(concat_ws('^|~',a.ProductId,r.LOVId))  as ProductIndicatorId , a.ProductId as ProductId ,s.ISSUMMARY as IsSummary ,s.ISSTOCKED as IsStocked ,s.ISPURCHASED as IsPurchased ,s.ISSOLD as IsSold ,s.ISBOM as IsBOM ,s.ISINVOICEPRINTDETAILS as IsInvoicePrintDetails ,s.ISPICKLISTPRINTDETAILS as IsPickListPrintDetails ,s.ISVERIFIED as IsVerified ,nullif(s.CLASSIFICATION , 'null') as Classification ,s.DISCONTINUED as Discontinued ,s.PROCESSING as Processing ,s.ISPRICEPRINTED as IsPricePrinted ,s.ENFORCE_ATTRIBUTE as EnforceAttribute ,s.CALCULATED as Calculated ,s.PRODUCTION as Production ,s.QTYTYPE as QtyType ,s.ISQUANTITYVARIABLE as IsQuantityVariable ,s.ISDEFERREDREVENUE as IsDeferredRevenue ,s.ISDEFERREDEXPENSE as IsDeferredExpense ,s.BOOKUSINGPOPRICE as BookUsingPOPrice ,s.ISGENERIC as IsGeneric ,s.CREATEVARIANTS as CreateVariants ,s.UPDATEINVARIANTS as UpdateVariants ,s.MANAGEVARIANTS as ManageVariants ,s.EM_HORCUS_ISCHARITY as EMHorcusIsCharity ,s.EM_HORCUS_ALLW_PRC_OVRRD as EMHorcusAllwPrcOVVRD ,s.EM_HORCUS_ALLW_TLL_DSCNT as EMHorcusAllwTllDscnt ,s.EM_HORCUS_HM_DLVR as EMHorcusHmDlvr ,s.EM_HORCUS_ELGBL_GLSS_CVR as EMHorcusElgblGlssCvr ,s.EM_HORCUS_ISBALANCED as EMHorcusIsBalanced ,s.EM_HORCUS_ISFROSTED as EMHorcusIsFrosted ,s.EM_HORCUS_WRKNG_DSTNC as EMHorcusWrkngDstnc ,s.EM_HORCUS_BW_NGL as EMHorcusBWNgl ,s.EM_HORCUS_YF_IT_VL as EMHorcusYfItVl ,s.EM_HORCUS_LFSTYL_BS as EMHorcusLfstylBs ,s.EM_HORCUS_ZSS_NGRVNG as EMHorcusZssNgrvng ,s.EM_HORCUS_LGBL_RFND as EMHorcusLgblRfnd ,s.EM_HORCUS_RQRSSTCK as EMHorcusRqrsstck ,s.EM_HORCUS_PRSM_TNNNG as EMHorcusPrsmTnnng ,s.EM_HORCUS_BVD_FRM as EMHorcusBVDFrm ,s.EM_HORCUS_BTCH_LT as EMHorcusBtchLt ,s.EM_HORCUS_PLSHNG as EMHorcusPlshng ,s.EM_HORCUS_CLR_GRP as EMHorcusClrGrp ,s.EM_HORCUS_DD_GRP as EMHorcusDDGrp ,s.EM_OBPOS_SCALE as EMOBPOSScale ,s.EM_OBPOS_GROUPEDPRODUCT as EMOBPOSGroupedProduct ,s.EM_OBPOS_SHOWSTOCK as EMOBPOSShowStock ,s.EM_OBPOS_SHOW_CH_DESC as EMOBPOSShowCHDesc ,s.EM_HORCUS_PANTASCOPIC_TILT as EMOBPOSPantascopicTilt ,s.EM_HORCUS_ISSAFETY as EMOBPOSIsSafety ,s.EM_HORCUS_SUN_FRAME as EMOBPOSSunFrame ,s.EM_HORCUS_RQRS_GOC_PPRVL as EMOBPOSRQRSGocPPRVL, s.EM_HORCUS_PRSCRPTN_CPTR_PTNL as EMOBPOSPrscrptnCptrPtnl ,s.EM_HORCUS_STOCK_LENS as EMOBPOSHorcusStockLens,'BUKOPMS' as RecordSourceCode,r.LOVId as LOVRecordSourceId,s.CurateStandardRowKey as DLCurateStandardRowKey,s.DLETLRunLogID as DLETLRunLogID,current_timestamp as RunDateTime,case when s.rn=1 and ifnull(s.operation,'null')<>'DELETE' then 'Y' when s.rn=1 and ifnull(s.operation,'null')='DELETE' then 'D' else 'N' end as DLSCDActiveFlag from mproduct6 s left join (select ProductId,SRCProductId from Curate_Enterprise.ODHProduct where RecordSourceCode='BUKOPMS' and DLSCDActiveFlag='Y') a on  a.SRCProductId= s.M_PRODUCT_ID join (select lovid from reflovsetinfo where lovkey='BUKOPMS' and  lovsetname='System of Record' and lovrecordsourceid= 12012 ) r on (1=1)",
			"temp_table_name": "ODHProductIndicator",
			"partition_column_list": ""
		},
		{
			"card_id": "card_302",
			"card_dependencies": [
				"card_301"
			],
			"label": "Read_Table 302",
			"card_type": "read_table",
			"description": "Filtering Records",
			"query": "select cast(ProductIndicatorId as string) , cast(IsSummary as string) , cast(IsStocked as string) , cast(IsPurchased as string) , cast(IsSold as string) , cast(IsBOM as string) , cast(IsInvoicePrintDetails as string) , cast(IsPickListPrintDetails as string) , cast(IsVerified as string) , cast(Classification as string) , cast(Discontinued as string) , cast(Processing as string) , cast(IsPricePrinted as string) , cast(EnforceAttribute as string) , cast(Calculated as string) , cast(Production as string) , cast(QtyType as string) , cast(IsQuantityVariable as string) , cast(IsDeferredRevenue as string) , cast(IsDeferredExpense as string) , cast(BookUsingPOPrice as string) , cast(IsGeneric as string) , cast(CreateVariants as string) , cast(UpdateVariants as string) , cast(ManageVariants as string) , cast(EMHorcusIsCharity as string) , cast(EMHorcusAllwPrcOvvrd as string) , cast(EMHorcusAllwTllDscnt as string) , cast(EMHorcusHmDlvr as string) , cast(EMHorcusElgblGlssCvr as string) , cast(EMHorcusIsBalanced as string) , cast(EMHorcusIsFrosted as string) , cast(EMHorcusWrkngDstnc as string) , cast(EMHorcusBWNgl as string) , cast(EMHorcusYfItVl as string) , cast(EMHorcusLfstylBs  as string) , cast(EMHorcusZssNgrvng as string) , cast(EMHorcusLgblRfnd as string) , cast(EMHorcusRqrsstck as string) , cast(EMHorcusPrsmTnnng as string) , cast(EMHorcusBvdFrm as string) , cast(EMHorcusBtchLt as string) , cast(EMHorcusPlshng as string) , cast(EMHorcusClrGrp as string) , cast(EMHorcusDDGrp as string) , cast(EMOBPOSScale as string) , cast(EMOBPOSGroupedProduct as string) , cast(EMOBPOSShowStock as string) , cast(EMOBPOSShowCHDesc as string) , cast(EMOBPOSPantascopicTilt as string) , cast(EMOBPOSIsSafety as string) , cast(EMOBPOSSunFrame as string) , cast(EMOBPOSRQRSGocPPRVL as string) , cast(EMOBPOSPrscrptnCptrPtnl as string) , cast(EMOBPOSHorcusStockLens as string) , cast(ProductId as string),cast(RecordSourceCode as string),cast(LOVRecordSourceId as int) ,RunDateTime,cast(DLETLRunLogID as int),cast(DLCurateStandardRowKey as bigint),DLSCDActiveFlag from ODHProductIndicator where ProductId is not null ",
			"temp_table_name": "ODHProductIndicator2",
			"partition_column_list": ""
		},
		{
			"card_id": "card_303",
			"card_dependencies": [
				"card_302"
			],
			"label": "Read_Table 303",
			"card_type": "read_table",
			"description": "Insert in ADLS",
			"query": "MERGE INTO curate_enterprise.ODHProductIndicator T USING (SELECT case when s.dlscdactiveflag='Y' then s.ProductId else 'DEACTIVATE' end as mergeKey, s.* FROM ODHProductIndicator2 s where s.dlscdactiveflag<>'D' UNION ALL SELECT 'UPDATE' as mergeKey, source.* FROM ODHProductIndicator2 source JOIN curate_enterprise.ODHProductIndicator Target ON source.ProductId = Target.ProductId WHERE Target.DLSCDActiveFlag = 'Y' and source.DLSCDActiveFlag = 'Y') src ON T.ProductId = src.mergeKey AND T.DLSCDActiveFlag = 'Y' when matched THEN UPDATE SET DLSCDActiveFlag = 'N', DLSCDEndDateTime = src.RunDateTime ,DLUpdateDateTime = src.RunDateTime WHEN not MATCHED AND src.mergeKey <> 'UPDATE' and src.mergekey <> 'DEACTIVATE' THEN INSERT(ProductIndicatorId, IsSummary, IsStocked, IsPurchased, IsSold, IsBOM, IsInvoicePrintDetails, IsPickListPrintDetails, IsVerified, Classification, Discontinued, Processing, IsPricePrinted, EnforceAttribute, Calculated, Production, QtyType, IsQuantityVariable, IsDeferredRevenue, IsDeferredExpense, BookUsingPOPrice, IsGeneric, CreateVariants, UpdateVariants, ManageVariants, EMHorcusIsCharity, EMHorcusAllwPrcOvvrd, EMHorcusAllwTllDscnt, EMHorcusHmDlvr, EMHorcusElgblGlssCvr, EMHorcusIsBalanced, EMHorcusIsFrosted, EMHorcusWrkngDstnc, EMHorcusBWNgl, EMHorcusYfItVl, EMHorcusLfstylBs, EMHorcusZssNgrvng,EMHorcusLgblRfnd,EMHorcusRqrsstck, EMHorcusPrsmTnnng, EMHorcusBvdFrm, EMHorcusBtchLt, EMHorcusPlshng, EMHorcusClrGrp, EMHorcusDDGrp, EMOBPOSScale, EMOBPOSGroupedProduct, EMOBPOSShowStock, EMOBPOSShowCHDesc, EMOBPOSPantascopicTilt, EMOBPOSIsSafety, EMOBPOSSunFrame, EMOBPOSRQRSGocPPRVL, EMOBPOSPrscrptnCptrPtnl, EMOBPOSHorcusStockLens, ProductId,RecordSourceCode,LOVRecordSourceId ,RunDateTime,DLCreateDateTime,DLUpdateDateTime,DLSCDStartDateTime,DLSCDEndDateTime,DLSCDActiveFlag,DLETLRunLogID,DLCurateStandardRowKey)  VALUES(src.ProductIndicatorId,src.IsSummary,src.IsStocked,src.IsPurchased,src.IsSold,src.IsBOM,src.IsInvoicePrintDetails,src.IsPickListPrintDetails,src.IsVerified,src.Classification,src.Discontinued,src.Processing,src.IsPricePrinted,src.EnforceAttribute,src.Calculated,src.Production,src.QtyType,src.IsQuantityVariable,src.IsDeferredRevenue,src.IsDeferredExpense,src.BookUsingPOPrice,src.IsGeneric,src.CreateVariants,src.UpdateVariants,src.ManageVariants,src.EMHorcusIsCharity,src.EMHorcusAllwPrcOvvrd,src.EMHorcusAllwTllDscnt,src.EMHorcusHmDlvr,src.EMHorcusElgblGlssCvr,src.EMHorcusIsBalanced,src.EMHorcusIsFrosted,src.EMHorcusWrkngDstnc,src.EMHorcusBWNgl,src.EMHorcusYfItVl,src.EMHorcusLfstylBs,src.EMHorcusZssNgrvng,src.EMHorcusLgblRfnd,src.EMHorcusRqrsstck,src.EMHorcusPrsmTnnng,src.EMHorcusBvdFrm,src.EMHorcusBtchLt,src.EMHorcusPlshng,src.EMHorcusClrGrp,src.EMHorcusDDGrp,src.EMOBPOSScale,src.EMOBPOSGroupedProduct,src.EMOBPOSShowStock,src.EMOBPOSShowCHDesc,src.EMOBPOSPantascopicTilt,src.EMOBPOSIsSafety,src.EMOBPOSSunFrame,src.EMOBPOSRQRSGocPPRVL,src.EMOBPOSPrscrptnCptrPtnl,src.EMOBPOSHorcusStockLens,src.ProductId,src.RecordSourceCode,src.LOVRecordSourceId,src.RunDateTime,src.RunDateTime,src.RunDateTime,'1900-01-01 00:00:00.000','9999-12-31 00:00:00.000',src.DLSCDActiveFlag,src.DLETLRunLogID,src.DLCurateStandardRowKey) WHEN not MATCHED AND src.mergeKey = 'UPDATE' THEN INSERT(ProductIndicatorId, IsSummary, IsStocked, IsPurchased, IsSold, IsBOM, IsInvoicePrintDetails, IsPickListPrintDetails, IsVerified, Classification, Discontinued, Processing, IsPricePrinted, EnforceAttribute, Calculated, Production, QtyType, IsQuantityVariable, IsDeferredRevenue, IsDeferredExpense, BookUsingPOPrice, IsGeneric, CreateVariants, UpdateVariants, ManageVariants, EMHorcusIsCharity, EMHorcusAllwPrcOvvrd, EMHorcusAllwTllDscnt, EMHorcusHmDlvr, EMHorcusElgblGlssCvr, EMHorcusIsBalanced, EMHorcusIsFrosted, EMHorcusWrkngDstnc, EMHorcusBWNgl, EMHorcusYfItVl, EMHorcusLfstylBs, EMHorcusZssNgrvng,EMHorcusLgblRfnd,EMHorcusRqrsstck, EMHorcusPrsmTnnng, EMHorcusBvdFrm, EMHorcusBtchLt, EMHorcusPlshng, EMHorcusClrGrp, EMHorcusDDGrp, EMOBPOSScale, EMOBPOSGroupedProduct, EMOBPOSShowStock, EMOBPOSShowCHDesc, EMOBPOSPantascopicTilt, EMOBPOSIsSafety, EMOBPOSSunFrame, EMOBPOSRQRSGocPPRVL, EMOBPOSPrscrptnCptrPtnl, EMOBPOSHorcusStockLens, ProductId,RecordSourceCode,LOVRecordSourceId ,RunDateTime,DLCreateDateTime,DLUpdateDateTime,DLSCDStartDateTime,DLSCDEndDateTime,DLSCDActiveFlag,DLETLRunLogID,DLCurateStandardRowKey)  VALUES(src.ProductIndicatorId,src.IsSummary,src.IsStocked,src.IsPurchased,src.IsSold,src.IsBOM,src.IsInvoicePrintDetails,src.IsPickListPrintDetails,src.IsVerified,src.Classification,src.Discontinued,src.Processing,src.IsPricePrinted,src.EnforceAttribute,src.Calculated,src.Production,src.QtyType,src.IsQuantityVariable,src.IsDeferredRevenue,src.IsDeferredExpense,src.BookUsingPOPrice,src.IsGeneric,src.CreateVariants,src.UpdateVariants,src.ManageVariants,src.EMHorcusIsCharity,src.EMHorcusAllwPrcOvvrd,src.EMHorcusAllwTllDscnt,src.EMHorcusHmDlvr,src.EMHorcusElgblGlssCvr,src.EMHorcusIsBalanced,src.EMHorcusIsFrosted,src.EMHorcusWrkngDstnc,src.EMHorcusBWNgl,src.EMHorcusYfItVl,src.EMHorcusLfstylBs,src.EMHorcusZssNgrvng,src.EMHorcusLgblRfnd,src.EMHorcusRqrsstck,src.EMHorcusPrsmTnnng,src.EMHorcusBvdFrm,src.EMHorcusBtchLt,src.EMHorcusPlshng,src.EMHorcusClrGrp,src.EMHorcusDDGrp,src.EMOBPOSScale,src.EMOBPOSGroupedProduct,src.EMOBPOSShowStock,src.EMOBPOSShowCHDesc,src.EMOBPOSPantascopicTilt,src.EMOBPOSIsSafety,src.EMOBPOSSunFrame,src.EMOBPOSRQRSGocPPRVL,src.EMOBPOSPrscrptnCptrPtnl,src.EMOBPOSHorcusStockLens,src.ProductId,src.RecordSourceCode,src.LOVRecordSourceId,src.RunDateTime,src.RunDateTime,src.RunDateTime,src.RunDateTime,'9999-12-31 00:00:00.000',src.DLSCDActiveFlag,src.DLETLRunLogID,src.DLCurateStandardRowKey) WHEN not MATCHED AND src.mergeKey = 'DEACTIVATE' THEN INSERT(ProductIndicatorId, IsSummary, IsStocked, IsPurchased, IsSold, IsBOM, IsInvoicePrintDetails, IsPickListPrintDetails, IsVerified, Classification, Discontinued, Processing, IsPricePrinted, EnforceAttribute, Calculated, Production, QtyType, IsQuantityVariable, IsDeferredRevenue, IsDeferredExpense, BookUsingPOPrice, IsGeneric, CreateVariants, UpdateVariants, ManageVariants, EMHorcusIsCharity, EMHorcusAllwPrcOvvrd, EMHorcusAllwTllDscnt, EMHorcusHmDlvr, EMHorcusElgblGlssCvr, EMHorcusIsBalanced, EMHorcusIsFrosted, EMHorcusWrkngDstnc, EMHorcusBWNgl, EMHorcusYfItVl, EMHorcusLfstylBs, EMHorcusZssNgrvng,EMHorcusLgblRfnd,EMHorcusRqrsstck, EMHorcusPrsmTnnng, EMHorcusBvdFrm, EMHorcusBtchLt, EMHorcusPlshng, EMHorcusClrGrp, EMHorcusDDGrp, EMOBPOSScale, EMOBPOSGroupedProduct, EMOBPOSShowStock, EMOBPOSShowCHDesc, EMOBPOSPantascopicTilt, EMOBPOSIsSafety, EMOBPOSSunFrame, EMOBPOSRQRSGocPPRVL, EMOBPOSPrscrptnCptrPtnl, EMOBPOSHorcusStockLens, ProductId,RecordSourceCode,LOVRecordSourceId ,RunDateTime,DLCreateDateTime,DLUpdateDateTime,DLSCDStartDateTime,DLSCDEndDateTime,DLSCDActiveFlag,DLETLRunLogID,DLCurateStandardRowKey)  VALUES(src.ProductIndicatorId,src.IsSummary,src.IsStocked,src.IsPurchased,src.IsSold,src.IsBOM,src.IsInvoicePrintDetails,src.IsPickListPrintDetails,src.IsVerified,src.Classification,src.Discontinued,src.Processing,src.IsPricePrinted,src.EnforceAttribute,src.Calculated,src.Production,src.QtyType,src.IsQuantityVariable,src.IsDeferredRevenue,src.IsDeferredExpense,src.BookUsingPOPrice,src.IsGeneric,src.CreateVariants,src.UpdateVariants,src.ManageVariants,src.EMHorcusIsCharity,src.EMHorcusAllwPrcOvvrd,src.EMHorcusAllwTllDscnt,src.EMHorcusHmDlvr,src.EMHorcusElgblGlssCvr,src.EMHorcusIsBalanced,src.EMHorcusIsFrosted,src.EMHorcusWrkngDstnc,src.EMHorcusBWNgl,src.EMHorcusYfItVl,src.EMHorcusLfstylBs,src.EMHorcusZssNgrvng,src.EMHorcusLgblRfnd,src.EMHorcusRqrsstck,src.EMHorcusPrsmTnnng,src.EMHorcusBvdFrm,src.EMHorcusBtchLt,src.EMHorcusPlshng,src.EMHorcusClrGrp,src.EMHorcusDDGrp,src.EMOBPOSScale,src.EMOBPOSGroupedProduct,src.EMOBPOSShowStock,src.EMOBPOSShowCHDesc,src.EMOBPOSPantascopicTilt,src.EMOBPOSIsSafety,src.EMOBPOSSunFrame,src.EMOBPOSRQRSGocPPRVL,src.EMOBPOSPrscrptnCptrPtnl,src.EMOBPOSHorcusStockLens,src.ProductId,src.RecordSourceCode,src.LOVRecordSourceId,src.RunDateTime,src.RunDateTime,src.RunDateTime,src.RunDateTime,src.RunDateTime,src.DLSCDActiveFlag,src.DLETLRunLogID,src.DLCurateStandardRowKey)",
			"temp_table_name": "ODHProductIndicator1",
			"partition_column_list": ""
		},
		{
			"card_id": "card_303033",
			"card_dependencies": [
				"card_303"
			],
			"label": "Read_Table 303033",
			"card_type": "read_table",
			"description": "Insert in ADLS",
			"query": "MERGE INTO curate_enterprise.ODHProductIndicator T USING (SELECT s.ProductId as MergeKey,s.* FROM ODHProductIndicator2 s where s.dlscdactiveflag='D' UNION ALL SELECT 'UPDATE' as mergeKey, source.* FROM ODHProductIndicator2 source JOIN curate_enterprise.ODHProductIndicator Target ON source.ProductId = Target.ProductId WHERE Target.DLSCDActiveFlag = 'Y' and source.dlscdactiveflag='D') src ON T.ProductId = src.mergeKey AND T.DLSCDActiveFlag = 'Y' when matched THEN UPDATE SET DLSCDActiveFlag = 'N', DLSCDEndDateTime = src.RunDateTime ,DLUpdateDateTime = src.RunDateTime WHEN not MATCHED AND src.mergeKey = 'UPDATE' THEN INSERT(ProductIndicatorId, IsSummary, IsStocked, IsPurchased, IsSold, IsBOM, IsInvoicePrintDetails, IsPickListPrintDetails, IsVerified, Classification, Discontinued, Processing, IsPricePrinted, EnforceAttribute, Calculated, Production, QtyType, IsQuantityVariable, IsDeferredRevenue, IsDeferredExpense, BookUsingPOPrice, IsGeneric, CreateVariants, UpdateVariants, ManageVariants, EMHorcusIsCharity, EMHorcusAllwPrcOvvrd, EMHorcusAllwTllDscnt, EMHorcusHmDlvr, EMHorcusElgblGlssCvr, EMHorcusIsBalanced, EMHorcusIsFrosted, EMHorcusWrkngDstnc, EMHorcusBWNgl, EMHorcusYfItVl, EMHorcusLfstylBs, EMHorcusZssNgrvng,EMHorcusLgblRfnd,EMHorcusRqrsstck, EMHorcusPrsmTnnng, EMHorcusBvdFrm, EMHorcusBtchLt, EMHorcusPlshng, EMHorcusClrGrp, EMHorcusDDGrp, EMOBPOSScale, EMOBPOSGroupedProduct, EMOBPOSShowStock, EMOBPOSShowCHDesc, EMOBPOSPantascopicTilt, EMOBPOSIsSafety, EMOBPOSSunFrame, EMOBPOSRQRSGocPPRVL, EMOBPOSPrscrptnCptrPtnl, EMOBPOSHorcusStockLens, ProductId,RecordSourceCode,LOVRecordSourceId ,RunDateTime,DLCreateDateTime,DLUpdateDateTime,DLSCDStartDateTime,DLSCDEndDateTime,DLSCDActiveFlag,DLETLRunLogID,DLCurateStandardRowKey)  VALUES(src.ProductIndicatorId,src.IsSummary,src.IsStocked,src.IsPurchased,src.IsSold,src.IsBOM,src.IsInvoicePrintDetails,src.IsPickListPrintDetails,src.IsVerified,src.Classification,src.Discontinued,src.Processing,src.IsPricePrinted,src.EnforceAttribute,src.Calculated,src.Production,src.QtyType,src.IsQuantityVariable,src.IsDeferredRevenue,src.IsDeferredExpense,src.BookUsingPOPrice,src.IsGeneric,src.CreateVariants,src.UpdateVariants,src.ManageVariants,src.EMHorcusIsCharity,src.EMHorcusAllwPrcOvvrd,src.EMHorcusAllwTllDscnt,src.EMHorcusHmDlvr,src.EMHorcusElgblGlssCvr,src.EMHorcusIsBalanced,src.EMHorcusIsFrosted,src.EMHorcusWrkngDstnc,src.EMHorcusBWNgl,src.EMHorcusYfItVl,src.EMHorcusLfstylBs,src.EMHorcusZssNgrvng,src.EMHorcusLgblRfnd,src.EMHorcusRqrsstck,src.EMHorcusPrsmTnnng,src.EMHorcusBvdFrm,src.EMHorcusBtchLt,src.EMHorcusPlshng,src.EMHorcusClrGrp,src.EMHorcusDDGrp,src.EMOBPOSScale,src.EMOBPOSGroupedProduct,src.EMOBPOSShowStock,src.EMOBPOSShowCHDesc,src.EMOBPOSPantascopicTilt,src.EMOBPOSIsSafety,src.EMOBPOSSunFrame,src.EMOBPOSRQRSGocPPRVL,src.EMOBPOSPrscrptnCptrPtnl,src.EMOBPOSHorcusStockLens,src.ProductId,src.RecordSourceCode,src.LOVRecordSourceId,src.RunDateTime,src.RunDateTime,src.RunDateTime,src.RunDateTime,src.RunDateTime,'N',src.DLETLRunLogID,src.DLCurateStandardRowKey) WHEN not MATCHED AND src.mergeKey <> 'UPDATE' THEN INSERT(ProductIndicatorId, IsSummary, IsStocked, IsPurchased, IsSold, IsBOM, IsInvoicePrintDetails, IsPickListPrintDetails, IsVerified, Classification, Discontinued, Processing, IsPricePrinted, EnforceAttribute, Calculated, Production, QtyType, IsQuantityVariable, IsDeferredRevenue, IsDeferredExpense, BookUsingPOPrice, IsGeneric, CreateVariants, UpdateVariants, ManageVariants, EMHorcusIsCharity, EMHorcusAllwPrcOvvrd, EMHorcusAllwTllDscnt, EMHorcusHmDlvr, EMHorcusElgblGlssCvr, EMHorcusIsBalanced, EMHorcusIsFrosted, EMHorcusWrkngDstnc, EMHorcusBWNgl, EMHorcusYfItVl, EMHorcusLfstylBs, EMHorcusZssNgrvng,EMHorcusLgblRfnd,EMHorcusRqrsstck, EMHorcusPrsmTnnng, EMHorcusBvdFrm, EMHorcusBtchLt, EMHorcusPlshng, EMHorcusClrGrp, EMHorcusDDGrp, EMOBPOSScale, EMOBPOSGroupedProduct, EMOBPOSShowStock, EMOBPOSShowCHDesc, EMOBPOSPantascopicTilt, EMOBPOSIsSafety, EMOBPOSSunFrame, EMOBPOSRQRSGocPPRVL, EMOBPOSPrscrptnCptrPtnl, EMOBPOSHorcusStockLens, ProductId,RecordSourceCode,LOVRecordSourceId ,RunDateTime,DLCreateDateTime,DLUpdateDateTime,DLSCDStartDateTime,DLSCDEndDateTime,DLSCDActiveFlag,DLETLRunLogID,DLCurateStandardRowKey)  VALUES(src.ProductIndicatorId,src.IsSummary,src.IsStocked,src.IsPurchased,src.IsSold,src.IsBOM,src.IsInvoicePrintDetails,src.IsPickListPrintDetails,src.IsVerified,src.Classification,src.Discontinued,src.Processing,src.IsPricePrinted,src.EnforceAttribute,src.Calculated,src.Production,src.QtyType,src.IsQuantityVariable,src.IsDeferredRevenue,src.IsDeferredExpense,src.BookUsingPOPrice,src.IsGeneric,src.CreateVariants,src.UpdateVariants,src.ManageVariants,src.EMHorcusIsCharity,src.EMHorcusAllwPrcOvvrd,src.EMHorcusAllwTllDscnt,src.EMHorcusHmDlvr,src.EMHorcusElgblGlssCvr,src.EMHorcusIsBalanced,src.EMHorcusIsFrosted,src.EMHorcusWrkngDstnc,src.EMHorcusBWNgl,src.EMHorcusYfItVl,src.EMHorcusLfstylBs,src.EMHorcusZssNgrvng,src.EMHorcusLgblRfnd,src.EMHorcusRqrsstck,src.EMHorcusPrsmTnnng,src.EMHorcusBvdFrm,src.EMHorcusBtchLt,src.EMHorcusPlshng,src.EMHorcusClrGrp,src.EMHorcusDDGrp,src.EMOBPOSScale,src.EMOBPOSGroupedProduct,src.EMOBPOSShowStock,src.EMOBPOSShowCHDesc,src.EMOBPOSPantascopicTilt,src.EMOBPOSIsSafety,src.EMOBPOSSunFrame,src.EMOBPOSRQRSGocPPRVL,src.EMOBPOSPrscrptnCptrPtnl,src.EMOBPOSHorcusStockLens,src.ProductId,src.RecordSourceCode,src.LOVRecordSourceId,src.RunDateTime,src.RunDateTime,src.RunDateTime,src.RunDateTime,src.RunDateTime,'N',src.DLETLRunLogID,src.DLCurateStandardRowKey)",
			"temp_table_name": "ODHProductIndicator303033",
			"partition_column_list": ""
		},
		{
			"card_id": "card_401",
			"card_dependencies": [
				"card_101",
				"card_66",
				"card_8"
			],
			"label": "Read_Table 401",
			"card_type": "read_table",
			"description": "ODHProduct",
			"query": "select distinct  a.ProductId as ProductId ,b.ClientId as ClientId ,c.OrganisationId as OrganisationId ,d.PersonId as BusinessPartnerId , P.VendorId as VendorBusinessPartnerId , e.ODHProductCategoryId as ODHProductCategoryId ,f.BrandId as BrandId ,s.M_PRODUCT_ID as SRCProductId ,s.ISACTIVE as IsActive ,s.CREATED as SourceCreated ,s.CREATEDBY as SourceCreatedBy  ,s.UPDATED as SourceUpdated  ,s.UPDATEDBY as SourceUpdatedBy  ,s.VALUE as ProductValue  ,s.NAME as ProductName  ,s.DESCRIPTION as Description ,s.UPC as UPC ,s.SKU as SKU ,s.VERSIONNO as VersionNo ,s.DISCONTINUEDBY as DiscontinuedBy ,s.PRODUCTTYPE as ProductType ,s.NAME2 as Name2 ,s.COSTTYPE as CostType ,s.ATTRSETVALUETYPE as AttrSetValueType ,s.REVPLANTYPE as RevPlanType ,s.EXPPLANTYPE as ExpPlanType ,s.EM_HORCUS_AVAILABILITY as EmHorcusAvailability ,s.EM_HORCUS_AVAILABILITYFROMDATE as EmHorcusAvailabilityFromDate ,s.EM_HORCUS_BOX_BDL as EmHorcusBoxBDL ,s.EM_HORCUS_MRCNDSNG_CTGR as EmHorcusMrcndsngCtgr ,s.EM_HORCUS_FSHN_CTGR as EmHorcusFshnCtgr ,s.EM_HORCUS_CNTCT_LNS_MTRL as EmHorcusCntctLnsMtrl ,s.EM_HORCUS_CNTCT_LNS_FML as EmHorcusCntctLnsFml ,s.EM_HORCUS_EXMA_CTGR as EmHorcusExmaCtgr ,s.EM_HORCUS_EXMA_TP as EmHorcusExmaTp ,s.EM_HORCUS_MANUFACTURER as EmHorcusManufacturer ,s.EM_HORCUS_SLTN_GRP as EmHorcusSLTNGrp ,s.EM_HORCUS_RM_TP as EmHorcusRMTP ,s.EM_HORCUS_CONTACT_LENS_GROUP as EmHorcusContactLensGroup ,s.EM_HORCUS_CT_LS_CLSSTCTN_MDLT as EmHorcusCTLSCLSSTCTNMDLT ,s.EM_HORCUS_SUPPLIER as EmHorcusSupplier ,'BUKOPMS' as RecordSourceCode,r.LOVId as LOVRecordSourceId,s.CurateStandardRowKey as DLCurateStandardRowKey,s.DLETLRunLogID as DLETLRunLogID,current_timestamp as RunDateTime,case when s.rn=1 and ifnull(s.operation,'null')<>'DELETE' then 'Y' when s.rn=1 and ifnull(s.operation,'null')='DELETE' then 'D' else 'N' end as DLSCDActiveFlag from mproduct66 s left join (select distinct ProductId , ProductCode from curate_enterprise.Product where RecordSourceCode='BUKOPMS' and  DLSCDActiveFlag='Y') a on a.ProductCode=s.Value left join (select distinct ClientId ,SRCClientId from curate_enterprise.ODHClient where RecordSourceCode='BUKOPMS' and DLSCDActiveFlag='Y') b on b.SRCClientId=s.AD_CLIENT_ID left join (select distinct OrganisationId ,SRCAdOrgId from curate_enterprise.ODHAdOrg  where RecordSourceCode='BUKOPMS' and DLSCDActiveFlag='Y') c on c.SRCAdOrgId=s.AD_ORG_ID left join (select distinct PersonId , SRCBusinessPartnerId from curate_enterprise.ODHBusinessPartner where RecordSourceCode='BUKOPMS' and DLSCDActiveFlag='Y') d on d.SRCBusinessPartnerId=s.C_BPARTNER_ID left join (select distinct ODHProductCategoryId ,SRCProductCategoryId from curate_enterprise.ODHProductCategory where RecordSourceCode='BUKOPMS' and DLSCDActiveFlag='Y') e on e.SRCProductCategoryId=s.M_PRODUCT_CATEGORY_ID left join (select distinct BrandId , SRCBrandId from curate_enterprise.ODHBrand where RecordSourceCode='BUKOPMS' and DLSCDActiveFlag='Y') f on f.SRCBrandId=s.M_BRAND_ID  join (select distinct lovid from reflovsetinfo where lovkey='BUKOPMS' and  lovsetname='System of Record' and lovrecordsourceid=12012 ) r on (1=1) left join (select distinct VendorId , SRCVendorBusinessPartnerId from curate_enterprise.ODHVendorBusinessPartner where recordsourcecode = 'BUKOPMS' and DLSCDActiveFlag = 'Y' ) P on P.SRCVendorBusinessPartnerId = s.C_BPARTNER_ID where c.OrganisationID is not null and b.ClientId is not null and e.ODHProductCategoryId is not null",
			"temp_table_name": "ODHProduct",
			"partition_column_list": ""
		},
		{
			"card_id": "card_402",
			"card_dependencies": [
				"card_401"
			],
			"label": "Read_Table 402",
			"card_type": "read_table",
			"description": "Filtering Records",
			"query": "select cast(ProductId as string),cast(SRCProductId as string),cast(IsActive as string) ,cast(SourceCreated as date),cast(SourceCreatedBy as string),cast(SourceUpdated as date),cast(SourceUpdatedBy as string),cast(ProductValue as string),cast(ProductName as string),cast(Description as string),cast(UPC as string),cast(SKU as string),cast(VersionNo as string),cast(DiscontinuedBy as date),cast(ProductType as string),cast(Name2 as string),cast(CostType as string),cast(ODHProductCategoryId as string),cast(AttrSetValueType as string),cast(RevPlanType as string),cast(ExpPlanType as string),cast(EmHorcusAvailability as string),cast(EmHorcusAvailabilityfromDate as date)  ,cast(EmHorcusBoxBDL as string),cast(EmHorcusMrcndsngCtgr as string),cast(EmHorcusFshnCtgr as string),cast(EmHorcusCntctLnsMtrl as string),cast(EmHorcusCntctLnsFml as string),cast(EmHorcusExmaCtgr as string),cast(EmHorcusExmaTp as string),cast(EmHorcusManufacturer as string),cast(EmHorcusSLTNGrp as string),cast(EmHorcusRMTP as string),cast(EmHorcusContactlensGroup as string),cast(EmHorcusCTLSCLSSTCTNMDLT as string),cast(EmHorcusSupplier as string),cast(OrganisationID as string),cast(BrandId as string),cast(ClientId as string), cast(BusinessPartnerId as string),cast(VendorBusinessPartnerId as string) , cast(RecordSourceCode as string),cast(LOVRecordSourceId as int) ,RunDateTime,cast(DLETLRunLogID as int),cast(DLCurateStandardRowKey as bigint),DLSCDActiveFlag from ODHProduct where ProductId is not null and SRCProductId is not null and ProductValue is not null", 
			"temp_table_name": "ODHProduct2",
			"partition_column_list": ""
		},
		{
			"card_id": "card_403",
			"card_dependencies": [
				"card_402"
			],
			"label": "Read_Table 403",
			"card_type": "read_table",
			"description": "Insert in ADLS",
			"query": "MERGE INTO curate_enterprise.ODHProduct T USING (SELECT case when s.dlscdactiveflag='Y' then s.SRCProductId else 'DEACTIVATE' end as mergeKey, s.* FROM ODHProduct2 s where s.dlscdactiveflag<>'D' UNION ALL SELECT 'UPDATE' as mergeKey, source.* FROM ODHProduct2 source JOIN curate_enterprise.ODHProduct Target ON source.SRCProductId = Target.SRCProductId WHERE Target.DLSCDActiveFlag = 'Y' and source.DLSCDActiveFlag = 'Y') src ON T.SRCProductId = src.mergeKey AND T.DLSCDActiveFlag = 'Y' when matched THEN UPDATE SET DLSCDActiveFlag = 'N', DLSCDEndDateTime = src.RunDateTime ,DLUpdateDateTime = src.RunDateTime WHEN not MATCHED AND src.mergeKey <> 'UPDATE' and src.mergekey <> 'DEACTIVATE' THEN INSERT(ProductId , SRCProductId , OrganisationID , ClientId , IsActive , SourceCreated , SourceCreatedBy , SourceUpdated , SourceUpdatedBy , ProductValue , ProductName , BrandId , Description , UPC , SKU , VersionNo , DiscontinuedBy , ProductType , Name2 , CostType , ODHProductCategoryId , AttrSetValueType , BusinessPartnerID , VendorBusinessPartnerId , RevPlanType , ExpPlanType , EmHorcusAvailability , EmHorcusAvailabilityfromDate, EmHorcusBoxBDL , EmHorcusMrcndsngCtgr , EmHorcusFshnCtgr , EmHorcusCntctLnsMtrl , EmHorcusCntctLnsFml , EmHorcusExmaCtgr , EmHorcusExmaTp , EmHorcusManufacturer , EmHorcusSLTNGrp , EmHorcusRMTP , EmHorcusContactlensGroup , EmHorcusCTLSCLSSTCTNMDLT , EmHorcusSupplier ,RecordSourceCode,LOVRecordSourceId ,RunDateTime,DLCreateDateTime,DLUpdateDateTime,DLSCDStartDateTime,DLSCDEndDateTime,DLSCDActiveFlag,DLETLRunLogID,DLCurateStandardRowKey)  VALUES(src.ProductId , src.SRCProductId , src.OrganisationID , src.ClientId , src.IsActive , src.SourceCreated , src.SourceCreatedBy , src.SourceUpdated , src.SourceUpdatedBy , src.ProductValue , src.ProductName , src.BrandId , src.Description , src.UPC , src.SKU , src.VersionNo , src.DiscontinuedBy , src.ProductType , src.Name2 , src.CostType , src.ODHProductCategoryId , src.AttrSetValueType , src.BusinessPartnerID , src.VendorBusinessPartnerId , src.RevPlanType , src.ExpPlanType , src.EmHorcusAvailability , src.EmHorcusAvailabilityfromDate, src.EmHorcusBoxBDL , src.EmHorcusMrcndsngCtgr , src.EmHorcusFshnCtgr , src.EmHorcusCntctLnsMtrl , src.EmHorcusCntctLnsFml , src.EmHorcusExmaCtgr , src.EmHorcusExmaTp , src.EmHorcusManufacturer , src.EmHorcusSLTNGrp , src.EmHorcusRMTP , src.EmHorcusContactlensGroup , src.EmHorcusCTLSCLSSTCTNMDLT , src.EmHorcusSupplier ,src.RecordSourceCode,src.LOVRecordSourceId,src.RunDateTime,src.RunDateTime,src.RunDateTime,'1900-01-01 00:00:00.000','9999-12-31 00:00:00.000',src.DLSCDActiveFlag,src.DLETLRunLogID,src.DLCurateStandardRowKey) WHEN not MATCHED AND src.mergeKey = 'UPDATE' THEN INSERT(ProductId , SRCProductId , OrganisationID , ClientId , IsActive , SourceCreated , SourceCreatedBy , SourceUpdated , SourceUpdatedBy , ProductValue , ProductName , BrandId , Description , UPC , SKU , VersionNo , DiscontinuedBy , ProductType , Name2 , CostType , ODHProductCategoryId , AttrSetValueType , BusinessPartnerID , VendorBusinessPartnerId , RevPlanType , ExpPlanType , EmHorcusAvailability , EmHorcusAvailabilityfromDate, EmHorcusBoxBDL , EmHorcusMrcndsngCtgr , EmHorcusFshnCtgr , EmHorcusCntctLnsMtrl , EmHorcusCntctLnsFml , EmHorcusExmaCtgr , EmHorcusExmaTp , EmHorcusManufacturer , EmHorcusSLTNGrp , EmHorcusRMTP , EmHorcusContactlensGroup , EmHorcusCTLSCLSSTCTNMDLT , EmHorcusSupplier ,RecordSourceCode,LOVRecordSourceId ,RunDateTime,DLCreateDateTime,DLUpdateDateTime,DLSCDStartDateTime,DLSCDEndDateTime,DLSCDActiveFlag,DLETLRunLogID,DLCurateStandardRowKey)  VALUES(src.ProductId , src.SRCProductId , src.OrganisationID , src.ClientId , src.IsActive , src.SourceCreated , src.SourceCreatedBy , src.SourceUpdated , src.SourceUpdatedBy , src.ProductValue , src.ProductName , src.BrandId , src.Description , src.UPC , src.SKU , src.VersionNo , src.DiscontinuedBy , src.ProductType , src.Name2 , src.CostType , src.ODHProductCategoryId , src.AttrSetValueType , src.BusinessPartnerID , src.VendorBusinessPartnerId , src.RevPlanType , src.ExpPlanType , src.EmHorcusAvailability , src.EmHorcusAvailabilityfromDate, src.EmHorcusBoxBDL , src.EmHorcusMrcndsngCtgr , src.EmHorcusFshnCtgr , src.EmHorcusCntctLnsMtrl , src.EmHorcusCntctLnsFml , src.EmHorcusExmaCtgr , src.EmHorcusExmaTp , src.EmHorcusManufacturer , src.EmHorcusSLTNGrp , src.EmHorcusRMTP , src.EmHorcusContactlensGroup , src.EmHorcusCTLSCLSSTCTNMDLT , src.EmHorcusSupplier ,src.RecordSourceCode,src.LOVRecordSourceId,src.RunDateTime,src.RunDateTime,src.RunDateTime,src.RunDateTime,'9999-12-31 00:00:00.000',src.DLSCDActiveFlag,src.DLETLRunLogID,src.DLCurateStandardRowKey) WHEN not MATCHED AND src.mergeKey = 'DEACTIVATE' THEN INSERT(ProductId , SRCProductId , OrganisationID , ClientId , IsActive , SourceCreated , SourceCreatedBy , SourceUpdated , SourceUpdatedBy , ProductValue , ProductName , BrandId , Description , UPC , SKU , VersionNo , DiscontinuedBy , ProductType , Name2 , CostType , ODHProductCategoryId , AttrSetValueType , BusinessPartnerID , VendorBusinessPartnerId , RevPlanType , ExpPlanType , EmHorcusAvailability , EmHorcusAvailabilityfromDate, EmHorcusBoxBDL , EmHorcusMrcndsngCtgr , EmHorcusFshnCtgr , EmHorcusCntctLnsMtrl , EmHorcusCntctLnsFml , EmHorcusExmaCtgr , EmHorcusExmaTp , EmHorcusManufacturer , EmHorcusSLTNGrp , EmHorcusRMTP , EmHorcusContactlensGroup , EmHorcusCTLSCLSSTCTNMDLT , EmHorcusSupplier ,RecordSourceCode,LOVRecordSourceId ,RunDateTime,DLCreateDateTime,DLUpdateDateTime,DLSCDStartDateTime,DLSCDEndDateTime,DLSCDActiveFlag,DLETLRunLogID,DLCurateStandardRowKey)  VALUES(src.ProductId , src.SRCProductId , src.OrganisationID , src.ClientId , src.IsActive , src.SourceCreated , src.SourceCreatedBy , src.SourceUpdated , src.SourceUpdatedBy , src.ProductValue , src.ProductName , src.BrandId , src.Description , src.UPC , src.SKU , src.VersionNo , src.DiscontinuedBy , src.ProductType , src.Name2 , src.CostType , src.ODHProductCategoryId , src.AttrSetValueType , src.BusinessPartnerID , src.VendorBusinessPartnerId , src.RevPlanType , src.ExpPlanType , src.EmHorcusAvailability , src.EmHorcusAvailabilityfromDate, src.EmHorcusBoxBDL , src.EmHorcusMrcndsngCtgr , src.EmHorcusFshnCtgr , src.EmHorcusCntctLnsMtrl , src.EmHorcusCntctLnsFml , src.EmHorcusExmaCtgr , src.EmHorcusExmaTp , src.EmHorcusManufacturer , src.EmHorcusSLTNGrp , src.EmHorcusRMTP , src.EmHorcusContactlensGroup , src.EmHorcusCTLSCLSSTCTNMDLT , src.EmHorcusSupplier ,src.RecordSourceCode,src.LOVRecordSourceId,src.RunDateTime,src.RunDateTime,src.RunDateTime,src.RunDateTime,src.RunDateTime,src.DLSCDActiveFlag,src.DLETLRunLogID,src.DLCurateStandardRowKey)",
			"temp_table_name": "ODHProduct1",
			"partition_column_list": ""
		},
		{
			"card_id": "card_403033",
			"card_dependencies": [
				"card_403"
			],
			"label": "Read_Table 403033",
			"card_type": "read_table",
			"description": "Insert in ADLS",
			"query": "MERGE INTO curate_enterprise.ODHProduct T USING (SELECT s.SRCProductId as MergeKey,s.* FROM ODHProduct2 s where s.dlscdactiveflag='D' UNION ALL SELECT 'UPDATE' as mergeKey, source.* FROM ODHProduct2 source JOIN curate_enterprise.ODHProduct Target ON source.SRCProductId = Target.SRCProductId WHERE Target.DLSCDActiveFlag = 'Y' and source.dlscdactiveflag='D') src ON T.SRCProductId = src.mergeKey AND T.DLSCDActiveFlag = 'Y' when matched THEN UPDATE SET DLSCDActiveFlag = 'N', DLSCDEndDateTime = src.RunDateTime ,DLUpdateDateTime = src.RunDateTime WHEN not MATCHED AND src.mergeKey = 'UPDATE' THEN INSERT(ProductId , SRCProductId , OrganisationID , ClientId , IsActive , SourceCreated , SourceCreatedBy , SourceUpdated , SourceUpdatedBy , ProductValue , ProductName , BrandId , Description , UPC , SKU , VersionNo , DiscontinuedBy , ProductType , Name2 , CostType , ODHProductCategoryId , AttrSetValueType , BusinessPartnerID , VendorBusinessPartnerId , RevPlanType , ExpPlanType , EmHorcusAvailability , EmHorcusAvailabilityfromDate, EmHorcusBoxBDL , EmHorcusMrcndsngCtgr , EmHorcusFshnCtgr , EmHorcusCntctLnsMtrl , EmHorcusCntctLnsFml , EmHorcusExmaCtgr , EmHorcusExmaTp , EmHorcusManufacturer , EmHorcusSLTNGrp , EmHorcusRMTP , EmHorcusContactlensGroup , EmHorcusCTLSCLSSTCTNMDLT , EmHorcusSupplier ,RecordSourceCode,LOVRecordSourceId ,RunDateTime,DLCreateDateTime,DLUpdateDateTime,DLSCDStartDateTime,DLSCDEndDateTime,DLSCDActiveFlag,DLETLRunLogID,DLCurateStandardRowKey)  VALUES(src.ProductId , src.SRCProductId , src.OrganisationID , src.ClientId , src.IsActive , src.SourceCreated , src.SourceCreatedBy , src.SourceUpdated , src.SourceUpdatedBy , src.ProductValue , src.ProductName , src.BrandId , src.Description , src.UPC , src.SKU , src.VersionNo , src.DiscontinuedBy , src.ProductType , src.Name2 , src.CostType , src.ODHProductCategoryId , src.AttrSetValueType , src.BusinessPartnerID , src.VendorBusinessPartnerId , src.RevPlanType , src.ExpPlanType , src.EmHorcusAvailability , src.EmHorcusAvailabilityfromDate, src.EmHorcusBoxBDL , src.EmHorcusMrcndsngCtgr , src.EmHorcusFshnCtgr , src.EmHorcusCntctLnsMtrl , src.EmHorcusCntctLnsFml , src.EmHorcusExmaCtgr , src.EmHorcusExmaTp , src.EmHorcusManufacturer , src.EmHorcusSLTNGrp , src.EmHorcusRMTP , src.EmHorcusContactlensGroup , src.EmHorcusCTLSCLSSTCTNMDLT , src.EmHorcusSupplier ,src.RecordSourceCode,src.LOVRecordSourceId,src.RunDateTime,src.RunDateTime,src.RunDateTime,src.RunDateTime,src.RunDateTime,src.DLSCDActiveFlag,src.DLETLRunLogID,src.DLCurateStandardRowKey) WHEN not MATCHED AND src.mergeKey <> 'UPDATE' THEN INSERT(ProductId , SRCProductId , OrganisationID , ClientId , IsActive , SourceCreated , SourceCreatedBy , SourceUpdated , SourceUpdatedBy , ProductValue , ProductName , BrandId , Description , UPC , SKU , VersionNo , DiscontinuedBy , ProductType , Name2 , CostType , ODHProductCategoryId , AttrSetValueType , BusinessPartnerID , VendorBusinessPartnerId , RevPlanType , ExpPlanType , EmHorcusAvailability , EmHorcusAvailabilityfromDate, EmHorcusBoxBDL , EmHorcusMrcndsngCtgr , EmHorcusFshnCtgr , EmHorcusCntctLnsMtrl , EmHorcusCntctLnsFml , EmHorcusExmaCtgr , EmHorcusExmaTp , EmHorcusManufacturer , EmHorcusSLTNGrp , EmHorcusRMTP , EmHorcusContactlensGroup , EmHorcusCTLSCLSSTCTNMDLT , EmHorcusSupplier ,RecordSourceCode,LOVRecordSourceId ,RunDateTime,DLCreateDateTime,DLUpdateDateTime,DLSCDStartDateTime,DLSCDEndDateTime,DLSCDActiveFlag,DLETLRunLogID,DLCurateStandardRowKey)  VALUES(src.ProductId , src.SRCProductId , src.OrganisationID , src.ClientId , src.IsActive , src.SourceCreated , src.SourceCreatedBy , src.SourceUpdated , src.SourceUpdatedBy , src.ProductValue , src.ProductName , src.BrandId , src.Description , src.UPC , src.SKU , src.VersionNo , src.DiscontinuedBy , src.ProductType , src.Name2 , src.CostType , src.ODHProductCategoryId , src.AttrSetValueType , src.BusinessPartnerID , src.VendorBusinessPartnerId , src.RevPlanType , src.ExpPlanType , src.EmHorcusAvailability , src.EmHorcusAvailabilityfromDate, src.EmHorcusBoxBDL , src.EmHorcusMrcndsngCtgr , src.EmHorcusFshnCtgr , src.EmHorcusCntctLnsMtrl , src.EmHorcusCntctLnsFml , src.EmHorcusExmaCtgr , src.EmHorcusExmaTp , src.EmHorcusManufacturer , src.EmHorcusSLTNGrp , src.EmHorcusRMTP , src.EmHorcusContactlensGroup , src.EmHorcusCTLSCLSSTCTNMDLT , src.EmHorcusSupplier ,src.RecordSourceCode,src.LOVRecordSourceId,src.RunDateTime,src.RunDateTime,src.RunDateTime,src.RunDateTime,src.RunDateTime,src.DLSCDActiveFlag,src.DLETLRunLogID,src.DLCurateStandardRowKey)",
			"temp_table_name": "ODHProduct403033",
			"partition_column_list": ""
		},
		{
			"card_id": "card_410",
			"card_dependencies": [
				"card_401",
				"card_4"
			],
			"label": "Write_Delta 410",
			"card_type": "write_delta",
			"description": "Write backup Standard",
			"query": "select * from mproductbackupunion where M_PRODUCT_ID not in (select SRCProductId from ODHProduct)",
			"data_path": "/mnt/idf-curatestandard/BTUKOPTIT/BUKOPMS/BTCOPT_MASTER_SOLD_PRODUCT_DETAILS_BUKOPMS_Incr/BackUp",
			"partition_key_columns": "",
			"mode": "OVERWRITE",
			"type": "GENERAL"
		}
	]
}
