{
	"name": "azsadna_datasource_generic_blob_compress",
	"properties": {
		"description": "Generic dataset pointing to Blob Storage for azsanedna",
		"linkedServiceName": {
			"referenceName": "azsadna_generic_blob",
			"type": "LinkedServiceReference",
			"parameters": {
				"StorageAccountServiceEndPoint": "@dataset().StorageAccountServiceEndPoint"
			}
		},
		"parameters": {
			"path": {
				"type": "string",
				"defaultValue": "landing"
			},
			"filename": {
				"type": "string"
			},
			"StorageAccountServiceEndPoint": {
				"type": "string",
				"defaultValue": "https://dapdevidfadls01.dfs.core.windows.net/"
			},
			"compressiontype": {
				"type": "string"
			},
			"compressionlevel": {
				"type": "string"
			}
		},
		"annotations": [],
		"type": "Binary",
		"typeProperties": {
			"location": {
				"type": "AzureBlobStorageLocation",
				"fileName": {
					"value": "@dataset().filename",
					"type": "Expression"
				},
				"container": {
					"value": "@dataset().path",
					"type": "Expression"
				}
			},
			"compression": {
				"type": {
					"value": "@dataset().compressiontype",
					"type": "Expression"
				},
				"level": {
					"value": "@dataset().compressionlevel",
					"type": "Expression"
				}
			}
		}
	},
	"type": "Microsoft.DataFactory/factories/datasets"
}