{
	"name": "azsadna_datasource_generic_rest",
	"properties": {
		"linkedServiceName": {
			"referenceName": "azsadna_datasource_generic_rest",
			"type": "LinkedServiceReference",
			"parameters": {
				"BaseUrl": {
					"value": "@concat(dataset().RestServiceEndPoint,dataset().RestQueryString)",
					"type": "Expression"
				},
				"AADResource": {
					"value": "@dataset().AADResource",
					"type": "Expression"
				}
			}
		},
		"parameters": {
			"RestServiceEndPoint": {
				"type": "string"
			},
			"AADResource": {
				"type": "string"
			},
			"RestQueryString": {
				"type": "string"
			}
		},
		"annotations": [],
		"type": "RestResource",
		"schema": []
	},
	"type": "Microsoft.DataFactory/factories/datasets"
}