{
	"name": "azsadna_datasource_generic_adls2_json",
	"properties": {
		"linkedServiceName": {
			"referenceName": "azsadna_generic_adls2",
			"type": "LinkedServiceReference",
			"parameters": {
				"StorageAccountServiceEndPoint": {
					"value": "@dataset().StorageAccountServiceEndPoint",
					"type": "Expression"
				}
			}
		},
		"parameters": {
			"path": {
				"type": "string",
				"defaultValue": "rawhopper/filetoolresults"
			},
			"filename": {
				"type": "string"
			},
			"StorageAccountServiceEndPoint": {
				"type": "string",
				"defaultValue": "https://dapdevidfadls01.dfs.core.windows.net/"
			}
		},
		"annotations": [],
		"type": "Json",
		"typeProperties": {
			"location": {
				"type": "AzureBlobStorageLocation",
				"fileName": {
					"value": "@dataset().filename",
					"type": "Expression"
				},
				"container": {
					"value": "@dataset().path",
					"type": "Expression"
				}
			}
		},
		"schema": {}
	},
	"type": "Microsoft.DataFactory/factories/datasets"
}