{
	"name": "azsadna_datasource_generic_adls2_csv_cfg",
	"properties": {
		"linkedServiceName": {
			"referenceName": "azsadna_generic_adls2",
			"type": "LinkedServiceReference",
			"parameters": {
				"StorageAccountServiceEndPoint": {
					"value": "@dataset().StorageAccountServiceEndPoint",
					"type": "Expression"
				}
			}
		},
		"parameters": {
			"StorageAccountServiceEndPoint": {
				"type": "string"
			},
			"path": {
				"type": "string"
			},
			"filename": {
				"type": "string"
			},
			"separator": {
				"type": "string"
			},
			"hasHeader": {
				"type": "bool"
			},
			"FieldWrapper": {
				"type": "string"
			},
			"EscapeChar": {
				"type": "string"
			}
		},
		"annotations": [],
		"type": "DelimitedText",
		"typeProperties": {
			"location": {
				"type": "AzureBlobFSLocation",
				"fileName": {
					"value": "@dataset().filename",
					"type": "Expression"
				},
				"fileSystem": {
					"value": "@dataset().path",
					"type": "Expression"
				}
			},
			"columnDelimiter": {
				"value": "@dataset().separator",
				"type": "Expression"
			},
			"rowDelimiter": "\n",
			"escapeChar": {
				"value": "@dataset().EscapeChar",
				"type": "Expression"
			},
			"firstRowAsHeader": {
				"value": "@dataset().hasHeader",
				"type": "Expression"
			},
			"quoteChar": {
				"value": "@dataset().FieldWrapper",
				"type": "Expression"
			}
		},
		"schema": [
			{
				"type": "String"
			},
			{
				"type": "String"
			},
			{
				"type": "String"
			}
		]
	},
	"type": "Microsoft.DataFactory/factories/datasets"
}