{
	"name": "azsadna_datasource_generic_adls2_excel",
	"properties": {
		"linkedServiceName": {
			"referenceName": "azsadna_generic_adls2",
			"type": "LinkedServiceReference",
			"parameters": {
				"StorageAccountServiceEndPoint": {
					"value": "@dataset().StorageAccountServiceEndPoint",
					"type": "Expression"
				}
			}
		},
		"parameters": {
			"StorageAccountServiceEndPoint": {
				"type": "string"
			},
			"path": {
				"type": "string"
			},
			"filename": {
				"type": "string"
			},
			"worksheetRange": {
				"type": "string"
			},
			"worksheetName": {
				"type": "string"
			},
			"firstRowAsHeader": {
				"type": "bool"
			},
			"nullValue": {
				"type": "string"
			}
		},
		"annotations": [],
		"type": "Excel",
		"typeProperties": {
			"sheetName": {
				"value": "@dataset().worksheetName",
				"type": "Expression"
			},
			"location": {
				"type": "AzureBlobFSLocation",
				"fileName": {
					"value": "@dataset().filename",
					"type": "Expression"
				},
				"fileSystem": {
					"value": "@dataset().path",
					"type": "Expression"
				}
			},
			"range": {
				"value": "@dataset().worksheetRange",
				"type": "Expression"
			},
			"firstRowAsHeader": {
				"value": "@dataset().firstRowAsHeader",
				"type": "Expression"
			},
			"nullValue": {
				"value": "@dataset().nullValue",
				"type": "Expression"
			}
		},
		"schema": []
	},
	"type": "Microsoft.DataFactory/factories/datasets"
}