{
	"name": "azsadna_datasource_generic_blob_csv",
	"properties": {
		"linkedServiceName": {
			"referenceName": "azsadna_generic_blob",
			"type": "LinkedServiceReference",
			"parameters": {
				"StorageAccountServiceEndPoint": {
					"value": "@dataset().StorageAccountServiceEndPoint",
					"type": "Expression"
				}
			}
		},
		"parameters": {
			"StorageAccountServiceEndPoint": {
				"type": "string"
			},
			"path": {
				"type": "string"
			},
			"filename": {
				"type": "string"
			}
		},
		"annotations": [],
		"type": "DelimitedText",
		"typeProperties": {
			"location": {
				"type": "AzureBlobStorageLocation",
				"fileName": {
					"value": "@dataset().filename",
					"type": "Expression"
				},
				"container": {
					"value": "@dataset().path",
					"type": "Expression"
				}
			},
			"columnDelimiter": "\t",
			"rowDelimiter": "\n",
			"escapeChar": "",
			"firstRowAsHeader": false,
			"quoteChar": ""
		},
		"schema": [
			{
				"type": "String"
			},
			{
				"type": "String"
			},
			{
				"type": "String"
			}
		]
	},
	"type": "Microsoft.DataFactory/factories/datasets"
}