{
	"name": "azsadna_datasource_generic_mssql",
	"properties": {
		"description": "Generic dataset to connect to a table in mssql and call a stored procedure with output",
		"linkedServiceName": {
			"referenceName": "MVPMetaDataStore",
			"type": "LinkedServiceReference"
		},
		"parameters": {
			"schema": {
				"type": "string",
				"defaultValue": "idfwba"
			},
			"table": {
				"type": "string",
				"defaultValue": "DUMMY_FEED"
			}
		},
		"annotations": [],
		"type": "AzureSqlTable",
		"schema": [],
		"typeProperties": {
			"schema": {
				"value": "@dataset().schema",
				"type": "Expression"
			},
			"table": {
				"value": "@dataset().table",
				"type": "Expression"
			}
		}
	},
	"type": "Microsoft.DataFactory/factories/datasets"
}