{
	"name": "azsadna_datasource_generic_adls2_landing_zipformat",
	"properties": {
		"description": "Generic dataset pointing to Data Lake for azsanedna",
		"linkedServiceName": {
			"referenceName": "AzureDataLakeStorage1",
			"type": "LinkedServiceReference"
		},
		"parameters": {
			"path": {
				"type": "string",
				"defaultValue": "landing"
			},
			"filename": {
				"type": "string"
			},
			"StorageAccountServiceEndPoint": {
				"type": "string"
			}
		},
		"annotations": [],
		"type": "Binary",
		"typeProperties": {
			"location": {
				"type": "AzureBlobFSLocation",
				"fileName": {
					"value": "@dataset().filename",
					"type": "Expression"
				},
				"fileSystem": {
					"value": "@dataset().path",
					"type": "Expression"
				}
			},
			"compression": {
				"type": "ZipDeflate",
				"level": "Optimal"
			}
		}
	},
	"type": "Microsoft.DataFactory/factories/datasets"
}