{
	"name": "azsadna_datasource_generic_azure_sql",
	"properties": {
		"linkedServiceName": {
			"referenceName": "AzureSqlDatabase1",
			"type": "LinkedServiceReference"
		},
		"parameters": {
			"ServerName": {
				"type": "string"
			},
			"DatabaseName": {
				"type": "string"
			},
			"PasswordSecretName": {
				"type": "string"
			},
			"UserName": {
				"type": "string"
			}
		},
		"annotations": [],
		"type": "AzureSqlTable",
		"schema": []
	},
	"type": "Microsoft.DataFactory/factories/datasets"
}