{
	"name": "BinaryStorageSFTP",
	"properties": {
		"linkedServiceName": {
			"referenceName": "Sftp1",
			"type": "LinkedServiceReference"
		},
		"parameters": {
			"destination_directory": {
				"type": "string"
			},
			"source_file_name": {
				"type": "string"
			}
		},
		"annotations": [],
		"type": "Binary",
		"typeProperties": {
			"location": {
				"type": "SftpLocation",
				"fileName": {
					"value": "@dataset().source_file_name",
					"type": "Expression"
				},
				"folderPath": {
					"value": "@dataset().destination_directory",
					"type": "Expression"
				}
			}
		}
	}
}