{
	"name": "ConfigFiles",
	"properties": {
		"linkedServiceName": {
			"referenceName": "azsadna_generic_adls2",
			"type": "LinkedServiceReference",
			"parameters": {
				"StorageAccountServiceEndPoint": {
					"value": "@dataset().EndpointURL",
					"type": "Expression"
				}
			}
		},
		"parameters": {
			"EndpointURL": {
				"type": "string",
				"defaultValue": "https://dlxdevsemprtoutsa01.blob.core.windows.net"
			},
			"FolderName": {
				"type": "string",
				"defaultValue": "testmz"
			},
			"ConfigFileName": {
				"type": "string",
				"defaultValue": "sftp_config_update"
			}
		},
		"annotations": [],
		"type": "DelimitedText",
		"typeProperties": {
			"location": {
				"type": "AzureBlobStorageLocation",
				"fileName": {
					"value": "@concat(dataset().ConfigFileName, '.csv')",
					"type": "Expression"
				},
				"container": {
					"value": "@dataset().FolderName",
					"type": "Expression"
				}
			},
			"columnDelimiter": ",",
			"escapeChar": "\\",
			"firstRowAsHeader": true,
			"quoteChar": "\""
		},
		"schema": []
	}
}