{
  "name": "ESP_Triggers",
  "properties": {
    "linkedServiceName": {
      "referenceName": "ESP_VM_SFTP",
      "type": "LinkedServiceReference"
    },
    "parameters": {
      "filename": {
        "type": "string"
      }
    },
    "annotations": [],
    "type": "Binary",
    "typeProperties": {
      "location": {
        "type": "SftpLocation",
        "fileName": {
          "value": "@dataset().filename",
          "type": "Expression"
        },
        "folderPath": "/app/etl_scheduler_trigger"
      }
    }
  }
}