{
	"name": "espTriggers",
	"properties": {
		"linkedServiceName": {
			"referenceName": "ESP_VM_SFTP",
			"type": "LinkedServiceReference"
		},
		"parameters": {
			"filename": {
				"type": "string"
			}
		},
		"annotations": [],
		"type": "DelimitedText",
		"typeProperties": {
			"location": {
				"type": "SftpLocation",
				"fileName": {
					"value": "@dataset().filename",
					"type": "Expression"
				},
				"folderPath": "/app/etl_scheduler_trigger"
			},
			"columnDelimiter": ",",
			"escapeChar": "\\",
			"quoteChar": ""
		},
		"schema": []
	}
}