{
	"name": "metadataJson",
	"properties": {
		"linkedServiceName": {
			"referenceName": "AzureDataLakeStorage1",
			"type": "LinkedServiceReference"
		},
		"parameters": {
			"path": {
				"type": "string"
			},
			"filename": {
				"type": "string"
			}
		},
		"annotations": [],
		"type": "Json",
		"typeProperties": {
			"location": {
				"type": "AzureBlobFSLocation",
				"fileName": {
					"value": "@dataset().filename",
					"type": "Expression"
				},
				"fileSystem": {
					"value": "@dataset().path",
					"type": "Expression"
				}
			}
		},
		"schema": {
			"type": "object",
			"properties": {
				"dateTimeStart": {
					"type": "string"
				},
				"dateTimeEnd": {
					"type": "string"
				},
				"taskStatus": {
					"type": "object",
					"properties": {
						"statusCode": {
							"type": "string"
						},
						"errors": {
							"type": "null"
						}
					}
				},
				"taskId": {
					"type": "string"
				},
				"originalFileName": {
					"type": "string"
				},
				"originalFileMd5Hash": {
					"type": "null"
				},
				"taskResultFilePath": {
					"type": "string"
				},
				"taskResultFileName": {
					"type": "string"
				},
				"totalBytesProcessed": {
					"type": "integer"
				},
				"totalRowsProcessed": {
					"type": "integer"
				},
				"taskResults": {
					"type": "array",
					"items": {
						"type": "object",
						"properties": {
							"fileName": {
								"type": "string"
							},
							"md5Hash": {
								"type": "string"
							},
							"assetId": {
								"type": "string"
							},
							"parentAssetId": {
								"type": "string"
							},
							"size": {
								"type": "integer"
							},
							"rows": {
								"type": "integer"
							},
							"extension": {
								"type": "string"
							},
							"errorMessage": {
								"type": "null"
							}
						}
					}
				}
			}
		}
	}
}