{
	"name": "SourceDataset",
	"properties": {
		"linkedServiceName": {
			"referenceName": "azsadna_generic_adls2",
			"type": "LinkedServiceReference",
			"parameters": {
				"StorageAccountServiceEndPoint": {
					"value": "@dataset().source_storage_account_endpoint",
					"type": "Expression"
				}
			}
		},
		"parameters": {
			"source_storage_account_name": {
				"type": "string"
			},
			"source_container": {
				"type": "string"
			},
			"source_file_name": {
				"type": "string"
			},
			"source_storage_account_endpoint": {
				"type": "string"
			}
		},
		"annotations": [],
		"type": "Binary",
		"typeProperties": {
			"location": {
				"type": "AzureBlobStorageLocation",
				"fileName": {
					"value": "@dataset().source_file_name",
					"type": "Expression"
				},
				"container": {
					"value": "@dataset().source_container",
					"type": "Expression"
				}
			}
		}
	}
}