[
  {
    "ColumnName": "src_name",
    "Type": "",
    "Nullable": "",
    "FieldLength": "",
    "SpecialChar": "",
    "DateFormat": ""
  },
  {
    "ColumnName": "src_type",
    "Type": "",
    "Nullable": "",
    "FieldLength": "",
    "SpecialChar": "",
    "DateFormat": ""
  },
  {
    "ColumnName": "src_key",
    "Type": "",
    "Nullable": "",
    "FieldLength": "",
    "SpecialChar": "",
    "DateFormat": ""
  },
  {
    "ColumnName": "err_desc",
    "Type": "",
    "Nullable": "",
    "FieldLength": "",
    "SpecialChar": "",
    "DateFormat": ""
  },
  {
    "ColumnName": "prty_cd",
    "Type": "",
    "Nullable": "",
    "FieldLength": "",
    "SpecialChar": "",
    "DateFormat": ""
  },
  {
    "ColumnName": "edw_gen_mi_last_update_dttm",
    "Type": "",
    "Nullable": "",
    "FieldLength": "",
    "SpecialChar": "",
    "DateFormat": ""
  },
  {
    "ColumnName": "member_id",
    "Type": "StringType",
    "Nullable": "True",
    "FieldLength": "80",
    "SpecialChar": "True",
    "DateFormat": ""
  },
  {
    "ColumnName": "adv_event_type",
    "Type": "StringType",
    "Nullable": "True",
    "FieldLength": "1",
    "SpecialChar": "True",
    "DateFormat": ""
  },
  {
    "ColumnName": "adv_event_seq_number",
    "Type": "StringType",
    "Nullable": "True",
    "FieldLength": "4",
    "SpecialChar": "True",
    "DateFormat": ""
  },
  {
    "ColumnName": "adv_event_version_type_code",
    "Type": "StringType",
    "Nullable": "True",
    "FieldLength": "1",
    "SpecialChar": "True",
    "DateFormat": ""
  },
  {
    "ColumnName": "adv_event_version_seq_number",
    "Type": "StringType",
    "Nullable": "True",
    "FieldLength": "2",
    "SpecialChar": "True",
    "DateFormat": ""
  },
  {
    "ColumnName": "adv_offer_code",
    "Type": "StringType",
    "Nullable": "True",
    "FieldLength": "4",
    "SpecialChar": "True",
    "DateFormat": ""
  },
  {
    "ColumnName": "as_of_date",
    "Type": "DateType",
    "Nullable": "True",
    "FieldLength": "",
    "SpecialChar": "False",
    "DateFormat": "%Y-%m-%d  %H:%M:%S"
  },
  {
    "ColumnName": "offer_start_date",
    "Type": "DateType",
    "Nullable": "True",
    "FieldLength": "",
    "SpecialChar": "False",
    "DateFormat": "%Y-%m-%d"
  },
  {
    "ColumnName": "offer_end_date",
    "Type": "DateType",
    "Nullable": "True",
    "FieldLength": "",
    "SpecialChar": "False",
    "DateFormat": "%Y-%m-%d %H:%M:%S"
  },
  {
    "ColumnName": "offer_description",
    "Type": "StringType",
    "Nullable": "True",
    "FieldLength": "100",
    "SpecialChar": "False",
    "DateFormat": ""
  },
  {
    "ColumnName": "progress_toward_threshold",
    "Type": "DecimalType",
    "Nullable": "True",
    "FieldLength": "",
    "SpecialChar": "False",
    "DateFormat": ""
  },
  {
    "ColumnName": "bonus_counter",
    "Type": "DecimalType",
    "Nullable": "True",
    "FieldLength": "",
    "SpecialChar": "False",
    "DateFormat": ""
  },
  {
    "ColumnName": "type_of_counter",
    "Type": "StringType",
    "Nullable": "True",
    "FieldLength": "1",
    "SpecialChar": "True",
    "DateFormat": ""
  },
  {
    "ColumnName": "threshold",
    "Type": "DecimalType",
    "Nullable": "True",
    "FieldLength": "",
    "SpecialChar": "False",
    "DateFormat": ""
  },
  {
    "ColumnName": "number_of_points_to_be_awarded",
    "Type": "DecimalType",
    "Nullable": "True",
    "FieldLength": "",
    "SpecialChar": "False",
    "DateFormat": ""
  },
  {
    "ColumnName": "award_type",
    "Type": "StringType",
    "Nullable": "True",
    "FieldLength": "10",
    "SpecialChar": "True",
    "DateFormat": ""
  },
  {
    "ColumnName": "number_of_dollars_to_be_awarded",
    "Type": "DecimalType",
    "Nullable": "True",
    "FieldLength": "",
    "SpecialChar": "False",
    "DateFormat": ""
  }
]