{
   "type":"struct",
   "fields":[
       {
         "name":"src_name",
         "type":"string",
         "nullable":true,
         "metadata":{
         }
      },
      {
         "name":"src_type",
         "type":"string",
         "nullable":true,
         "metadata":{
            
         }
      },
      {
         "name":"src_key",
         "type":"string",
         "nullable":true,
         "metadata":{
            
         }
      },
      {
         "name":"err_desc",
         "type":"string",
         "nullable":true,
         "metadata":{
            
         }
      },
      {
         "name":"prty_cd",
         "type":"string",
         "nullable":true,
         "metadata":{
            
         }
      },
	  {
         "name":"member_id",
         "type":"string",
         "nullable":true,
         "metadata":{
            
         }
      },
		{
         "name":"adv_event_type",
         "type":"string",
         "nullable":true,
         "metadata":{
            
         }
      },
      {
         "name":"adv_event_seq_number",
         "type":"string",
         "nullable":true,
         "metadata":{
            
         }
      },
      {
         "name":"adv_event_version_type_code",
         "type":"string",
         "nullable":true,
         "metadata":{
            
         }
      },
      {
         "name":"adv_event_version_seq_number",
         "type":"string",
         "nullable":true,
         "metadata":{
            
         }
      },
      {
         "name":"adv_offer_code",
         "type":"string",
         "nullable":true,
         "metadata":{
            
         }
      },
      {
         "name":"as_of_date",
         "type":"string",
         "nullable":true,
         "metadata":{
            
         }
      },
      {
         "name":"offer_start_date",
         "type":"string",
         "nullable":true,
         "metadata":{
            
         }
      },
      {
         "name":"offer_end_date",
         "type":"string",
         "nullable":true,
         "metadata":{
            
         }
      },
      {
         "name":"offer_description",
         "type":"string",
         "nullable":true,
         "metadata":{
            
         }
      },
      {
         "name":"progress_toward_threshold",
         "type":"string",
         "nullable":true,
         "metadata":{
            
         }
      },
      {
         "name":"bonus_counter",
         "type":"string",
         "nullable":true,
         "metadata":{
            
         }
      },
      {
         "name":"type_of_counter",
         "type":"string",
         "nullable":true,
         "metadata":{
            
         }
      },
	  {
         "name":"threshold",
         "type":"string",
         "nullable":true,
         "metadata":{
            
         }
      },
	  {
         "name":"number_of_points_to_be_awarded",
         "type":"string",
         "nullable":true,
         "metadata":{
            
         }
      },
	  {
         "name":"award_type",
         "type":"string",
         "nullable":true,
         "metadata":{
            
         }
      },
		{
         "name":"number_of_dollars_to_be_awarded",
         "type":"string",
         "nullable":true,
         "metadata":{
            
         }
      } 
   ]
}