{
	"name": "azsadna_generic_adls2",
	"properties": {
		"description": "Generic ADLS2 Storage Account",
		"parameters": {
			"StorageAccountServiceEndPoint": {
				"type": "String"
			}
		},
		"annotations": [],
		"type": "AzureBlobStorage",
		"typeProperties": {
			"serviceEndpoint": "@{linkedService().StorageAccountServiceEndPoint}"
		},
		"connectVia": {
			"referenceName": "GS-DNA-SHIR-01",
			"type": "IntegrationRuntimeReference"
		}
	},
	"type": "Microsoft.DataFactory/factories/linkedservices"
}