{
	"name": "azsadna_generic_azure_sql_db",
	"properties": {
		"description": "azsadna_generic_azure_sql_db",
		"parameters": {
			"pServerName": {
				"type": "String"
			},
			"pDatabaseName": {
				"type": "String"
			},
			"pPasswordSecretName": {
				"type": "string"
			},
			"pUserName": {
				"type": "string"
			}
		},
		"annotations": [],
		"type": "AzureSqlDatabase",
		"typeProperties": {
			"connectionString": "Integrated Security=False;Encrypt=True;Connection Timeout=30;Data Source=@{linkedService().pServerName};Initial Catalog=@{linkedService().pDatabaseName}"
		},
		"connectVia": {
			"referenceName": "GS-DNA-SHIR-01",
			"type": "IntegrationRuntimeReference"
		}
	},
	"type": "Microsoft.DataFactory/factories/linkedservices"
}