{
	"name": "azsadna_generic_blob",
	"properties": {
		"description": "Generic Blob Storage Account",
		"parameters": {
			"StorageAccountServiceEndPoint": {
				"type": "string"
			}
		},
		"annotations": [],
		"type": "AzureBlobStorage",
		"typeProperties": {
			"serviceEndpoint": "@{linkedService().StorageAccountServiceEndPoint}",
			"accountKind": "StorageV2"
		},
		"connectVia": {
			"referenceName": "GS-DNA-SHIR-01",
			"type": "IntegrationRuntimeReference"
		}
	},
	"type": "Microsoft.DataFactory/factories/linkedservices"
}