{
	"name": "azsadna_datasource_generic_rest",
	"properties": {
		"parameters": {
			"BaseUrl": {
				"type": "string"
			},
			"AADResource": {
				"type": "string"
			}
		},
		"annotations": [],
		"type": "RestService",
		"typeProperties": {
			"url": "@{linkedService().BaseUrl}",
			"enableServerCertificateValidation": false,
			"authenticationType": "ManagedServiceIdentity",
			"aadResourceId": "@{linkedService().AADResource}"
		},
		"connectVia": {
			"referenceName": "GS-DNA-SHIR-01",
			"type": "IntegrationRuntimeReference"
		}
	},
	"type": "Microsoft.DataFactory/factories/linkedservices"
}