{
	"name": "AzureDatabricks1",
	"properties": {
		"annotations": [],
		"type": "AzureDatabricks",
		"typeProperties": {
			"domain": "https://adb-5346339970823458.18.azuredatabricks.net",
			"accessToken": {
				"type": "AzureKeyVaultSecret",
				"store": {
					"referenceName": "AzureKeyVault1",
					"type": "LinkedServiceReference"
				},
				"secretName": "dapdevdata-engg01Token"
			},
			"existingClusterId": "0211-074533-waded982"
		}
	},
	"type": "Microsoft.DataFactory/factories/linkedservices"
}