{
	"name": "AzureEmailFunction",
	"properties": {
		"annotations": [],
		"type": "AzureFunction",
		"typeProperties": {
			"functionAppUrl": "https://dapdevdotnetappsrv-functionapp.azurewebsites.net",
			"functionKey": {
				"type": "AzureKeyVaultSecret",
				"store": {
					"referenceName": "AzureKeyVault1",
					"type": "LinkedServiceReference"
				},
				"secretName": "dapdevdotnetappsrv-functionapp-default"
			},
			"authentication": "Anonymous"
		},
		"connectVia": {
			"referenceName": "GS-DNA-SHIR-01",
			"type": "IntegrationRuntimeReference"
		}
	}
}