{
	"name": "AzureDatabricksIngestion",
	"properties": {
		"annotations": [],
		"type": "AzureDatabricks",
		"typeProperties": {
			"domain": "https://adb-5346339970823458.18.azuredatabricks.net",
			"authentication": "MSI",
			"workspaceResourceId": "/subscriptions/e2c5939d-dfc5-4a4a-91fe-39cef55aa720/resourceGroups/rpu-nprod-dna-data-analytics-eastus2-paas-02-rg/providers/Microsoft.Databricks/workspaces/dapdevdata-engg01",
			"newClusterNodeType": "Standard_DS3_v2",
			"newClusterNumOfWorker": "1",
			"newClusterSparkEnvVars": {
				"PYSPARK_PYTHON": "/databricks/python3/bin/python3"
			},
			"newClusterVersion": "11.3.x-scala2.12",
			"newClusterInitScripts": [],
			"clusterOption": "Fixed"
		}
	}
}