{
	"name": "ESP_VM_SFTP",
	"properties": {
		"annotations": [],
		"type": "Sftp",
		"typeProperties": {
			"host": "10.124.105.13",
			"port": 22,
			"skipHostKeyValidation": true,
			"authenticationType": "SshPublicKey",
			"userName": "svcdna2",
			"privateKeyContent": {
				"type": "AzureKeyVaultSecret",
				"store": {
					"referenceName": "AzureKeyVault1",
					"type": "LinkedServiceReference"
				},
				"secretName": "dapespvmpk"
			}
		},
		"connectVia": {
			"referenceName": "GS-DNA-SHIR-01",
			"type": "IntegrationRuntimeReference"
		}
	},
	"type": "Microsoft.DataFactory/factories/linkedservices"
}