{
	"name": "Java_FunctionApp",
	"properties": {
		"annotations": [],
		"type": "AzureFunction",
		"typeProperties": {
			"functionAppUrl": "https://dapdevidfjavaappsrv-functionapp.azurewebsites.net",
			"functionKey": {
				"type": "AzureKeyVaultSecret",
				"store": {
					"referenceName": "AzureKeyVault1",
					"type": "LinkedServiceReference"
				},
				"secretName": "dapdevidfjavaappsrv-functionapp-default"
			}
		},
		"connectVia": {
			"referenceName": "GS-DNA-SHIR-01",
			"type": "IntegrationRuntimeReference"
		}
	},
	"type": "Microsoft.DataFactory/factories/linkedservices"
}