{
	"name": "MVPMetaDataStore",
	"properties": {
		"description": "MVPMetaDataStore",
		"annotations": [],
		"type": "AzureSqlDatabase",
		"typeProperties": {
			"connectionString": "Integrated Security=False;Encrypt=True;Connection Timeout=30;Data Source=dapdevsqlsrv01.database.windows.net;Initial Catalog=dapdevsqldb01",
			"servicePrincipalId": "fdf68c11-b579-4eb3-90f1-a89b3f61135a",
			"servicePrincipalKey": {
				"type": "AzureKeyVaultSecret",
				"store": {
					"referenceName": "AzureKeyVault1",
					"type": "LinkedServiceReference"
				},
				"secretName": "devdnasqldb"
			},
			"tenant": "92cb778e-8ba7-4f34-a011-4ba6e7366996"
		},
		"connectVia": {
			"referenceName": "GS-DNA-SHIR-01",
			"type": "IntegrationRuntimeReference"
		}
	},
	"type": "Microsoft.DataFactory/factories/linkedservices"
}