{
  "Microsoft.DataFactory/factories/integrationRuntimes":{
    "properties": {
        "typeProperties": {
            "linkedInfo": {
                "key": {
                    "value": "=:linkedIRresourceID:secureString"
                },
                "resourceId": "="
            }
        }
    }
  },
  "Microsoft.DataFactory/factories/linkedServices": {
    "AzureFunction": {
      "properties": {
        "typeProperties": {
          "functionAppUrl": "=:functionAppUrl:string"
        }
      }
    },
    "AzureKeyVault": {
      "properties": {
        "typeProperties": {
          "baseUrl": "=:baseUrl:string"
        }
      }
    },
    "AzureBlobFS": {
      "properties": {
        "typeProperties": {
          "url": "=:url:string"
        }
      }
    },
    "AzureBlobStorage": {
      "properties": {
        "typeProperties": {
          "serviceEndpoint": "=:serviceEndpoint:string"
        }
      }
    }
  },
  "Microsoft.DataFactory/factories/triggers": {
    "properties": {
      "pipelines": [
        {
          "parameters": {
            "pAssetPath": "=:pAssetPath:string",
            "pAssetName": "=:pAssetName:string",
            "pAssetType": "=:pAssetType:string",
            "pStorageAccount":"=:pStorageAccount:string",
            "pStorageAccountType":"=:pStorageAccountType:string",
            "pContainer":"=:pContainer:string"
          }
        },
        "pipelineReference.referenceName"
      ],
      "typeProperties": {
        "scope": "=:scope:string"
      }
    }
  }
}