{
    "project_name": "BUKOPMS",
    "config_type": "etl",
    "description": "",
    "data_source": [],
    "report_path": "/mnt/idf-reports/BTUKOPTIT/BUKOPMS/BTCOPT_PATIENT_CUSTOMER_ADVICE_GIVEN_BUKOPMS_Incr/Incremental/CurateADLS/",
    "cards": [
        {
            "card_id": "card_0",
            "card_dependencies": [],
            "label": "Read_Delta 0",
            "card_type": "read_delta",
            "description": "reading standard location",
            "data_path": "/mnt/idf-curatestandard/BTUKOPTIT/BUKOPMS/BTCOPT_PATIENT_CUSTOMER_ADVICE_GIVEN_BUKOPMS_Incr/Incremental",
            "output_table": "advicegiven1"
        },
        {
            "card_id": "card_1",
            "card_dependencies": [
                "card_0"
            ],
            "label": "Apply_Filter 1",
            "card_type": "apply_filter",
            "description": "filtering records with RunDateTime",
            "input_table": "advicegiven1",
            "output_table": "advicegiven2",
            "filter": [],
            "unmatch_data": false
        },
		{
			"card_id": "card_2",
			"card_dependencies": [],
			"label": "Read_Table 2",
			"card_type": "read_table",
			"description": "Read ADLS table",
			"query": "Select * from curate_enterprise.reflovsetinfo",
			"temp_table_name": "reflovsetinfo",
			"partition_column_list": ""
		},
        {
            "card_id": "card_28",
            "card_dependencies": [
                "card_1"
            ],
            "label": "Read_Table 28",
            "card_type": "read_table",
            "description": "Making null void null",
            "query": "select nullif(CurateStandardRowKey,'null') as CurateStandardRowKey,nullif(ID,'null') as ID,nullif(CODE,'null') as CODE,nullif(SERVICE_ITEM_CODE,'null') as SERVICE_ITEM_CODE,nullif(SERVICE_ITEM_TYPE,'null') as SERVICE_ITEM_TYPE,nullif(CORRECTION,'null') as CORRECTION,nullif(CORRECTION_TYPE,'null') as CORRECTION_TYPE,nullif(FULL_TIME_WEAR,'null') as FULL_TIME_WEAR,nullif(PART_TIME_WEAR,'null') as PART_TIME_WEAR,nullif(NO_CORRECTION,'null') as NO_CORRECTION,nullif(SUITABLE_CONTACT_LENSES,'null') as SUITABLE_CONTACT_LENSES,nullif(REFERRAL,'null') as REFERRAL,nullif(REFERRAL_TYPE,'null') as REFERRAL_TYPE,nullif(BOOK_FURTHER_APPOINTMENT,'null') as BOOK_FURTHER_APPOINTMENT,nullif(DELETED,'null') as DELETED,nullif(OPERATION,'null') as OPERATION,nullif(TIMESTAMP,'null') as TIMESTAMP,nullif(TRANSACTIONID,'null') as TRANSACTIONID from advicegiven2",
            "temp_table_name": "advicegiven28",
            "partition_column_list": ""
        },
        {
            "card_id": "card_4",
            "card_dependencies": [
                "card_28"
            ],
            "label": "Read_Table 4",
            "card_type": "read_table",
            "description": "fetching latest records",
            "query": "select * from (select row_number() OVER(PARTITION BY code order BY timestamp desc,case when operation='DELETE' then 1 when operation='UPDATE' then 2 when operation='INSERT' then 3 when operation='REFRESH' then 4 end asc) as rn,row_number() OVER(PARTITION BY code,timestamp,operation order BY timestamp desc,operation desc) as rnk,* FROM advicegiven28)t where t.rnk = 1",
            "temp_table_name": "advicegiven5",
            "partition_column_list": ""
        },
		{
            "card_id": "card_18",
            "card_dependencies": [
                "card_4"
            ],
            "label": "Read_Table 18",
            "card_type": "read_table",
            "description": "Populating etlrunlogid",
            "query": "select s.*,r.ETLRunId as ETLRunLogIdNew from advicegiven5 s join (select max(cast(ETLRunId as int)) as ETLRunId from RPI_LOGGING.RPI_COMMON_LOGGING where processstage='CurateStandard' and feedname = 'BTCOPT_PATIENT_CUSTOMER_ADVICE_GIVEN_BUKOPMS_Incr') r on (1=1)",
            "temp_table_name": "advicegivenlog",
            "partition_column_list": ""
        },
        {
            "card_id": "card_3",
            "card_dependencies": [
                "card_2",
				"card_18"
            ],
            "label": "Read_Table 3",
            "card_type": "read_table",
            "description": "Applying Transformations",
            "query": "select distinct md5(concat_ws('^|~',s.code,r.LOVId)) as ServiceGroupAdviceGivenId,s.code as SRCAdviceGivenId,s.SERVICE_ITEM_CODE as ServiceItemCode ,s.Service_Item_Type as ServiceItemType,nullif(s.Correction,'null') as Correction,s.Correction_Type as CorrectionType,nullif(s.Full_Time_Wear,'null') as FullTimeWear,nullif(s.Part_Time_Wear,'null') as PartTimeWear,nullif(s.No_Correction,'null') as NoCorrection,nullif(s.Suitable_Contact_Lenses,'null') as SuitableContactLenses,nullif(s.Referral,'null') as Referral,s.Referral_Type as ReferralType,nullif(s.Book_Further_Appointment,'null') as BookFurtherAppointment,nullif(s.Deleted,'null') as Deleted,'BUKOPMS' as RecordSourceCode,cast(r.LOVId as int) as LOVRecordSourceId,cast(s.CurateStandardRowKey as bigint) as DLCurateStandardRowKey,cast(s.ETLRunLogIdNew as int) as DLETLRunLogID,current_timestamp as RunDateTime,case when s.rn=1 and ifnull(s.operation,'null')<>'DELETE' then 'Y' when s.rn=1 and ifnull(s.operation,'null')='DELETE' then 'D' else 'N' end as DLSCDActiveFlag  from advicegivenlog s join (select LOVId from reflovsetinfo where lovkey='BUKOPMS' and lovsetname='System of Record' and LOVRecordsourceid='12012') r on(1=1) where s.code is not null",
            "temp_table_name": "ODHServiceGroupAdviceGiven",
            "partition_column_list": ""
        },
        {
            "card_id": "card_25",
            "card_dependencies": [
                "card_3"
            ],
            "label": "Read_Table 25",
            "card_type": "read_table",
            "description": "Filtering Records and Casting to correct DataType",
            "query": "select distinct cast(ServiceGroupAdviceGivenId as string), cast(SRCAdviceGivenId as string), cast(ServiceItemCode as string), cast(ServiceItemType as string), cast(Correction as string), cast(CorrectionType as string), cast(FullTimeWear as string), cast(PartTimeWear as string), cast(NoCorrection as string), cast(SuitableContactLenses as string), cast(Referral as string), cast(ReferralType as string), cast(BookFurtherAppointment as string), cast(Deleted as string),cast(RecordSourceCode  as string),cast(LOVRecordSourceId as int),cast(RunDateTime as timestamp),cast(DLCurateStandardRowKey as bigint),DLETLRunLogID,DLSCDActiveFlag from ODHServiceGroupAdviceGiven where SRCAdviceGivenId is not null and ServiceItemCode is not null and ServiceItemType is not null",
            "temp_table_name": "ODHServiceGroupAdviceGiven1",
            "partition_column_list": ""
        },
        {
            "card_id": "card_27",
            "card_dependencies": [
                "card_25"
            ],
            "label": "Read_Table 27",
            "card_type": "read_table",
            "description": "Insert in ADLS",
            "query": "MERGE INTO curate_enterprise.ODHServiceGroupAdviceGiven T USING (SELECT case when s.dlscdactiveflag='Y' then s.ServiceGroupAdviceGivenId else 'DEACTIVATE' end as mergeKey, s.* FROM ODHServiceGroupAdviceGiven1 s where s.dlscdactiveflag<>'D' UNION ALL SELECT 'UPDATE' as mergeKey, source.* FROM ODHServiceGroupAdviceGiven1 source JOIN curate_enterprise.ODHServiceGroupAdviceGiven Target ON source.ServiceGroupAdviceGivenId = Target.ServiceGroupAdviceGivenId WHERE Target.DLSCDActiveFlag = 'Y' and source.DLSCDActiveFlag = 'Y') src ON T.ServiceGroupAdviceGivenId = src.mergeKey AND T.DLSCDActiveFlag = 'Y' when matched THEN UPDATE SET DLSCDActiveFlag = 'N', DLSCDEndDateTime = src.RunDateTime ,DLUpdateDateTime = src.RunDateTime WHEN not MATCHED AND src.mergeKey <> 'UPDATE' and src.mergekey <> 'DEACTIVATE' THEN INSERT(ServiceGroupAdviceGivenId,SRCAdviceGivenId,ServiceItemCode,ServiceItemType,Correction,CorrectionType,FullTimeWear,PartTimeWear,NoCorrection,SuitableContactLenses,Referral,ReferralType,BookFurtherAppointment,Deleted,RecordSourceCode,LOVRecordSourceId ,RunDateTime,DLCreateDateTime,DLUpdateDateTime,DLSCDStartDateTime,DLSCDEndDateTime,DLSCDActiveFlag,DLETLRunLogID,DLCurateStandardRowKey)  VALUES(src.ServiceGroupAdviceGivenId,src.SRCAdviceGivenId,src.ServiceItemCode,src.ServiceItemType,src.Correction,src.CorrectionType,src.FullTimeWear,src.PartTimeWear,src.NoCorrection,src.SuitableContactLenses,src.Referral,src.ReferralType,src.BookFurtherAppointment,src.Deleted,src.RecordSourceCode,src.LOVRecordSourceId,src.RunDateTime,src.RunDateTime,src.RunDateTime,'1900-01-01 00:00:00.000','9999-12-31 00:00:00.000',src.DLSCDActiveFlag,src.DLETLRunLogID,src.DLCurateStandardRowKey) WHEN not MATCHED AND src.mergeKey = 'UPDATE' THEN INSERT(ServiceGroupAdviceGivenId,SRCAdviceGivenId,ServiceItemCode,ServiceItemType,Correction,CorrectionType,FullTimeWear,PartTimeWear,NoCorrection,SuitableContactLenses,Referral,ReferralType,BookFurtherAppointment,Deleted,RecordSourceCode,LOVRecordSourceId ,RunDateTime,DLCreateDateTime,DLUpdateDateTime,DLSCDStartDateTime,DLSCDEndDateTime,DLSCDActiveFlag,DLETLRunLogID,DLCurateStandardRowKey)  VALUES(src.ServiceGroupAdviceGivenId,src.SRCAdviceGivenId,src.ServiceItemCode,src.ServiceItemType,src.Correction,src.CorrectionType,src.FullTimeWear,src.PartTimeWear,src.NoCorrection,src.SuitableContactLenses,src.Referral,src.ReferralType,src.BookFurtherAppointment,src.Deleted,src.RecordSourceCode,src.LOVRecordSourceId,src.RunDateTime,src.RunDateTime,src.RunDateTime,src.RunDateTime,'9999-12-31 00:00:00.000',src.DLSCDActiveFlag,src.DLETLRunLogID,src.DLCurateStandardRowKey) WHEN not MATCHED AND src.mergeKey = 'DEACTIVATE' THEN INSERT(ServiceGroupAdviceGivenId,SRCAdviceGivenId,ServiceItemCode,ServiceItemType,Correction,CorrectionType,FullTimeWear,PartTimeWear,NoCorrection,SuitableContactLenses,Referral,ReferralType,BookFurtherAppointment,Deleted,RecordSourceCode,LOVRecordSourceId ,RunDateTime,DLCreateDateTime,DLUpdateDateTime,DLSCDStartDateTime,DLSCDEndDateTime,DLSCDActiveFlag,DLETLRunLogID,DLCurateStandardRowKey)  VALUES(src.ServiceGroupAdviceGivenId,src.SRCAdviceGivenId,src.ServiceItemCode,src.ServiceItemType,src.Correction,src.CorrectionType,src.FullTimeWear,src.PartTimeWear,src.NoCorrection,src.SuitableContactLenses,src.Referral,src.ReferralType,src.BookFurtherAppointment,src.Deleted,src.RecordSourceCode,src.LOVRecordSourceId,src.RunDateTime,src.RunDateTime,src.RunDateTime,src.RunDateTime,src.RunDateTime,src.DLSCDActiveFlag,src.DLETLRunLogID,src.DLCurateStandardRowKey)",
            "temp_table_name": "ODHServiceGroupAdviceGiven3",
            "partition_column_list": ""
        },
        {
            "card_id": "card_27033",
            "card_dependencies": [
                "card_27"
            ],
            "label": "Read_Table 27",
            "card_type": "read_table",
            "description": "Insert in ADLS",
            "query": "MERGE INTO curate_enterprise.ODHServiceGroupAdviceGiven T USING (SELECT s.ServiceGroupAdviceGivenId as MergeKey,s.* FROM ODHServiceGroupAdviceGiven1 s where s.dlscdactiveflag='D' UNION ALL SELECT 'UPDATE' as mergeKey, source.* FROM ODHServiceGroupAdviceGiven1 source JOIN curate_enterprise.ODHServiceGroupAdviceGiven Target ON source.ServiceGroupAdviceGivenId = Target.ServiceGroupAdviceGivenId WHERE Target.DLSCDActiveFlag = 'Y' and source.dlscdactiveflag='D') src ON T.ServiceGroupAdviceGivenId = src.mergeKey AND T.DLSCDActiveFlag = 'Y' when matched THEN UPDATE SET DLSCDActiveFlag = 'N', DLSCDEndDateTime = src.RunDateTime ,DLUpdateDateTime = src.RunDateTime WHEN not MATCHED AND src.mergeKey = 'UPDATE' THEN INSERT(ServiceGroupAdviceGivenId,SRCAdviceGivenId,ServiceItemCode,ServiceItemType,Correction,CorrectionType,FullTimeWear,PartTimeWear,NoCorrection,SuitableContactLenses,Referral,ReferralType,BookFurtherAppointment,Deleted,RecordSourceCode,LOVRecordSourceId ,RunDateTime,DLCreateDateTime,DLUpdateDateTime,DLSCDStartDateTime,DLSCDEndDateTime,DLSCDActiveFlag,DLETLRunLogID,DLCurateStandardRowKey)  VALUES(src.ServiceGroupAdviceGivenId,src.SRCAdviceGivenId,src.ServiceItemCode,src.ServiceItemType,src.Correction,src.CorrectionType,src.FullTimeWear,src.PartTimeWear,src.NoCorrection,src.SuitableContactLenses,src.Referral,src.ReferralType,src.BookFurtherAppointment,src.Deleted,src.RecordSourceCode,src.LOVRecordSourceId,src.RunDateTime,src.RunDateTime,src.RunDateTime,src.RunDateTime,src.RunDateTime,'N',src.DLETLRunLogID,src.DLCurateStandardRowKey) WHEN not MATCHED AND src.mergeKey <> 'UPDATE' THEN INSERT(ServiceGroupAdviceGivenId,SRCAdviceGivenId,ServiceItemCode,ServiceItemType,Correction,CorrectionType,FullTimeWear,PartTimeWear,NoCorrection,SuitableContactLenses,Referral,ReferralType,BookFurtherAppointment,Deleted,RecordSourceCode,LOVRecordSourceId ,RunDateTime,DLCreateDateTime,DLUpdateDateTime,DLSCDStartDateTime,DLSCDEndDateTime,DLSCDActiveFlag,DLETLRunLogID,DLCurateStandardRowKey)  VALUES(src.ServiceGroupAdviceGivenId,src.SRCAdviceGivenId,src.ServiceItemCode,src.ServiceItemType,src.Correction,src.CorrectionType,src.FullTimeWear,src.PartTimeWear,src.NoCorrection,src.SuitableContactLenses,src.Referral,src.ReferralType,src.BookFurtherAppointment,src.Deleted,src.RecordSourceCode,src.LOVRecordSourceId,src.RunDateTime,src.RunDateTime,src.RunDateTime,src.RunDateTime,src.RunDateTime,'N',src.DLETLRunLogID,src.DLCurateStandardRowKey)",
            "temp_table_name": "ODHServiceGroupAdviceGiven27033",
            "partition_column_list": ""
        }
    ]
}
