{
  "apiVersion": "2021-01-01-preview",
  "properties": {
    "entityDefinitions": {
      "existingEntities": [
        {
          "primaryKey": [
            "TransactionId",
            "CouponId"
          ],
          "baseEntityReference": {
            "path": "TransactionCoupon.cdm.json",
            "name": "TransactionCoupon"
          },
          "name": "TransactionCoupon",
          "path": "TransactionCoupon.cdm.json",
          "description": "The coupon(s) used during the associated Transaction.",
          "projectionInfo": {
            "attributes": [
              {
                "description": "",
                "name": "CouponKeyedIndicator",
                "dataTypeLength": 1,
                "type": "New",
                "dataType": "char"
              },
              {
                "description": "",
                "name": "CouponRefundIndicator",
                "dataTypeLength": 1,
                "type": "New",
                "dataType": "char"
              },
              {
                "description": "",
                "name": "CouponVoidedIndicator",
                "dataTypeLength": 1,
                "type": "New",
                "dataType": "char"
              },
              {
                "description": "",
                "name": "CouponQuantityEnteredIndicator",
                "dataTypeLength": 1,
                "type": "New",
                "dataType": "char"
              },
              {
                "description": "",
                "name": "LoyaltyUnitsCouponIndicator",
                "dataTypeLength": 1,
                "type": "New",
                "dataType": "char"
              },
              {
                "description": "",
                "name": "CouponPriceOverrideIndicator",
                "dataTypeLength": 1,
                "type": "New",
                "dataType": "char"
              },
              {
                "name": "TransactionId",
                "type": "Existing",
                "attributeReference": {
                  "entity": "TransactionCoupon.cdm.json/TransactionCoupon",
                  "name": "TransactionId"
                }
              },
              {
                "name": "CouponId",
                "type": "Existing",
                "attributeReference": {
                  "entity": "TransactionCoupon.cdm.json/TransactionCoupon",
                  "name": "CouponId"
                }
              },
              {
                "name": "TransactionCouponDiscountAmount",
                "dataTypeLength": 12,
                "type": "Existing",
                "attributeReference": {
                  "entity": "TransactionCoupon.cdm.json/TransactionCoupon",
                  "name": "TransactionCouponDiscountAmount"
                }
              }
            ]
          }
        },
        {
          "primaryKey": [
            "TransactionId",
            "PromotionId"
          ],
          "baseEntityReference": {
            "path": "TransactionPromotion.cdm.json",
            "name": "TransactionPromotion"
          },
          "name": "TransactionPromotion",
          "path": "TransactionPromotion.cdm.json",
          "description": "A promotion that is applicable to the associated transaction.\n\nEx:\n- Senior citizen discount",
          "projectionInfo": {
            "attributes": [
              {
                "description": "",
                "name": "PromotionDescription",
                "dataTypeLength": 40,
                "type": "New",
                "dataType": "char"
              },
              {
                "name": "TransactionId",
                "type": "Existing",
                "attributeReference": {
                  "entity": "TransactionPromotion.cdm.json/TransactionPromotion",
                  "name": "TransactionId"
                }
              },
              {
                "name": "PromotionId",
                "type": "Existing",
                "attributeReference": {
                  "entity": "TransactionPromotion.cdm.json/TransactionPromotion",
                  "name": "PromotionId"
                }
              }
            ]
          }
        },
        {
          "primaryKey": [
            "TransactionId",
            "PaymentId"
          ],
          "baseEntityReference": {
            "path": "TransactionPayment.cdm.json",
            "name": "TransactionPayment"
          },
          "name": "TransactionPayment",
          "path": "TransactionPayment.cdm.json",
          "description": "The one or more payments that settle the transaction.",
          "projectionInfo": {
            "attributes": [
              {
                "name": "TransactionId",
                "type": "Existing",
                "attributeReference": {
                  "entity": "TransactionPayment.cdm.json/TransactionPayment",
                  "name": "TransactionId"
                }
              },
              {
                "name": "PaymentId",
                "type": "Existing",
                "attributeReference": {
                  "entity": "TransactionPayment.cdm.json/TransactionPayment",
                  "name": "PaymentId"
                }
              }
            ]
          }
        },
        {
          "primaryKey": [
            "LoyaltyProgramId",
            "LoyaltyAccountId",
            "Timestamp"
          ],
          "baseEntityReference": {
            "path": "LoyaltyAccountEarning.cdm.json",
            "name": "LoyaltyAccountEarning"
          },
          "name": "LoyaltyAccountEarning",
          "path": "LoyaltyAccountEarning.cdm.json",
          "description": "The loyalty units earned by the loyalty account for a non-partner interaction.",
          "projectionInfo": {
            "attributes": [
              {
                "description": "Points addition validation code (excluding check digit)",
                "name": "LoyaltyAdditionValidationCode",
                "dataTypeLength": 8,
                "type": "New",
                "dataType": "char"
              },
              {
                "name": "LoyaltyProgramId",
                "type": "Existing",
                "attributeReference": {
                  "entity": "LoyaltyAccountEarning.cdm.json/LoyaltyAccountEarning",
                  "name": "LoyaltyProgramId"
                }
              },
              {
                "name": "LoyaltyAccountId",
                "type": "Existing",
                "attributeReference": {
                  "entity": "LoyaltyAccountEarning.cdm.json/LoyaltyAccountEarning",
                  "name": "LoyaltyAccountId"
                }
              },
              {
                "name": "Timestamp",
                "type": "Existing",
                "attributeReference": {
                  "entity": "LoyaltyAccountEarning.cdm.json/LoyaltyAccountEarning",
                  "name": "Timestamp"
                }
              },
              {
                "name": "EarnedLoyaltyUnits",
                "type": "Existing",
                "attributeReference": {
                  "entity": "LoyaltyAccountEarning.cdm.json/LoyaltyAccountEarning",
                  "name": "EarnedLoyaltyUnits"
                }
              },
              {
                "name": "LoyaltyEarningTypeId",
                "type": "Existing",
                "attributeReference": {
                  "entity": "LoyaltyAccountEarning.cdm.json/LoyaltyAccountEarning",
                  "name": "LoyaltyEarningTypeId"
                }
              },
              {
                "name": "TransactionId",
                "type": "Existing",
                "attributeReference": {
                  "entity": "LoyaltyAccountEarning.cdm.json/LoyaltyAccountEarning",
                  "name": "TransactionId"
                }
              }
            ]
          }
        },
        {
          "primaryKey": [
            "TransactionId",
            "AdjustmentId"
          ],
          "baseEntityReference": {
            "path": "TransactionAdjustment.cdm.json",
            "name": "TransactionAdjustment"
          },
          "name": "TransactionAdjustment",
          "path": "TransactionAdjustment.cdm.json",
          "description": "An adjustment applied to a Transaction.",
          "projectionInfo": {
            "attributes": [
              {
                "description": "",
                "name": "BonusBuyIdentifier",
                "dataTypeLength": 20,
                "type": "New",
                "dataType": "char"
              },
              {
                "description": "Deal Reward Amount",
                "name": "RewardAmount",
                "dataTypeLength": 12,
                "type": "New",
                "dataType": "decimal"
              },
              {
                "description": "Qualification based on redeemable status",
                "name": "QualificationRedeemableStatus",
                "dataTypeLength": 1,
                "type": "New",
                "dataType": "char"
              },
              {
                "description": "Qualification reason",
                "name": "QualificationReason",
                "dataTypeLength": 40,
                "type": "New",
                "dataType": "char"
              },
              {
                "description": "Qualification Count",
                "name": "QualificationCount",
                "type": "New",
                "dataType": "int32"
              },
              {
                "description": "Qualification List X",
                "name": "QualificationListXIndicator",
                "dataTypeLength": 1,
                "type": "New",
                "dataType": "char"
              },
              {
                "description": "Qualification List C",
                "name": "QualificationListCIndicator",
                "dataTypeLength": 1,
                "type": "New",
                "dataType": "char"
              },
              {
                "description": "Qualification List B",
                "name": "QualificationListBIndicator",
                "dataTypeLength": 1,
                "type": "New",
                "dataType": "char"
              },
              {
                "description": "Qualification List A",
                "name": "QualificationListAIndicator",
                "dataTypeLength": 1,
                "type": "New",
                "dataType": "char"
              },
              {
                "description": "Qualification based on exempt status",
                "name": "QualificationExemptStatus",
                "dataTypeLength": 1,
                "type": "New",
                "dataType": "char"
              },
              {
                "description": "Qualification based on brand status",
                "name": "QualificationBrandStatus",
                "dataTypeLength": 1,
                "type": "New",
                "dataType": "char"
              },
              {
                "description": "Qualification Amount",
                "name": "QualificationAmount",
                "dataTypeLength": 8,
                "type": "New",
                "dataType": "decimal"
              },
              {
                "description": "Number of extra Advantage Card points",
                "name": "ExtraLoyaltyUnitsCount",
                "dataTypeLength": 12,
                "type": "New",
                "dataType": "decimal"
              },
              {
                "description": "Discount Reason",
                "name": "DiscountReasonCode",
                "dataTypeLength": 4,
                "type": "New",
                "dataType": "char"
              },
              {
                "description": "Discount Type Code",
                "name": "DiscountTypeCode",
                "dataTypeLength": 4,
                "type": "New",
                "dataType": "char"
              },
              {
                "description": "Discount Item Number",
                "name": "TransactionNumber",
                "dataTypeLength": 10,
                "type": "New",
                "dataType": "char"
              },
              {
                "name": "TransactionId",
                "type": "Existing",
                "attributeReference": {
                  "entity": "TransactionAdjustment.cdm.json/TransactionAdjustment",
                  "name": "TransactionId"
                }
              },
              {
                "name": "AdjustmentId",
                "type": "Existing",
                "attributeReference": {
                  "entity": "TransactionAdjustment.cdm.json/TransactionAdjustment",
                  "name": "AdjustmentId"
                }
              },
              {
                "name": "AdjustmentAmount",
                "dataTypeLength": 15,
                "type": "Existing",
                "attributeReference": {
                  "entity": "TransactionAdjustment.cdm.json/TransactionAdjustment",
                  "name": "AdjustmentAmount"
                }
              }
            ]
          }
        },
        {
          "primaryKey": [
            "TransactionId",
            "TransactionLineItemId",
            "AdjustmentId"
          ],
          "baseEntityReference": {
            "path": "TransactionLineItemAdjustment.cdm.json",
            "name": "TransactionLineItemAdjustment"
          },
          "name": "TransactionLineItemAdjustment",
          "path": "TransactionLineItemAdjustment.cdm.json",
          "description": "Ad adjustment applied to an Transaction Line.",
          "projectionInfo": {
            "attributes": [
              {
                "description": "VAT Exempt discount flag",
                "name": "VATExemptDiscountIndicator",
                "dataTypeLength": 1,
                "type": "New",
                "dataType": "char"
              },
              {
                "description": "Discount Item Number",
                "name": "TransactionLineItemNumber",
                "dataTypeLength": 10,
                "type": "New",
                "dataType": "char"
              },
              {
                "description": "Transaction discount flag",
                "name": "TransactionLevelDiscountIndicator",
                "dataTypeLength": 1,
                "type": "New",
                "dataType": "char"
              },
              {
                "description": "Staff discount overridden flag",
                "name": "StaffDiscountOverriddenIndicator",
                "dataTypeLength": 1,
                "type": "New",
                "dataType": "char"
              },
              {
                "description": "Discount voided flag",
                "name": "DiscountVoidedIndicator",
                "dataTypeLength": 1,
                "type": "New",
                "dataType": "char"
              },
              {
                "description": "Discount Type",
                "name": "DiscountTypeCode",
                "dataTypeLength": 4,
                "type": "New",
                "dataType": "char"
              },
              {
                "description": "Discount refunded flag",
                "name": "DiscountRefundedIndicator",
                "dataTypeLength": 1,
                "type": "New",
                "dataType": "char"
              },
              {
                "description": "Discount Reason",
                "name": "DiscountReasonCode",
                "dataTypeLength": 4,
                "type": "New",
                "dataType": "char"
              },
              {
                "description": "Discount percentage",
                "name": "DiscountPercentage",
                "dataTypeLength": 3,
                "type": "New",
                "dataType": "decimal"
              },
              {
                "description": "Discount overridden flag",
                "name": "DiscountOverriddenIndicator",
                "dataTypeLength": 1,
                "type": "New",
                "dataType": "char"
              },
              {
                "description": "Deal Reward Points",
                "name": "DealLoyaltyRewardUnits",
                "dataTypeLength": 12,
                "type": "New",
                "dataType": "decimal"
              },
              {
                "description": "Deal List Flags - Redeem Item List",
                "name": "DealListRedeemableIndicator",
                "dataTypeLength": 30,
                "type": "New",
                "dataType": "char"
              },
              {
                "description": "Deal List Flags - Exempt Item List",
                "name": "DealListExemptItemIndicator",
                "dataTypeLength": 30,
                "type": "New",
                "dataType": "char"
              },
              {
                "description": "Deal List Flags - Boots Item List",
                "name": "BootsItemDealListId",
                "dataTypeLength": 30,
                "type": "New",
                "dataType": "char"
              },
              {
                "description": "4 char Discount number",
                "name": "BonusBuyIdentifier",
                "dataTypeLength": 20,
                "type": "New",
                "dataType": "char"
              },
              {
                "name": "TransactionId",
                "type": "Existing",
                "attributeReference": {
                  "entity": "TransactionLineItemAdjustment.cdm.json/TransactionLineItemAdjustment",
                  "name": "TransactionId"
                }
              },
              {
                "name": "TransactionLineItemId",
                "type": "Existing",
                "attributeReference": {
                  "entity": "TransactionLineItemAdjustment.cdm.json/TransactionLineItemAdjustment",
                  "name": "TransactionLineItemId"
                }
              },
              {
                "name": "AdjustmentId",
                "type": "Existing",
                "attributeReference": {
                  "entity": "TransactionLineItemAdjustment.cdm.json/TransactionLineItemAdjustment",
                  "name": "AdjustmentId"
                }
              },
              {
                "name": "AdjustmentAmount",
                "type": "Existing",
                "attributeReference": {
                  "entity": "TransactionLineItemAdjustment.cdm.json/TransactionLineItemAdjustment",
                  "name": "AdjustmentAmount"
                }
              }
            ]
          }
        },
        {
          "primaryKey": [
            "TransactionId",
            "LoyaltyProgramId",
            "LoyaltyAccountId"
          ],
          "baseEntityReference": {
            "path": "TransactionLoyaltyAccount.cdm.json",
            "name": "TransactionLoyaltyAccount"
          },
          "name": "TransactionLoyaltyAccount",
          "path": "TransactionLoyaltyAccount.cdm.json",
          "description": "The one or more Loyalty Account(s) involved in or related to a transaction.",
          "projectionInfo": {
            "attributes": [
              {
                "description": "",
                "name": "LoyaltyCardId",
                "dataTypeLength": 25,
                "type": "New",
                "dataType": "char"
              },
              {
                "description": "Count of card usage",
                "name": "LoyaltyCardUsageCount",
                "type": "New",
                "dataType": "int32"
              },
              {
                "description": "Loyalty points total",
                "name": "LoyaltyAccountBalanceAmount",
                "dataTypeLength": 11,
                "type": "New",
                "dataType": "decimal"
              },
              {
                "name": "TransactionId",
                "type": "Existing",
                "attributeReference": {
                  "entity": "TransactionLoyaltyAccount.cdm.json/TransactionLoyaltyAccount",
                  "name": "TransactionId"
                }
              },
              {
                "name": "LoyaltyProgramId",
                "type": "Existing",
                "attributeReference": {
                  "entity": "TransactionLoyaltyAccount.cdm.json/TransactionLoyaltyAccount",
                  "name": "LoyaltyProgramId"
                }
              },
              {
                "name": "LoyaltyAccountId",
                "type": "Existing",
                "attributeReference": {
                  "entity": "TransactionLoyaltyAccount.cdm.json/TransactionLoyaltyAccount",
                  "name": "LoyaltyAccountId"
                }
              },
              {
                "description": "Loyalty points redeemed",
                "name": "LoyaltyUnitsUsed",
                "dataTypeLength": 11,
                "type": "Existing",
                "attributeReference": {
                  "entity": "TransactionLoyaltyAccount.cdm.json/TransactionLoyaltyAccount",
                  "name": "LoyaltyUnitsUsed"
                }
              }
            ]
          }
        },
        {
          "primaryKey": [
            "TransactionId",
            "GiftCardId",
            "Timestamp"
          ],
          "baseEntityReference": {
            "path": "GiftCardTransaction.cdm.json",
            "name": "GiftCardTransaction"
          },
          "name": "GiftCardTransaction",
          "path": "GiftCardTransaction.cdm.json",
          "description": "A gift card transaction.",
          "projectionInfo": {
            "attributes": [
              {
                "description": "",
                "name": "TransactionLineItemId",
                "type": "New",
                "dataType": "int32"
              },
              {
                "description": "",
                "name": "GiftCardTransactionType",
                "dataTypeLength": 40,
                "type": "New",
                "dataType": "char"
              },
              {
                "description": "",
                "name": "SubsequentSaleIndicator",
                "dataTypeLength": 40,
                "type": "New",
                "dataType": "char"
              },
              {
                "description": "",
                "name": "FirstSaleIndicator",
                "dataTypeLength": 40,
                "type": "New",
                "dataType": "char"
              },
              {
                "description": "Gift card transaction ID",
                "name": "GiftCardTransactionNumber",
                "dataTypeLength": 13,
                "type": "New",
                "dataType": "char"
              },
              {
                "description": "Balance on card BEFORE adjustment applied",
                "name": "GiftCardOpeningBalanceAmount",
                "dataTypeLength": 12,
                "type": "New",
                "dataType": "decimal"
              },
              {
                "description": "The unique identifier of a transaction.",
                "name": "TransactionId",
                "type": "Existing",
                "attributeReference": {
                  "entity": "GiftCardTransaction.cdm.json/GiftCardTransaction",
                  "name": "GiftCardTransactionTypeId"
                }
              },
              {
                "name": "GiftCardId",
                "type": "Existing",
                "attributeReference": {
                  "entity": "GiftCardTransaction.cdm.json/GiftCardTransaction",
                  "name": "GiftCardId"
                }
              },
              {
                "name": "Timestamp",
                "type": "Existing",
                "attributeReference": {
                  "entity": "GiftCardTransaction.cdm.json/GiftCardTransaction",
                  "name": "Timestamp"
                }
              },
              {
                "name": "Amount",
                "dataTypeLength": 12,
                "type": "Existing",
                "attributeReference": {
                  "entity": "GiftCardTransaction.cdm.json/GiftCardTransaction",
                  "name": "Amount"
                }
              }
            ]
          }
        },
        {
          "primaryKey": [
            "TransactionId"
          ],
          "baseEntityReference": {
            "path": "Transaction.cdm.json",
            "name": "Transaction"
          },
          "name": "Transaction",
          "path": "Transaction.cdm.json",
          "description": "The lowest level of executable work or customer activity.\n\nA transaction consists of one or more discrete events.",
          "projectionInfo": {
            "attributes": [
              {
                "description": "",
                "name": "FinancialMovementTypeCode",
                "dataTypeLength": 8,
                "type": "New",
                "dataType": "char"
              },
              {
                "description": "",
                "name": "OriginalTransactionTime",
                "dataTypeLength": 4,
                "type": "New",
                "dataType": "char"
              },
              {
                "description": "",
                "name": "TransactionDate",
                "type": "New",
                "dataType": "datetime"
              },
              {
                "description": "",
                "name": "SourceTransactionNumber",
                "dataTypeLength": 20,
                "type": "New",
                "dataType": "char"
              },
              {
                "description": "",
                "name": "OperatorIndicator",
                "dataTypeLength": 1,
                "type": "New",
                "dataType": "char"
              },
              {
                "description": "",
                "name": "OperatorId",
                "dataTypeLength": 30,
                "type": "New",
                "dataType": "char"
              },
              {
                "description": "",
                "name": "AccountSaleIndicator",
                "dataTypeLength": 1,
                "type": "New",
                "dataType": "char"
              },
              {
                "description": "",
                "name": "AccountSaleAccountNumber",
                "dataTypeLength": 13,
                "type": "New",
                "dataType": "char"
              },
              {
                "description": "",
                "name": "ManagerKeyIndicator",
                "dataTypeLength": 1,
                "type": "New",
                "dataType": "char"
              },
              {
                "description": "",
                "name": "TransactionNumberSetIndicator",
                "dataTypeLength": 1,
                "type": "New",
                "dataType": "char"
              },
              {
                "description": "",
                "name": "RingDuration",
                "dataTypeLength": 8,
                "type": "New",
                "dataType": "char"
              },
              {
                "description": "",
                "name": "PaymentDuration",
                "dataTypeLength": 8,
                "type": "New",
                "dataType": "char"
              },
              {
                "description": "",
                "name": "TransactionNonSalesDuration",
                "dataTypeLength": 8,
                "type": "New",
                "dataType": "char"
              },
              {
                "description": "",
                "name": "InactiveDuration",
                "dataTypeLength": 8,
                "type": "New",
                "dataType": "char"
              },
              {
                "description": "",
                "name": "TransactionBaseCurrencyType",
                "dataTypeLength": 3,
                "type": "New",
                "dataType": "char"
              },
              {
                "description": "",
                "name": "OperatorEmployeeId",
                "type": "New",
                "dataType": "int32"
              },
              {
                "description": "",
                "name": "OperatorEmployeeIndicator",
                "dataTypeLength": 1,
                "type": "New",
                "dataType": "char"
              },
              {
                "description": "",
                "name": "OperatorEmployeeGroupCode",
                "dataTypeLength": 2,
                "type": "New",
                "dataType": "char"
              },
              {
                "description": "",
                "name": "SupervisorId",
                "dataTypeLength": 8,
                "type": "New",
                "dataType": "char"
              },
              {
                "description": "",
                "name": "SupervisorEmployeeId",
                "dataTypeLength": 8,
                "type": "New",
                "dataType": "char"
              },
              {
                "description": "",
                "name": "SupervisorEmployeeIndicator",
                "dataTypeLength": 1,
                "type": "New",
                "dataType": "char"
              },
              {
                "description": "",
                "name": "SupervisorEmployeeGroupCode",
                "dataTypeLength": 2,
                "type": "New",
                "dataType": "char"
              },
              {
                "description": "",
                "name": "TransactionGrossPlusAmount",
                "dataTypeLength": 12,
                "type": "New",
                "dataType": "decimal"
              },
              {
                "description": "",
                "name": "TransactionGrossMinusAmount",
                "dataTypeLength": 12,
                "type": "New",
                "dataType": "decimal"
              },
              {
                "description": "",
                "name": "NetCashAmount",
                "dataTypeLength": 12,
                "type": "New",
                "dataType": "decimal"
              },
              {
                "description": "",
                "name": "NetNonCashAmount",
                "dataTypeLength": 12,
                "type": "New",
                "dataType": "decimal"
              },
              {
                "description": "",
                "name": "NegativeTenderIndicator",
                "dataTypeLength": 12,
                "type": "New",
                "dataType": "char"
              },
              {
                "description": "",
                "name": "NetTotalAmount",
                "dataTypeLength": 12,
                "type": "New",
                "dataType": "decimal"
              },
              {
                "description": "",
                "name": "TransactionSuspendedIndicator",
                "dataTypeLength": 1,
                "type": "New",
                "dataType": "char"
              },
              {
                "description": "",
                "name": "TransactionRetrievedIndicator",
                "dataTypeLength": 1,
                "type": "New",
                "dataType": "char"
              },
              {
                "description": "",
                "name": "AccountSalePointOfSaleId",
                "dataTypeLength": 14,
                "type": "New",
                "dataType": "char"
              },
              {
                "description": "",
                "name": "AccountSaleTransactionAmount",
                "dataTypeLength": 14,
                "type": "New",
                "dataType": "decimal"
              },
              {
                "description": "",
                "name": "StaffDiscountCardNumber",
                "dataTypeLength": 18,
                "type": "New",
                "dataType": "char"
              },
              {
                "description": "",
                "name": "OriginalReceiptPresentIndicator",
                "dataTypeLength": 1,
                "type": "New",
                "dataType": "char"
              },
              {
                "description": "",
                "name": "OriginalTransactionId",
                "dataTypeLength": 4,
                "type": "New",
                "dataType": "char"
              },
              {
                "description": "",
                "name": "OriginalPointOfSaleId",
                "dataTypeLength": 3,
                "type": "New",
                "dataType": "char"
              },
              {
                "description": "",
                "name": "OriginalOperatorId",
                "dataTypeLength": 8,
                "type": "New",
                "dataType": "char"
              },
              {
                "description": "",
                "name": "OriginalTransactionDate",
                "type": "New",
                "dataType": "datetime"
              },
              {
                "description": "",
                "name": "DotcomOrderNumber",
                "dataTypeLength": 40,
                "type": "New",
                "dataType": "char"
              },
              {
                "description": "",
                "name": "FinancialMovementAmount",
                "dataTypeLength": 12,
                "type": "New",
                "dataType": "decimal"
              },
              {
                "description": "",
                "name": "ChangeIssuedPointOfSaleId",
                "dataTypeLength": 3,
                "type": "New",
                "dataType": "char"
              },
              {
                "description": "",
                "name": "PromotionName",
                "dataTypeLength": 40,
                "type": "New",
                "dataType": "char"
              },
              {
                "description": "",
                "name": "LoyaltyAccountNumber",
                "dataTypeLength": 10,
                "type": "New",
                "dataType": "char"
              },
              {
                "description": "",
                "name": "LoyaltyProgramId",
                "dataTypeLength": 8,
                "type": "New",
                "dataType": "char"
              },
              {
                "description": "",
                "name": "LoyaltyEligibleAmount",
                "dataTypeLength": 8,
                "type": "New",
                "dataType": "decimal"
              },
              {
                "description": "",
                "name": "LoyaltyEligibleQuantity",
                "dataTypeLength": 7,
                "type": "New",
                "dataType": "decimal"
              },
              {
                "description": "",
                "name": "LoyaltyEligibleUOM",
                "dataTypeLength": 3,
                "type": "New",
                "dataType": "char"
              },
              {
                "description": "",
                "name": "LoyaltyCardHolderName",
                "dataTypeLength": 40,
                "type": "New",
                "dataType": "char"
              },
              {
                "description": "",
                "name": "LoyaltyCardCategory",
                "dataTypeLength": 4,
                "type": "New",
                "dataType": "char"
              },
              {
                "description": "",
                "name": "LoyaltyCardValidFromDate",
                "type": "New",
                "dataType": "datetime"
              },
              {
                "description": "",
                "name": "LoyaltyCardValidToDate",
                "type": "New",
                "dataType": "datetime"
              },
              {
                "description": "",
                "name": "LoyaltyCardAcquisitionMethodId",
                "dataTypeLength": 10,
                "type": "New",
                "dataType": "char"
              },
              {
                "description": "",
                "name": "LoyaltyValidationBarcode",
                "dataTypeLength": 26,
                "type": "New",
                "dataType": "char"
              },
              {
                "name": "TransactionId",
                "type": "Existing",
                "attributeReference": {
                  "entity": "Transaction.cdm.json/Transaction",
                  "name": "TransactionId"
                }
              },
              {
                "name": "TransactionInitiatedTimestamp",
                "type": "Existing",
                "attributeReference": {
                  "entity": "Transaction.cdm.json/Transaction",
                  "name": "TransactionInitiatedTimestamp"
                }
              },
              {
                "name": "TransactionCompletedTimestamp",
                "type": "Existing",
                "attributeReference": {
                  "entity": "Transaction.cdm.json/Transaction",
                  "name": "TransactionCompletedTimestamp"
                }
              },
              {
                "name": "PromotionId",
                "type": "Existing",
                "attributeReference": {
                  "entity": "Transaction.cdm.json/Transaction",
                  "name": "PromotionId"
                }
              },
              {
                "name": "TransactionTypeId",
                "type": "Existing",
                "attributeReference": {
                  "entity": "Transaction.cdm.json/Transaction",
                  "name": "TransactionTypeId"
                }
              },
              {
                "name": "IsoCurrencyCode",
                "type": "Existing",
                "attributeReference": {
                  "entity": "Transaction.cdm.json/Transaction",
                  "name": "IsoCurrencyCode"
                }
              },
              {
                "name": "PointOfSaleId",
                "type": "Existing",
                "attributeReference": {
                  "entity": "Transaction.cdm.json/Transaction",
                  "name": "PointOfSaleId"
                }
              },
              {
                "name": "StoreId",
                "type": "Existing",
                "attributeReference": {
                  "entity": "Transaction.cdm.json/Transaction",
                  "name": "StoreId"
                }
              },
              {
                "name": "LoyaltyCardId",
                "type": "Existing",
                "attributeReference": {
                  "entity": "Transaction.cdm.json/Transaction",
                  "name": "LoyaltyCardId"
                }
              }
            ]
          }
        },
        {
          "primaryKey": [
            "TransactionId",
            "TransactionLineItemId"
          ],
          "baseEntityReference": {
            "path": "TransactionLineItem.cdm.json",
            "name": "TransactionLineItem"
          },
          "name": "TransactionLineItem",
          "path": "TransactionLineItem.cdm.json",
          "description": "The components of an Transaction broken down by Product and Quantity, one per line item.",
          "projectionInfo": {
            "attributes": [
              {
                "description": "",
                "name": "UnitOfMeasure",
                "dataTypeLength": 3,
                "type": "New",
                "dataType": "char"
              },
              {
                "description": "TransactionReasonCode",
                "name": "TransactionReasonCode",
                "dataTypeLength": 4,
                "type": "New",
                "dataType": "char"
              },
              {
                "description": "QuantityEnteredIndicator",
                "name": "QuantityEnteredIndicator",
                "dataTypeLength": 1,
                "type": "New",
                "dataType": "char"
              },
              {
                "description": "ArticleIdentifierType",
                "name": "ArticleIdentifierType",
                "dataTypeLength": 1,
                "type": "New",
                "dataType": "char"
              },
              {
                "description": "ItemPriceManuallyEnteredIndicator",
                "name": "ItemPriceManuallyEnteredIndicator",
                "dataTypeLength": 1,
                "type": "New",
                "dataType": "char"
              },
              {
                "description": "ItemLocallyPricedIndicator",
                "name": "ItemLocallyPricedIndicator",
                "dataTypeLength": 1,
                "type": "New",
                "dataType": "char"
              },
              {
                "description": "ItemVoidedIndicator",
                "name": "ItemVoidedIndicator",
                "dataTypeLength": 1,
                "type": "New",
                "dataType": "char"
              },
              {
                "description": "ItemSoldOfflineIndicator",
                "name": "ItemSoldOfflineIndicator",
                "dataTypeLength": 1,
                "type": "New",
                "dataType": "char"
              },
              {
                "description": "ItemRefundedIndicator",
                "name": "ItemRefundedIndicator",
                "dataTypeLength": 1,
                "type": "New",
                "dataType": "char"
              },
              {
                "description": "Item movement kept flag",
                "name": "ItemMovementKeptIndicator",
                "dataTypeLength": 1,
                "type": "New",
                "dataType": "char"
              },
              {
                "description": "Item exempt from discount flag",
                "name": "DiscountExemptIndicator",
                "dataTypeLength": 1,
                "type": "New",
                "dataType": "char"
              },
              {
                "description": "Exempt from points acquisition flag",
                "name": "LoyaltyUnitsAcquisitionExemptIndicator",
                "dataTypeLength": 1,
                "type": "New",
                "dataType": "char"
              },
              {
                "description": "Entry Method",
                "name": "EntryMethodType",
                "dataTypeLength": 4,
                "type": "New",
                "dataType": "char"
              },
              {
                "description": "Eligible for redemption flag",
                "name": "EligibleForRedemptionIndicator",
                "dataTypeLength": 1,
                "type": "New",
                "dataType": "char"
              },
              {
                "description": "Dummy Article Number",
                "name": "DummyArticleNumber",
                "dataTypeLength": 20,
                "type": "New",
                "dataType": "char"
              },
              {
                "description": "Boots.com refund flag",
                "name": "DotcomOrderRefundIndicator",
                "dataTypeLength": 1,
                "type": "New",
                "dataType": "char"
              },
              {
                "description": "Boots own brand flag",
                "name": "BootsOwnBrandIndicator",
                "dataTypeLength": 1,
                "type": "New",
                "dataType": "char"
              },
              {
                "description": "Base points",
                "name": "TransactionBaseLoyaltyUnits",
                "dataTypeLength": 1,
                "type": "New",
                "dataType": "char"
              },
              {
                "name": "TransactionId",
                "type": "Existing",
                "attributeReference": {
                  "entity": "TransactionLineItem.cdm.json/TransactionLineItem",
                  "name": "TransactionId"
                }
              },
              {
                "name": "TransactionLineItemId",
                "type": "Existing",
                "attributeReference": {
                  "entity": "TransactionLineItem.cdm.json/TransactionLineItem",
                  "name": "TransactionLineItemId"
                }
              },
              {
                "name": "ProductId",
                "type": "Existing",
                "attributeReference": {
                  "entity": "TransactionLineItem.cdm.json/TransactionLineItem",
                  "name": "ProductId"
                }
              },
              {
                "name": "Quantity",
                "type": "Existing",
                "attributeReference": {
                  "entity": "TransactionLineItem.cdm.json/TransactionLineItem",
                  "name": "Quantity"
                }
              },
              {
                "name": "ProductListPriceAmount",
                "type": "Existing",
                "attributeReference": {
                  "entity": "TransactionLineItem.cdm.json/TransactionLineItem",
                  "name": "ProductListPriceAmount"
                }
              },
              {
                "name": "TransactionProductPriceAmount",
                "type": "Existing",
                "attributeReference": {
                  "entity": "TransactionLineItem.cdm.json/TransactionLineItem",
                  "name": "TransactionProductPriceAmount"
                }
              },
              {
                "name": "TotalTransactionLineItemAmount",
                "type": "Existing",
                "attributeReference": {
                  "entity": "TransactionLineItem.cdm.json/TransactionLineItem",
                  "name": "TotalTransactionLineItemAmount"
                }
              },
              {
                "name": "ProductPriceOverrideIndicator",
                "type": "Existing",
                "attributeReference": {
                  "entity": "TransactionLineItem.cdm.json/TransactionLineItem",
                  "name": "ProductPriceOverrideIndicator"
                }
              },
              {
                "description": "",
                "name": "TransactionLineItemTypeId",
                "type": "New",
                "dataType": "int32"
              }
            ]
          }
        },
        {
          "primaryKey": [
            "PaymentId"
          ],
          "baseEntityReference": {
            "path": "Payment.cdm.json",
            "name": "Payment"
          },
          "name": "Payment",
          "path": "Payment.cdm.json",
          "description": "A payment made towards an outstanding premium or invoice.",
          "projectionInfo": {
            "attributes": [
              {
                "description": "",
                "name": "PaymentMethodTypeCode",
                "dataTypeLength": 4,
                "type": "New",
                "dataType": "char"
              },
              {
                "description": "",
                "name": "PaymentTenderNumber",
                "dataTypeLength": 10,
                "type": "New",
                "dataType": "char"
              },
              {
                "description": "",
                "name": "TenderId",
                "dataTypeLength": 32,
                "type": "New",
                "dataType": "char"
              },
              {
                "description": "",
                "name": "AccountSaleAccountNumber",
                "dataTypeLength": 20,
                "type": "New",
                "dataType": "char"
              },
              {
                "description": "",
                "name": "NegativeTenderIndicator",
                "dataTypeLength": 1,
                "type": "New",
                "dataType": "char"
              },
              {
                "description": "",
                "name": "PaymentCardPAN",
                "dataTypeLength": 32,
                "type": "New",
                "dataType": "char"
              },
              {
                "description": "",
                "name": "PaymentCardTypeId",
                "dataTypeLength": 3,
                "type": "New",
                "dataType": "char"
              },
              {
                "description": "",
                "name": "TerminalVerificationResults",
                "dataTypeLength": 10,
                "type": "New",
                "dataType": "char"
              },
              {
                "description": "",
                "name": "TokenizedIndicator",
                "dataTypeLength": 1,
                "type": "New",
                "dataType": "char"
              },
              {
                "description": "",
                "name": "PaymentCardNumberMasked",
                "dataTypeLength": 24,
                "type": "New",
                "dataType": "char"
              },
              {
                "description": "",
                "name": "PaymentCardTenderNumber",
                "dataTypeLength": 2,
                "type": "New",
                "dataType": "char"
              },
              {
                "description": "",
                "name": "PaymentCardNumber",
                "dataTypeLength": 40,
                "type": "New",
                "dataType": "char"
              },
              {
                "description": "",
                "name": "CardTenderType",
                "dataTypeLength": 2,
                "type": "New",
                "dataType": "char"
              },
              {
                "description": "",
                "name": "CustomerVerificationMethod",
                "dataTypeLength": 2,
                "type": "New",
                "dataType": "char"
              },
              {
                "description": "",
                "name": "PaymentAuthorizationType",
                "dataTypeLength": 40,
                "type": "New",
                "dataType": "char"
              },
              {
                "description": "",
                "name": "PaymentResponseCode",
                "dataTypeLength": 40,
                "type": "New",
                "dataType": "char"
              },
              {
                "description": "",
                "name": "PaymentCardName",
                "dataTypeLength": 20,
                "type": "New",
                "dataType": "char"
              },
              {
                "description": "",
                "name": "PaymentCardMerchantId",
                "dataTypeLength": 15,
                "type": "New",
                "dataType": "char"
              },
              {
                "description": "",
                "name": "PaymentTNSTokenNumber",
                "dataTypeLength": 40,
                "type": "New",
                "dataType": "char"
              },
              {
                "name": "PaymentId",
                "type": "Existing",
                "attributeReference": {
                  "entity": "Payment.cdm.json/Payment",
                  "name": "PaymentId"
                }
              },
              {
                "name": "PaymentTimestamp",
                "type": "Existing",
                "attributeReference": {
                  "entity": "Payment.cdm.json/Payment",
                  "name": "PaymentTimestamp"
                }
              },
              {
                "name": "PaymentAmount",
                "type": "Existing",
                "attributeReference": {
                  "entity": "Payment.cdm.json/Payment",
                  "name": "PaymentAmount"
                }
              },
              {
                "name": "PaymentCardAuthorizationCode",
                "type": "Existing",
                "attributeReference": {
                  "entity": "Payment.cdm.json/Payment",
                  "name": "PaymentCardAuthorizationCode"
                }
              },
              {
                "name": "PaymentCardAcquisitionMethodId",
                "type": "Existing",
                "attributeReference": {
                  "entity": "Payment.cdm.json/Payment",
                  "name": "PaymentCardAcquisitionMethodId"
                }
              }
            ]
          }
        }
      ],
      "newEntities": [
        {
          "path": "ETopupEVoucher.cdm.json",
          "name": "ETopupEVoucher",
          "attributes": [
            {
              "description": "",
              "name": "TransactionId",
              "dataType": "int32"
            },
            {
              "description": "",
              "name": "TransactionLineItemId",
              "dataType": "int32"
            },
            {
              "description": "",
              "name": "CardNumber",
              "dataType": "char",
              "dataTypeLength": 24
            },
            {
              "description": "",
              "name": "ItemCode",
              "dataType": "char",
              "dataTypeLength": 7
            },
            {
              "description": "",
              "name": "TopUpAmount",
              "dataType": "decimal",
              "dataTypeLength": 12
            },
            {
              "description": "",
              "name": "NetworkName",
              "dataType": "char",
              "dataTypeLength": 34
            },
            {
              "description": "",
              "name": "NetworkPrdouctName",
              "dataType": "char",
              "dataTypeLength": 34
            },
            {
              "description": "",
              "name": "CardNumberAcquisitionMethodId",
              "dataType": "char",
              "dataTypeLength": 1
            },
            {
              "description": "",
              "name": "ItemVoidedIndicator",
              "dataType": "char",
              "dataTypeLength": 1
            },
            {
              "description": "",
              "name": "ResponseCode",
              "dataType": "char",
              "dataTypeLength": 5
            },
            {
              "description": "",
              "name": "TopupMobileNumber",
              "dataType": "char",
              "dataTypeLength": 16
            }
          ],
          "description": "",
          "businessArea": "Transaction",
          "industries": [],
          "primaryKey": [
            "TransactionId",
            "TransactionLineItemId"
          ]
        },
        {
          "path": "TransactionCreditClaim.cdm.json",
          "name": "TransactionCreditClaim",
          "attributes": [
            {
              "description": "",
              "name": "TransactionNumber",
              "dataType": "char",
              "dataTypeLength": 20
            },
            {
              "description": "",
              "name": "TransactionId",
              "dataType": "int32"
            },
            {
              "description": "",
              "name": "TransactionDate",
              "dataType": "date"
            },
            {
              "description": "",
              "name": "TransactionInitiatedTimestamp",
              "dataType": "char",
              "dataTypeLength": 14
            },
            {
              "description": "",
              "name": "CreditClaimNumber",
              "dataType": "char",
              "dataTypeLength": 8
            },
            {
              "description": "",
              "name": "BusinessCentreLetter",
              "dataType": "char",
              "dataTypeLength": 8
            },
            {
              "description": "",
              "name": "CreditClaimReasonCode",
              "dataType": "char",
              "dataTypeLength": 2
            },
            {
              "description": "",
              "name": "InvoiceNumber",
              "dataType": "char",
              "dataTypeLength": 9
            },
            {
              "description": "",
              "name": "FolioNumber",
              "dataType": "char",
              "dataTypeLength": 6
            },
            {
              "description": "",
              "name": "BatchReference",
              "dataType": "char",
              "dataTypeLength": 6
            },
            {
              "description": "",
              "name": "ConsignmentType",
              "dataType": "char",
              "dataTypeLength": 1
            },
            {
              "description": "",
              "name": "RepairCategoryReasonCode",
              "dataType": "char",
              "dataTypeLength": 1
            },
            {
              "description": "",
              "name": "RepairNumber",
              "dataType": "char",
              "dataTypeLength": 6
            },
            {
              "description": "",
              "name": "Plan4PolicyNumber",
              "dataType": "char",
              "dataTypeLength": 6
            },
            {
              "description": "",
              "name": "DDDADCDRNumber",
              "dataType": "char",
              "dataTypeLength": 4
            },
            {
              "description": "",
              "name": "DeliveryNoteNumber",
              "dataType": "char",
              "dataTypeLength": 9
            },
            {
              "description": "",
              "name": "DeliveryDate",
              "dataType": "char",
              "dataTypeLength": 8
            },
            {
              "description": "",
              "name": "CartonsReceivedCount",
              "dataType": "char",
              "dataTypeLength": 2
            },
            {
              "description": "",
              "name": "OrderNumber",
              "dataType": "char",
              "dataTypeLength": 7
            },
            {
              "description": "",
              "name": "CreditClaimComment",
              "dataType": "char",
              "dataTypeLength": 20
            },
            {
              "description": "",
              "name": "CreditClaimTotalItemCount",
              "dataType": "char",
              "dataTypeLength": 5
            },
            {
              "description": "",
              "name": "ProductId",
              "dataType": "int32"
            },
            {
              "description": "",
              "name": "UnitOfMeasureId",
              "dataType": "char",
              "dataTypeLength": 3
            },
            {
              "description": "",
              "name": "Quantity",
              "dataType": "decimal",
              "dataTypeLength": 10
            },
            {
              "description": "",
              "name": "ItemUnitPrice",
              "dataType": "decimal",
              "dataTypeLength": 11
            },
            {
              "description": "",
              "name": "CreditClaimAuthorisation",
              "dataType": "char",
              "dataTypeLength": 15
            },
            {
              "description": "",
              "name": "StockAdjustmentIndicator",
              "dataType": "char",
              "dataTypeLength": 1
            },
            {
              "description": "",
              "name": "UnitOfDeliveryNumber",
              "dataType": "char",
              "dataTypeLength": 14
            },
            {
              "description": "",
              "name": "UnitOfDeliveryStatus",
              "dataType": "char",
              "dataTypeLength": 1
            },
            {
              "description": "",
              "name": "UnitOfDeliveryQuantity",
              "dataType": "char",
              "dataTypeLength": 4
            },
            {
              "description": "",
              "name": "SupplyRouteType",
              "dataType": "char",
              "dataTypeLength": 1
            },
            {
              "description": "",
              "name": "DispensaryLocationType",
              "dataType": "char",
              "dataTypeLength": 1
            },
            {
              "description": "",
              "name": "RecallNumber",
              "dataType": "char",
              "dataTypeLength": 8
            },
            {
              "description": "",
              "name": "ReturnMethodId",
              "dataType": "char",
              "dataTypeLength": 1
            },
            {
              "description": "",
              "name": "CarrierId",
              "dataType": "char",
              "dataTypeLength": 1
            },
            {
              "description": "",
              "name": "StoreId",
              "dataType": "char",
              "dataTypeLength": 4
            },
            {
              "description": "",
              "name": "DamageReasonCode",
              "dataType": "char",
              "dataTypeLength": 1
            },
            {
              "description": "",
              "name": "UnitOfDeliveryType",
              "dataType": "char",
              "dataTypeLength": 1
            }
          ],
          "description": "Credit Claim are the line level transactions which are raised while doing Stock adjustments.",
          "businessArea": "Transaction",
          "industries": [],
          "primaryKey": [
            "CreditClaimNumber",
            "ProductId"
          ]
        }
      ]
    },
    "baseModel": {
      "name": "Retail",
      "format": "CDM",
      "version": "0.1.0"
    },
    "relationshipDefinitions": [
      {
        "joinPairs": [
          {
            "fromAttribute": "TransactionId",
            "toAttribute": "TransactionId"
          }
        ],
        "fromEntity": "TransactionCreditClaim.cdm.json/TransactionCreditClaim",
        "toEntity": "Transaction.cdm.json/Transaction"
      },
      {
        "joinPairs": [
          {
            "fromAttribute": "PaymentId",
            "toAttribute": "PaymentId"
          }
        ],
        "fromEntity": "Payment.cdm.json/Payment",
        "toEntity": "TransactionPayment.cdm.json/TransactionPayment"
      },
      {
        "joinPairs": [
          {
            "fromAttribute": "TransactionId",
            "toAttribute": "TransactionId"
          }
        ],
        "fromEntity": "GiftCardTransaction.cdm.json/GiftCardTransaction",
        "toEntity": "Transaction.cdm.json/Transaction"
      },
      {
        "joinPairs": [
          {
            "fromAttribute": "TransactionId",
            "toAttribute": "TransactionId"
          }
        ],
        "fromEntity": "ETopupEVoucher.cdm.json/ETopupEVoucher",
        "toEntity": "Transaction.cdm.json/Transaction"
      },
      {
        "joinPairs": [
          {
            "fromAttribute": "TransactionId",
            "toAttribute": "TransactionId"
          }
        ],
        "fromEntity": "TransactionPayment.cdm.json/TransactionPayment",
        "toEntity": "Transaction.cdm.json/Transaction"
      }
    ]
  }
}