{
	"name": "feedmapping_execute",
	"properties": {
		"annotations": [],
		"runtimeState": "Stopped",
		"pipelines": [
			{
				"pipelineReference": {
					"referenceName": "FeedMappingIterate",
					"type": "PipelineReference"
				},
				"parameters": {
					"pWhatIf": "Null",
					"pAlternateTargetTable": "Null"
				}
			}
		],
		"type": "ScheduleTrigger",
		"typeProperties": {
			"recurrence": {
				"frequency": "Minute",
				"interval": 15,
				"startTime": "2020-11-19T18:24:00Z",
				"timeZone": "UTC"
			}
		}
	}
}