{
	"name": "generic_raw",
	"properties": {
		"annotations": [],
		"runtimeState": "Started",
		"pipelines": [
			{
				"pipelineReference": {
					"referenceName": "AssetProcessRaw",
					"type": "PipelineReference"
				},
				"parameters": {
					"pAssetPath": "@triggerBody().folderPath",
					"pAssetName": "@triggerBody().fileName",
					"pAssetType": "File",
					"pStorageAccount": "https://dapdevidfadls01.dfs.core.windows.net/",
					"pStorageAccountType": "DataLake",
					"pContainer": "raw"
				}
			}
		],
		"type": "BlobEventsTrigger",
		"typeProperties": {
			"blobPathBeginsWith": "/raw/blobs/",
			"ignoreEmptyBlobs": true,
			"scope": "/subscriptions/e2c5939d-dfc5-4a4a-91fe-39cef55aa720/resourceGroups/rpu-nprod-dna-data-analytics-eastus2-paas-02-rg/providers/Microsoft.Storage/storageAccounts/dapdevidfadls01",
			"events": [
				"Microsoft.Storage.BlobCreated"
			]
		}
	}
}