{
	"name": "refdata_update",
	"properties": {
		"description": "Updating RefData From CSV's in cleansed",
		"annotations": [],
		"runtimeState": "Stopped",
		"pipelines": [
			{
				"pipelineReference": {
					"referenceName": "FeedMappingIterate",
					"type": "PipelineReference"
				},
				"parameters": {
					"pWhatIf": "Null",
					"pAlternateTargetTable": "Null"
				}
			}
		],
		"type": "ScheduleTrigger",
		"typeProperties": {
			"recurrence": {
				"frequency": "Day",
				"interval": 1,
				"startTime": "2020-12-03T10:15:00",
				"timeZone": "GMT Standard Time"
			}
		}
	}
}