{
	"name": "refdata_import",
	"properties": {
		"description": "Import Reference Data from JSON to MetadataDB",
		"annotations": [],
		"runtimeState": "Stopped",
		"pipelines": [
			{
				"pipelineReference": {
					"referenceName": "RefDataImport",
					"type": "PipelineReference"
				},
				"parameters": {
					"pAssetName": "refdata",
					"pAssetPath": "/RPIDNA/DNARDM/default/Default/"
				}
			}
		],
		"type": "ScheduleTrigger",
		"typeProperties": {
			"recurrence": {
				"frequency": "Day",
				"interval": 1,
				"startTime": "2020-06-29T15:17:00Z",
				"timeZone": "UTC"
			}
		}
	}
}