{
	"$schema": "http://schema.management.azure.com/schemas/2015-01-01/deploymentParameters.json#",
	"contentVersion": "2.0.0.1",
	"parameters": {
		"tags": {
			"value": {
			}
		},
		"location": {
			"value": "centralus"
		},
		"serviceName": {
			"value": "nprod-sma-test-apim-02"
		},
		"publisherName": {
			"value": "Stephen Ancona"
		},
		"publisherEmail": {
			"value": "stephen.ancona@walgreens.com"
		},
		"notificationSenderEmail": {
			"value": "stephen.ancona@walgreens.com"
		}, 
		"virtualNetworkConfigurationSubnetResourceId": {
			"value": "/subscriptions/96a4f83f-9a81-4321-b8a6-1e198ca1fb31/resourceGroups/gs-nprod-cloudplatforms-sen-eastus2-vnet01-rg/providers/Microsoft.Network/virtualNetworks/gs-nprod-cloudplatforms-sen-eastus2-vnet01/subnets/App"
		}
	},
	"deploymentParameters": {
		"resourceGroup": "sma-test",
		"subscription": "gs-nprod-cloudplatforms-01",
		"templateFile": ".\\library\\prod\\apim\\apim-template.json"
	}
}