{
	"project_name": "BUKOPMS",
	"config_type": "etl",
	"description": "",
	"data_source": [],
	"report_path": "/mnt/idf-reports/BTUKOPTIT/BUKOPMS/BTCOPT_ORDER_DISCOUNT_INFO_BUKOPMS_Incr/Incremental/CurateADLS/",
	"cards": [
		{
			"card_id": "card_0",
			"card_dependencies": [],
			"label": "Read_Delta 0",
			"card_type": "read_delta",
			"description": "reading standard location",
			"data_path": "/mnt/idf-curatestandard/BTUKOPTIT/BUKOPMS/BTCOPT_ORDER_DISCOUNT_INFO_BUKOPMS_Incr/Incremental",
			"output_table": "oloff1"
		},
		{
			"card_id": "card_1",
			"card_dependencies": [
				"card_0"
			],
			"label": "Apply_Filter 1",
			"card_type": "apply_filter",
			"description": "filtering records with RunDateTime",
			"input_table": "oloff1",
			"output_table": "oloff2",
			"filter": [],
			"unmatch_data": false
		},
		{
			"card_id": "card_2",
			"card_dependencies": [],
			"label": "Read_Table 2",
			"card_type": "read_table",
			"description": "Read ADLS table",
			"query": "select * from curate_enterprise.reflovsetinfo",
			"temp_table_name": "reflovsetinfo",
			"partition_column_list": ""
		},
		{
			"card_id": "card_13",
			"card_dependencies": [],
			"label": "Read_Delta 13",
			"card_type": "read_delta",
			"description": "reading standard backup location",
			"data_path": "/mnt/idf-curatestandard/BTUKOPTIT/BUKOPMS/BTCOPT_ORDER_DISCOUNT_INFO_BUKOPMS_Incr/BackUp",
			"output_table": "oloff12"
		},
		{
			"card_id": "card_12",
			"card_dependencies": [
				"card_13",
				"card_1"
			],
			"label": "Read_Table 12",
			"card_type": "read_table",
			"description": "Union with backup table",
			"query": "select * from oloff2 union select * from oloff12",
			"temp_table_name": "oloff11",
			"partition_column_list": ""
		},
		{
			"card_id": "card_28",
			"card_dependencies": [
				"card_12"
			],
			"label": "Read_Table 28",
			"card_type": "read_table",
			"description": "Making null void null",
			"query": "select nullif(CurateStandardRowKey,'null') as CurateStandardRowKey,nullif(c_orderline_offer_id,'null') as c_orderline_offer_id,nullif(AD_CLIENT_ID,'null') as AD_CLIENT_ID,nullif(AD_ORG_ID,'null') as AD_ORG_ID,nullif(c_orderline_id,'null') as c_orderline_id,nullif(M_OFFER_ID,'null') as M_OFFER_ID,nullif(ISACTIVE,'null') as ISACTIVE,nullif(CREATED,'null') as CREATED,nullif(CREATEDBY,'null') as CREATEDBY,nullif(UPDATED,'null') as UPDATED,nullif(UPDATEDBY,'null') as UPDATEDBY,nullif(LINE,'null') as LINE,nullif(PRICEOFFER,'null') as PRICEOFFER,nullif(AMTOFFER,'null') as AMTOFFER,nullif(PRICEOFFERGROSS,'null') as PRICEOFFERGROSS,nullif(TOTALAMT,'null') as TOTALAMT,nullif(DISPLAYEDTOTALAMT,'null') as DISPLAYEDTOTALAMT,nullif(EM_HORCUS_PROMOTIONALPOINT,'null') as EM_HORCUS_PROMOTIONALPOINT,nullif(em_obdiscp_coupon_id,'null') as em_obdiscp_coupon_id,nullif(EM_OBDISC_QTYOFFER,'null') as EM_OBDISC_QTYOFFER,nullif(em_obdisc_identifier,'null') as em_obdisc_identifier,nullif(OPERATION,'null') as OPERATION,nullif(TIMESTAMP,'null') as TIMESTAMP,nullif(TRANSACTIONID,'null') as TRANSACTIONID from oloff11",
			"temp_table_name": "oloff28",
			"partition_column_list": ""
		},
		{
			"card_id": "card_4",
			"card_dependencies": [
				"card_28"
			],
			"label": "Read_Table 4",
			"card_type": "read_table",
			"description": "fetching latest records",
			"query": "select * from (select row_number() OVER(PARTITION BY c_orderline_offer_id order BY timestamp desc,case when operation='DELETE' then 1 when operation='UPDATE' then 2 when operation='INSERT' then 3 when operation='REFRESH' then 4 end asc) as rn,row_number() OVER(PARTITION BY c_orderline_offer_id,timestamp,operation order BY timestamp desc,operation desc) as rnk,* FROM oloff28 )t where t.rnk = 1",
			"temp_table_name": "oloff5",
			"partition_column_list": ""
		},
		{
			"card_id": "card_18",
			"card_dependencies": [
				"card_4"
			],
			"label": "Read_Table 18",
			"card_type": "read_table",
			"description": "Populating etlrunlogid",
			"query": "select s.*,r.ETLRunId as ETLRunLogIdNew from oloff5 s join (select max(cast (ETLRunId as int)) as ETLRunId from RPI_LOGGING.RPI_COMMON_LOGGING where processstage='CurateStandard' and feedname = 'BTCOPT_ORDER_DISCOUNT_INFO_BUKOPMS_Incr') r on (1=1)",
			"temp_table_name": "olofflog",
			"partition_column_list": ""
		},
		{
			"card_id": "card_3",
			"card_dependencies": [
				"card_18",
				"card_2"
			],
			"label": "Read_Table 3",
			"card_type": "read_table",
			"description": "Applying Transformations",
			"query": "select md5(concat_ws('^|~',s.c_orderline_offer_id,r.LOVId)) as OrderLineOfferId,s.c_orderline_offer_id as SRCOrderLineOfferId,a.OrganisationId,b.ODHOrderLineId as ODHOrderLineId,c.OfferId as OfferId,d.ClientId as ClientId,s.ISACTIVE as IsActive,s.CREATED as SourceCreated,s.CREATEDBY as SourceCreatedBy,s.UPDATED as SourceUpdated,s.UPDATEDBY as SourceUpdatedBy,s.LINE as Line,s.EM_OBDISCP_COUPON_ID as EMOBDISCPCouponId,s.PRICEOFFER as PriceOffer,s.AMTOFFER as AmtOffer,s.PRICEOFFERGROSS as PriceOfferGross,s.TOTALAMT as TotalAmt,s.DISPLAYEDTOTALAMT as DisplayedTotalAmt,s.EM_HORCUS_PROMOTIONALPOINT as EMHorcusPromotionalPoint,s.EM_OBDISC_QTYOFFER as EMOBDISCQTYOffer,s.EM_OBDISC_IDENTIFIER as EMOBDISCIdentifier,'BUKOPMS' as RecordSourceCode,cast(r.LOVId as int) as LOVRecordSourceId,cast(s.CurateStandardRowKey as bigint) as DLCurateStandardRowKey,cast(s.ETLRunLogIdNew as int) as DLETLRunLogID,current_timestamp as RunDateTime , case when s.rn=1 and ifnull(s.operation,'null')<>'DELETE' then 'Y' when s.rn=1 and ifnull(s.operation,'null')='DELETE' then 'D' else 'N' end as DLSCDActiveFlag from olofflog s left join (select OrganisationId,SRCADOrgId from curate_enterprise.ODHAdOrg where RecordSourceCode='BUKOPMS' and DLSCDActiveFlag='Y') a on a.SRCADOrgId=s.AD_ORG_ID left join (select ODHOrderLineId,SRCOrderLineId from curate_enterprise.ODHOrderLine where RecordSourceCode='BUKOPMS' and DLSCDActiveFlag='Y') b on b.SRCOrderLineId=s.C_ORDERLINE_ID left join (select OfferId,SRCOfferId from curate_enterprise.ODHOffer where RecordSourceCode='BUKOPMS' and DLSCDActiveFlag='Y') c on c.SRCOfferId=s.M_OFFER_ID  left join (select ClientId,SRCClientId from curate_enterprise.ODHClient where RecordSourceCode='BUKOPMS' and DLSCDActiveFlag='Y') d on d.SRCClientId=s.AD_CLIENT_ID  join (select LOVId from reflovsetinfo where lovkey='BUKOPMS' and lovsetname='System of Record' and LOVRecordsourceid='12012') r on(1=1) where d.ClientId is not null and a.OrganisationID is not null and  b.ODHOrderLineId is not null and c.OfferId is not null ",
			"temp_table_name": "ODHOrderLineOffer",
			"partition_column_list": ""
		},
		{
			"card_id": "card_25",
			"card_dependencies": [
				"card_3"
			],
			"label": "Read_Table 25",
			"card_type": "read_table",
			"description": "Filtering Records ",
			"query": "select cast(OrderLineOfferId as string ),cast(SRCOrderLineOfferId as string),cast(OrganisationID as string),cast(ClientId as string),cast(IsActive as string),cast(SourceCreated as timestamp),cast(SourceCreatedBy as string),cast(SourceUpdated as timestamp),cast(SourceUpdatedBy as string),cast(ODHOrderLineId as string),cast(Line as smallint),cast(OfferId as string ),cast(PriceOffer as int),cast(AmtOffer as int),cast(PriceOfferGross as int),cast(TotalAmt as int),cast(DisplayedTotalAmt as int),cast(EMHorcusPromotionalPoint as int),cast(EMOBDISCPCouponId as int),cast(EMOBDISCQTYOffer as int),cast(EMOBDISCIdentifier as string),cast(RecordSourceCode  as string),cast(LOVRecordSourceId as int),cast(RunDateTime as timestamp),cast(DLCurateStandardRowKey as bigint),cast(DLETLRunLogID as int) , DLSCDActiveFlag from ODHOrderLineOffer    where  SRCOrderLineOfferId is not null and Line is not null",
			"temp_table_name": "ODHOrderLineOffer1",
			"partition_column_list": ""
		},
		{
			"card_id": "card_23",
			"card_dependencies": [
				"card_25"
			],
			"label": "Read_Table 23",
			"card_type": "read_table",
			"description": "Insert in ADLS",
			"query": "MERGE INTO curate_enterprise.ODHOrderLineOffer T USING (SELECT case when s.dlscdactiveflag='Y' then s.OrderLineOfferId else 'DEACTIVATE' end as mergeKey, s.* FROM ODHOrderLineOffer1 s where s.dlscdactiveflag<>'D' UNION ALL SELECT 'UPDATE' as mergeKey, source.* FROM ODHOrderLineOffer1 source JOIN curate_enterprise.ODHOrderLineOffer Target ON source.OrderLineOfferId = Target.OrderLineOfferId WHERE Target.DLSCDActiveFlag = 'Y' and source.DLSCDActiveFlag = 'Y') src ON T.OrderLineOfferId = src.mergeKey AND T.DLSCDActiveFlag = 'Y' when matched THEN UPDATE SET DLSCDActiveFlag = 'N', DLSCDEndDateTime = src.RunDateTime ,DLUpdateDateTime = src.RunDateTime WHEN not MATCHED AND src.mergeKey <> 'UPDATE' and src.mergekey <> 'DEACTIVATE' THEN INSERT(OrderLineOfferId,SRCOrderLineOfferId,OrganisationID,ClientId,IsActive ,SourceCreated,SourceCreatedBy,SourceUpdated,SourceUpdatedBy,ODHOrderLineId,Line ,OfferId,PriceOffer,AmtOffer,PriceOfferGross,TotalAmt,DisplayedTotalAmt,EMHorcusPromotionalPoint,EMOBDISCPCouponId,EMOBDISCQTYOffer,EMOBDISCIdentifier,RecordSourceCode,LOVRecordSourceId ,RunDateTime,DLCreateDateTime,DLUpdateDateTime,DLSCDStartDateTime,DLSCDEndDateTime,DLSCDActiveFlag,DLETLRunLogID,DLCurateStandardRowKey)  VALUES(src.OrderLineOfferId,src.SRCOrderLineOfferId,src.OrganisationID,src.ClientId,src.IsActive,src.SourceCreated,src.SourceCreatedBy,src.SourceUpdated,src.SourceUpdatedBy,src.ODHOrderLineId,src.Line,src.OfferId,src.PriceOffer,src.AmtOffer,src.PriceOfferGross,src.TotalAmt,src.DisplayedTotalAmt,src.EMHorcusPromotionalPoint,src.EMOBDISCPCouponId,src.EMOBDISCQTYOffer,src.EMOBDISCIdentifier,src.RecordSourceCode,src.LOVRecordSourceId,src.RunDateTime,src.RunDateTime,src.RunDateTime,'1900-01-01 00:00:00.000','9999-12-31 00:00:00.000',src.DLSCDActiveFlag,src.DLETLRunLogID,src.DLCurateStandardRowKey) WHEN not MATCHED AND src.mergeKey = 'UPDATE' THEN INSERT(OrderLineOfferId,SRCOrderLineOfferId,OrganisationID,ClientId,IsActive ,SourceCreated,SourceCreatedBy,SourceUpdated,SourceUpdatedBy,ODHOrderLineId,Line ,OfferId,PriceOffer,AmtOffer,PriceOfferGross,TotalAmt,DisplayedTotalAmt,EMHorcusPromotionalPoint,EMOBDISCPCouponId,EMOBDISCQTYOffer,EMOBDISCIdentifier,RecordSourceCode,LOVRecordSourceId ,RunDateTime,DLCreateDateTime,DLUpdateDateTime,DLSCDStartDateTime,DLSCDEndDateTime,DLSCDActiveFlag,DLETLRunLogID,DLCurateStandardRowKey)  VALUES(src.OrderLineOfferId,src.SRCOrderLineOfferId,src.OrganisationID,src.ClientId,src.IsActive,src.SourceCreated,src.SourceCreatedBy,src.SourceUpdated,src.SourceUpdatedBy,src.ODHOrderLineId,src.Line,src.OfferId,src.PriceOffer,src.AmtOffer,src.PriceOfferGross,src.TotalAmt,src.DisplayedTotalAmt,src.EMHorcusPromotionalPoint,src.EMOBDISCPCouponId,src.EMOBDISCQTYOffer,src.EMOBDISCIdentifier,src.RecordSourceCode,src.LOVRecordSourceId,src.RunDateTime,src.RunDateTime,src.RunDateTime,src.RunDateTime,'9999-12-31 00:00:00.000',src.DLSCDActiveFlag,src.DLETLRunLogID,src.DLCurateStandardRowKey) WHEN not MATCHED AND src.mergeKey = 'DEACTIVATE' THEN INSERT(OrderLineOfferId,SRCOrderLineOfferId,OrganisationID,ClientId,IsActive ,SourceCreated,SourceCreatedBy,SourceUpdated,SourceUpdatedBy,ODHOrderLineId,Line ,OfferId,PriceOffer,AmtOffer,PriceOfferGross,TotalAmt,DisplayedTotalAmt,EMHorcusPromotionalPoint,EMOBDISCPCouponId,EMOBDISCQTYOffer,EMOBDISCIdentifier,RecordSourceCode,LOVRecordSourceId ,RunDateTime,DLCreateDateTime,DLUpdateDateTime,DLSCDStartDateTime,DLSCDEndDateTime,DLSCDActiveFlag,DLETLRunLogID,DLCurateStandardRowKey)  VALUES(src.OrderLineOfferId,src.SRCOrderLineOfferId,src.OrganisationID,src.ClientId,src.IsActive,src.SourceCreated,src.SourceCreatedBy,src.SourceUpdated,src.SourceUpdatedBy,src.ODHOrderLineId,src.Line,src.OfferId,src.PriceOffer,src.AmtOffer,src.PriceOfferGross,src.TotalAmt,src.DisplayedTotalAmt,src.EMHorcusPromotionalPoint,src.EMOBDISCPCouponId,src.EMOBDISCQTYOffer,src.EMOBDISCIdentifier,src.RecordSourceCode,src.LOVRecordSourceId,src.RunDateTime,src.RunDateTime,src.RunDateTime,src.RunDateTime,src.RunDateTime,src.DLSCDActiveFlag,src.DLETLRunLogID,src.DLCurateStandardRowKey)",
			"temp_table_name": "ODHOrderLineOffer2",
			"partition_column_list": ""
		},
		{
			"card_id": "card_23033",
			"card_dependencies": [
				"card_23"
			],
			"label": "Read_Table 23033",
			"card_type": "read_table",
			"description": "Insert in ADLS",
			"query": "MERGE INTO curate_enterprise.ODHOrderLineOffer T USING (SELECT s.OrderLineOfferId as MergeKey,s.* FROM ODHOrderLineOffer1 s where s.dlscdactiveflag='D' UNION ALL SELECT 'UPDATE' as mergeKey, source.* FROM ODHOrderLineOffer1 source JOIN curate_enterprise.ODHOrderLineOffer Target ON source.OrderLineOfferId = Target.OrderLineOfferId WHERE Target.DLSCDActiveFlag = 'Y' and source.dlscdactiveflag='D') src ON T.OrderLineOfferId = src.mergeKey AND T.DLSCDActiveFlag = 'Y' when matched THEN UPDATE SET DLSCDActiveFlag = 'N', DLSCDEndDateTime = src.RunDateTime ,DLUpdateDateTime = src.RunDateTime WHEN not MATCHED AND src.mergeKey = 'UPDATE' THEN INSERT(OrderLineOfferId,SRCOrderLineOfferId,OrganisationID,ClientId,IsActive ,SourceCreated,SourceCreatedBy,SourceUpdated,SourceUpdatedBy,ODHOrderLineId,Line ,OfferId,PriceOffer,AmtOffer,PriceOfferGross,TotalAmt,DisplayedTotalAmt,EMHorcusPromotionalPoint,EMOBDISCPCouponId,EMOBDISCQTYOffer,EMOBDISCIdentifier,RecordSourceCode,LOVRecordSourceId ,RunDateTime,DLCreateDateTime,DLUpdateDateTime,DLSCDStartDateTime,DLSCDEndDateTime,DLSCDActiveFlag,DLETLRunLogID,DLCurateStandardRowKey)  VALUES(src.OrderLineOfferId,src.SRCOrderLineOfferId,src.OrganisationID,src.ClientId,src.IsActive,src.SourceCreated,src.SourceCreatedBy,src.SourceUpdated,src.SourceUpdatedBy,src.ODHOrderLineId,src.Line,src.OfferId,src.PriceOffer,src.AmtOffer,src.PriceOfferGross,src.TotalAmt,src.DisplayedTotalAmt,src.EMHorcusPromotionalPoint,src.EMOBDISCPCouponId,src.EMOBDISCQTYOffer,src.EMOBDISCIdentifier,src.RecordSourceCode,src.LOVRecordSourceId,src.RunDateTime,src.RunDateTime,src.RunDateTime,src.RunDateTime,src.RunDateTime,'N',src.DLETLRunLogID,src.DLCurateStandardRowKey) WHEN not MATCHED AND src.mergeKey <> 'UPDATE' THEN INSERT(OrderLineOfferId,SRCOrderLineOfferId,OrganisationID,ClientId,IsActive ,SourceCreated,SourceCreatedBy,SourceUpdated,SourceUpdatedBy,ODHOrderLineId,Line ,OfferId,PriceOffer,AmtOffer,PriceOfferGross,TotalAmt,DisplayedTotalAmt,EMHorcusPromotionalPoint,EMOBDISCPCouponId,EMOBDISCQTYOffer,EMOBDISCIdentifier,RecordSourceCode,LOVRecordSourceId ,RunDateTime,DLCreateDateTime,DLUpdateDateTime,DLSCDStartDateTime,DLSCDEndDateTime,DLSCDActiveFlag,DLETLRunLogID,DLCurateStandardRowKey)  VALUES(src.OrderLineOfferId,src.SRCOrderLineOfferId,src.OrganisationID,src.ClientId,src.IsActive,src.SourceCreated,src.SourceCreatedBy,src.SourceUpdated,src.SourceUpdatedBy,src.ODHOrderLineId,src.Line,src.OfferId,src.PriceOffer,src.AmtOffer,src.PriceOfferGross,src.TotalAmt,src.DisplayedTotalAmt,src.EMHorcusPromotionalPoint,src.EMOBDISCPCouponId,src.EMOBDISCQTYOffer,src.EMOBDISCIdentifier,src.RecordSourceCode,src.LOVRecordSourceId,src.RunDateTime,src.RunDateTime,src.RunDateTime,src.RunDateTime,src.RunDateTime,'N',src.DLETLRunLogID,src.DLCurateStandardRowKey)",
			"temp_table_name": "ODHOrderLineOffer23033",
			"partition_column_list": ""
		},
		{
			"card_id": "card_11",
			"card_dependencies": [
				"card_23",
				"card_25",
				"card_12",
				"card_3"
			],
			"label": "Write_Delta 11",
			"card_type": "write_delta",
			"description": "Write backup Standard",
			"query": "select * from oloff11 where c_orderline_offer_id not in (select SRCOrderLineOfferId from ODHOrderLineOffer) ",
			"data_path": "/mnt/idf-curatestandard/BTUKOPTIT/BUKOPMS/BTCOPT_ORDER_DISCOUNT_INFO_BUKOPMS_Incr/BackUp",
			"partition_key_columns": "",
			"mode": "OVERWRITE",
			"type": "GENERAL"
		}
	]
}
