{
    "project_name": "PSB",
    "config_type": "etl",
    "description": "",
    "data_source": [],
    "report_path": "/mnt/idf-reports/BUKIT/PSB/IF_00459CurateADLS",
    "cards": [
        {
            "card_id": "card_0",
            "card_dependencies": [],
            "label": "Read_Delta 0",
            "card_type": "read_delta",
            "description": "read data from ADLS",
            "data_path": "/mnt/idf-curatestandard/BUKIT/PSB/BootsUK_IF_00459_Service_Contract_PSB_Incr",
            "output_table": "ServiceContract"
        },
        {
            "card_id": "card_1",
            "card_dependencies": [
                "card_0"
            ],
            "label": "Apply_Filter 1",
            "card_type": "apply_filter",
            "description": "applyfilter",
            "input_table": "ServiceContract",
            "output_table": "ServiceContract",
            "filter": [],
            "unmatch_data": false
        },
        {
            "card_id": "card_2",
            "card_dependencies": [
                "card_1"
            ],
            "label": "Write_Delta 2",
            "card_type": "write_delta",
            "description": "write to delta",
			"query": "select ServiceContractId,SnapshotId,ServiceContractName,ServiceContractCreationDate,ServiceContractStartDate,ServiceContractEndDate,ServiceContractExpirationDate,Commissioner,PaymentBodyId,ClaimFrequency,ClaimDueDays,ClaimMethod,PurchaseOrderType,PurchaseOrderNumber,CountryCode,RunDateTime,Year ,Month ,Day ,SourceSystemID ,LOVRecordSourceID,SCDStartDate,SCDEndDate,SCDActiveFlag,SCDVersion,SCDLOVRecordSourceID,ETLRunLogID from ServiceContract",
            "data_path": "/mnt/idf-curate/Pharmaceuticals/ServiceContract",
            "partition_key_columns": "SourceSystemID,Year,Month,Day",
            "mode": "APPEND",
            "type": "GENERAL"
        }
    ]
}