{
    "project_name": "BUKOPMS",
    "config_type": "etl",
    "description": "",
    "data_source": [],
    "report_path": "/mnt/idf-reports/BTUKOPTIT/BUKOPMS/BTCOPT_MASTER_PRODUCT_PRICE_BUKOPMS_Incr/Incremental/CurateADLS/",
    "cards": [
        {
            "card_id": "card_0",
            "card_dependencies": [],
            "label": "Read_Delta 0",
            "card_type": "read_delta",
            "description": "reading standard location",
            "data_path": "/mnt/idf-curatestandard/BTUKOPTIT/BUKOPMS/BTCOPT_MASTER_PRODUCT_PRICE_BUKOPMS_Incr/Incremental",
            "output_table": "master_m_pricelist1"
        },
        {
            "card_id": "card_1",
            "card_dependencies": [
                "card_0"
            ],
            "label": "Apply_Filter 1",
            "card_type": "apply_filter",
            "description": "filtering records with RunDateTime",
            "input_table": "master_m_pricelist1",
            "output_table": "master_m_pricelist2",
            "filter": [],
            "unmatch_data": false
        },
        {
			"card_id": "card_2",
			"card_dependencies": [],
			"label": "Read_Table 2",
			"card_type": "read_table",
			"description": "Read ADLS table",
			"query": "Select * from curate_enterprise.reflovsetinfo",
			"temp_table_name": "reflovsetinfo",
			"partition_column_list": ""
		},
        {
            "card_id": "card_13",
            "card_dependencies": [],
            "label": "Read_Delta 13",
            "card_type": "read_delta",
            "description": "reading standard backup location",
            "data_path": "/mnt/idf-curatestandard/BTUKOPTIT/BUKOPMS/BTCOPT_MASTER_PRODUCT_PRICE_BUKOPMS_Incr/BackUp",
            "output_table": "master_m_pricelist12"
        },
        {
            "card_id": "card_12",
            "card_dependencies": [
                "card_13",
                "card_1"
            ],
            "label": "Read_Table 12",
            "card_type": "read_table",
            "description": "Union with backup table",
            "query": "select * from master_m_pricelist2 union select * from master_m_pricelist12",
            "temp_table_name": "master_m_pricelist11",
            "partition_column_list": ""
        },
        {
            "card_id": "card_28",
            "card_dependencies": [
                "card_12"
            ],
            "label": "Read_Table 28",
            "card_type": "read_table",
            "description": "Making null void null",
            "query": "select nullif(CurateStandardRowKey,'null') as  CurateStandardRowKey,nullif(M_PRICELIST_ID,'null') as M_PRICELIST_ID,nullif(AD_CLIENT_ID,'null') as AD_CLIENT_ID,nullif(AD_ORG_ID,'null') as AD_ORG_ID,nullif(ISACTIVE,'null') as ISACTIVE,nullif(CREATED,'null') as CREATED,nullif(CREATEDBY,'null') as CREATEDBY,nullif(UPDATED,'null') as UPDATED,nullif(UPDATEDBY,'null') as UPDATEDBY,nullif(NAME,'null') as NAME,nullif(DESCRIPTION,'null') as DESCRIPTION,nullif(BASEPRICELIST_ID,'null') as BASEPRICELIST_ID,nullif(ISTAXINCLUDED,'null') as ISTAXINCLUDED,nullif(ISSOPRICELIST,'null') as ISSOPRICELIST,nullif(ISDEFAULT,'null') as ISDEFAULT,nullif(C_CURRENCY_ID,'null') as C_CURRENCY_ID,nullif(ENFORCEPRICELIMIT,'null') as ENFORCEPRICELIMIT,nullif(COSTBASED,'null') as COSTBASED,nullif(OPERATION,'null') as OPERATION,nullif(TIMESTAMP,'null') as TIMESTAMP,nullif(TRANSACTIONID,'null') as TRANSACTIONID from master_m_pricelist11",
            "temp_table_name": "master_m_pricelist101",
            "partition_column_list": ""
        },
		{
            "card_id": "card_18",
            "card_dependencies": [
                "card_28"
            ],
            "label": "Read_Table 18",
            "card_type": "read_table",
            "description": "Populating etlrunlogid",
            "query": "select s.*,r.ETLRunId as ETLRunLogIdNew from master_m_pricelist101 s join (select max(cast(ETLRunId as int)) as ETLRunId from RPI_LOGGING.RPI_COMMON_LOGGING where processstage='CurateStandard' and feedname = 'BTCOPT_MASTER_PRODUCT_PRICE_BUKOPMS_Incr') r on (1=1)",
            "temp_table_name": "master_m_pricelistlog",
            "partition_column_list": ""
        },
        {
            "card_id": "card_30",
            "card_dependencies": [
                "card_18"
            ],
            "label": "Read_Table 30",
            "card_type": "read_table",
            "description": "fetching latest records",
            "query": "select * from (select row_number() OVER(PARTITION BY M_PRICELIST_ID order BY timestamp desc,case when operation='DELETE' then 1 when operation='UPDATE' then 2 when operation='INSERT' then 3 when operation='REFRESH' then 4 end asc) as rn,row_number() OVER(PARTITION BY M_PRICELIST_ID,timestamp,operation order BY timestamp desc,operation desc) as rnk,* FROM master_m_pricelistlog)t where t.rnk = 1",
            "temp_table_name": "master_m_pricelistlog1",
            "partition_column_list": ""
        },
        {
            "card_id": "card_3",
            "card_dependencies": [
                "card_30"
            ],
            "label": "Read_Table 3",
            "card_type": "read_table",
            "description": "Applying Transformations",
            "query": "select distinct md5(concat_ws('^|~',ss.M_PRICELIST_ID,r.LOVId))  as OpticianPriceListId, ss.M_PRICELIST_ID as SRCPriceListId,ss.AD_ORG_ID,s.OrganisationId as OrganisationId, ss.AD_CLIENT_ID, u.ClientId as ClientId,ss.NAME as PriceListName,ss.CREATED as SourceCreated, ss.CREATEDBY as SourceCreatedBy, ss.UPDATED as SourceUpdated, ss.UPDATEDBY as SourceUpdatedBy,  ss.DESCRIPTION as Description, ss.ISTAXINCLUDED as IsTaxIncluded, ss.ISSOPRICELIST as IsSoPricelist,ss.ISDEFAULT as IsDefault, ss.C_CURRENCY_ID as SRCCurrencyId, ss.ENFORCEPRICELIMIT as EnforcePriceLimit,ss.COSTBASED as CostBased, 'BUKOPMS' as RecordSourceCode,r.LOVId as LOVRecordSourceId,ss.CurateStandardRowKey as DLCurateStandardRowKey,ss.ETLRunLogIdNew as DLETLRunLogID,current_timestamp as RunDateTime,case when ss.rn=1 and ifnull(ss.operation,'null')<>'DELETE' then 'Y' when ss.rn=1 and ifnull(ss.operation,'null')='DELETE' then 'D' else 'N' end as DLSCDActiveFlag from master_m_pricelistlog1 ss join ( select LOVId from reflovsetinfo where lovkey='BUKOPMS' and lovsetname='System of Record' and LOVRecordsourceid='12012') r on(1=1) left join (select OrganisationId,SRCAdOrgId from curate_enterprise.ODHAdOrg where RecordSourceCode='BUKOPMS' and DLSCDActiveFlag = 'Y') s on s.SRCAdOrgId=ss.AD_ORG_ID left join (select ClientId,SRCClientId from curate_enterprise.ODHClient where RecordSourceCode='BUKOPMS' and DLSCDActiveFlag = 'Y' ) u on u.SRCClientId=ss.AD_CLIENT_ID where u.ClientId is not null and s.OrganisationID is not null ",
            "temp_table_name": "ODHPriceList",
            "partition_column_list": ""
        },
        {
            "card_id": "card_25",
            "card_dependencies": [
                "card_3"
            ],
            "label": "Read_Table 25",
            "card_type": "read_table",
            "description": "Filtering Records",
            "query": "select cast(OpticianPriceListId as string),cast(SRCPriceListId as string),cast(OrganisationId as string ),cast(ClientId as string ),cast(PriceListName as string),cast(SourceCreated as date),cast(SourceCreatedBy as string),cast(SourceUpdated as date),cast(SourceUpdatedBy as string),cast(Description as string),cast(IsTaxIncluded as string ),cast(IsSoPricelist as string),cast(IsDefault as string),cast(SRCCurrencyId as string),cast(EnforcePriceLimit as string),cast(CostBased as string ),cast(RecordSourceCode as string),cast(LOVRecordSourceId as int) ,RunDateTime,cast(DLETLRunLogID as int),cast(DLCurateStandardRowKey as bigint),DLSCDActiveFlag from ODHPriceList where SRCPriceListId is not null and PriceListName is not null",
            "temp_table_name": "ODHPriceList1",
            "partition_column_list": ""
        },
        {
            "card_id": "card_23",
            "card_dependencies": [
                "card_25"
            ],
            "label": "Read_Table 23",
            "card_type": "read_table",
            "description": "Insert in ADLS",
            "query": "MERGE INTO curate_enterprise.ODHPriceList T USING (SELECT case when s.dlscdactiveflag='Y' then s.OpticianPriceListId else 'DEACTIVATE' end as mergeKey, s.* FROM ODHPriceList1 s where s.dlscdactiveflag<>'D' UNION ALL SELECT 'UPDATE' as mergeKey, source.* FROM ODHPriceList1 source JOIN curate_enterprise.ODHPriceList Target ON source.OpticianPriceListId = Target.OpticianPriceListId WHERE Target.DLSCDActiveFlag = 'Y' and source.DLSCDActiveFlag = 'Y') src ON T.OpticianPriceListId = src.mergeKey AND T.DLSCDActiveFlag = 'Y' when matched THEN UPDATE SET DLSCDActiveFlag = 'N', DLSCDEndDateTime = src.RunDateTime ,DLUpdateDateTime = src.RunDateTime WHEN not MATCHED AND src.mergeKey <> 'UPDATE' and src.mergekey <> 'DEACTIVATE' THEN INSERT(OpticianPriceListId ,SRCPriceListId,OrganisationId, ClientId,PriceListName,SourceCreated, SourceCreatedBy, SourceUpdated, SourceUpdatedBy, Description,IsTaxIncluded, IsSoPricelist, IsDefault,  SRCCurrencyId, EnforcePriceLimit,CostBased,RecordSourceCode,LOVRecordSourceId ,RunDateTime,DLCreateDateTime,DLUpdateDateTime,DLSCDStartDateTime,DLSCDEndDateTime,DLSCDActiveFlag,DLETLRunLogID,DLCurateStandardRowKey)  VALUES(src.OpticianPriceListId ,src.SRCPriceListId,src.OrganisationId, src.ClientId,src.PriceListName,src.SourceCreated, src.SourceCreatedBy, src.SourceUpdated, src.SourceUpdatedBy, src.Description,src.IsTaxIncluded, src.IsSoPricelist, src.IsDefault,  src.SRCCurrencyId, src.EnforcePriceLimit,src.CostBased,src.RecordSourceCode,src.LOVRecordSourceId,src.RunDateTime,src.RunDateTime,src.RunDateTime,'1900-01-01 00:00:00.000','9999-12-31 00:00:00.000',src.DLSCDActiveFlag,src.DLETLRunLogID,src.DLCurateStandardRowKey) WHEN not MATCHED AND src.mergeKey = 'UPDATE' THEN INSERT(OpticianPriceListId ,SRCPriceListId,OrganisationId, ClientId,PriceListName,SourceCreated, SourceCreatedBy, SourceUpdated, SourceUpdatedBy, Description,IsTaxIncluded, IsSoPricelist, IsDefault,  SRCCurrencyId, EnforcePriceLimit,CostBased,RecordSourceCode,LOVRecordSourceId ,RunDateTime,DLCreateDateTime,DLUpdateDateTime,DLSCDStartDateTime,DLSCDEndDateTime,DLSCDActiveFlag,DLETLRunLogID,DLCurateStandardRowKey)  VALUES(src.OpticianPriceListId ,src.SRCPriceListId,src.OrganisationId, src.ClientId,src.PriceListName,src.SourceCreated, src.SourceCreatedBy, src.SourceUpdated, src.SourceUpdatedBy, src.Description,src.IsTaxIncluded, src.IsSoPricelist, src.IsDefault,  src.SRCCurrencyId, src.EnforcePriceLimit,src.CostBased,src.RecordSourceCode,src.LOVRecordSourceId,src.RunDateTime,src.RunDateTime,src.RunDateTime,src.RunDateTime,'9999-12-31 00:00:00.000',src.DLSCDActiveFlag,src.DLETLRunLogID,src.DLCurateStandardRowKey) WHEN not MATCHED AND src.mergeKey = 'DEACTIVATE' THEN INSERT(OpticianPriceListId ,SRCPriceListId,OrganisationId, ClientId,PriceListName,SourceCreated, SourceCreatedBy, SourceUpdated, SourceUpdatedBy, Description,IsTaxIncluded, IsSoPricelist, IsDefault,  SRCCurrencyId, EnforcePriceLimit,CostBased,RecordSourceCode,LOVRecordSourceId ,RunDateTime,DLCreateDateTime,DLUpdateDateTime,DLSCDStartDateTime,DLSCDEndDateTime,DLSCDActiveFlag,DLETLRunLogID,DLCurateStandardRowKey)  VALUES(src.OpticianPriceListId ,src.SRCPriceListId,src.OrganisationId, src.ClientId,src.PriceListName,src.SourceCreated, src.SourceCreatedBy, src.SourceUpdated, src.SourceUpdatedBy, src.Description,src.IsTaxIncluded, src.IsSoPricelist, src.IsDefault,  src.SRCCurrencyId, src.EnforcePriceLimit,src.CostBased,src.RecordSourceCode,src.LOVRecordSourceId,src.RunDateTime,src.RunDateTime,src.RunDateTime,src.RunDateTime,src.RunDateTime,src.DLSCDActiveFlag,src.DLETLRunLogID,src.DLCurateStandardRowKey)",
            "temp_table_name": "ODHPriceList2",
            "partition_column_list": ""
        },
        {
            "card_id": "card_23033",
            "card_dependencies": [
                "card_23"
            ],
            "label": "Read_Table 23033",
            "card_type": "read_table",
            "description": "Insert in ADLS",
            "query": "MERGE INTO curate_enterprise.ODHPriceList T USING (SELECT s.OpticianPriceListId as MergeKey,s.* FROM ODHPriceList1 s where s.dlscdactiveflag='D' UNION ALL SELECT 'UPDATE' as mergeKey, source.* FROM ODHPriceList1 source JOIN curate_enterprise.ODHPriceList Target ON source.OpticianPriceListId = Target.OpticianPriceListId WHERE Target.DLSCDActiveFlag = 'Y' and source.dlscdactiveflag='D') src ON T.OpticianPriceListId = src.mergeKey AND T.DLSCDActiveFlag = 'Y' when matched THEN UPDATE SET DLSCDActiveFlag = 'N', DLSCDEndDateTime = src.RunDateTime ,DLUpdateDateTime = src.RunDateTime WHEN not MATCHED AND src.mergeKey = 'UPDATE' THEN INSERT(OpticianPriceListId ,SRCPriceListId,OrganisationId, ClientId,PriceListName,SourceCreated, SourceCreatedBy, SourceUpdated, SourceUpdatedBy, Description,IsTaxIncluded, IsSoPricelist, IsDefault,  SRCCurrencyId, EnforcePriceLimit,CostBased,RecordSourceCode,LOVRecordSourceId ,RunDateTime,DLCreateDateTime,DLUpdateDateTime,DLSCDStartDateTime,DLSCDEndDateTime,DLSCDActiveFlag,DLETLRunLogID,DLCurateStandardRowKey)  VALUES(src.OpticianPriceListId ,src.SRCPriceListId,src.OrganisationId, src.ClientId,src.PriceListName,src.SourceCreated, src.SourceCreatedBy, src.SourceUpdated, src.SourceUpdatedBy, src.Description,src.IsTaxIncluded, src.IsSoPricelist, src.IsDefault,  src.SRCCurrencyId, src.EnforcePriceLimit,src.CostBased,src.RecordSourceCode,src.LOVRecordSourceId,src.RunDateTime,src.RunDateTime,src.RunDateTime,src.RunDateTime,src.RunDateTime,'N',src.DLETLRunLogID,src.DLCurateStandardRowKey) WHEN not MATCHED AND src.mergeKey <> 'UPDATE' THEN INSERT(OpticianPriceListId ,SRCPriceListId,OrganisationId, ClientId,PriceListName,SourceCreated, SourceCreatedBy, SourceUpdated, SourceUpdatedBy, Description,IsTaxIncluded, IsSoPricelist, IsDefault,  SRCCurrencyId, EnforcePriceLimit,CostBased,RecordSourceCode,LOVRecordSourceId ,RunDateTime,DLCreateDateTime,DLUpdateDateTime,DLSCDStartDateTime,DLSCDEndDateTime,DLSCDActiveFlag,DLETLRunLogID,DLCurateStandardRowKey)  VALUES(src.OpticianPriceListId ,src.SRCPriceListId,src.OrganisationId, src.ClientId,src.PriceListName,src.SourceCreated, src.SourceCreatedBy, src.SourceUpdated, src.SourceUpdatedBy, src.Description,src.IsTaxIncluded, src.IsSoPricelist, src.IsDefault,  src.SRCCurrencyId, src.EnforcePriceLimit,src.CostBased,src.RecordSourceCode,src.LOVRecordSourceId,src.RunDateTime,src.RunDateTime,src.RunDateTime,src.RunDateTime,src.RunDateTime,'N',src.DLETLRunLogID,src.DLCurateStandardRowKey)",
            "temp_table_name": "ODHPriceList23033",
            "partition_column_list": ""
        },
		{
			"card_id": "card_11",
			"card_dependencies": [
				"card_23033",
				"card_25",
				"card_12",
				"card_3"
			],
			"label": "Write_Delta 11",
			"card_type": "write_delta",
			"description": "Write backup Standard",
			"query": "select * from master_m_pricelist11 where M_PRICELIST_ID not in (select SRCPriceListId from ODHPriceList)",
			"data_path": "/mnt/idf-curatestandard/BTUKOPTIT/BUKOPMS/BTCOPT_MASTER_PRODUCT_PRICE_BUKOPMS_Incr/BackUp",
			"partition_key_columns": "",
			"mode": "OVERWRITE",
			"type": "GENERAL"
		}
    ]
}
