{
    "project_name": "BUKOPMS",
    "config_type": "etl",
    "description": "",
    "data_source": [],
    "report_path": "/mnt/idf-reports/BTUKOPTIT/BUKOPMS/BTCOPT_MASTER_PRICE_LIST_VERSION_BUKOPMS_Incr/Incremental/CurateADLS/",
    "cards": [
        {
            "card_id": "card_0",
            "card_dependencies": [],
            "label": "Read_Delta 0",
            "card_type": "read_delta",
            "description": "reading standard location",
            "data_path": "/mnt/idf-curatestandard/BTUKOPTIT/BUKOPMS/BTCOPT_MASTER_PRICE_LIST_VERSION_BUKOPMS_Incr/Incremental",
            "output_table": "master_m_pricelist_version1"
        },
        {
            "card_id": "card_1",
            "card_dependencies": [
                "card_0"
            ],
            "label": "Apply_Filter 1",
            "card_type": "apply_filter",
            "description": "filtering records with RunDateTime",
            "input_table": "master_m_pricelist_version1",
            "output_table": "master_m_pricelist_version2",
            "filter": [],
            "unmatch_data": false
        },
        {
            "card_id": "card_2",
            "card_dependencies": [],
            "label": "Read_Table 2",
            "card_type": "read_table",
            "description": "Read ADLS table",
            "query": "Select * from curate_enterprise.reflovsetinfo",
            "temp_table_name": "reflovsetinfo",
            "partition_column_list": ""
        },
        {
            "card_id": "card_13",
            "card_dependencies": [],
            "label": "Read_Delta 13",
            "card_type": "read_delta",
            "description": "reading standard backup location",
            "data_path": "/mnt/idf-curatestandard/BTUKOPTIT/BUKOPMS/BTCOPT_MASTER_PRICE_LIST_VERSION_BUKOPMS_Incr/BackUp",
            "output_table": "master_m_pricelist_version12"
        },
        {
            "card_id": "card_12",
            "card_dependencies": [
                "card_13",
                "card_1"
            ],
            "label": "Read_Table 12",
            "card_type": "read_table",
            "description": "Union with backup table",
            "query": "select * from master_m_pricelist_version2 union select * from master_m_pricelist_version12",
            "temp_table_name": "master_m_pricelist_version11",
            "partition_column_list": ""
        },
        {
            "card_id": "card_101",
            "card_dependencies": [
                "card_12"
            ],
            "label": "Read_Table 28",
            "card_type": "read_table",
            "description": "Making null void null",
            "query": "select nullif(CurateStandardRowKey,'null') as  CurateStandardRowKey,nullif(M_PRICELIST_VERSION_ID,'null') as M_PRICELIST_VERSION_ID,nullif(AD_CLIENT_ID,'null') as AD_CLIENT_ID,nullif(AD_ORG_ID,'null') as AD_ORG_ID,nullif(ISACTIVE,'null') as ISACTIVE,nullif(CREATED,'null') as CREATED,nullif(CREATEDBY,'null') as CREATEDBY,nullif(UPDATED,'null') as UPDATED,nullif(UPDATEDBY,'null') as UPDATEDBY,nullif(NAME,'null') as NAME,nullif(DESCRIPTION,'null') as DESCRIPTION,nullif(M_PRICELIST_ID,'null') as M_PRICELIST_ID,nullif(M_DISCOUNTSCHEMA_ID,'null') as M_DISCOUNTSCHEMA_ID,nullif(VALIDFROM,'null') as VALIDFROM,nullif(PROCCREATE,'null') as PROCCREATE,nullif(M_PRICELIST_VERSION_BASE_ID,'null') as M_PRICELIST_VERSION_BASE_ID,nullif(M_PRICELIST_VERSION_GENERATE,'null') as M_PRICELIST_VERSION_GENERATE,nullif(OPERATION,'null') as OPERATION,nullif(TIMESTAMP,'null') as TIMESTAMP,nullif(TRANSACTIONID,'null') as TRANSACTIONID from master_m_pricelist_version11",
            "temp_table_name": "master_m_pricelist_version101",
            "partition_column_list": ""
        },
		{
            "card_id": "card_18",
            "card_dependencies": [
                "card_101"
            ],
            "label": "Read_Table 18",
            "card_type": "read_table",
            "description": "Populating etlrunlogid",
            "query": "select s.*,r.ETLRunId as ETLRunLogIdNew from master_m_pricelist_version101 s join (select max(cast(ETLRunId as int)) as ETLRunId from RPI_LOGGING.RPI_COMMON_LOGGING where processstage='CurateStandard' and feedname = 'BTCOPT_MASTER_PRICE_LIST_VERSION_BUKOPMS_Incr') r on (1=1)",
            "temp_table_name": "master_m_pricelist_versionlog",
            "partition_column_list": ""
        },
        {
            "card_id": "card_30",
            "card_dependencies": [
                "card_18"
            ],
            "label": "Read_Table 30",
            "card_type": "read_table",
            "description": "fetching latest records",
            "query": "select * from (select row_number() OVER(PARTITION BY M_PRICELIST_VERSION_ID order BY timestamp desc,case when operation='DELETE' then 1 when operation='UPDATE' then 2 when operation='INSERT' then 3 when operation='REFRESH' then 4 end asc) as rn,row_number() OVER(PARTITION BY M_PRICELIST_VERSION_ID,timestamp,operation order BY timestamp desc,operation desc) as rnk,* FROM master_m_pricelist_versionlog)t where t.rnk = 1",
            "temp_table_name": "master_m_pricelist_versionlog1",
            "partition_column_list": ""
        },
        {
            "card_id": "card_3",
            "card_dependencies": [
                "card_30"
            ],
            "label": "Read_Table 3",
            "card_type": "read_table",
            "description": "Applying Transformations",
            "query": "select distinct md5(concat_ws('^|~',ss.M_PRICELIST_VERSION_ID,r.LOVId))  as PricelistVersionId, ss.M_PRICELIST_VERSION_ID as SRCPricelistVersionId,ss.AD_CLIENT_ID, u.ClientId as ClientId, ss.AD_ORG_ID,s.OrganisationId as OrganisationId,ss.NAME as PriceListVersionName,ss.VALIDFROM as ValidFrom, ss.ISACTIVE as IsActive, ss.CREATED as SourceCreated, ss.CREATEDBY as SourceCreatedBy, ss.UPDATED as SourceUpdated, ss.UPDATEDBY as SourceUpdatedBy,  ss.DESCRIPTION as Description,  ss.M_PRICELIST_ID ,p.OpticianPriceListId as OpticianPriceListId ,ss.PROCCREATE as ProcCreate, ss.M_PRICELIST_VERSION_GENERATE as PricelistVersionGenerate, 'BUKOPMS' as RecordSourceCode,r.LOVId as LOVRecordSourceId,ss.CurateStandardRowKey as DLCurateStandardRowKey,ss.ETLRunLogIdNew as DLETLRunLogID,current_timestamp as RunDateTime,case when ss.rn=1 and ifnull(ss.operation,'null')<>'DELETE' then 'Y' when ss.rn=1 and ifnull(ss.operation,'null')='DELETE' then 'D' else 'N' end as DLSCDActiveFlag from master_m_pricelist_versionlog1 ss join ( select LOVId from reflovsetinfo where lovkey='BUKOPMS' and lovsetname='System of Record' and LOVRecordsourceid='12012') r on(1=1) left join (select ClientId,SRCClientId from curate_enterprise.ODHClient where RecordSourceCode='BUKOPMS' and DLSCDActiveFlag='Y') u on u.SRCClientId=ss.AD_CLIENT_ID left join (select OrganisationId,SRCAdOrgId from curate_enterprise.ODHAdOrg where RecordSourceCode='BUKOPMS' and DLSCDActiveFlag='Y') s on s.SRCAdOrgId=ss.AD_ORG_ID left join (select OpticianPriceListId ,SRCPriceListId from curate_enterprise.ODHPriceList where RecordSourceCode='BUKOPMS' and DLSCDActiveFlag='Y') p on p.SRCPriceListId = ss.M_PRICELIST_ID where u.ClientId is not null and s.OrganisationID is not null and p.OpticianPriceListId is not null",
            "temp_table_name": "ODHPriceListVersion",
            "partition_column_list": ""
        },
        {
            "card_id": "card_25",
            "card_dependencies": [
                "card_3"
            ],
            "label": "Read_Table 25",
            "card_type": "read_table",
            "description": "Filtering Records",
            "query": "select cast(PricelistVersionId as string),cast(SRCPricelistVersionId as string),cast(ClientId as string ),cast(OrganisationId as string ),cast(PriceListVersionName as string),cast(ValidFrom as date),cast(IsActive as string),cast(SourceCreated as date ),cast(SourceCreatedBy as string),cast(SourceUpdated as date),cast(SourceUpdatedBy as string),cast(Description as string),cast(OpticianPriceListId as string ),cast(ProcCreate as string ),cast(PricelistVersionGenerate as string),cast(RecordSourceCode as string),cast(LOVRecordSourceId as int) ,RunDateTime,cast(DLETLRunLogID as int),cast(DLCurateStandardRowKey as bigint),DLSCDActiveFlag from ODHPriceListVersion where  SRCPricelistVersionId is not null and PriceListVersionName is not null and ValidFrom is not null",
            "temp_table_name": "ODHPriceListVersion1",
            "partition_column_list": ""
        },
        {
            "card_id": "card_23",
            "card_dependencies": [
                "card_25"
            ],
            "label": "Read_Table 23",
            "card_type": "read_table",
            "description": "Insert in ADLS",
            "query": "MERGE INTO curate_enterprise.ODHPriceListVersion T USING (SELECT case when s.dlscdactiveflag='Y' then s.PricelistVersionId else 'DEACTIVATE' end as mergeKey, s.* FROM ODHPriceListVersion1 s where s.dlscdactiveflag<>'D' UNION ALL SELECT 'UPDATE' as mergeKey, source.* FROM ODHPriceListVersion1 source JOIN curate_enterprise.ODHPriceListVersion Target ON source.PricelistVersionId = Target.PricelistVersionId WHERE Target.DLSCDActiveFlag = 'Y' and source.DLSCDActiveFlag = 'Y') src ON T.PricelistVersionId = src.mergeKey AND T.DLSCDActiveFlag = 'Y' when matched THEN UPDATE SET DLSCDActiveFlag = 'N', DLSCDEndDateTime = src.RunDateTime ,DLUpdateDateTime = src.RunDateTime WHEN not MATCHED AND src.mergeKey <> 'UPDATE' and src.mergekey <> 'DEACTIVATE' THEN INSERT(PricelistVersionId,SRCPricelistVersionId,ClientId,OrganisationId,PriceListVersionName,ValidFrom,IsActive,SourceCreated,SourceCreatedBy,SourceUpdated,SourceUpdatedBy,Description,OpticianPriceListId,ProcCreate,PricelistVersionGenerate,RecordSourceCode,LovRecordSourceId ,RunDateTime,DLCreateDateTime,DLUpdateDateTime,DLSCDStartDateTime,DLSCDEndDateTime,DLSCDActiveFlag,DLETLRunLogID,DLCurateStandardRowKey)  VALUES(src.PricelistVersionId,src.SRCPricelistVersionId,src.ClientId,src.OrganisationId,src.PriceListVersionName,src.ValidFrom,src.IsActive,src.SourceCreated,src.SourceCreatedBy,src.SourceUpdated,src.SourceUpdatedBy,src.Description,src.OpticianPriceListId,src.ProcCreate,src.PricelistVersionGenerate,src.RecordSourceCode,src.LOVRecordSourceId,src.RunDateTime,src.RunDateTime,src.RunDateTime,'1900-01-01 00:00:00.000','9999-12-31 00:00:00.000',src.DLSCDActiveFlag,src.DLETLRunLogID,src.DLCurateStandardRowKey) WHEN not MATCHED AND src.mergeKey = 'UPDATE' THEN INSERT(PricelistVersionId,SRCPricelistVersionId,ClientId,OrganisationId,PriceListVersionName,ValidFrom,IsActive,SourceCreated,SourceCreatedBy,SourceUpdated,SourceUpdatedBy,Description,OpticianPriceListId,ProcCreate,PricelistVersionGenerate,RecordSourceCode,LovRecordSourceId ,RunDateTime,DLCreateDateTime,DLUpdateDateTime,DLSCDStartDateTime,DLSCDEndDateTime,DLSCDActiveFlag,DLETLRunLogID,DLCurateStandardRowKey)  VALUES(src.PricelistVersionId,src.SRCPricelistVersionId,src.ClientId,src.OrganisationId,src.PriceListVersionName,src.ValidFrom,src.IsActive,src.SourceCreated,src.SourceCreatedBy,src.SourceUpdated,src.SourceUpdatedBy,src.Description,src.OpticianPriceListId,src.ProcCreate,src.PricelistVersionGenerate,src.RecordSourceCode,src.LOVRecordSourceId,src.RunDateTime,src.RunDateTime,src.RunDateTime,src.RunDateTime,'9999-12-31 00:00:00.000',src.DLSCDActiveFlag,src.DLETLRunLogID,src.DLCurateStandardRowKey) WHEN not MATCHED AND src.mergeKey = 'DEACTIVATE' THEN INSERT(PricelistVersionId,SRCPricelistVersionId,ClientId,OrganisationId,PriceListVersionName,ValidFrom,IsActive,SourceCreated,SourceCreatedBy,SourceUpdated,SourceUpdatedBy,Description,OpticianPriceListId,ProcCreate,PricelistVersionGenerate,RecordSourceCode,LovRecordSourceId ,RunDateTime,DLCreateDateTime,DLUpdateDateTime,DLSCDStartDateTime,DLSCDEndDateTime,DLSCDActiveFlag,DLETLRunLogID,DLCurateStandardRowKey)  VALUES(src.PricelistVersionId,src.SRCPricelistVersionId,src.ClientId,src.OrganisationId,src.PriceListVersionName,src.ValidFrom,src.IsActive,src.SourceCreated,src.SourceCreatedBy,src.SourceUpdated,src.SourceUpdatedBy,src.Description,src.OpticianPriceListId,src.ProcCreate,src.PricelistVersionGenerate,src.RecordSourceCode,src.LOVRecordSourceId,src.RunDateTime,src.RunDateTime,src.RunDateTime,src.RunDateTime,src.RunDateTime,src.DLSCDActiveFlag,src.DLETLRunLogID,src.DLCurateStandardRowKey)",
            "temp_table_name": "ODHPriceListVersion2",
            "partition_column_list": ""
        },
        {
            "card_id": "card_23033",
            "card_dependencies": [
                "card_23"
            ],
            "label": "Read_Table 23033",
            "card_type": "read_table",
            "description": "Insert in ADLS",
            "query": "MERGE INTO curate_enterprise.ODHPriceListVersion T USING (SELECT s.PricelistVersionId as MergeKey,s.* FROM ODHPriceListVersion1 s where s.dlscdactiveflag='D' UNION ALL SELECT 'UPDATE' as mergeKey, source.* FROM ODHPriceListVersion1 source JOIN curate_enterprise.ODHPriceListVersion Target ON source.PricelistVersionId = Target.PricelistVersionId WHERE Target.DLSCDActiveFlag = 'Y' and source.dlscdactiveflag='D') src ON T.PricelistVersionId = src.mergeKey AND T.DLSCDActiveFlag = 'Y' when matched THEN UPDATE SET DLSCDActiveFlag = 'N', DLSCDEndDateTime = src.RunDateTime ,DLUpdateDateTime = src.RunDateTime WHEN not MATCHED AND src.mergeKey = 'UPDATE' THEN INSERT(PricelistVersionId,SRCPricelistVersionId,ClientId,OrganisationId,PriceListVersionName,ValidFrom,IsActive,SourceCreated,SourceCreatedBy,SourceUpdated,SourceUpdatedBy,Description,OpticianPriceListId,ProcCreate,PricelistVersionGenerate,RecordSourceCode,LovRecordSourceId ,RunDateTime,DLCreateDateTime,DLUpdateDateTime,DLSCDStartDateTime,DLSCDEndDateTime,DLSCDActiveFlag,DLETLRunLogID,DLCurateStandardRowKey)  VALUES(src.PricelistVersionId,src.SRCPricelistVersionId,src.ClientId,src.OrganisationId,src.PriceListVersionName,src.ValidFrom,src.IsActive,src.SourceCreated,src.SourceCreatedBy,src.SourceUpdated,src.SourceUpdatedBy,src.Description,src.OpticianPriceListId,src.ProcCreate,src.PricelistVersionGenerate,src.RecordSourceCode,src.LOVRecordSourceId,src.RunDateTime,src.RunDateTime,src.RunDateTime,src.RunDateTime,src.RunDateTime,'N',src.DLETLRunLogID,src.DLCurateStandardRowKey) WHEN not MATCHED AND src.mergeKey <> 'UPDATE' THEN INSERT(PricelistVersionId,SRCPricelistVersionId,ClientId,OrganisationId,PriceListVersionName,ValidFrom,IsActive,SourceCreated,SourceCreatedBy,SourceUpdated,SourceUpdatedBy,Description,OpticianPriceListId,ProcCreate,PricelistVersionGenerate,RecordSourceCode,LovRecordSourceId ,RunDateTime,DLCreateDateTime,DLUpdateDateTime,DLSCDStartDateTime,DLSCDEndDateTime,DLSCDActiveFlag,DLETLRunLogID,DLCurateStandardRowKey)  VALUES(src.PricelistVersionId,src.SRCPricelistVersionId,src.ClientId,src.OrganisationId,src.PriceListVersionName,src.ValidFrom,src.IsActive,src.SourceCreated,src.SourceCreatedBy,src.SourceUpdated,src.SourceUpdatedBy,src.Description,src.OpticianPriceListId,src.ProcCreate,src.PricelistVersionGenerate,src.RecordSourceCode,src.LOVRecordSourceId,src.RunDateTime,src.RunDateTime,src.RunDateTime,src.RunDateTime,src.RunDateTime,'N',src.DLETLRunLogID,src.DLCurateStandardRowKey)",
            "temp_table_name": "ODHPriceListVersion23033",
            "partition_column_list": ""
        },
		{
			"card_id": "card_11",
			"card_dependencies": [
				"card_25",
				"card_23033",
				"card_12",
				"card_3"
			],
			"label": "Write_Delta 11",
			"card_type": "write_delta",
			"description": "Write backup Standard",
			"query": "select * from master_m_pricelist_version11 where M_PRICELIST_VERSION_ID not in (select SRCPricelistVersionId from ODHPriceListVersion)",
			"data_path": "/mnt/idf-curatestandard/BTUKOPTIT/BUKOPMS/BTCOPT_MASTER_PRICE_LIST_VERSION_BUKOPMS_Incr/BackUp",
			"partition_key_columns": "",
			"mode": "OVERWRITE",
			"type": "GENERAL"
		}
    ]
}