{
   "type":"struct",
   "fields":[ 
 {
         "name":"src_name",
         "type":"string",
         "nullable":true,
         "metadata":{
            
         }
        },
       {
         "name":"src_type",
         "type":"string",
         "nullable":true,
         "metadata":{
            
         }
        },
       {
         "name":"src_key",
         "type":"string",
         "nullable":true,
         "metadata":{
            
         }
        },
       {
         "name":"err_desc",
         "type":"string",
         "nullable":true,
         "metadata":{
            
         }
        },
       {
         "name":"prty_cd",
         "type":"string",
         "nullable":true,
         "metadata":{
            
         }
        },
       {
         "name":"gqm_order_id",
         "type":"string",
         "nullable":true,
         "metadata":{
            
         }
        },
       {
         "name":"ship_to_method_cd",
         "type":"string",
         "nullable":true,
         "metadata":{
            
         }
        },
       {
         "name":"carrier_id",
         "type":"string",
         "nullable":true,
         "metadata":{
            
         }
        },
       {
         "name":"tracking_nbr",
         "type":"string",
         "nullable":true,
         "metadata":{
            
         }
        },
       {
         "name":"promsed_dttm",
         "type":"string",
         "nullable":true,
         "metadata":{
            
         }
        },
       {
         "name":"customer_first_name",
         "type":"string",
         "nullable":true,
         "metadata":{
            
         }
        },
       {
         "name":"customer_last_name",
         "type":"string",
         "nullable":true,
         "metadata":{
            
         }
        },
       {
         "name":"shipping_street_addr",
         "type":"string",
         "nullable":true,
         "metadata":{
            
         }
        },
       {
         "name":"shipping_city",
         "type":"string",
         "nullable":true,
         "metadata":{
            
         }
        },
       {
         "name":"shipping_state",
         "type":"string",
         "nullable":true,
         "metadata":{
            
         }
        },
       {
         "name":"shipping_country",
         "type":"string",
         "nullable":true,
         "metadata":{
            
         }
        },
       {
         "name":"shipping_zip_code",
         "type":"string",
         "nullable":true,
         "metadata":{
            
         }
        },
       {
         "name":"phone_nbr",
         "type":"string",
         "nullable":true,
         "metadata":{
            
         }
        },
       {
         "name":"area_cd",
         "type":"string",
         "nullable":true,
         "metadata":{
            
         }
        },
       {
         "name":"shipping_zip_plus_4",
         "type":"string",
         "nullable":true,
         "metadata":{
            
         }
        }
		
   
   ]
}
