{
   "type":"struct",
   "fields":[
          {
         "name":"src_name",
         "type":"string",
         "nullable":true,
         "metadata":{
            
         }
        },
       {
         "name":"src_type",
         "type":"string",
         "nullable":true,
         "metadata":{
            
         }
        },
       {
         "name":"src_key",
         "type":"string",
         "nullable":true,
         "metadata":{
            
         }
        },
       {
         "name":"err_desc",
         "type":"string",
         "nullable":true,
         "metadata":{
            
         }
        },
       {
         "name":"prty_cd",
         "type":"string",
         "nullable":true,
         "metadata":{
            
         }
        },
	   {
         "name":"ph_id",
         "type":"string",
         "nullable":true,
         "metadata":{
            
         }
        },
       {
         "name":"ph_me_id",
         "type":"string",
         "nullable":true,
         "metadata":{
            
         }
        },
       {
         "name":"ph_msg_status",
         "type":"string",
         "nullable":true,
         "metadata":{
            
         }
        },
       {
         "name":"ph_recd_dttm",
         "type":"string",
         "nullable":true,
         "metadata":{
            
         }
        },
       {
         "name":"ph_create_dttm",
         "type":"string",
         "nullable":true,
         "metadata":{
            
         }
        },
       {
         "name":"ph_update_dttm",
         "type":"string",
         "nullable":true,
         "metadata":{
            
         }
        },
       {
         "name":"pty_id",
         "type":"string",
         "nullable":true,
         "metadata":{
            
         }
        },
       {
         "name":"pty_name",
         "type":"string",
         "nullable":true,
         "metadata":{
            
         }
        }
      

   
   ]
}