{
   "type":"struct",
   "fields":[
          {
         "name":"src_name",
         "type":"string",
         "nullable":true,
         "metadata":{
            
         }
        },
       {
         "name":"src_type",
         "type":"string",
         "nullable":true,
         "metadata":{
            
         }
        },
       {
         "name":"src_key",
         "type":"string",
         "nullable":true,
         "metadata":{
            
         }
        },
       {
         "name":"err_desc",
         "type":"string",
         "nullable":true,
         "metadata":{
            
         }
        },
       {
         "name":"prty_cd",
         "type":"string",
         "nullable":true,
         "metadata":{
            
         }
        },
	   {
         "name":"gqm_order_id",
         "type":"string",
         "nullable":true,
         "metadata":{
            
         }
        },
       {
         "name":"status_cd",
         "type":"string",
         "nullable":true,
         "metadata":{
            
         }
        },
       {
         "name":"status_dttm",
         "type":"string",
         "nullable":true,
         "metadata":{
            
         }
        },
       {
         "name":"create_dttm",
         "type":"string",
         "nullable":true,
         "metadata":{
            
         }
        },
       {
         "name":"end_dttm",
         "type":"string",
         "nullable":true,
         "metadata":{
            
         }
        },
       {
         "name":"reason_cd",
         "type":"string",
         "nullable":true,
         "metadata":{
            
         }
        },
       {
         "name":"reason_desc",
         "type":"string",
         "nullable":true,
         "metadata":{
            
         }
        },
       
       {
         "name":"update_dttm",
         "type":"string",
         "nullable":true,
         "metadata":{
            
         }
        }

   
   ]
}