{
   "type":"struct",
   "fields":[
       {
         "name":"src_name",
         "type":"string",
         "nullable":true,
         "metadata":{
            
         }
      },
      {
         "name":"src_type",
         "type":"string",
         "nullable":true,
         "metadata":{
            
         }
      },
      {
         "name":"src_key",
         "type":"string",
         "nullable":true,
         "metadata":{
            
         }
      },
      {
         "name":"err_desc",
         "type":"string",
         "nullable":true,
         "metadata":{
            
         }
      },
      {
         "name":"prty_cd",
         "type":"string",
         "nullable":true,
         "metadata":{
            
         }
      },
	  {
         "name":"vendor_order_id",
         "type":"string",
         "nullable":true,
         "metadata":{
            
         }
      },
	  
	  {
         "name":"payment_group_id",
         "type":"string",
         "nullable":true,
         "metadata":{
            
         }
      },
      {
         "name":"transaction_type",
         "type":"string",
         "nullable":true,
         "metadata":{
            
         }
      },
      {
         "name":"payment_dttm",
         "type":"string",
         "nullable":true,
         "metadata":{
            
         }
      },
      {
         "name":"order_total",
         "type":"string",
         "nullable":true,
         "metadata":{
            
         }
      },
      {
         "name":"gift_card_amount",
         "type":"string",
         "nullable":true,
         "metadata":{
            
         }
      },
      {
         "name":"credit_card_amount",
         "type":"string",
         "nullable":true,
         "metadata":{
            
         }
      },
      {
         "name":"create_dttm",
         "type":"string",
         "nullable":true,
         "metadata":{
            
         }
      },
      {
         "name":"update_dttm",
         "type":"string",
         "nullable":true,
         "metadata":{
            
         }
      },
      {
         "name":"vendor_id",
         "type":"string",
         "nullable":true,
         "metadata":{
            
         }
      },
      {
         "name":"paypal_amount",
         "type":"string",
         "nullable":true,
         "metadata":{
            
         }
      }
   ]
}