{
   "type":"struct",
   "fields":[
       {
         "name":"src_name",
         "type":"string",
         "nullable":true,
         "metadata":{
            
         }
      },
      {
         "name":"src_type",
         "type":"string",
         "nullable":true,
         "metadata":{
            
         }
      },
      {
         "name":"src_key",
         "type":"string",
         "nullable":true,
         "metadata":{
            
         }
      },
      {
         "name":"err_desc",
         "type":"string",
         "nullable":true,
         "metadata":{
            
         }
      },
      {
         "name":"prty_cd",
         "type":"string",
         "nullable":true,
         "metadata":{
            
         }
      },
	  {
         "name":"gqm_order_id",
         "type":"string",
         "nullable":true,
         "metadata":{
            
         }
      },
		{
         "name":"gqm_product_id",
         "type":"string",
         "nullable":true,
         "metadata":{
            
         }
      },
      {
         "name":"unit_price",
         "type":"string",
         "nullable":true,
         "metadata":{
            
         }
      },
	  {
         "name":"product_price_before_discount",
         "type":"string",
         "nullable":true,
         "metadata":{
            
         }
      },
	  {
         "name":"product_qty",
         "type":"string",
         "nullable":true,
         "metadata":{
            
         }
      },
	  {
         "name":"create_dttm",
         "type":"string",
         "nullable":true,
         "metadata":{
            
         }
      },
	   {
         "name":"product_discount_table",
         "type":"string",
         "nullable":true,
         "metadata":{
            
         }
      }
   ]
}