{
   "type":"struct",
   "fields":[
       {
         "name":"src_name",
         "type":"string",
         "nullable":true,
         "metadata":{
            
         }
      },
      {
         "name":"src_type",
         "type":"string",
         "nullable":true,
         "metadata":{
            
         }
      },
      {
         "name":"src_key",
         "type":"string",
         "nullable":true,
         "metadata":{
            
         }
      },
      {
         "name":"err_desc",
         "type":"string",
         "nullable":true,
         "metadata":{
            
         }
      },
      {
         "name":"prty_cd",
         "type":"string",
         "nullable":true,
         "metadata":{
            
         }
      },
	  {
         "name":"gqm_order_id",
         "type":"string",
         "nullable":true,
         "metadata":{
            
         }
      },
		{
         "name":"refund_id",
         "type":"string",
         "nullable":true,
         "metadata":{
            
         }
      },
      {
         "name":"refund_dttm",
         "type":"string",
         "nullable":true,
         "metadata":{
            
         }
      },
      {
         "name":"sub_total_price",
         "type":"string",
         "nullable":true,
         "metadata":{
            
         }
      },
      {
         "name":"return_cd",
         "type":"string",
         "nullable":true,
         "metadata":{
            
         }
      },
      {
         "name":"create_dttm",
         "type":"string",
         "nullable":true,
         "metadata":{
            
         }
      },
      {
         "name":"freight",
         "type":"string",
         "nullable":true,
         "metadata":{
            
         }
      },
      {
         "name":"tax_total",
         "type":"string",
         "nullable":true,
         "metadata":{
            
         }
      },
      {
         "name":"retuen_desc",
         "type":"string",
         "nullable":true,
         "metadata":{
            
         }
      },
      {
         "name":"vendor_refund_id",
         "type":"string",
         "nullable":true,
         "metadata":{
            
         }
      },
      {
         "name":"gc_amount",
         "type":"string",
         "nullable":true,
         "metadata":{
            
         }
      },
      {
         "name":"cc_amount",
         "type":"string",
         "nullable":true,
         "metadata":{
            
         }
      },
      {
         "name":"paypal_amount",
         "type":"string",
         "nullable":true,
         "metadata":{
            
         }
      },
	  {
         "name":"paypal_trans_id",
         "type":"string",
         "nullable":true,
         "metadata":{
            
         }
      },
	  {
         "name":"freight_discount_total",
         "type":"string",
         "nullable":true,
         "metadata":{
            
         }
      }  
   ]
}