{
   "type":"struct",
   "fields":[
       {
         "name":"src_name",
         "type":"string",
         "nullable":true,
         "metadata":{
            
         }
      },
      {
         "name":"src_type",
         "type":"string",
         "nullable":true,
         "metadata":{
            
         }
      },
      {
         "name":"src_key",
         "type":"string",
         "nullable":true,
         "metadata":{
            
         }
      },
      {
         "name":"err_desc",
         "type":"string",
         "nullable":true,
         "metadata":{
            
         }
      },
      {
         "name":"prty_cd",
         "type":"string",
         "nullable":true,
         "metadata":{
            
         }
      },
	  {
         "name":"gqm_order_id",
         "type":"string",
         "nullable":true,
         "metadata":{
            
         }
      },
		{
         "name":"item_qty",
         "type":"string",
         "nullable":true,
         "metadata":{
            
         }
      },
      {
         "name":"file_size",
         "type":"string",
         "nullable":true,
         "metadata":{
            
         }
      }
	    
   ]
}