{
	"project_name": "BUKOPMS",
	"config_type": "etl",
	"description": "",
	"data_source": [],
	"report_path": "/mnt/idf-reports/BTUKOPTIT/BUKOPMS/BTCOPT_PATIENT_ADDITIONAL_PRESCRIPTION_DETAILS_BUKOPMS_Incr/Incremental/CurateADLS/",
	"cards": [
		{
			"card_id": "card_0",
			"card_dependencies": [],
			"label": "Read_Delta 0",
			"card_type": "read_delta",
			"description": "reading standard location",
			"data_path": "/mnt/idf-curatestandard/BTUKOPTIT/BUKOPMS/BTCOPT_PATIENT_ADDITIONAL_PRESCRIPTION_DETAILS_BUKOPMS_Incr/Incremental",
			"output_table": "ODHAdditionalPrescription1"
		},
		{
			"card_id": "card_1",
			"card_dependencies": [
				"card_0"
			],
			"label": "Apply_Filter 1",
			"card_type": "apply_filter",
			"description": "filtering records with RunDateTime",
			"input_table": "ODHAdditionalPrescription1",
			"output_table": "ODHAdditionalPrescription2",
			"filter": [],
			"unmatch_data": false
		},
		{
			"card_id": "card_10101",
			"card_dependencies": [],
			"label": "Read_Delta 0",
			"card_type": "read_delta",
			"description": "reading standard location",
			"data_path": "/mnt/idf-curatestandard/BTUKOPTIT/BUKOPMS/BTCOPT_PATIENT_ADDITIONAL_PRESCRIPTION_DETAILS_BUKOPMS_Incr/BackUp",
			"output_table": "ODHAdditionalPrescriptionbackup"
		},
		{
			"card_id": "card_424",
			"card_dependencies": [
				"card_1",
				"card_10101"
			],
			"label": "Read_Table 4",
			"card_type": "read_table",
			"description": "fetching union records",
			"query": "select * from ODHAdditionalPrescription2 union select * from ODHAdditionalPrescriptionbackup",
			"temp_table_name": "ODHAdditionalPrescriptionbu",
			"partition_column_list": ""
		},
		{
			"card_id": "card_2",
			"card_dependencies": [],
			"label": "Read_Table 2",
			"card_type": "read_table",
			"description": "Read adls table",
			"query": "select * from curate_enterprise.reflovsetinfo",
			"temp_table_name": "reflovsetinfo",
			"partition_column_list": ""
		},
		{
			"card_id": "card_12",
			"card_dependencies": [
				"card_424"
			],
			"label": "Read_Table 12",
			"card_type": "read_table",
			"description": "Making null void null",
			"query": "select nullif(CurateStandardRowKey,'null') as CurateStandardRowKey,nullif(ID,'null') as  ID,nullif(CODE,'null') as CODE,nullif(SERVICE_ITEM_CODE,'null') as SERVICE_ITEM_CODE,nullif(SERVICE_ITEM_TYPE,'null') as SERVICE_ITEM_TYPE,nullif(EARLY_RETEST,'null') as EARLY_RETEST,nullif(WALES_BAND,'null') as WALES_BAND,nullif(EARLY_RETEST_TYPE,'null') as EARLY_RETEST_TYPE,nullif(WALES_BAND_TYPE,'null') as WALES_BAND_TYPE,nullif(NHS_VOUCHER_ISSUED,'null') as NHS_VOUCHER_ISSUED,nullif(RECALL,'null') as RECALL,nullif(EXTERNAL_PRESCRIPTION,'null') as EXTERNAL_PRESCRIPTION,nullif(EXTERNAL_PRESCRIPTION_FROM,'null') as EXTERNAL_PRESCRIPTION_FROM,nullif(EXTERNAL_PRESCRIPTION_DESCRIPT,'null') as EXTERNAL_PRESCRIPTION_DESCRIPT,nullif(PRESCRIPTION_DATE,'null') as PRESCRIPTION_DATE,nullif(DELETED,'null') as DELETED,nullif(SERVICE_TYPE,'null') as SERVICE_TYPE,nullif(ENHANCED_SERVICE_TYPE,'null') as ENHANCED_SERVICE_TYPE,nullif(SERVICE_DESCRIPTION,'null') as SERVICE_DESCRIPTION,nullif(REFRACTION_PERFORMED,'null') as REFRACTION_PERFORMED,nullif(CLINICIAL_NAME,'null') as CLINICIAL_NAME,nullif(OPERATION,'null') as OPERATION,nullif(TIMESTAMP,'null') as TIMESTAMP,nullif(TRANSACTIONID,'null') as TRANSACTIONID,nullif(RunDateTime,'null') as RunDateTime,nullif(Year,'null') as Year,nullif(Month,'null') as Month,nullif(Day,'null') as Day from ODHAdditionalPrescriptionbu",
			"temp_table_name": "ODHAdditionalPrescription11",
			"partition_column_list": ""
		},
		{
			"card_id": "card_4",
			"card_dependencies": [
				"card_12"
			],
			"label": "Read_Table 4",
			"card_type": "read_table",
			"description": "fetching latest records",
			"query": "select * from (select row_number() OVER(PARTITION BY CODE,SERVICE_ITEM_CODE,SERVICE_ITEM_TYPE order BY timestamp desc,case when operation='DELETE' then 1 when operation='UPDATE' then 2 when operation='INSERT' then 3 when operation='REFRESH' then 4 end asc) as rn,row_number() OVER(PARTITION BY CODE,SERVICE_ITEM_CODE,SERVICE_ITEM_TYPE,timestamp,operation order BY timestamp desc,operation desc) as rnk,* FROM ODHAdditionalPrescription11)t where t.rnk = 1",
			"temp_table_name": "ODHAdditionalPrescription5",
			"partition_column_list": ""
		},
		{
			"card_id": "card_18",
			"card_dependencies": [
				"card_4"
			],
			"label": "Read_Table 18",
			"card_type": "read_table",
			"description": "Populating etlrunlogid",
			"query": "select s.*,r.ETLRunId as ETLRunLogIdNew from ODHAdditionalPrescription5 s join (select max(cast(ETLRunId as int)) as ETLRunId from RPI_LOGGING.RPI_COMMON_LOGGING where processstage='CurateStandard' and feedname = 'BTCOPT_PATIENT_ADDITIONAL_PRESCRIPTION_DETAILS_BUKOPMS_Incr') r on (1=1)",
			"temp_table_name": "ODHAdditionalPrescriptionlog",
			"partition_column_list": ""
		},
		{
			"card_id": "card_3",
			"card_dependencies": [
				"card_2",
				"card_18"
			],
			"label": "Read_Table 3",
			"card_type": "read_table",
			"description": "Applying Transformations",
			"query": "select a.PatientPrescriptionId,s.CODE as PrescriptionCode ,s.SERVICE_ITEM_CODE as ServiceItemCode ,s.SERVICE_ITEM_TYPE as ServiceItemType ,s.ID as SrcAdditionalPrescriptionId ,cast(s.EARLY_RETEST as smallint) as EarlyRetest , cast(s.WALES_BAND as smallint) as WalesBand ,s.EARLY_RETEST_TYPE as EarlyRetestType ,s.WALES_BAND_TYPE as WalesBandType ,cast(s.NHS_VOUCHER_ISSUED as smallint) as NhsVoucherIssued ,s.RECALL as Recall ,cast(s.EXTERNAL_PRESCRIPTION as smallint) as ExternalPrescription ,s.EXTERNAL_PRESCRIPTION_FROM as ExternalPrescriptionFrom ,s.EXTERNAL_PRESCRIPTION_DESCRIPT as ExternalPrescriptionDescript ,cast(s.PRESCRIPTION_DATE as date) as PrescriptionDate ,s.DELETED as Deleted ,s.SERVICE_TYPE as ServiceType ,s.ENHANCED_SERVICE_TYPE as EnhancedServiceType ,s.SERVICE_DESCRIPTION as ServiceDescription ,s.REFRACTION_PERFORMED as RefractionPerformed ,s.CLINICIAL_NAME as ClinicianName, cast('BUKOPMS' as string) as RecordSourceCode,cast(r.LOVId as int) as LOVRecordSourceId,cast(s.CurateStandardRowKey as bigint) as DLCurateStandardRowKey,cast(s.ETLRunLogIdNew as int) as DLETLRunLogID,cast(current_timestamp as timestamp) as RunDateTime,case when s.rn=1 and ifnull(s.operation,'null')<>'DELETE' then 'Y' when s.rn=1 and ifnull(s.operation,'null')='DELETE' then 'D' else 'N' end as DLSCDActiveFlag from ODHAdditionalPrescriptionlog s left join (select PatientPrescriptionId,PrescriptionCode from curate_enterprise.ODHPatientPrescription where RecordSourceCode='BUKOPMS' and DLSCDActiveFlag='Y') a on a.PrescriptionCode=s.SERVICE_ITEM_CODE join (select LOVId from reflovsetinfo where lovkey='BUKOPMS' and lovsetname='System of Record' and LOVRecordsourceid='12012') r on(1=1) where a.PatientPrescriptionId is not null",
			"temp_table_name": "ODHAdditionalPrescription",
			"partition_column_list": ""
		},
		{
			"card_id": "card_0509",
			"card_dependencies": [
				"card_3"
			],
			"label": "Read_Table 4",
			"card_type": "read_table",
			"description": "fetching union records",
			"query": "select * from ODHAdditionalPrescription where PatientPrescriptionId is not null and SRCAdditionalPrescriptionId is not null and PrescriptionCode is not null and ServiceItemCode is not null and ServiceItemType is not null",
			"temp_table_name": "OAPT",
			"partition_column_list": ""
		},
		{
			"card_id": "card_27",
			"card_dependencies": [
				"card_0509"
			],
			"label": "Read_Table 27",
			"card_type": "read_table",
			"description": "Insert in ADLS",
			"query": "MERGE INTO curate_enterprise.ODHAdditionalPrescription T USING (SELECT case when s.dlscdactiveflag='Y' then concat(s.PrescriptionCode,s.ServiceItemCode,s.ServiceItemType,s.LOVRecordSourceId) else 'DEACTIVATE' end as mergeKey, s.* FROM OAPT s where s.dlscdactiveflag<>'D' UNION ALL SELECT 'UPDATE' as mergeKey, source.* FROM OAPT source JOIN curate_enterprise.ODHAdditionalPrescription Target ON source.PrescriptionCode = Target.PrescriptionCode and source.ServiceItemCode = Target.ServiceItemCode and source.ServiceItemType = Target.ServiceItemType and source.LOVRecordSourceId = Target.LOVRecordSourceId WHERE Target.DLSCDActiveFlag = 'Y' and source.DLSCDActiveFlag = 'Y') src ON concat(T.PrescriptionCode,T.ServiceItemCode,T.ServiceItemType,T.LOVRecordSourceId) = src.mergeKey AND T.DLSCDActiveFlag = 'Y' when matched THEN UPDATE SET DLSCDActiveFlag = 'N', DLSCDEndDateTime = src.RunDateTime ,DLUpdateDateTime = src.RunDateTime WHEN not MATCHED AND src.mergeKey <> 'UPDATE' and src.mergekey <> 'DEACTIVATE' THEN INSERT(PatientPrescriptionId ,PrescriptionCode ,ServiceItemCode ,ServiceItemType ,SrcAdditionalPrescriptionId ,EarlyRetest ,WalesBand ,EarlyRetestType ,WalesBandType ,NhsVoucherIssued ,Recall ,ExternalPrescription ,ExternalPrescriptionFrom ,ExternalPrescriptionDescript ,PrescriptionDate ,Deleted ,ServiceType ,EnhancedServiceType ,ServiceDescription ,RefractionPerformed ,ClinicianName,RecordSourceCode,LOVRecordSourceId ,RunDateTime,DLCreateDateTime,DLUpdateDateTime,DLSCDStartDateTime,DLSCDEndDateTime,DLSCDActiveFlag,DLETLRunLogID,DLCurateStandardRowKey)  VALUES(src.PatientPrescriptionId ,src.PrescriptionCode ,src.ServiceItemCode ,src.ServiceItemType ,src.SrcAdditionalPrescriptionId ,src.EarlyRetest ,src.WalesBand ,src.EarlyRetestType ,src.WalesBandType ,src.NhsVoucherIssued ,src.Recall ,src.ExternalPrescription ,src.ExternalPrescriptionFrom ,src.ExternalPrescriptionDescript ,src.PrescriptionDate ,src.Deleted ,src.ServiceType ,src.EnhancedServiceType ,src.ServiceDescription ,src.RefractionPerformed ,src.ClinicianName,src.RecordSourceCode,src.LOVRecordSourceId,src.RunDateTime,src.RunDateTime,src.RunDateTime,'1900-01-01 00:00:00.000','9999-12-31 00:00:00.000',src.DLSCDActiveFlag,src.DLETLRunLogID,src.DLCurateStandardRowKey) WHEN not MATCHED AND src.mergeKey = 'UPDATE' THEN INSERT(PatientPrescriptionId ,PrescriptionCode ,ServiceItemCode ,ServiceItemType ,SrcAdditionalPrescriptionId ,EarlyRetest ,WalesBand ,EarlyRetestType ,WalesBandType ,NhsVoucherIssued ,Recall ,ExternalPrescription ,ExternalPrescriptionFrom ,ExternalPrescriptionDescript ,PrescriptionDate ,Deleted ,ServiceType ,EnhancedServiceType ,ServiceDescription ,RefractionPerformed ,ClinicianName,RecordSourceCode,LOVRecordSourceId ,RunDateTime,DLCreateDateTime,DLUpdateDateTime,DLSCDStartDateTime,DLSCDEndDateTime,DLSCDActiveFlag,DLETLRunLogID,DLCurateStandardRowKey)  VALUES(src.PatientPrescriptionId ,src.PrescriptionCode ,src.ServiceItemCode ,src.ServiceItemType ,src.SrcAdditionalPrescriptionId ,src.EarlyRetest ,src.WalesBand ,src.EarlyRetestType ,src.WalesBandType ,src.NhsVoucherIssued ,src.Recall ,src.ExternalPrescription ,src.ExternalPrescriptionFrom ,src.ExternalPrescriptionDescript ,src.PrescriptionDate ,src.Deleted ,src.ServiceType ,src.EnhancedServiceType ,src.ServiceDescription ,src.RefractionPerformed ,src.ClinicianName,src.RecordSourceCode,src.LOVRecordSourceId,src.RunDateTime,src.RunDateTime,src.RunDateTime,src.RunDateTime,'9999-12-31 00:00:00.000',src.DLSCDActiveFlag,src.DLETLRunLogID,src.DLCurateStandardRowKey) WHEN not MATCHED AND src.mergeKey = 'DEACTIVATE' THEN INSERT(PatientPrescriptionId ,PrescriptionCode ,ServiceItemCode ,ServiceItemType ,SrcAdditionalPrescriptionId ,EarlyRetest ,WalesBand ,EarlyRetestType ,WalesBandType ,NhsVoucherIssued ,Recall ,ExternalPrescription ,ExternalPrescriptionFrom ,ExternalPrescriptionDescript ,PrescriptionDate ,Deleted ,ServiceType ,EnhancedServiceType ,ServiceDescription ,RefractionPerformed ,ClinicianName,RecordSourceCode,LOVRecordSourceId ,RunDateTime,DLCreateDateTime,DLUpdateDateTime,DLSCDStartDateTime,DLSCDEndDateTime,DLSCDActiveFlag,DLETLRunLogID,DLCurateStandardRowKey)  VALUES(src.PatientPrescriptionId ,src.PrescriptionCode ,src.ServiceItemCode ,src.ServiceItemType ,src.SrcAdditionalPrescriptionId ,src.EarlyRetest ,src.WalesBand ,src.EarlyRetestType ,src.WalesBandType ,src.NhsVoucherIssued ,src.Recall ,src.ExternalPrescription ,src.ExternalPrescriptionFrom ,src.ExternalPrescriptionDescript ,src.PrescriptionDate ,src.Deleted ,src.ServiceType ,src.EnhancedServiceType ,src.ServiceDescription ,src.RefractionPerformed ,src.ClinicianName,src.RecordSourceCode,src.LOVRecordSourceId,src.RunDateTime,src.RunDateTime,src.RunDateTime,src.RunDateTime,src.RunDateTime,src.DLSCDActiveFlag,src.DLETLRunLogID,src.DLCurateStandardRowKey)",
			"temp_table_name": "ODHAdditionalPrescription3",
			"partition_column_list": ""
		},
		{
			"card_id": "card_27033",
			"card_dependencies": [
				"card_27"
			],
			"label": "Read_Table 27033",
			"card_type": "read_table",
			"description": "Insert in ADLS",
			"query": "MERGE INTO curate_enterprise.ODHAdditionalPrescription T USING (SELECT concat(s.PrescriptionCode,s.ServiceItemCode,s.ServiceItemType,s.LOVRecordSourceId) as MergeKey,s.* FROM OAPT s where s.dlscdactiveflag='D' UNION ALL SELECT 'UPDATE' as mergeKey, source.* FROM OAPT source JOIN curate_enterprise.ODHAdditionalPrescription Target ON source.PrescriptionCode = Target.PrescriptionCode and source.ServiceItemCode = Target.ServiceItemCode and source.ServiceItemType = Target.ServiceItemType and source.LOVRecordSourceId = Target.LOVRecordSourceId WHERE Target.DLSCDActiveFlag = 'Y' and source.dlscdactiveflag='D') src ON concat(T.PrescriptionCode,T.ServiceItemCode,T.ServiceItemType,T.LOVRecordSourceId) = src.mergeKey AND T.DLSCDActiveFlag = 'Y' when matched THEN UPDATE SET DLSCDActiveFlag = 'N', DLSCDEndDateTime = src.RunDateTime ,DLUpdateDateTime = src.RunDateTime WHEN not MATCHED AND src.mergeKey = 'UPDATE' THEN INSERT(PatientPrescriptionId ,PrescriptionCode ,ServiceItemCode ,ServiceItemType ,SrcAdditionalPrescriptionId ,EarlyRetest ,WalesBand ,EarlyRetestType ,WalesBandType ,NhsVoucherIssued ,Recall ,ExternalPrescription ,ExternalPrescriptionFrom ,ExternalPrescriptionDescript ,PrescriptionDate ,Deleted ,ServiceType ,EnhancedServiceType ,ServiceDescription ,RefractionPerformed ,ClinicianName,RecordSourceCode,LOVRecordSourceId ,RunDateTime,DLCreateDateTime,DLUpdateDateTime,DLSCDStartDateTime,DLSCDEndDateTime,DLSCDActiveFlag,DLETLRunLogID,DLCurateStandardRowKey)  VALUES(src.PatientPrescriptionId ,src.PrescriptionCode ,src.ServiceItemCode ,src.ServiceItemType ,src.SrcAdditionalPrescriptionId ,src.EarlyRetest ,src.WalesBand ,src.EarlyRetestType ,src.WalesBandType ,src.NhsVoucherIssued ,src.Recall ,src.ExternalPrescription ,src.ExternalPrescriptionFrom ,src.ExternalPrescriptionDescript ,src.PrescriptionDate ,src.Deleted ,src.ServiceType ,src.EnhancedServiceType ,src.ServiceDescription ,src.RefractionPerformed ,src.ClinicianName,src.RecordSourceCode,src.LOVRecordSourceId,src.RunDateTime,src.RunDateTime,src.RunDateTime,src.RunDateTime,src.RunDateTime,'N',src.DLETLRunLogID,src.DLCurateStandardRowKey) WHEN not MATCHED AND src.mergeKey <> 'UPDATE' THEN INSERT(PatientPrescriptionId ,PrescriptionCode ,ServiceItemCode ,ServiceItemType ,SrcAdditionalPrescriptionId ,EarlyRetest ,WalesBand ,EarlyRetestType ,WalesBandType ,NhsVoucherIssued ,Recall ,ExternalPrescription ,ExternalPrescriptionFrom ,ExternalPrescriptionDescript ,PrescriptionDate ,Deleted ,ServiceType ,EnhancedServiceType ,ServiceDescription ,RefractionPerformed ,ClinicianName,RecordSourceCode,LOVRecordSourceId ,RunDateTime,DLCreateDateTime,DLUpdateDateTime,DLSCDStartDateTime,DLSCDEndDateTime,DLSCDActiveFlag,DLETLRunLogID,DLCurateStandardRowKey)  VALUES(src.PatientPrescriptionId ,src.PrescriptionCode ,src.ServiceItemCode ,src.ServiceItemType ,src.SrcAdditionalPrescriptionId ,src.EarlyRetest ,src.WalesBand ,src.EarlyRetestType ,src.WalesBandType ,src.NhsVoucherIssued ,src.Recall ,src.ExternalPrescription ,src.ExternalPrescriptionFrom ,src.ExternalPrescriptionDescript ,src.PrescriptionDate ,src.Deleted ,src.ServiceType ,src.EnhancedServiceType ,src.ServiceDescription ,src.RefractionPerformed ,src.ClinicianName,src.RecordSourceCode,src.LOVRecordSourceId,src.RunDateTime,src.RunDateTime,src.RunDateTime,src.RunDateTime,src.RunDateTime,'N',src.DLETLRunLogID,src.DLCurateStandardRowKey)",
			"temp_table_name": "ODHAdditionalPrescription27033",
			"partition_column_list": ""
		},
		{
			"card_id": "card_111111111",
			"card_dependencies": [
				"card_424",
				"card_3"
			],
			"label": "Write_Delta 11",
			"card_type": "write_delta",
			"description": "Write backup Standard",
			"query": "select * from ODHAdditionalPrescriptionbu where Id not in (select SrcAdditionalPrescriptionId from ODHAdditionalPrescription)",
			"data_path": "/mnt/idf-curatestandard/BTUKOPTIT/BUKOPMS/BTCOPT_PATIENT_ADDITIONAL_PRESCRIPTION_DETAILS_BUKOPMS_Incr/BackUp",
			"partition_key_columns": "",
			"mode": "OVERWRITE",
			"type": "GENERAL"
		}
	]
}