{
	"$schema": "http://schema.management.azure.com/schemas/2015-01-01/deploymentTemplate.json#",
	"contentVersion": "1.0.0.0",
	"parameters": {
		"factoryName": {
			"type": "string",
			"metadata": "Data Factory name"
		},
		"AzureDataLakeStorage2": {
			"type": "string"
		},
		"Adls_DapDevAdlsStage": {
			"type": "string"
		},
		"Hdfs1": {
			"type": "string"
		}
	},
	"variables": {
		"factoryId": "[concat('Microsoft.DataFactory/factories/', parameters('factoryName'))]"
	},
	"resources": [
		{
			"name": "[concat(parameters('factoryName'), '/PL_HDFS_ADLS_Data_Copy_CreateTables_Onlydata')]",
			"type": "Microsoft.DataFactory/factories/pipelines",
			"apiVersion": "2018-06-01",
			"properties": {
				"activities": [
					{
						"name": "Iterate_HDFS_ADLS_Mapping",
						"type": "ForEach",
						"dependsOn": [
							{
								"activity": "lk_Historical_Migration_Adls_Mapping",
								"dependencyConditions": [
									"Succeeded"
								]
							}
						],
						"userProperties": [],
						"typeProperties": {
							"items": {
								"value": "@activity('lk_Historical_Migration_Adls_Mapping').output.value",
								"type": "Expression"
							},
							"isSequential": true,
							"activities": [
								{
									"name": "Copy_HDFS_To_ADLS",
									"type": "Copy",
									"dependsOn": [],
									"policy": {
										"timeout": "7.00:00:00",
										"retry": 0,
										"retryIntervalInSeconds": 30,
										"secureOutput": false,
										"secureInput": false
									},
									"userProperties": [],
									"typeProperties": {
										"source": {
											"type": "BinarySource",
											"storeSettings": {
												"type": "HdfsReadSettings",
												"deleteFilesAfterCompletion": false,
												"recursive": true
											},
											"formatSettings": {
												"type": "BinaryReadSettings"
											}
										},
										"sink": {
											"type": "BinarySink",
											"storeSettings": {
												"type": "AzureBlobFSWriteSettings"
											}
										},
										"enableStaging": false
									},
									"inputs": [
										{
											"referenceName": "DEV_HDFS",
											"type": "DatasetReference",
											"parameters": {
												"HDFS_File_Path": {
													"value": "@item().Prop_0",
													"type": "Expression"
												}
											}
										}
									],
									"outputs": [
										{
											"referenceName": "ADLS_Binary",
											"type": "DatasetReference"
										}
									]
								}
							]
						}
					},
					{
						"name": "lk_Historical_Migration_Adls_Mapping",
						"type": "Lookup",
						"dependsOn": [],
						"policy": {
							"timeout": "7.00:00:00",
							"retry": 0,
							"retryIntervalInSeconds": 30,
							"secureOutput": false,
							"secureInput": false
						},
						"userProperties": [],
						"typeProperties": {
							"source": {
								"type": "DelimitedTextSource",
								"storeSettings": {
									"type": "AzureBlobFSReadSettings",
									"recursive": true,
									"enablePartitionDiscovery": false
								},
								"formatSettings": {
									"type": "DelimitedTextReadSettings"
								}
							},
							"dataset": {
								"referenceName": "ds_hdfs_adls_mapping_new",
								"type": "DatasetReference",
								"parameters": {
									"filename": {
										"value": "@pipeline().parameters.sourcefile",
										"type": "Expression"
									}
								}
							},
							"firstRowOnly": false
						}
					},
					{
						"name": "Copy_Curated_ADLS_To_Stagging_ADLS_copy1",
						"type": "Copy",
						"dependsOn": [
							{
								"activity": "Iterate_HDFS_ADLS_Mapping",
								"dependencyConditions": [
									"Succeeded"
								]
							}
						],
						"policy": {
							"timeout": "7.00:00:00",
							"retry": 0,
							"retryIntervalInSeconds": 30,
							"secureOutput": false,
							"secureInput": false
						},
						"userProperties": [
							{
								"name": "migration_id",
								"value": "@substring(pipeline().parameters.sourcefile,add(lastIndexOf(pipeline().parameters.sourcefile,'_'),1),sub(sub(lastIndexOf(pipeline().parameters.sourcefile,'.'),lastIndexOf(pipeline().parameters.sourcefile,'_')),1))"
							}
						],
						"typeProperties": {
							"source": {
								"type": "BinarySource",
								"storeSettings": {
									"type": "AzureBlobFSReadSettings",
									"recursive": true,
									"deleteFilesAfterCompletion": false
								},
								"formatSettings": {
									"type": "BinaryReadSettings"
								}
							},
							"sink": {
								"type": "BinarySink",
								"storeSettings": {
									"type": "AzureBlobFSWriteSettings"
								}
							},
							"enableStaging": false
						},
						"inputs": [
							{
								"referenceName": "ADLS_Binary",
								"type": "DatasetReference"
							}
						],
						"outputs": [
							{
								"referenceName": "StageADLS",
								"type": "DatasetReference"
							}
						]
					}
				],
				"parameters": {
					"sourcefile": {
						"type": "string"
					},
					"migration_id": {
						"type": "String",
						"defaultValue": "@substring(pipeline().parameters.sourcefilename,add(lastIndexOf(pipeline().parameters.sourcefilename,'_'),1),sub(sub(lastIndexOf(pipeline().parameters.sourcefilename,'.'),lastIndexOf(pipeline().parameters.sourcefilename,'_')),1))"
					},
					"sourcefilename": {
						"type": "string"
					}
				},
				"folder": {
					"name": "Platform_data_Migration"
				},
				"annotations": []
			},
			"dependsOn": [
				"[concat(variables('factoryId'), '/datasets/ds_hdfs_adls_mapping_new')]",
				"[concat(variables('factoryId'), '/datasets/ADLS_Binary')]",
				"[concat(variables('factoryId'), '/datasets/StageADLS')]",
				"[concat(variables('factoryId'), '/datasets/DEV_HDFS')]"
			]
		},
		{
			"name": "[concat(parameters('factoryName'), '/ds_hdfs_adls_mapping_new')]",
			"type": "Microsoft.DataFactory/factories/datasets",
			"apiVersion": "2018-06-01",
			"properties": {
				"linkedServiceName": {
					"referenceName": "[parameters('AzureDataLakeStorage2')]",
					"type": "LinkedServiceReference"
				},
				"parameters": {
					"filename": {
						"type": "string"
					}
				},
				"annotations": [],
				"type": "DelimitedText",
				"typeProperties": {
					"location": {
						"type": "AzureBlobFSLocation",
						"fileName": {
							"value": "@dataset().filename",
							"type": "Expression"
						},
						"folderPath": "common/historical_data_migration/hdfs_adls_mapping",
						"fileSystem": "landing"
					},
					"columnDelimiter": ",",
					"escapeChar": "\\",
					"quoteChar": "\""
				},
				"schema": [
					{
						"type": "String"
					},
					{
						"type": "String"
					}
				]
			},
			"dependsOn": []
		},
		{
			"name": "[concat(parameters('factoryName'), '/ADLS_Binary')]",
			"type": "Microsoft.DataFactory/factories/datasets",
			"apiVersion": "2018-06-01",
			"properties": {
				"linkedServiceName": {
					"referenceName": "[parameters('AzureDataLakeStorage2')]",
					"type": "LinkedServiceReference"
				},
				"folder": {
					"name": "Platform_Data_migration"
				},
				"annotations": [],
				"type": "Binary",
				"typeProperties": {
					"location": {
						"type": "AzureBlobFSLocation",
						"folderPath": "common/historical_data_migration/tables",
						"fileSystem": "landing"
					}
				}
			},
			"dependsOn": []
		},
		{
			"name": "[concat(parameters('factoryName'), '/StageADLS')]",
			"type": "Microsoft.DataFactory/factories/datasets",
			"apiVersion": "2018-06-01",
			"properties": {
				"linkedServiceName": {
					"referenceName": "[parameters('Adls_DapDevAdlsStage')]",
					"type": "LinkedServiceReference"
				},
				"annotations": [],
				"type": "Binary",
				"typeProperties": {
					"location": {
						"type": "AzureBlobFSLocation",
						"folderPath": "Common/historical_data_migration",
						"fileSystem": "staging"
					}
				}
			},
			"dependsOn": []
		},
		{
			"name": "[concat(parameters('factoryName'), '/DEV_HDFS')]",
			"type": "Microsoft.DataFactory/factories/datasets",
			"apiVersion": "2018-06-01",
			"properties": {
				"linkedServiceName": {
					"referenceName": "[parameters('Hdfs1')]",
					"type": "LinkedServiceReference"
				},
				"parameters": {
					"HDFS_File_Path": {
						"type": "string"
					}
				},
				"folder": {
					"name": "Platform_Data_migration"
				},
				"annotations": [],
				"type": "Binary",
				"typeProperties": {
					"location": {
						"type": "HdfsLocation",
						"folderPath": {
							"value": "@dataset().HDFS_File_Path",
							"type": "Expression"
						}
					}
				}
			},
			"dependsOn": []
		}
	]
}