{
	"name": "Trigger_PL_SS_DMA_DATA_TRANSFER",
	"properties": {
		"annotations": [],
		"runtimeState": "Started",
		"pipelines": [
			{
				"pipelineReference": {
					"referenceName": "PL_SS_DATA_DS_ADLS_LANDING_TO_DS_ADLS_DISCOVERY",
					"type": "PipelineReference"
				},
				"parameters": {
					"fname": "@triggerBody().fileName",
					"Success": "Success",
					"ContainerName": "selfserve",
					"SourceStorageAccountName": "dapdevadlsselfserve01",
					"VoltageAPIurl": "https://dapdevpde-voltage-encrypt-decrypt-svc.azurewebsites.net/v0/encryption/fle/encrypt/12345",
					"TargetStorageAccountName": "dapdevadlsselfserve01"
				}
			}
		],
		"type": "BlobEventsTrigger",
		"typeProperties": {
			"blobPathBeginsWith": "/selfserve/blobs/Landing/ZippedFile/",
			"blobPathEndsWith": ".zip",
			"ignoreEmptyBlobs": true,
			"scope": "/subscriptions/e2c5939d-dfc5-4a4a-91fe-39cef55aa720/resourceGroups/rpu-nprod-dna-data-analytics-eastus2-selfserve-dev-rg/providers/Microsoft.Storage/storageAccounts/dapdevadlsselfserve01",
			"events": [
				"Microsoft.Storage.BlobCreated"
			]
		}
	}
}