{
	"name": "Trigger_SS_Encryption_Input_Cleanup",
	"properties": {
		"annotations": [],
		"runtimeState": "Started",
		"pipelines": [
			{
				"pipelineReference": {
					"referenceName": "PL_SS_DATA_CLEANUP",
					"type": "PipelineReference"
				},
				"parameters": {
					"MainFolder": "Encryption",
					"SubFolder": "Input",
					"RetentionDays": "-30",
					"Stage": "Wrangle"
				}
			}
		],
		"type": "ScheduleTrigger",
		"typeProperties": {
			"recurrence": {
				"frequency": "Day",
				"interval": 1,
				"startTime": "2023-01-17T00:00:00Z",
				"timeZone": "UTC"
			}
		}
	}
}