{
	"name": "Trigger_PL_SS_Deltalake_User_Access",
	"properties": {
		"annotations": [],
		"runtimeState": "Stopped",
		"pipelines": [
			{
				"pipelineReference": {
					"referenceName": "PL_SS_DELTALAKE_USER_ACCESS",
					"type": "PipelineReference"
				},
				"parameters": {
					"ContainerName": "selfserve",
					"StorageAccountName": "dapdevadlsselfserve01"
				}
			}
		],
		"type": "ScheduleTrigger",
		"typeProperties": {
			"recurrence": {
				"frequency": "Minute",
				"interval": 60,
				"startTime": "2022-10-07T10:00:00Z",
				"endTime": "2022-10-08T00:44:00Z",
				"timeZone": "UTC"
			}
		}
	}
}