{
	"name": "Trigger_PL_SS_Snowflake_User_Access",
	"properties": {
		"annotations": [],
		"runtimeState": "Stopped",
		"pipelines": [
			{
				"pipelineReference": {
					"referenceName": "PL_SS_SNOWFLAKE_USER_ACCESS",
					"type": "PipelineReference"
				},
				"parameters": {
					"ContainerName": "selfserve",
					"StorageAccountName": "dapdevadlsselfserve01",
					"DiscoveryDB": "DEV_DISCOVERY"
				}
			}
		],
		"type": "ScheduleTrigger",
		"typeProperties": {
			"recurrence": {
				"frequency": "Minute",
				"interval": 60,
				"startTime": "2022-10-07T00:00:00Z",
				"endTime": "2022-10-21T12:46:00Z",
				"timeZone": "UTC"
			}
		}
	}
}