{
	"name": "DS_ASA_LOG_ANALYTICS_OUTPUT_FILE",
	"properties": {
		"linkedServiceName": {
			"referenceName": "LandingZone",
			"type": "LinkedServiceReference"
		},
		"annotations": [],
		"type": "DelimitedText",
		"typeProperties": {
			"location": {
				"type": "AzureBlobFSLocation",
				"fileName": "output",
				"folderPath": "common/log_analytics_test",
				"fileSystem": "landing"
			},
			"columnDelimiter": ",",
			"escapeChar": "\\",
			"quoteChar": "\""
		},
		"schema": [
			{
				"type": "String"
			},
			{
				"type": "String"
			},
			{
				"type": "String"
			},
			{
				"type": "String"
			}
		]
	}
}