{
	"name": "DS_ADLS_LOG_ANALYTICS_INPUT",
	"properties": {
		"linkedServiceName": {
			"referenceName": "LandingZone",
			"type": "LinkedServiceReference"
		},
		"annotations": [],
		"type": "DelimitedText",
		"typeProperties": {
			"location": {
				"type": "AzureBlobFSLocation",
				"fileName": "employee.csv",
				"folderPath": "common/log_analytics_test",
				"fileSystem": "landing"
			},
			"columnDelimiter": ",",
			"escapeChar": "\\",
			"firstRowAsHeader": true,
			"quoteChar": "\""
		},
		"schema": [
			{
				"name": "Employee_ID",
				"type": "String"
			},
			{
				"name": "Employee_Name",
				"type": "String"
			},
			{
				"name": "Salary",
				"type": "String"
			},
			{
				"name": "Address",
				"type": "String"
			}
		]
	}
}