{
    "name": "DS_AZURE_SQL_PARAM_TBL",
    "properties": {
        "linkedServiceName": {
            "referenceName": "IDFSqlRepoSHIR",
            "type": "LinkedServiceReference"
        },
        "folder": {
            "name": "DAP/Common"
        },
        "annotations": [],
        "type": "AzureSqlTable",
        "schema": [
            {
                "name": "RowId",
                "type": "uniqueidentifier"
            },
            {
                "name": "Business_Domain",
                "type": "nvarchar"
            },
            {
                "name": "Sub_Domain",
                "type": "nvarchar"
            },
            {
                "name": "PipelineName",
                "type": "nvarchar"
            },
            {
                "name": "JobID",
                "type": "uniqueidentifier"
            },
            {
                "name": "JobName",
                "type": "nvarchar"
            },
            {
                "name": "PAR_ORDER",
                "type": "int",
                "precision": 10
            },
            {
                "name": "PAR_KEY",
                "type": "nvarchar"
            },
            {
                "name": "PAR_VALUE",
                "type": "nvarchar"
            },
            {
                "name": "Createdby",
                "type": "nvarchar"
            },
            {
                "name": "Createdon",
                "type": "datetime",
                "precision": 23,
                "scale": 3
            },
            {
                "name": "Modifiedby",
                "type": "nvarchar"
            },
            {
                "name": "Modifiedon",
                "type": "datetime",
                "precision": 23,
                "scale": 3
            },
            {
                "name": "Remarks",
                "type": "nvarchar"
            },
            {
                "name": "Softflag",
                "type": "nvarchar"
            },
            {
                "name": "Esp_Job_Name",
                "type": "nvarchar"
            },
            {
                "name": "PsetOrder",
                "type": "int",
                "precision": 10
            }
        ],
        "typeProperties": {
            "schema": "dbo",
            "table": "WBA_Parameter_Tbl"
        }
    }
}