{
	"name": "DS_ASA_LOG_ANALYTICS_OUTPUT",
	"properties": {
		"linkedServiceName": {
			"referenceName": "AzureSynapseSQL",
			"type": "LinkedServiceReference"
		},
		"annotations": [],
		"type": "AzureSqlDWTable",
		"schema": [
			{
				"name": "Employee_ID",
				"type": "int",
				"precision": 10
			},
			{
				"name": "Employee_Name",
				"type": "varchar"
			},
			{
				"name": "Salary",
				"type": "decimal",
				"precision": 18,
				"scale": 0
			},
			{
				"name": "Address",
				"type": "varchar"
			}
		],
		"typeProperties": {
			"schema": "dbo",
			"table": "Employee_test"
		}
	}
}