{
    "name": "ds_eltcompare_mappingfile",
    "properties": {
        "linkedServiceName": {
            "referenceName": "AzureDataLakeStorage2",
            "type": "LinkedServiceReference"
        },
        "parameters": {
            "sourcefilename": {
                "type": "string"
            }
        },
        "annotations": [],
        "type": "DelimitedText",
        "typeProperties": {
            "location": {
                "type": "AzureBlobFSLocation",
                "fileName": {
                    "value": "@dataset().sourcefilename",
                    "type": "Expression"
                },
                "folderPath": "common/etlmapping",
                "fileSystem": "landing"
            },
            "columnDelimiter": ",",
            "escapeChar": "\\",
            "quoteChar": "\""
        },
        "schema": [
            {
                "type": "String"
            },
            {
                "type": "String"
            }
        ]
    }
}