{
    "name": "ds_eltcompare_Etl",
    "properties": {
        "linkedServiceName": {
            "referenceName": "AzureDataLakeStorage2",
            "type": "LinkedServiceReference"
        },
        "parameters": {
            "adls_folderpath": {
                "type": "string"
            }
        },
        "annotations": [],
        "type": "Binary",
        "typeProperties": {
            "location": {
                "type": "AzureBlobFSLocation",
                "folderPath": {
                    "value": "@dataset().adls_folderpath",
                    "type": "Expression"
                },
                "fileSystem": "landing"
            }
        }
    }
}