{
    "name": "ds_sftp_etlcompare_files",
    "properties": {
        "linkedServiceName": {
            "referenceName": "Hdfs1",
            "type": "LinkedServiceReference"
        },
        "parameters": {
            "hdfs_path": {
                "type": "string"
            }
        },
        "annotations": [],
        "type": "Binary",
        "typeProperties": {
            "location": {
                "type": "HdfsLocation",
                "folderPath": {
                    "value": "@dataset().hdfs_path",
                    "type": "Expression"
                }
            }
        }
    }
}