{
    "name": "HDFS_CSV_MApping",
    "properties": {
        "linkedServiceName": {
            "referenceName": "AzureDataLakeStorage2",
            "type": "LinkedServiceReference"
        },
        "parameters": {
            "createtablefiename": {
                "type": "string"
            }
        },
        "folder": {
            "name": "Platform_Data_migration"
        },
        "annotations": [],
        "type": "DelimitedText",
        "typeProperties": {
            "location": {
                "type": "AzureBlobFSLocation",
                "fileName": {
                    "value": "@dataset().createtablefiename",
                    "type": "Expression"
                },
                "folderPath": "common/tframework/tf_mapping",
                "fileSystem": "landing"
            },
            "columnDelimiter": ",",
            "escapeChar": "\\",
            "quoteChar": "\""
        },
        "schema": [
            {
                "type": "String"
            },
            {
                "type": "String"
            },
            {
                "type": "String"
            },
            {
                "type": "String"
            }
        ]
    },
    "type": "Microsoft.DataFactory/factories/datasets"
}