{
	"name": "onprem_adls_datacopy_mapping_copy1",
	"properties": {
		"linkedServiceName": {
			"referenceName": "AzureDataLakeStorage2",
			"type": "LinkedServiceReference"
		},
		"annotations": [],
		"type": "DelimitedText",
		"typeProperties": {
			"location": {
				"type": "AzureBlobFSLocation",
				"fileName": "sftdatacopylocationmapping1.csv",
				"folderPath": "common/sftdatacopylocationmapping",
				"fileSystem": "landing"
			},
			"columnDelimiter": ",",
			"escapeChar": "\\",
			"quoteChar": "\""
		},
		"schema": []
	}
}