{
    "name": "onprem_adls_datacopy_mapping",
    "properties": {
        "linkedServiceName": {
            "referenceName": "AzureDataLakeStorage2",
            "type": "LinkedServiceReference"
        },
        "annotations": [],
        "type": "DelimitedText",
        "typeProperties": {
            "location": {
                "type": "AzureBlobFSLocation",
                "fileName": "sftdatacopylocationmapping.csv",
                "folderPath": "common/sftdatacopylocationmapping",
                "fileSystem": "landing"
            },
            "columnDelimiter": ",",
            "escapeChar": "\\",
            "quoteChar": "\""
        },
        "schema": []
    }
}