{
	"name": "PolybaseScript",
	"properties": {
		"linkedServiceName": {
			"referenceName": "LandingZone",
			"type": "LinkedServiceReference"
		},
		"parameters": {
			"filename": {
				"type": "string"
			}
		},
		"folder": {
			"name": "Platform_Data_migration"
		},
		"annotations": [],
		"type": "DelimitedText",
		"typeProperties": {
			"location": {
				"type": "AzureBlobFSLocation",
				"fileName": {
					"value": "@dataset().filename",
					"type": "Expression"
				},
				"folderPath": "/common/historical_data_migration/Polybase_script",
				"fileSystem": "landing"
			},
			"columnDelimiter": "|",
			"escapeChar": "\\",
			"quoteChar": "\""
		},
		"schema": []
	},
	"type": "Microsoft.DataFactory/factories/datasets"
}