{
	"name": "SourceDataset_s8g",
	"properties": {
		"linkedServiceName": {
			"referenceName": "onprem_adls_Sftp",
			"type": "LinkedServiceReference"
		},
		"annotations": [],
		"type": "DelimitedText",
		"typeProperties": {
			"location": {
				"type": "SftpLocation",
				"fileName": "sftdatacopylocationmapping.csv",
				"folderPath": "/grid/0/etl-te/migration"
			},
			"columnDelimiter": ",",
			"escapeChar": "\\",
			"firstRowAsHeader": false,
			"quoteChar": "\""
		},
		"schema": [
			{
				"type": "String"
			},
			{
				"type": "String"
			}
		]
	}
}